timestamp,date,symbol,window,n_items,sentiment_mean,sentiment_min,negative_share,top_topics,sources
2020-01-01T15:45:00-05:00,2020-01-01,SPY,24h,1,0.9233,0.9233,0.0,"[""earnings"", ""macro""]","[""benzinga""]"
2020-01-02T15:45:00-05:00,2020-01-02,SPY,24h,0,0.0,0.0,0.0,[],[]
2020-01-03T15:45:00-05:00,2020-01-03,SPY,24h,0,0.0,0.0,0.0,[],[]
2020-01-06T15:45:00-05:00,2020-01-06,SPY,24h,0,0.0,0.0,0.0,[],[]
2020-01-07T15:45:00-05:00,2020-01-07,SPY,24h,0,0.0,0.0,0.0,[],[]
2020-01-08T15:45:00-05:00,2020-01-08,SPY,24h,0,0.0,0.0,0.0,[],[]
2020-01-09T15:45:00-05:00,2020-01-09,SPY,24h,1,0.8022,0.8022,0.0,[],"[""reuters""]"
2020-01-10T15:45:00-05:00,2020-01-10,SPY,24h,0,0.0,0.0,0.0,[],[]
2020-01-13T15:45:00-05:00,2020-01-13,SPY,24h,1,0.9313,0.9313,0.0,[],"[""benzinga""]"
2020-01-14T15:45:00-05:00,2020-01-14,SPY,24h,0,0.0,0.0,0.0,[],[]
2020-01-15T15:45:00-05:00,2020-01-15,SPY,24h,0,0.0,0.0,0.0,[],[]
2020-01-16T15:45:00-05:00,2020-01-16,SPY,24h,0,0.0,0.0,0.0,[],[]
2020-01-17T15:45:00-05:00,2020-01-17,SPY,24h,1,0.8752,0.8752,0.0,[],"[""businesswire""]"
2020-01-20T15:45:00-05:00,2020-01-20,SPY,24h,0,0.0,0.0,0.0,[],[]
2020-01-21T15:45:00-05:00,2020-01-21,SPY,24h,1,-0.8789,-0.8789,1.0,[],"[""reuters""]"
2020-01-22T15:45:00-05:00,2020-01-22,SPY,24h,0,0.0,0.0,0.0,[],[]
2020-01-23T15:45:00-05:00,2020-01-23,SPY,24h,0,0.0,0.0,0.0,[],[]
2020-01-24T15:45:00-05:00,2020-01-24,SPY,24h,0,0.0,0.0,0.0,[],[]
2020-01-27T15:45:00-05:00,2020-01-27,SPY,24h,0,0.0,0.0,0.0,[],[]
2020-01-28T15:45:00-05:00,2020-01-28,SPY,24h,0,0.0,0.0,0.0,[],[]
2020-01-29T15:45:00-05:00,2020-01-29,SPY,24h,0,0.0,0.0,0.0,[],[]
2020-01-30T15:45:00-05:00,2020-01-30,SPY,24h,0,0.0,0.0,0.0,[],[]
2020-01-31T15:45:00-05:00,2020-01-31,SPY,24h,0,0.0,0.0,0.0,[],[]
2020-02-03T15:45:00-05:00,2020-02-03,SPY,24h,0,0.0,0.0,0.0,[],[]
2020-02-04T15:45:00-05:00,2020-02-04,SPY,24h,0,0.0,0.0,0.0,[],[]
2020-02-05T15:45:00-05:00,2020-02-05,SPY,24h,0,0.0,0.0,0.0,[],[]
2020-02-06T15:45:00-05:00,2020-02-06,SPY,24h,0,0.0,0.0,0.0,[],[]
2020-02-07T15:45:00-05:00,2020-02-07,SPY,24h,0,0.0,0.0,0.0,[],[]
2020-02-10T15:45:00-05:00,2020-02-10,SPY,24h,0,0.0,0.0,0.0,[],[]
2020-02-11T15:45:00-05:00,2020-02-11,SPY,24h,0,0.0,0.0,0.0,[],[]
2020-02-12T15:45:00-05:00,2020-02-12,SPY,24h,0,0.0,0.0,0.0,[],[]
2020-02-13T15:45:00-05:00,2020-02-13,SPY,24h,0,0.0,0.0,0.0,[],[]
2020-02-14T15:45:00-05:00,2020-02-14,SPY,24h,0,0.0,0.0,0.0,[],[]
2020-02-17T15:45:00-05:00,2020-02-17,SPY,24h,0,0.0,0.0,0.0,[],[]
2020-02-18T15:45:00-05:00,2020-02-18,SPY,24h,0,0.0,0.0,0.0,[],[]
2020-02-19T15:45:00-05:00,2020-02-19,SPY,24h,0,0.0,0.0,0.0,[],[]
2020-02-20T15:45:00-05:00,2020-02-20,SPY,24h,0,0.0,0.0,0.0,[],[]
2020-02-21T15:45:00-05:00,2020-02-21,SPY,24h,0,0.0,0.0,0.0,[],[]
2020-02-24T15:45:00-05:00,2020-02-24,SPY,24h,0,0.0,0.0,0.0,[],[]
2020-02-25T15:45:00-05:00,2020-02-25,SPY,24h,0,0.0,0.0,0.0,[],[]
2020-02-26T15:45:00-05:00,2020-02-26,SPY,24h,0,0.0,0.0,0.0,[],[]
2020-02-27T15:45:00-05:00,2020-02-27,SPY,24h,0,0.0,0.0,0.0,[],[]
2020-02-28T15:45:00-05:00,2020-02-28,SPY,24h,0,0.0,0.0,0.0,[],[]
2020-03-02T15:45:00-05:00,2020-03-02,SPY,24h,0,0.0,0.0,0.0,[],[]
2020-03-03T15:45:00-05:00,2020-03-03,SPY,24h,0,0.0,0.0,0.0,[],[]
2020-03-04T15:45:00-05:00,2020-03-04,SPY,24h,0,0.0,0.0,0.0,[],[]
2020-03-05T15:45:00-05:00,2020-03-05,SPY,24h,0,0.0,0.0,0.0,[],[]
2020-03-06T15:45:00-05:00,2020-03-06,SPY,24h,0,0.0,0.0,0.0,[],[]
2020-03-09T15:45:00-04:00,2020-03-09,SPY,24h,0,0.0,0.0,0.0,[],[]
2020-03-10T15:45:00-04:00,2020-03-10,SPY,24h,0,0.0,0.0,0.0,[],[]
2020-03-11T15:45:00-04:00,2020-03-11,SPY,24h,0,0.0,0.0,0.0,[],[]
2020-03-12T15:45:00-04:00,2020-03-12,SPY,24h,0,0.0,0.0,0.0,[],[]
2020-03-13T15:45:00-04:00,2020-03-13,SPY,24h,0,0.0,0.0,0.0,[],[]
2020-03-16T15:45:00-04:00,2020-03-16,SPY,24h,0,0.0,0.0,0.0,[],[]
2020-03-17T15:45:00-04:00,2020-03-17,SPY,24h,0,0.0,0.0,0.0,[],[]
2020-03-18T15:45:00-04:00,2020-03-18,SPY,24h,0,0.0,0.0,0.0,[],[]
2020-03-19T15:45:00-04:00,2020-03-19,SPY,24h,0,0.0,0.0,0.0,[],[]
2020-03-20T15:45:00-04:00,2020-03-20,SPY,24h,0,0.0,0.0,0.0,[],[]
2020-03-23T15:45:00-04:00,2020-03-23,SPY,24h,0,0.0,0.0,0.0,[],[]
2020-03-24T15:45:00-04:00,2020-03-24,SPY,24h,0,0.0,0.0,0.0,[],[]
2020-03-25T15:45:00-04:00,2020-03-25,SPY,24h,0,0.0,0.0,0.0,[],[]
2020-03-26T15:45:00-04:00,2020-03-26,SPY,24h,0,0.0,0.0,0.0,[],[]
2020-03-27T15:45:00-04:00,2020-03-27,SPY,24h,0,0.0,0.0,0.0,[],[]
2020-03-30T15:45:00-04:00,2020-03-30,SPY,24h,0,0.0,0.0,0.0,[],[]
2020-03-31T15:45:00-04:00,2020-03-31,SPY,24h,0,0.0,0.0,0.0,[],[]
2020-04-01T15:45:00-04:00,2020-04-01,SPY,24h,0,0.0,0.0,0.0,[],[]
2020-04-02T15:45:00-04:00,2020-04-02,SPY,24h,0,0.0,0.0,0.0,[],[]
2020-04-03T15:45:00-04:00,2020-04-03,SPY,24h,0,0.0,0.0,0.0,[],[]
2020-04-06T15:45:00-04:00,2020-04-06,SPY,24h,0,0.0,0.0,0.0,[],[]
2020-04-07T15:45:00-04:00,2020-04-07,SPY,24h,0,0.0,0.0,0.0,[],[]
2020-04-08T15:45:00-04:00,2020-04-08,SPY,24h,0,0.0,0.0,0.0,[],[]
2020-04-09T15:45:00-04:00,2020-04-09,SPY,24h,0,0.0,0.0,0.0,[],[]
2020-04-10T15:45:00-04:00,2020-04-10,SPY,24h,0,0.0,0.0,0.0,[],[]
2020-04-13T15:45:00-04:00,2020-04-13,SPY,24h,0,0.0,0.0,0.0,[],[]
2020-04-14T15:45:00-04:00,2020-04-14,SPY,24h,0,0.0,0.0,0.0,[],[]
2020-04-15T15:45:00-04:00,2020-04-15,SPY,24h,0,0.0,0.0,0.0,[],[]
2020-04-16T15:45:00-04:00,2020-04-16,SPY,24h,0,0.0,0.0,0.0,[],[]
2020-04-17T15:45:00-04:00,2020-04-17,SPY,24h,0,0.0,0.0,0.0,[],[]
2020-04-20T15:45:00-04:00,2020-04-20,SPY,24h,0,0.0,0.0,0.0,[],[]
2020-04-21T15:45:00-04:00,2020-04-21,SPY,24h,0,0.0,0.0,0.0,[],[]
2020-04-22T15:45:00-04:00,2020-04-22,SPY,24h,0,0.0,0.0,0.0,[],[]
2020-04-23T15:45:00-04:00,2020-04-23,SPY,24h,0,0.0,0.0,0.0,[],[]
2020-04-24T15:45:00-04:00,2020-04-24,SPY,24h,0,0.0,0.0,0.0,[],[]
2020-04-27T15:45:00-04:00,2020-04-27,SPY,24h,0,0.0,0.0,0.0,[],[]
2020-04-28T15:45:00-04:00,2020-04-28,SPY,24h,0,0.0,0.0,0.0,[],[]
2020-04-29T15:45:00-04:00,2020-04-29,SPY,24h,0,0.0,0.0,0.0,[],[]
2020-04-30T15:45:00-04:00,2020-04-30,SPY,24h,0,0.0,0.0,0.0,[],[]
2020-05-01T15:45:00-04:00,2020-05-01,SPY,24h,0,0.0,0.0,0.0,[],[]
2020-05-04T15:45:00-04:00,2020-05-04,SPY,24h,0,0.0,0.0,0.0,[],[]
2020-05-05T15:45:00-04:00,2020-05-05,SPY,24h,0,0.0,0.0,0.0,[],[]
2020-05-06T15:45:00-04:00,2020-05-06,SPY,24h,0,0.0,0.0,0.0,[],[]
2020-05-07T15:45:00-04:00,2020-05-07,SPY,24h,0,0.0,0.0,0.0,[],[]
2020-05-08T15:45:00-04:00,2020-05-08,SPY,24h,0,0.0,0.0,0.0,[],[]
2020-05-11T15:45:00-04:00,2020-05-11,SPY,24h,0,0.0,0.0,0.0,[],[]
2020-05-12T15:45:00-04:00,2020-05-12,SPY,24h,0,0.0,0.0,0.0,[],[]
2020-05-13T15:45:00-04:00,2020-05-13,SPY,24h,0,0.0,0.0,0.0,[],[]
2020-05-14T15:45:00-04:00,2020-05-14,SPY,24h,0,0.0,0.0,0.0,[],[]
2020-05-15T15:45:00-04:00,2020-05-15,SPY,24h,0,0.0,0.0,0.0,[],[]
2020-05-18T15:45:00-04:00,2020-05-18,SPY,24h,0,0.0,0.0,0.0,[],[]
2020-05-19T15:45:00-04:00,2020-05-19,SPY,24h,0,0.0,0.0,0.0,[],[]
2020-05-20T15:45:00-04:00,2020-05-20,SPY,24h,0,0.0,0.0,0.0,[],[]
2020-05-21T15:45:00-04:00,2020-05-21,SPY,24h,0,0.0,0.0,0.0,[],[]
2020-05-22T15:45:00-04:00,2020-05-22,SPY,24h,0,0.0,0.0,0.0,[],[]
2020-05-25T15:45:00-04:00,2020-05-25,SPY,24h,0,0.0,0.0,0.0,[],[]
2020-05-26T15:45:00-04:00,2020-05-26,SPY,24h,0,0.0,0.0,0.0,[],[]
2020-05-27T15:45:00-04:00,2020-05-27,SPY,24h,0,0.0,0.0,0.0,[],[]
2020-05-28T15:45:00-04:00,2020-05-28,SPY,24h,0,0.0,0.0,0.0,[],[]
2020-05-29T15:45:00-04:00,2020-05-29,SPY,24h,0,0.0,0.0,0.0,[],[]
2020-06-01T15:45:00-04:00,2020-06-01,SPY,24h,0,0.0,0.0,0.0,[],[]
2020-06-02T15:45:00-04:00,2020-06-02,SPY,24h,0,0.0,0.0,0.0,[],[]
2020-06-03T15:45:00-04:00,2020-06-03,SPY,24h,0,0.0,0.0,0.0,[],[]
2020-06-04T15:45:00-04:00,2020-06-04,SPY,24h,0,0.0,0.0,0.0,[],[]
2020-06-05T15:45:00-04:00,2020-06-05,SPY,24h,0,0.0,0.0,0.0,[],[]
2020-06-08T15:45:00-04:00,2020-06-08,SPY,24h,0,0.0,0.0,0.0,[],[]
2020-06-09T15:45:00-04:00,2020-06-09,SPY,24h,0,0.0,0.0,0.0,[],[]
2020-06-10T15:45:00-04:00,2020-06-10,SPY,24h,0,0.0,0.0,0.0,[],[]
2020-06-11T15:45:00-04:00,2020-06-11,SPY,24h,0,0.0,0.0,0.0,[],[]
2020-06-12T15:45:00-04:00,2020-06-12,SPY,24h,0,0.0,0.0,0.0,[],[]
2020-06-15T15:45:00-04:00,2020-06-15,SPY,24h,0,0.0,0.0,0.0,[],[]
2020-06-16T15:45:00-04:00,2020-06-16,SPY,24h,0,0.0,0.0,0.0,[],[]
2020-06-17T15:45:00-04:00,2020-06-17,SPY,24h,0,0.0,0.0,0.0,[],[]
2020-06-18T15:45:00-04:00,2020-06-18,SPY,24h,0,0.0,0.0,0.0,[],[]
2020-06-19T15:45:00-04:00,2020-06-19,SPY,24h,0,0.0,0.0,0.0,[],[]
2020-06-22T15:45:00-04:00,2020-06-22,SPY,24h,0,0.0,0.0,0.0,[],[]
2020-06-23T15:45:00-04:00,2020-06-23,SPY,24h,0,0.0,0.0,0.0,[],[]
2020-06-24T15:45:00-04:00,2020-06-24,SPY,24h,0,0.0,0.0,0.0,[],[]
2020-06-25T15:45:00-04:00,2020-06-25,SPY,24h,0,0.0,0.0,0.0,[],[]
2020-06-26T15:45:00-04:00,2020-06-26,SPY,24h,0,0.0,0.0,0.0,[],[]
2020-06-29T15:45:00-04:00,2020-06-29,SPY,24h,0,0.0,0.0,0.0,[],[]
2020-06-30T15:45:00-04:00,2020-06-30,SPY,24h,0,0.0,0.0,0.0,[],[]
2020-07-01T15:45:00-04:00,2020-07-01,SPY,24h,0,0.0,0.0,0.0,[],[]
2020-07-02T15:45:00-04:00,2020-07-02,SPY,24h,0,0.0,0.0,0.0,[],[]
2020-07-03T15:45:00-04:00,2020-07-03,SPY,24h,0,0.0,0.0,0.0,[],[]
2020-07-06T15:45:00-04:00,2020-07-06,SPY,24h,0,0.0,0.0,0.0,[],[]
2020-07-07T15:45:00-04:00,2020-07-07,SPY,24h,0,0.0,0.0,0.0,[],[]
2020-07-08T15:45:00-04:00,2020-07-08,SPY,24h,0,0.0,0.0,0.0,[],[]
2020-07-09T15:45:00-04:00,2020-07-09,SPY,24h,0,0.0,0.0,0.0,[],[]
2020-07-10T15:45:00-04:00,2020-07-10,SPY,24h,0,0.0,0.0,0.0,[],[]
2020-07-13T15:45:00-04:00,2020-07-13,SPY,24h,0,0.0,0.0,0.0,[],[]
2020-07-14T15:45:00-04:00,2020-07-14,SPY,24h,0,0.0,0.0,0.0,[],[]
2020-07-15T15:45:00-04:00,2020-07-15,SPY,24h,0,0.0,0.0,0.0,[],[]
2020-07-16T15:45:00-04:00,2020-07-16,SPY,24h,0,0.0,0.0,0.0,[],[]
2020-07-17T15:45:00-04:00,2020-07-17,SPY,24h,0,0.0,0.0,0.0,[],[]
2020-07-20T15:45:00-04:00,2020-07-20,SPY,24h,0,0.0,0.0,0.0,[],[]
2020-07-21T15:45:00-04:00,2020-07-21,SPY,24h,0,0.0,0.0,0.0,[],[]
2020-07-22T15:45:00-04:00,2020-07-22,SPY,24h,0,0.0,0.0,0.0,[],[]
2020-07-23T15:45:00-04:00,2020-07-23,SPY,24h,0,0.0,0.0,0.0,[],[]
2020-07-24T15:45:00-04:00,2020-07-24,SPY,24h,0,0.0,0.0,0.0,[],[]
2020-07-27T15:45:00-04:00,2020-07-27,SPY,24h,0,0.0,0.0,0.0,[],[]
2020-07-28T15:45:00-04:00,2020-07-28,SPY,24h,0,0.0,0.0,0.0,[],[]
2020-07-29T15:45:00-04:00,2020-07-29,SPY,24h,0,0.0,0.0,0.0,[],[]
2020-07-30T15:45:00-04:00,2020-07-30,SPY,24h,0,0.0,0.0,0.0,[],[]
2020-07-31T15:45:00-04:00,2020-07-31,SPY,24h,0,0.0,0.0,0.0,[],[]
2020-08-03T15:45:00-04:00,2020-08-03,SPY,24h,0,0.0,0.0,0.0,[],[]
2020-08-04T15:45:00-04:00,2020-08-04,SPY,24h,0,0.0,0.0,0.0,[],[]
2020-08-05T15:45:00-04:00,2020-08-05,SPY,24h,0,0.0,0.0,0.0,[],[]
2020-08-06T15:45:00-04:00,2020-08-06,SPY,24h,0,0.0,0.0,0.0,[],[]
2020-08-07T15:45:00-04:00,2020-08-07,SPY,24h,0,0.0,0.0,0.0,[],[]
2020-08-10T15:45:00-04:00,2020-08-10,SPY,24h,0,0.0,0.0,0.0,[],[]
2020-08-11T15:45:00-04:00,2020-08-11,SPY,24h,0,0.0,0.0,0.0,[],[]
2020-08-12T15:45:00-04:00,2020-08-12,SPY,24h,0,0.0,0.0,0.0,[],[]
2020-08-13T15:45:00-04:00,2020-08-13,SPY,24h,0,0.0,0.0,0.0,[],[]
2020-08-14T15:45:00-04:00,2020-08-14,SPY,24h,0,0.0,0.0,0.0,[],[]
2020-08-17T15:45:00-04:00,2020-08-17,SPY,24h,0,0.0,0.0,0.0,[],[]
2020-08-18T15:45:00-04:00,2020-08-18,SPY,24h,0,0.0,0.0,0.0,[],[]
2020-08-19T15:45:00-04:00,2020-08-19,SPY,24h,0,0.0,0.0,0.0,[],[]
2020-08-20T15:45:00-04:00,2020-08-20,SPY,24h,0,0.0,0.0,0.0,[],[]
2020-08-21T15:45:00-04:00,2020-08-21,SPY,24h,0,0.0,0.0,0.0,[],[]
2020-08-24T15:45:00-04:00,2020-08-24,SPY,24h,0,0.0,0.0,0.0,[],[]
2020-08-25T15:45:00-04:00,2020-08-25,SPY,24h,0,0.0,0.0,0.0,[],[]
2020-08-26T15:45:00-04:00,2020-08-26,SPY,24h,0,0.0,0.0,0.0,[],[]
2020-08-27T15:45:00-04:00,2020-08-27,SPY,24h,0,0.0,0.0,0.0,[],[]
2020-08-28T15:45:00-04:00,2020-08-28,SPY,24h,0,0.0,0.0,0.0,[],[]
2020-08-31T15:45:00-04:00,2020-08-31,SPY,24h,0,0.0,0.0,0.0,[],[]
2020-09-01T15:45:00-04:00,2020-09-01,SPY,24h,0,0.0,0.0,0.0,[],[]
2020-09-02T15:45:00-04:00,2020-09-02,SPY,24h,0,0.0,0.0,0.0,[],[]
2020-09-03T15:45:00-04:00,2020-09-03,SPY,24h,0,0.0,0.0,0.0,[],[]
2020-09-04T15:45:00-04:00,2020-09-04,SPY,24h,0,0.0,0.0,0.0,[],[]
2020-09-07T15:45:00-04:00,2020-09-07,SPY,24h,0,0.0,0.0,0.0,[],[]
2020-09-08T15:45:00-04:00,2020-09-08,SPY,24h,0,0.0,0.0,0.0,[],[]
2020-09-09T15:45:00-04:00,2020-09-09,SPY,24h,0,0.0,0.0,0.0,[],[]
2020-09-10T15:45:00-04:00,2020-09-10,SPY,24h,0,0.0,0.0,0.0,[],[]
2020-09-11T15:45:00-04:00,2020-09-11,SPY,24h,0,0.0,0.0,0.0,[],[]
2020-09-14T15:45:00-04:00,2020-09-14,SPY,24h,0,0.0,0.0,0.0,[],[]
2020-09-15T15:45:00-04:00,2020-09-15,SPY,24h,0,0.0,0.0,0.0,[],[]
2020-09-16T15:45:00-04:00,2020-09-16,SPY,24h,0,0.0,0.0,0.0,[],[]
2020-09-17T15:45:00-04:00,2020-09-17,SPY,24h,0,0.0,0.0,0.0,[],[]
2020-09-18T15:45:00-04:00,2020-09-18,SPY,24h,0,0.0,0.0,0.0,[],[]
2020-09-21T15:45:00-04:00,2020-09-21,SPY,24h,0,0.0,0.0,0.0,[],[]
2020-09-22T15:45:00-04:00,2020-09-22,SPY,24h,0,0.0,0.0,0.0,[],[]
2020-09-23T15:45:00-04:00,2020-09-23,SPY,24h,0,0.0,0.0,0.0,[],[]
2020-09-24T15:45:00-04:00,2020-09-24,SPY,24h,0,0.0,0.0,0.0,[],[]
2020-09-25T15:45:00-04:00,2020-09-25,SPY,24h,0,0.0,0.0,0.0,[],[]
2020-09-28T15:45:00-04:00,2020-09-28,SPY,24h,0,0.0,0.0,0.0,[],[]
2020-09-29T15:45:00-04:00,2020-09-29,SPY,24h,0,0.0,0.0,0.0,[],[]
2020-09-30T15:45:00-04:00,2020-09-30,SPY,24h,0,0.0,0.0,0.0,[],[]
2020-10-01T15:45:00-04:00,2020-10-01,SPY,24h,0,0.0,0.0,0.0,[],[]
2020-10-02T15:45:00-04:00,2020-10-02,SPY,24h,0,0.0,0.0,0.0,[],[]
2020-10-05T15:45:00-04:00,2020-10-05,SPY,24h,0,0.0,0.0,0.0,[],[]
2020-10-06T15:45:00-04:00,2020-10-06,SPY,24h,0,0.0,0.0,0.0,[],[]
2020-10-07T15:45:00-04:00,2020-10-07,SPY,24h,0,0.0,0.0,0.0,[],[]
2020-10-08T15:45:00-04:00,2020-10-08,SPY,24h,0,0.0,0.0,0.0,[],[]
2020-10-09T15:45:00-04:00,2020-10-09,SPY,24h,0,0.0,0.0,0.0,[],[]
2020-10-12T15:45:00-04:00,2020-10-12,SPY,24h,0,0.0,0.0,0.0,[],[]
2020-10-13T15:45:00-04:00,2020-10-13,SPY,24h,0,0.0,0.0,0.0,[],[]
2020-10-14T15:45:00-04:00,2020-10-14,SPY,24h,0,0.0,0.0,0.0,[],[]
2020-10-15T15:45:00-04:00,2020-10-15,SPY,24h,0,0.0,0.0,0.0,[],[]
2020-10-16T15:45:00-04:00,2020-10-16,SPY,24h,0,0.0,0.0,0.0,[],[]
2020-10-19T15:45:00-04:00,2020-10-19,SPY,24h,0,0.0,0.0,0.0,[],[]
2020-10-20T15:45:00-04:00,2020-10-20,SPY,24h,0,0.0,0.0,0.0,[],[]
2020-10-21T15:45:00-04:00,2020-10-21,SPY,24h,0,0.0,0.0,0.0,[],[]
2020-10-22T15:45:00-04:00,2020-10-22,SPY,24h,0,0.0,0.0,0.0,[],[]
2020-10-23T15:45:00-04:00,2020-10-23,SPY,24h,0,0.0,0.0,0.0,[],[]
2020-10-26T15:45:00-04:00,2020-10-26,SPY,24h,0,0.0,0.0,0.0,[],[]
2020-10-27T15:45:00-04:00,2020-10-27,SPY,24h,0,0.0,0.0,0.0,[],[]
2020-10-28T15:45:00-04:00,2020-10-28,SPY,24h,0,0.0,0.0,0.0,[],[]
2020-10-29T15:45:00-04:00,2020-10-29,SPY,24h,0,0.0,0.0,0.0,[],[]
2020-10-30T15:45:00-04:00,2020-10-30,SPY,24h,0,0.0,0.0,0.0,[],[]
2020-11-02T15:45:00-05:00,2020-11-02,SPY,24h,0,0.0,0.0,0.0,[],[]
2020-11-03T15:45:00-05:00,2020-11-03,SPY,24h,0,0.0,0.0,0.0,[],[]
2020-11-04T15:45:00-05:00,2020-11-04,SPY,24h,0,0.0,0.0,0.0,[],[]
2020-11-05T15:45:00-05:00,2020-11-05,SPY,24h,0,0.0,0.0,0.0,[],[]
2020-11-06T15:45:00-05:00,2020-11-06,SPY,24h,0,0.0,0.0,0.0,[],[]
2020-11-09T15:45:00-05:00,2020-11-09,SPY,24h,0,0.0,0.0,0.0,[],[]
2020-11-10T15:45:00-05:00,2020-11-10,SPY,24h,0,0.0,0.0,0.0,[],[]
2020-11-11T15:45:00-05:00,2020-11-11,SPY,24h,0,0.0,0.0,0.0,[],[]
2020-11-12T15:45:00-05:00,2020-11-12,SPY,24h,0,0.0,0.0,0.0,[],[]
2020-11-13T15:45:00-05:00,2020-11-13,SPY,24h,0,0.0,0.0,0.0,[],[]
2020-11-16T15:45:00-05:00,2020-11-16,SPY,24h,0,0.0,0.0,0.0,[],[]
2020-11-17T15:45:00-05:00,2020-11-17,SPY,24h,0,0.0,0.0,0.0,[],[]
2020-11-18T15:45:00-05:00,2020-11-18,SPY,24h,0,0.0,0.0,0.0,[],[]
2020-11-19T15:45:00-05:00,2020-11-19,SPY,24h,0,0.0,0.0,0.0,[],[]
2020-11-20T15:45:00-05:00,2020-11-20,SPY,24h,0,0.0,0.0,0.0,[],[]
2020-11-23T15:45:00-05:00,2020-11-23,SPY,24h,0,0.0,0.0,0.0,[],[]
2020-11-24T15:45:00-05:00,2020-11-24,SPY,24h,0,0.0,0.0,0.0,[],[]
2020-11-25T15:45:00-05:00,2020-11-25,SPY,24h,0,0.0,0.0,0.0,[],[]
2020-11-26T15:45:00-05:00,2020-11-26,SPY,24h,0,0.0,0.0,0.0,[],[]
2020-11-27T15:45:00-05:00,2020-11-27,SPY,24h,0,0.0,0.0,0.0,[],[]
2020-11-30T15:45:00-05:00,2020-11-30,SPY,24h,0,0.0,0.0,0.0,[],[]
2020-12-01T15:45:00-05:00,2020-12-01,SPY,24h,0,0.0,0.0,0.0,[],[]
2020-12-02T15:45:00-05:00,2020-12-02,SPY,24h,0,0.0,0.0,0.0,[],[]
2020-12-03T15:45:00-05:00,2020-12-03,SPY,24h,0,0.0,0.0,0.0,[],[]
2020-12-04T15:45:00-05:00,2020-12-04,SPY,24h,0,0.0,0.0,0.0,[],[]
2020-12-07T15:45:00-05:00,2020-12-07,SPY,24h,0,0.0,0.0,0.0,[],[]
2020-12-08T15:45:00-05:00,2020-12-08,SPY,24h,0,0.0,0.0,0.0,[],[]
2020-12-09T15:45:00-05:00,2020-12-09,SPY,24h,0,0.0,0.0,0.0,[],[]
2020-12-10T15:45:00-05:00,2020-12-10,SPY,24h,0,0.0,0.0,0.0,[],[]
2020-12-11T15:45:00-05:00,2020-12-11,SPY,24h,0,0.0,0.0,0.0,[],[]
2020-12-14T15:45:00-05:00,2020-12-14,SPY,24h,0,0.0,0.0,0.0,[],[]
2020-12-15T15:45:00-05:00,2020-12-15,SPY,24h,0,0.0,0.0,0.0,[],[]
2020-12-16T15:45:00-05:00,2020-12-16,SPY,24h,0,0.0,0.0,0.0,[],[]
2020-12-17T15:45:00-05:00,2020-12-17,SPY,24h,0,0.0,0.0,0.0,[],[]
2020-12-18T15:45:00-05:00,2020-12-18,SPY,24h,0,0.0,0.0,0.0,[],[]
2020-12-21T15:45:00-05:00,2020-12-21,SPY,24h,0,0.0,0.0,0.0,[],[]
2020-12-22T15:45:00-05:00,2020-12-22,SPY,24h,0,0.0,0.0,0.0,[],[]
2020-12-23T15:45:00-05:00,2020-12-23,SPY,24h,0,0.0,0.0,0.0,[],[]
2020-12-24T15:45:00-05:00,2020-12-24,SPY,24h,0,0.0,0.0,0.0,[],[]
2020-12-25T15:45:00-05:00,2020-12-25,SPY,24h,0,0.0,0.0,0.0,[],[]
2020-12-28T15:45:00-05:00,2020-12-28,SPY,24h,0,0.0,0.0,0.0,[],[]
2020-12-29T15:45:00-05:00,2020-12-29,SPY,24h,0,0.0,0.0,0.0,[],[]
2020-12-30T15:45:00-05:00,2020-12-30,SPY,24h,0,0.0,0.0,0.0,[],[]
2020-12-31T15:45:00-05:00,2020-12-31,SPY,24h,0,0.0,0.0,0.0,[],[]
2021-01-01T15:45:00-05:00,2021-01-01,SPY,24h,0,0.0,0.0,0.0,[],[]
2021-01-04T15:45:00-05:00,2021-01-04,SPY,24h,0,0.0,0.0,0.0,[],[]
2021-01-05T15:45:00-05:00,2021-01-05,SPY,24h,0,0.0,0.0,0.0,[],[]
2021-01-06T15:45:00-05:00,2021-01-06,SPY,24h,0,0.0,0.0,0.0,[],[]
2021-01-07T15:45:00-05:00,2021-01-07,SPY,24h,0,0.0,0.0,0.0,[],[]
2021-01-08T15:45:00-05:00,2021-01-08,SPY,24h,0,0.0,0.0,0.0,[],[]
2021-01-11T15:45:00-05:00,2021-01-11,SPY,24h,0,0.0,0.0,0.0,[],[]
2021-01-12T15:45:00-05:00,2021-01-12,SPY,24h,0,0.0,0.0,0.0,[],[]
2021-01-13T15:45:00-05:00,2021-01-13,SPY,24h,0,0.0,0.0,0.0,[],[]
2021-01-14T15:45:00-05:00,2021-01-14,SPY,24h,0,0.0,0.0,0.0,[],[]
2021-01-15T15:45:00-05:00,2021-01-15,SPY,24h,0,0.0,0.0,0.0,[],[]
2021-01-18T15:45:00-05:00,2021-01-18,SPY,24h,0,0.0,0.0,0.0,[],[]
2021-01-19T15:45:00-05:00,2021-01-19,SPY,24h,0,0.0,0.0,0.0,[],[]
2021-01-20T15:45:00-05:00,2021-01-20,SPY,24h,0,0.0,0.0,0.0,[],[]
2021-01-21T15:45:00-05:00,2021-01-21,SPY,24h,0,0.0,0.0,0.0,[],[]
2021-01-22T15:45:00-05:00,2021-01-22,SPY,24h,0,0.0,0.0,0.0,[],[]
2021-01-25T15:45:00-05:00,2021-01-25,SPY,24h,0,0.0,0.0,0.0,[],[]
2021-01-26T15:45:00-05:00,2021-01-26,SPY,24h,0,0.0,0.0,0.0,[],[]
2021-01-27T15:45:00-05:00,2021-01-27,SPY,24h,0,0.0,0.0,0.0,[],[]
2021-01-28T15:45:00-05:00,2021-01-28,SPY,24h,0,0.0,0.0,0.0,[],[]
2021-01-29T15:45:00-05:00,2021-01-29,SPY,24h,0,0.0,0.0,0.0,[],[]
2021-02-01T15:45:00-05:00,2021-02-01,SPY,24h,0,0.0,0.0,0.0,[],[]
2021-02-02T15:45:00-05:00,2021-02-02,SPY,24h,0,0.0,0.0,0.0,[],[]
2021-02-03T15:45:00-05:00,2021-02-03,SPY,24h,0,0.0,0.0,0.0,[],[]
2021-02-04T15:45:00-05:00,2021-02-04,SPY,24h,0,0.0,0.0,0.0,[],[]
2021-02-05T15:45:00-05:00,2021-02-05,SPY,24h,0,0.0,0.0,0.0,[],[]
2021-02-08T15:45:00-05:00,2021-02-08,SPY,24h,0,0.0,0.0,0.0,[],[]
2021-02-09T15:45:00-05:00,2021-02-09,SPY,24h,0,0.0,0.0,0.0,[],[]
2021-02-10T15:45:00-05:00,2021-02-10,SPY,24h,0,0.0,0.0,0.0,[],[]
2021-02-11T15:45:00-05:00,2021-02-11,SPY,24h,0,0.0,0.0,0.0,[],[]
2021-02-12T15:45:00-05:00,2021-02-12,SPY,24h,0,0.0,0.0,0.0,[],[]
2021-02-15T15:45:00-05:00,2021-02-15,SPY,24h,0,0.0,0.0,0.0,[],[]
2021-02-16T15:45:00-05:00,2021-02-16,SPY,24h,0,0.0,0.0,0.0,[],[]
2021-02-17T15:45:00-05:00,2021-02-17,SPY,24h,0,0.0,0.0,0.0,[],[]
2021-02-18T15:45:00-05:00,2021-02-18,SPY,24h,0,0.0,0.0,0.0,[],[]
2021-02-19T15:45:00-05:00,2021-02-19,SPY,24h,0,0.0,0.0,0.0,[],[]
2021-02-22T15:45:00-05:00,2021-02-22,SPY,24h,0,0.0,0.0,0.0,[],[]
2021-02-23T15:45:00-05:00,2021-02-23,SPY,24h,0,0.0,0.0,0.0,[],[]
2021-02-24T15:45:00-05:00,2021-02-24,SPY,24h,0,0.0,0.0,0.0,[],[]
2021-02-25T15:45:00-05:00,2021-02-25,SPY,24h,0,0.0,0.0,0.0,[],[]
2021-02-26T15:45:00-05:00,2021-02-26,SPY,24h,0,0.0,0.0,0.0,[],[]
2021-03-01T15:45:00-05:00,2021-03-01,SPY,24h,0,0.0,0.0,0.0,[],[]
2021-03-02T15:45:00-05:00,2021-03-02,SPY,24h,0,0.0,0.0,0.0,[],[]
2021-03-03T15:45:00-05:00,2021-03-03,SPY,24h,0,0.0,0.0,0.0,[],[]
2021-03-04T15:45:00-05:00,2021-03-04,SPY,24h,0,0.0,0.0,0.0,[],[]
2021-03-05T15:45:00-05:00,2021-03-05,SPY,24h,0,0.0,0.0,0.0,[],[]
2021-03-08T15:45:00-05:00,2021-03-08,SPY,24h,0,0.0,0.0,0.0,[],[]
2021-03-09T15:45:00-05:00,2021-03-09,SPY,24h,0,0.0,0.0,0.0,[],[]
2021-03-10T15:45:00-05:00,2021-03-10,SPY,24h,0,0.0,0.0,0.0,[],[]
2021-03-11T15:45:00-05:00,2021-03-11,SPY,24h,0,0.0,0.0,0.0,[],[]
2021-03-12T15:45:00-05:00,2021-03-12,SPY,24h,0,0.0,0.0,0.0,[],[]
2021-03-15T15:45:00-04:00,2021-03-15,SPY,24h,0,0.0,0.0,0.0,[],[]
2021-03-16T15:45:00-04:00,2021-03-16,SPY,24h,0,0.0,0.0,0.0,[],[]
2021-03-17T15:45:00-04:00,2021-03-17,SPY,24h,0,0.0,0.0,0.0,[],[]
2021-03-18T15:45:00-04:00,2021-03-18,SPY,24h,0,0.0,0.0,0.0,[],[]
2021-03-19T15:45:00-04:00,2021-03-19,SPY,24h,0,0.0,0.0,0.0,[],[]
2021-03-22T15:45:00-04:00,2021-03-22,SPY,24h,0,0.0,0.0,0.0,[],[]
2021-03-23T15:45:00-04:00,2021-03-23,SPY,24h,0,0.0,0.0,0.0,[],[]
2021-03-24T15:45:00-04:00,2021-03-24,SPY,24h,0,0.0,0.0,0.0,[],[]
2021-03-25T15:45:00-04:00,2021-03-25,SPY,24h,0,0.0,0.0,0.0,[],[]
2021-03-26T15:45:00-04:00,2021-03-26,SPY,24h,0,0.0,0.0,0.0,[],[]
2021-03-29T15:45:00-04:00,2021-03-29,SPY,24h,0,0.0,0.0,0.0,[],[]
2021-03-30T15:45:00-04:00,2021-03-30,SPY,24h,0,0.0,0.0,0.0,[],[]
2021-03-31T15:45:00-04:00,2021-03-31,SPY,24h,0,0.0,0.0,0.0,[],[]
2021-04-01T15:45:00-04:00,2021-04-01,SPY,24h,0,0.0,0.0,0.0,[],[]
2021-04-02T15:45:00-04:00,2021-04-02,SPY,24h,0,0.0,0.0,0.0,[],[]
2021-04-05T15:45:00-04:00,2021-04-05,SPY,24h,0,0.0,0.0,0.0,[],[]
2021-04-06T15:45:00-04:00,2021-04-06,SPY,24h,0,0.0,0.0,0.0,[],[]
2021-04-07T15:45:00-04:00,2021-04-07,SPY,24h,0,0.0,0.0,0.0,[],[]
2021-04-08T15:45:00-04:00,2021-04-08,SPY,24h,0,0.0,0.0,0.0,[],[]
2021-04-09T15:45:00-04:00,2021-04-09,SPY,24h,0,0.0,0.0,0.0,[],[]
2021-04-12T15:45:00-04:00,2021-04-12,SPY,24h,0,0.0,0.0,0.0,[],[]
2021-04-13T15:45:00-04:00,2021-04-13,SPY,24h,0,0.0,0.0,0.0,[],[]
2021-04-14T15:45:00-04:00,2021-04-14,SPY,24h,0,0.0,0.0,0.0,[],[]
2021-04-15T15:45:00-04:00,2021-04-15,SPY,24h,0,0.0,0.0,0.0,[],[]
2021-04-16T15:45:00-04:00,2021-04-16,SPY,24h,0,0.0,0.0,0.0,[],[]
2021-04-19T15:45:00-04:00,2021-04-19,SPY,24h,0,0.0,0.0,0.0,[],[]
2021-04-20T15:45:00-04:00,2021-04-20,SPY,24h,0,0.0,0.0,0.0,[],[]
2021-04-21T15:45:00-04:00,2021-04-21,SPY,24h,0,0.0,0.0,0.0,[],[]
2021-04-22T15:45:00-04:00,2021-04-22,SPY,24h,0,0.0,0.0,0.0,[],[]
2021-04-23T15:45:00-04:00,2021-04-23,SPY,24h,0,0.0,0.0,0.0,[],[]
2021-04-26T15:45:00-04:00,2021-04-26,SPY,24h,0,0.0,0.0,0.0,[],[]
2021-04-27T15:45:00-04:00,2021-04-27,SPY,24h,0,0.0,0.0,0.0,[],[]
2021-04-28T15:45:00-04:00,2021-04-28,SPY,24h,0,0.0,0.0,0.0,[],[]
2021-04-29T15:45:00-04:00,2021-04-29,SPY,24h,0,0.0,0.0,0.0,[],[]
2021-04-30T15:45:00-04:00,2021-04-30,SPY,24h,0,0.0,0.0,0.0,[],[]
2021-05-03T15:45:00-04:00,2021-05-03,SPY,24h,0,0.0,0.0,0.0,[],[]
2021-05-04T15:45:00-04:00,2021-05-04,SPY,24h,0,0.0,0.0,0.0,[],[]
2021-05-05T15:45:00-04:00,2021-05-05,SPY,24h,0,0.0,0.0,0.0,[],[]
2021-05-06T15:45:00-04:00,2021-05-06,SPY,24h,0,0.0,0.0,0.0,[],[]
2021-05-07T15:45:00-04:00,2021-05-07,SPY,24h,0,0.0,0.0,0.0,[],[]
2021-05-10T15:45:00-04:00,2021-05-10,SPY,24h,0,0.0,0.0,0.0,[],[]
2021-05-11T15:45:00-04:00,2021-05-11,SPY,24h,0,0.0,0.0,0.0,[],[]
2021-05-12T15:45:00-04:00,2021-05-12,SPY,24h,0,0.0,0.0,0.0,[],[]
2021-05-13T15:45:00-04:00,2021-05-13,SPY,24h,0,0.0,0.0,0.0,[],[]
2021-05-14T15:45:00-04:00,2021-05-14,SPY,24h,0,0.0,0.0,0.0,[],[]
2021-05-17T15:45:00-04:00,2021-05-17,SPY,24h,0,0.0,0.0,0.0,[],[]
2021-05-18T15:45:00-04:00,2021-05-18,SPY,24h,0,0.0,0.0,0.0,[],[]
2021-05-19T15:45:00-04:00,2021-05-19,SPY,24h,0,0.0,0.0,0.0,[],[]
2021-05-20T15:45:00-04:00,2021-05-20,SPY,24h,0,0.0,0.0,0.0,[],[]
2021-05-21T15:45:00-04:00,2021-05-21,SPY,24h,0,0.0,0.0,0.0,[],[]
2021-05-24T15:45:00-04:00,2021-05-24,SPY,24h,0,0.0,0.0,0.0,[],[]
2021-05-25T15:45:00-04:00,2021-05-25,SPY,24h,0,0.0,0.0,0.0,[],[]
2021-05-26T15:45:00-04:00,2021-05-26,SPY,24h,0,0.0,0.0,0.0,[],[]
2021-05-27T15:45:00-04:00,2021-05-27,SPY,24h,0,0.0,0.0,0.0,[],[]
2021-05-28T15:45:00-04:00,2021-05-28,SPY,24h,0,0.0,0.0,0.0,[],[]
2021-05-31T15:45:00-04:00,2021-05-31,SPY,24h,0,0.0,0.0,0.0,[],[]
2021-06-01T15:45:00-04:00,2021-06-01,SPY,24h,0,0.0,0.0,0.0,[],[]
2021-06-02T15:45:00-04:00,2021-06-02,SPY,24h,0,0.0,0.0,0.0,[],[]
2021-06-03T15:45:00-04:00,2021-06-03,SPY,24h,0,0.0,0.0,0.0,[],[]
2021-06-04T15:45:00-04:00,2021-06-04,SPY,24h,0,0.0,0.0,0.0,[],[]
2021-06-07T15:45:00-04:00,2021-06-07,SPY,24h,0,0.0,0.0,0.0,[],[]
2021-06-08T15:45:00-04:00,2021-06-08,SPY,24h,0,0.0,0.0,0.0,[],[]
2021-06-09T15:45:00-04:00,2021-06-09,SPY,24h,0,0.0,0.0,0.0,[],[]
2021-06-10T15:45:00-04:00,2021-06-10,SPY,24h,0,0.0,0.0,0.0,[],[]
2021-06-11T15:45:00-04:00,2021-06-11,SPY,24h,0,0.0,0.0,0.0,[],[]
2021-06-14T15:45:00-04:00,2021-06-14,SPY,24h,0,0.0,0.0,0.0,[],[]
2021-06-15T15:45:00-04:00,2021-06-15,SPY,24h,0,0.0,0.0,0.0,[],[]
2021-06-16T15:45:00-04:00,2021-06-16,SPY,24h,0,0.0,0.0,0.0,[],[]
2021-06-17T15:45:00-04:00,2021-06-17,SPY,24h,0,0.0,0.0,0.0,[],[]
2021-06-18T15:45:00-04:00,2021-06-18,SPY,24h,0,0.0,0.0,0.0,[],[]
2021-06-21T15:45:00-04:00,2021-06-21,SPY,24h,0,0.0,0.0,0.0,[],[]
2021-06-22T15:45:00-04:00,2021-06-22,SPY,24h,0,0.0,0.0,0.0,[],[]
2021-06-23T15:45:00-04:00,2021-06-23,SPY,24h,0,0.0,0.0,0.0,[],[]
2021-06-24T15:45:00-04:00,2021-06-24,SPY,24h,0,0.0,0.0,0.0,[],[]
2021-06-25T15:45:00-04:00,2021-06-25,SPY,24h,0,0.0,0.0,0.0,[],[]
2021-06-28T15:45:00-04:00,2021-06-28,SPY,24h,0,0.0,0.0,0.0,[],[]
2021-06-29T15:45:00-04:00,2021-06-29,SPY,24h,0,0.0,0.0,0.0,[],[]
2021-06-30T15:45:00-04:00,2021-06-30,SPY,24h,0,0.0,0.0,0.0,[],[]
2021-07-01T15:45:00-04:00,2021-07-01,SPY,24h,0,0.0,0.0,0.0,[],[]
2021-07-02T15:45:00-04:00,2021-07-02,SPY,24h,0,0.0,0.0,0.0,[],[]
2021-07-05T15:45:00-04:00,2021-07-05,SPY,24h,0,0.0,0.0,0.0,[],[]
2021-07-06T15:45:00-04:00,2021-07-06,SPY,24h,0,0.0,0.0,0.0,[],[]
2021-07-07T15:45:00-04:00,2021-07-07,SPY,24h,0,0.0,0.0,0.0,[],[]
2021-07-08T15:45:00-04:00,2021-07-08,SPY,24h,0,0.0,0.0,0.0,[],[]
2021-07-09T15:45:00-04:00,2021-07-09,SPY,24h,0,0.0,0.0,0.0,[],[]
2021-07-12T15:45:00-04:00,2021-07-12,SPY,24h,0,0.0,0.0,0.0,[],[]
2021-07-13T15:45:00-04:00,2021-07-13,SPY,24h,0,0.0,0.0,0.0,[],[]
2021-07-14T15:45:00-04:00,2021-07-14,SPY,24h,0,0.0,0.0,0.0,[],[]
2021-07-15T15:45:00-04:00,2021-07-15,SPY,24h,0,0.0,0.0,0.0,[],[]
2021-07-16T15:45:00-04:00,2021-07-16,SPY,24h,0,0.0,0.0,0.0,[],[]
2021-07-19T15:45:00-04:00,2021-07-19,SPY,24h,0,0.0,0.0,0.0,[],[]
2021-07-20T15:45:00-04:00,2021-07-20,SPY,24h,0,0.0,0.0,0.0,[],[]
2021-07-21T15:45:00-04:00,2021-07-21,SPY,24h,0,0.0,0.0,0.0,[],[]
2021-07-22T15:45:00-04:00,2021-07-22,SPY,24h,0,0.0,0.0,0.0,[],[]
2021-07-23T15:45:00-04:00,2021-07-23,SPY,24h,0,0.0,0.0,0.0,[],[]
2021-07-26T15:45:00-04:00,2021-07-26,SPY,24h,0,0.0,0.0,0.0,[],[]
2021-07-27T15:45:00-04:00,2021-07-27,SPY,24h,0,0.0,0.0,0.0,[],[]
2021-07-28T15:45:00-04:00,2021-07-28,SPY,24h,0,0.0,0.0,0.0,[],[]
2021-07-29T15:45:00-04:00,2021-07-29,SPY,24h,0,0.0,0.0,0.0,[],[]
2021-07-30T15:45:00-04:00,2021-07-30,SPY,24h,0,0.0,0.0,0.0,[],[]
2021-08-02T15:45:00-04:00,2021-08-02,SPY,24h,0,0.0,0.0,0.0,[],[]
2021-08-03T15:45:00-04:00,2021-08-03,SPY,24h,0,0.0,0.0,0.0,[],[]
2021-08-04T15:45:00-04:00,2021-08-04,SPY,24h,0,0.0,0.0,0.0,[],[]
2021-08-05T15:45:00-04:00,2021-08-05,SPY,24h,0,0.0,0.0,0.0,[],[]
2021-08-06T15:45:00-04:00,2021-08-06,SPY,24h,0,0.0,0.0,0.0,[],[]
2021-08-09T15:45:00-04:00,2021-08-09,SPY,24h,0,0.0,0.0,0.0,[],[]
2021-08-10T15:45:00-04:00,2021-08-10,SPY,24h,0,0.0,0.0,0.0,[],[]
2021-08-11T15:45:00-04:00,2021-08-11,SPY,24h,0,0.0,0.0,0.0,[],[]
2021-08-12T15:45:00-04:00,2021-08-12,SPY,24h,0,0.0,0.0,0.0,[],[]
2021-08-13T15:45:00-04:00,2021-08-13,SPY,24h,0,0.0,0.0,0.0,[],[]
2021-08-16T15:45:00-04:00,2021-08-16,SPY,24h,0,0.0,0.0,0.0,[],[]
2021-08-17T15:45:00-04:00,2021-08-17,SPY,24h,0,0.0,0.0,0.0,[],[]
2021-08-18T15:45:00-04:00,2021-08-18,SPY,24h,0,0.0,0.0,0.0,[],[]
2021-08-19T15:45:00-04:00,2021-08-19,SPY,24h,0,0.0,0.0,0.0,[],[]
2021-08-20T15:45:00-04:00,2021-08-20,SPY,24h,0,0.0,0.0,0.0,[],[]
2021-08-23T15:45:00-04:00,2021-08-23,SPY,24h,0,0.0,0.0,0.0,[],[]
2021-08-24T15:45:00-04:00,2021-08-24,SPY,24h,0,0.0,0.0,0.0,[],[]
2021-08-25T15:45:00-04:00,2021-08-25,SPY,24h,0,0.0,0.0,0.0,[],[]
2021-08-26T15:45:00-04:00,2021-08-26,SPY,24h,0,0.0,0.0,0.0,[],[]
2021-08-27T15:45:00-04:00,2021-08-27,SPY,24h,0,0.0,0.0,0.0,[],[]
2021-08-30T15:45:00-04:00,2021-08-30,SPY,24h,0,0.0,0.0,0.0,[],[]
2021-08-31T15:45:00-04:00,2021-08-31,SPY,24h,0,0.0,0.0,0.0,[],[]
2021-09-01T15:45:00-04:00,2021-09-01,SPY,24h,0,0.0,0.0,0.0,[],[]
2021-09-02T15:45:00-04:00,2021-09-02,SPY,24h,0,0.0,0.0,0.0,[],[]
2021-09-03T15:45:00-04:00,2021-09-03,SPY,24h,0,0.0,0.0,0.0,[],[]
2021-09-06T15:45:00-04:00,2021-09-06,SPY,24h,0,0.0,0.0,0.0,[],[]
2021-09-07T15:45:00-04:00,2021-09-07,SPY,24h,0,0.0,0.0,0.0,[],[]
2021-09-08T15:45:00-04:00,2021-09-08,SPY,24h,0,0.0,0.0,0.0,[],[]
2021-09-09T15:45:00-04:00,2021-09-09,SPY,24h,0,0.0,0.0,0.0,[],[]
2021-09-10T15:45:00-04:00,2021-09-10,SPY,24h,0,0.0,0.0,0.0,[],[]
2021-09-13T15:45:00-04:00,2021-09-13,SPY,24h,0,0.0,0.0,0.0,[],[]
2021-09-14T15:45:00-04:00,2021-09-14,SPY,24h,0,0.0,0.0,0.0,[],[]
2021-09-15T15:45:00-04:00,2021-09-15,SPY,24h,0,0.0,0.0,0.0,[],[]
2021-09-16T15:45:00-04:00,2021-09-16,SPY,24h,0,0.0,0.0,0.0,[],[]
2021-09-17T15:45:00-04:00,2021-09-17,SPY,24h,0,0.0,0.0,0.0,[],[]
2021-09-20T15:45:00-04:00,2021-09-20,SPY,24h,0,0.0,0.0,0.0,[],[]
2021-09-21T15:45:00-04:00,2021-09-21,SPY,24h,0,0.0,0.0,0.0,[],[]
2021-09-22T15:45:00-04:00,2021-09-22,SPY,24h,0,0.0,0.0,0.0,[],[]
2021-09-23T15:45:00-04:00,2021-09-23,SPY,24h,0,0.0,0.0,0.0,[],[]
2021-09-24T15:45:00-04:00,2021-09-24,SPY,24h,0,0.0,0.0,0.0,[],[]
2021-09-27T15:45:00-04:00,2021-09-27,SPY,24h,0,0.0,0.0,0.0,[],[]
2021-09-28T15:45:00-04:00,2021-09-28,SPY,24h,0,0.0,0.0,0.0,[],[]
2021-09-29T15:45:00-04:00,2021-09-29,SPY,24h,0,0.0,0.0,0.0,[],[]
2021-09-30T15:45:00-04:00,2021-09-30,SPY,24h,0,0.0,0.0,0.0,[],[]
2021-10-01T15:45:00-04:00,2021-10-01,SPY,24h,0,0.0,0.0,0.0,[],[]
2021-10-04T15:45:00-04:00,2021-10-04,SPY,24h,0,0.0,0.0,0.0,[],[]
2021-10-05T15:45:00-04:00,2021-10-05,SPY,24h,0,0.0,0.0,0.0,[],[]
2021-10-06T15:45:00-04:00,2021-10-06,SPY,24h,0,0.0,0.0,0.0,[],[]
2021-10-07T15:45:00-04:00,2021-10-07,SPY,24h,0,0.0,0.0,0.0,[],[]
2021-10-08T15:45:00-04:00,2021-10-08,SPY,24h,0,0.0,0.0,0.0,[],[]
2021-10-11T15:45:00-04:00,2021-10-11,SPY,24h,0,0.0,0.0,0.0,[],[]
2021-10-12T15:45:00-04:00,2021-10-12,SPY,24h,0,0.0,0.0,0.0,[],[]
2021-10-13T15:45:00-04:00,2021-10-13,SPY,24h,0,0.0,0.0,0.0,[],[]
2021-10-14T15:45:00-04:00,2021-10-14,SPY,24h,0,0.0,0.0,0.0,[],[]
2021-10-15T15:45:00-04:00,2021-10-15,SPY,24h,0,0.0,0.0,0.0,[],[]
2021-10-18T15:45:00-04:00,2021-10-18,SPY,24h,0,0.0,0.0,0.0,[],[]
2021-10-19T15:45:00-04:00,2021-10-19,SPY,24h,0,0.0,0.0,0.0,[],[]
2021-10-20T15:45:00-04:00,2021-10-20,SPY,24h,0,0.0,0.0,0.0,[],[]
2021-10-21T15:45:00-04:00,2021-10-21,SPY,24h,0,0.0,0.0,0.0,[],[]
2021-10-22T15:45:00-04:00,2021-10-22,SPY,24h,0,0.0,0.0,0.0,[],[]
2021-10-25T15:45:00-04:00,2021-10-25,SPY,24h,0,0.0,0.0,0.0,[],[]
2021-10-26T15:45:00-04:00,2021-10-26,SPY,24h,0,0.0,0.0,0.0,[],[]
2021-10-27T15:45:00-04:00,2021-10-27,SPY,24h,0,0.0,0.0,0.0,[],[]
2021-10-28T15:45:00-04:00,2021-10-28,SPY,24h,0,0.0,0.0,0.0,[],[]
2021-10-29T15:45:00-04:00,2021-10-29,SPY,24h,0,0.0,0.0,0.0,[],[]
2021-11-01T15:45:00-04:00,2021-11-01,SPY,24h,0,0.0,0.0,0.0,[],[]
2021-11-02T15:45:00-04:00,2021-11-02,SPY,24h,0,0.0,0.0,0.0,[],[]
2021-11-03T15:45:00-04:00,2021-11-03,SPY,24h,0,0.0,0.0,0.0,[],[]
2021-11-04T15:45:00-04:00,2021-11-04,SPY,24h,0,0.0,0.0,0.0,[],[]
2021-11-05T15:45:00-04:00,2021-11-05,SPY,24h,0,0.0,0.0,0.0,[],[]
2021-11-08T15:45:00-05:00,2021-11-08,SPY,24h,0,0.0,0.0,0.0,[],[]
2021-11-09T15:45:00-05:00,2021-11-09,SPY,24h,0,0.0,0.0,0.0,[],[]
2021-11-10T15:45:00-05:00,2021-11-10,SPY,24h,0,0.0,0.0,0.0,[],[]
2021-11-11T15:45:00-05:00,2021-11-11,SPY,24h,0,0.0,0.0,0.0,[],[]
2021-11-12T15:45:00-05:00,2021-11-12,SPY,24h,0,0.0,0.0,0.0,[],[]
2021-11-15T15:45:00-05:00,2021-11-15,SPY,24h,0,0.0,0.0,0.0,[],[]
2021-11-16T15:45:00-05:00,2021-11-16,SPY,24h,0,0.0,0.0,0.0,[],[]
2021-11-17T15:45:00-05:00,2021-11-17,SPY,24h,0,0.0,0.0,0.0,[],[]
2021-11-18T15:45:00-05:00,2021-11-18,SPY,24h,0,0.0,0.0,0.0,[],[]
2021-11-19T15:45:00-05:00,2021-11-19,SPY,24h,0,0.0,0.0,0.0,[],[]
2021-11-22T15:45:00-05:00,2021-11-22,SPY,24h,0,0.0,0.0,0.0,[],[]
2021-11-23T15:45:00-05:00,2021-11-23,SPY,24h,0,0.0,0.0,0.0,[],[]
2021-11-24T15:45:00-05:00,2021-11-24,SPY,24h,0,0.0,0.0,0.0,[],[]
2021-11-25T15:45:00-05:00,2021-11-25,SPY,24h,0,0.0,0.0,0.0,[],[]
2021-11-26T15:45:00-05:00,2021-11-26,SPY,24h,0,0.0,0.0,0.0,[],[]
2021-11-29T15:45:00-05:00,2021-11-29,SPY,24h,0,0.0,0.0,0.0,[],[]
2021-11-30T15:45:00-05:00,2021-11-30,SPY,24h,0,0.0,0.0,0.0,[],[]
2021-12-01T15:45:00-05:00,2021-12-01,SPY,24h,0,0.0,0.0,0.0,[],[]
2021-12-02T15:45:00-05:00,2021-12-02,SPY,24h,0,0.0,0.0,0.0,[],[]
2021-12-03T15:45:00-05:00,2021-12-03,SPY,24h,0,0.0,0.0,0.0,[],[]
2021-12-06T15:45:00-05:00,2021-12-06,SPY,24h,0,0.0,0.0,0.0,[],[]
2021-12-07T15:45:00-05:00,2021-12-07,SPY,24h,0,0.0,0.0,0.0,[],[]
2021-12-08T15:45:00-05:00,2021-12-08,SPY,24h,0,0.0,0.0,0.0,[],[]
2021-12-09T15:45:00-05:00,2021-12-09,SPY,24h,0,0.0,0.0,0.0,[],[]
2021-12-10T15:45:00-05:00,2021-12-10,SPY,24h,0,0.0,0.0,0.0,[],[]
2021-12-13T15:45:00-05:00,2021-12-13,SPY,24h,0,0.0,0.0,0.0,[],[]
2021-12-14T15:45:00-05:00,2021-12-14,SPY,24h,0,0.0,0.0,0.0,[],[]
2021-12-15T15:45:00-05:00,2021-12-15,SPY,24h,0,0.0,0.0,0.0,[],[]
2021-12-16T15:45:00-05:00,2021-12-16,SPY,24h,0,0.0,0.0,0.0,[],[]
2021-12-17T15:45:00-05:00,2021-12-17,SPY,24h,0,0.0,0.0,0.0,[],[]
2021-12-20T15:45:00-05:00,2021-12-20,SPY,24h,0,0.0,0.0,0.0,[],[]
2021-12-21T15:45:00-05:00,2021-12-21,SPY,24h,0,0.0,0.0,0.0,[],[]
2021-12-22T15:45:00-05:00,2021-12-22,SPY,24h,0,0.0,0.0,0.0,[],[]
2021-12-23T15:45:00-05:00,2021-12-23,SPY,24h,0,0.0,0.0,0.0,[],[]
2021-12-24T15:45:00-05:00,2021-12-24,SPY,24h,0,0.0,0.0,0.0,[],[]
2021-12-27T15:45:00-05:00,2021-12-27,SPY,24h,0,0.0,0.0,0.0,[],[]
2021-12-28T15:45:00-05:00,2021-12-28,SPY,24h,0,0.0,0.0,0.0,[],[]
2021-12-29T15:45:00-05:00,2021-12-29,SPY,24h,0,0.0,0.0,0.0,[],[]
2021-12-30T15:45:00-05:00,2021-12-30,SPY,24h,0,0.0,0.0,0.0,[],[]
2021-12-31T15:45:00-05:00,2021-12-31,SPY,24h,0,0.0,0.0,0.0,[],[]
2022-01-03T15:45:00-05:00,2022-01-03,SPY,24h,0,0.0,0.0,0.0,[],[]
2022-01-04T15:45:00-05:00,2022-01-04,SPY,24h,0,0.0,0.0,0.0,[],[]
2022-01-05T15:45:00-05:00,2022-01-05,SPY,24h,0,0.0,0.0,0.0,[],[]
2022-01-06T15:45:00-05:00,2022-01-06,SPY,24h,0,0.0,0.0,0.0,[],[]
2022-01-07T15:45:00-05:00,2022-01-07,SPY,24h,0,0.0,0.0,0.0,[],[]
2022-01-10T15:45:00-05:00,2022-01-10,SPY,24h,0,0.0,0.0,0.0,[],[]
2022-01-11T15:45:00-05:00,2022-01-11,SPY,24h,0,0.0,0.0,0.0,[],[]
2022-01-12T15:45:00-05:00,2022-01-12,SPY,24h,0,0.0,0.0,0.0,[],[]
2022-01-13T15:45:00-05:00,2022-01-13,SPY,24h,0,0.0,0.0,0.0,[],[]
2022-01-14T15:45:00-05:00,2022-01-14,SPY,24h,0,0.0,0.0,0.0,[],[]
2022-01-17T15:45:00-05:00,2022-01-17,SPY,24h,0,0.0,0.0,0.0,[],[]
2022-01-18T15:45:00-05:00,2022-01-18,SPY,24h,0,0.0,0.0,0.0,[],[]
2022-01-19T15:45:00-05:00,2022-01-19,SPY,24h,0,0.0,0.0,0.0,[],[]
2022-01-20T15:45:00-05:00,2022-01-20,SPY,24h,0,0.0,0.0,0.0,[],[]
2022-01-21T15:45:00-05:00,2022-01-21,SPY,24h,0,0.0,0.0,0.0,[],[]
2022-01-24T15:45:00-05:00,2022-01-24,SPY,24h,0,0.0,0.0,0.0,[],[]
2022-01-25T15:45:00-05:00,2022-01-25,SPY,24h,0,0.0,0.0,0.0,[],[]
2022-01-26T15:45:00-05:00,2022-01-26,SPY,24h,0,0.0,0.0,0.0,[],[]
2022-01-27T15:45:00-05:00,2022-01-27,SPY,24h,0,0.0,0.0,0.0,[],[]
2022-01-28T15:45:00-05:00,2022-01-28,SPY,24h,0,0.0,0.0,0.0,[],[]
2022-01-31T15:45:00-05:00,2022-01-31,SPY,24h,0,0.0,0.0,0.0,[],[]
2022-02-01T15:45:00-05:00,2022-02-01,SPY,24h,0,0.0,0.0,0.0,[],[]
2022-02-02T15:45:00-05:00,2022-02-02,SPY,24h,0,0.0,0.0,0.0,[],[]
2022-02-03T15:45:00-05:00,2022-02-03,SPY,24h,0,0.0,0.0,0.0,[],[]
2022-02-04T15:45:00-05:00,2022-02-04,SPY,24h,0,0.0,0.0,0.0,[],[]
2022-02-07T15:45:00-05:00,2022-02-07,SPY,24h,0,0.0,0.0,0.0,[],[]
2022-02-08T15:45:00-05:00,2022-02-08,SPY,24h,0,0.0,0.0,0.0,[],[]
2022-02-09T15:45:00-05:00,2022-02-09,SPY,24h,0,0.0,0.0,0.0,[],[]
2022-02-10T15:45:00-05:00,2022-02-10,SPY,24h,0,0.0,0.0,0.0,[],[]
2022-02-11T15:45:00-05:00,2022-02-11,SPY,24h,0,0.0,0.0,0.0,[],[]
2022-02-14T15:45:00-05:00,2022-02-14,SPY,24h,0,0.0,0.0,0.0,[],[]
2022-02-15T15:45:00-05:00,2022-02-15,SPY,24h,0,0.0,0.0,0.0,[],[]
2022-02-16T15:45:00-05:00,2022-02-16,SPY,24h,0,0.0,0.0,0.0,[],[]
2022-02-17T15:45:00-05:00,2022-02-17,SPY,24h,0,0.0,0.0,0.0,[],[]
2022-02-18T15:45:00-05:00,2022-02-18,SPY,24h,0,0.0,0.0,0.0,[],[]
2022-02-21T15:45:00-05:00,2022-02-21,SPY,24h,0,0.0,0.0,0.0,[],[]
2022-02-22T15:45:00-05:00,2022-02-22,SPY,24h,0,0.0,0.0,0.0,[],[]
2022-02-23T15:45:00-05:00,2022-02-23,SPY,24h,0,0.0,0.0,0.0,[],[]
2022-02-24T15:45:00-05:00,2022-02-24,SPY,24h,0,0.0,0.0,0.0,[],[]
2022-02-25T15:45:00-05:00,2022-02-25,SPY,24h,0,0.0,0.0,0.0,[],[]
2022-02-28T15:45:00-05:00,2022-02-28,SPY,24h,0,0.0,0.0,0.0,[],[]
2022-03-01T15:45:00-05:00,2022-03-01,SPY,24h,0,0.0,0.0,0.0,[],[]
2022-03-02T15:45:00-05:00,2022-03-02,SPY,24h,0,0.0,0.0,0.0,[],[]
2022-03-03T15:45:00-05:00,2022-03-03,SPY,24h,0,0.0,0.0,0.0,[],[]
2022-03-04T15:45:00-05:00,2022-03-04,SPY,24h,0,0.0,0.0,0.0,[],[]
2022-03-07T15:45:00-05:00,2022-03-07,SPY,24h,0,0.0,0.0,0.0,[],[]
2022-03-08T15:45:00-05:00,2022-03-08,SPY,24h,0,0.0,0.0,0.0,[],[]
2022-03-09T15:45:00-05:00,2022-03-09,SPY,24h,0,0.0,0.0,0.0,[],[]
2022-03-10T15:45:00-05:00,2022-03-10,SPY,24h,0,0.0,0.0,0.0,[],[]
2022-03-11T15:45:00-05:00,2022-03-11,SPY,24h,0,0.0,0.0,0.0,[],[]
2022-03-14T15:45:00-04:00,2022-03-14,SPY,24h,0,0.0,0.0,0.0,[],[]
2022-03-15T15:45:00-04:00,2022-03-15,SPY,24h,0,0.0,0.0,0.0,[],[]
2022-03-16T15:45:00-04:00,2022-03-16,SPY,24h,0,0.0,0.0,0.0,[],[]
2022-03-17T15:45:00-04:00,2022-03-17,SPY,24h,0,0.0,0.0,0.0,[],[]
2022-03-18T15:45:00-04:00,2022-03-18,SPY,24h,0,0.0,0.0,0.0,[],[]
2022-03-21T15:45:00-04:00,2022-03-21,SPY,24h,0,0.0,0.0,0.0,[],[]
2022-03-22T15:45:00-04:00,2022-03-22,SPY,24h,0,0.0,0.0,0.0,[],[]
2022-03-23T15:45:00-04:00,2022-03-23,SPY,24h,0,0.0,0.0,0.0,[],[]
2022-03-24T15:45:00-04:00,2022-03-24,SPY,24h,0,0.0,0.0,0.0,[],[]
2022-03-25T15:45:00-04:00,2022-03-25,SPY,24h,0,0.0,0.0,0.0,[],[]
2022-03-28T15:45:00-04:00,2022-03-28,SPY,24h,0,0.0,0.0,0.0,[],[]
2022-03-29T15:45:00-04:00,2022-03-29,SPY,24h,0,0.0,0.0,0.0,[],[]
2022-03-30T15:45:00-04:00,2022-03-30,SPY,24h,0,0.0,0.0,0.0,[],[]
2022-03-31T15:45:00-04:00,2022-03-31,SPY,24h,0,0.0,0.0,0.0,[],[]
2022-04-01T15:45:00-04:00,2022-04-01,SPY,24h,0,0.0,0.0,0.0,[],[]
2022-04-04T15:45:00-04:00,2022-04-04,SPY,24h,0,0.0,0.0,0.0,[],[]
2022-04-05T15:45:00-04:00,2022-04-05,SPY,24h,0,0.0,0.0,0.0,[],[]
2022-04-06T15:45:00-04:00,2022-04-06,SPY,24h,0,0.0,0.0,0.0,[],[]
2022-04-07T15:45:00-04:00,2022-04-07,SPY,24h,0,0.0,0.0,0.0,[],[]
2022-04-08T15:45:00-04:00,2022-04-08,SPY,24h,0,0.0,0.0,0.0,[],[]
2022-04-11T15:45:00-04:00,2022-04-11,SPY,24h,0,0.0,0.0,0.0,[],[]
2022-04-12T15:45:00-04:00,2022-04-12,SPY,24h,0,0.0,0.0,0.0,[],[]
2022-04-13T15:45:00-04:00,2022-04-13,SPY,24h,0,0.0,0.0,0.0,[],[]
2022-04-14T15:45:00-04:00,2022-04-14,SPY,24h,0,0.0,0.0,0.0,[],[]
2022-04-15T15:45:00-04:00,2022-04-15,SPY,24h,0,0.0,0.0,0.0,[],[]
2022-04-18T15:45:00-04:00,2022-04-18,SPY,24h,0,0.0,0.0,0.0,[],[]
2022-04-19T15:45:00-04:00,2022-04-19,SPY,24h,0,0.0,0.0,0.0,[],[]
2022-04-20T15:45:00-04:00,2022-04-20,SPY,24h,0,0.0,0.0,0.0,[],[]
2022-04-21T15:45:00-04:00,2022-04-21,SPY,24h,0,0.0,0.0,0.0,[],[]
2022-04-22T15:45:00-04:00,2022-04-22,SPY,24h,0,0.0,0.0,0.0,[],[]
2022-04-25T15:45:00-04:00,2022-04-25,SPY,24h,0,0.0,0.0,0.0,[],[]
2022-04-26T15:45:00-04:00,2022-04-26,SPY,24h,0,0.0,0.0,0.0,[],[]
2022-04-27T15:45:00-04:00,2022-04-27,SPY,24h,0,0.0,0.0,0.0,[],[]
2022-04-28T15:45:00-04:00,2022-04-28,SPY,24h,0,0.0,0.0,0.0,[],[]
2022-04-29T15:45:00-04:00,2022-04-29,SPY,24h,0,0.0,0.0,0.0,[],[]
2022-05-02T15:45:00-04:00,2022-05-02,SPY,24h,0,0.0,0.0,0.0,[],[]
2022-05-03T15:45:00-04:00,2022-05-03,SPY,24h,0,0.0,0.0,0.0,[],[]
2022-05-04T15:45:00-04:00,2022-05-04,SPY,24h,0,0.0,0.0,0.0,[],[]
2022-05-05T15:45:00-04:00,2022-05-05,SPY,24h,0,0.0,0.0,0.0,[],[]
2022-05-06T15:45:00-04:00,2022-05-06,SPY,24h,0,0.0,0.0,0.0,[],[]
2022-05-09T15:45:00-04:00,2022-05-09,SPY,24h,0,0.0,0.0,0.0,[],[]
2022-05-10T15:45:00-04:00,2022-05-10,SPY,24h,0,0.0,0.0,0.0,[],[]
2022-05-11T15:45:00-04:00,2022-05-11,SPY,24h,0,0.0,0.0,0.0,[],[]
2022-05-12T15:45:00-04:00,2022-05-12,SPY,24h,0,0.0,0.0,0.0,[],[]
2022-05-13T15:45:00-04:00,2022-05-13,SPY,24h,0,0.0,0.0,0.0,[],[]
2022-05-16T15:45:00-04:00,2022-05-16,SPY,24h,0,0.0,0.0,0.0,[],[]
2022-05-17T15:45:00-04:00,2022-05-17,SPY,24h,0,0.0,0.0,0.0,[],[]
2022-05-18T15:45:00-04:00,2022-05-18,SPY,24h,0,0.0,0.0,0.0,[],[]
2022-05-19T15:45:00-04:00,2022-05-19,SPY,24h,0,0.0,0.0,0.0,[],[]
2022-05-20T15:45:00-04:00,2022-05-20,SPY,24h,0,0.0,0.0,0.0,[],[]
2022-05-23T15:45:00-04:00,2022-05-23,SPY,24h,0,0.0,0.0,0.0,[],[]
2022-05-24T15:45:00-04:00,2022-05-24,SPY,24h,0,0.0,0.0,0.0,[],[]
2022-05-25T15:45:00-04:00,2022-05-25,SPY,24h,0,0.0,0.0,0.0,[],[]
2022-05-26T15:45:00-04:00,2022-05-26,SPY,24h,0,0.0,0.0,0.0,[],[]
2022-05-27T15:45:00-04:00,2022-05-27,SPY,24h,0,0.0,0.0,0.0,[],[]
2022-05-30T15:45:00-04:00,2022-05-30,SPY,24h,0,0.0,0.0,0.0,[],[]
2022-05-31T15:45:00-04:00,2022-05-31,SPY,24h,0,0.0,0.0,0.0,[],[]
2022-06-01T15:45:00-04:00,2022-06-01,SPY,24h,0,0.0,0.0,0.0,[],[]
2022-06-02T15:45:00-04:00,2022-06-02,SPY,24h,0,0.0,0.0,0.0,[],[]
2022-06-03T15:45:00-04:00,2022-06-03,SPY,24h,0,0.0,0.0,0.0,[],[]
2022-06-06T15:45:00-04:00,2022-06-06,SPY,24h,0,0.0,0.0,0.0,[],[]
2022-06-07T15:45:00-04:00,2022-06-07,SPY,24h,0,0.0,0.0,0.0,[],[]
2022-06-08T15:45:00-04:00,2022-06-08,SPY,24h,0,0.0,0.0,0.0,[],[]
2022-06-09T15:45:00-04:00,2022-06-09,SPY,24h,0,0.0,0.0,0.0,[],[]
2022-06-10T15:45:00-04:00,2022-06-10,SPY,24h,0,0.0,0.0,0.0,[],[]
2022-06-13T15:45:00-04:00,2022-06-13,SPY,24h,0,0.0,0.0,0.0,[],[]
2022-06-14T15:45:00-04:00,2022-06-14,SPY,24h,0,0.0,0.0,0.0,[],[]
2022-06-15T15:45:00-04:00,2022-06-15,SPY,24h,0,0.0,0.0,0.0,[],[]
2022-06-16T15:45:00-04:00,2022-06-16,SPY,24h,0,0.0,0.0,0.0,[],[]
2022-06-17T15:45:00-04:00,2022-06-17,SPY,24h,0,0.0,0.0,0.0,[],[]
2022-06-20T15:45:00-04:00,2022-06-20,SPY,24h,0,0.0,0.0,0.0,[],[]
2022-06-21T15:45:00-04:00,2022-06-21,SPY,24h,0,0.0,0.0,0.0,[],[]
2022-06-22T15:45:00-04:00,2022-06-22,SPY,24h,0,0.0,0.0,0.0,[],[]
2022-06-23T15:45:00-04:00,2022-06-23,SPY,24h,0,0.0,0.0,0.0,[],[]
2022-06-24T15:45:00-04:00,2022-06-24,SPY,24h,0,0.0,0.0,0.0,[],[]
2022-06-27T15:45:00-04:00,2022-06-27,SPY,24h,0,0.0,0.0,0.0,[],[]
2022-06-28T15:45:00-04:00,2022-06-28,SPY,24h,0,0.0,0.0,0.0,[],[]
2022-06-29T15:45:00-04:00,2022-06-29,SPY,24h,0,0.0,0.0,0.0,[],[]
2022-06-30T15:45:00-04:00,2022-06-30,SPY,24h,0,0.0,0.0,0.0,[],[]
2022-07-01T15:45:00-04:00,2022-07-01,SPY,24h,0,0.0,0.0,0.0,[],[]
2022-07-04T15:45:00-04:00,2022-07-04,SPY,24h,0,0.0,0.0,0.0,[],[]
2022-07-05T15:45:00-04:00,2022-07-05,SPY,24h,0,0.0,0.0,0.0,[],[]
2022-07-06T15:45:00-04:00,2022-07-06,SPY,24h,0,0.0,0.0,0.0,[],[]
2022-07-07T15:45:00-04:00,2022-07-07,SPY,24h,0,0.0,0.0,0.0,[],[]
2022-07-08T15:45:00-04:00,2022-07-08,SPY,24h,0,0.0,0.0,0.0,[],[]
2022-07-11T15:45:00-04:00,2022-07-11,SPY,24h,0,0.0,0.0,0.0,[],[]
2022-07-12T15:45:00-04:00,2022-07-12,SPY,24h,0,0.0,0.0,0.0,[],[]
2022-07-13T15:45:00-04:00,2022-07-13,SPY,24h,0,0.0,0.0,0.0,[],[]
2022-07-14T15:45:00-04:00,2022-07-14,SPY,24h,0,0.0,0.0,0.0,[],[]
2022-07-15T15:45:00-04:00,2022-07-15,SPY,24h,0,0.0,0.0,0.0,[],[]
2022-07-18T15:45:00-04:00,2022-07-18,SPY,24h,0,0.0,0.0,0.0,[],[]
2022-07-19T15:45:00-04:00,2022-07-19,SPY,24h,0,0.0,0.0,0.0,[],[]
2022-07-20T15:45:00-04:00,2022-07-20,SPY,24h,0,0.0,0.0,0.0,[],[]
2022-07-21T15:45:00-04:00,2022-07-21,SPY,24h,0,0.0,0.0,0.0,[],[]
2022-07-22T15:45:00-04:00,2022-07-22,SPY,24h,0,0.0,0.0,0.0,[],[]
2022-07-25T15:45:00-04:00,2022-07-25,SPY,24h,0,0.0,0.0,0.0,[],[]
2022-07-26T15:45:00-04:00,2022-07-26,SPY,24h,0,0.0,0.0,0.0,[],[]
2022-07-27T15:45:00-04:00,2022-07-27,SPY,24h,0,0.0,0.0,0.0,[],[]
2022-07-28T15:45:00-04:00,2022-07-28,SPY,24h,0,0.0,0.0,0.0,[],[]
2022-07-29T15:45:00-04:00,2022-07-29,SPY,24h,0,0.0,0.0,0.0,[],[]
2022-08-01T15:45:00-04:00,2022-08-01,SPY,24h,0,0.0,0.0,0.0,[],[]
2022-08-02T15:45:00-04:00,2022-08-02,SPY,24h,0,0.0,0.0,0.0,[],[]
2022-08-03T15:45:00-04:00,2022-08-03,SPY,24h,0,0.0,0.0,0.0,[],[]
2022-08-04T15:45:00-04:00,2022-08-04,SPY,24h,0,0.0,0.0,0.0,[],[]
2022-08-05T15:45:00-04:00,2022-08-05,SPY,24h,0,0.0,0.0,0.0,[],[]
2022-08-08T15:45:00-04:00,2022-08-08,SPY,24h,0,0.0,0.0,0.0,[],[]
2022-08-09T15:45:00-04:00,2022-08-09,SPY,24h,0,0.0,0.0,0.0,[],[]
2022-08-10T15:45:00-04:00,2022-08-10,SPY,24h,0,0.0,0.0,0.0,[],[]
2022-08-11T15:45:00-04:00,2022-08-11,SPY,24h,0,0.0,0.0,0.0,[],[]
2022-08-12T15:45:00-04:00,2022-08-12,SPY,24h,0,0.0,0.0,0.0,[],[]
2022-08-15T15:45:00-04:00,2022-08-15,SPY,24h,0,0.0,0.0,0.0,[],[]
2022-08-16T15:45:00-04:00,2022-08-16,SPY,24h,0,0.0,0.0,0.0,[],[]
2022-08-17T15:45:00-04:00,2022-08-17,SPY,24h,0,0.0,0.0,0.0,[],[]
2022-08-18T15:45:00-04:00,2022-08-18,SPY,24h,0,0.0,0.0,0.0,[],[]
2022-08-19T15:45:00-04:00,2022-08-19,SPY,24h,0,0.0,0.0,0.0,[],[]
2022-08-22T15:45:00-04:00,2022-08-22,SPY,24h,0,0.0,0.0,0.0,[],[]
2022-08-23T15:45:00-04:00,2022-08-23,SPY,24h,0,0.0,0.0,0.0,[],[]
2022-08-24T15:45:00-04:00,2022-08-24,SPY,24h,0,0.0,0.0,0.0,[],[]
2022-08-25T15:45:00-04:00,2022-08-25,SPY,24h,0,0.0,0.0,0.0,[],[]
2022-08-26T15:45:00-04:00,2022-08-26,SPY,24h,0,0.0,0.0,0.0,[],[]
2022-08-29T15:45:00-04:00,2022-08-29,SPY,24h,0,0.0,0.0,0.0,[],[]
2022-08-30T15:45:00-04:00,2022-08-30,SPY,24h,0,0.0,0.0,0.0,[],[]
2022-08-31T15:45:00-04:00,2022-08-31,SPY,24h,0,0.0,0.0,0.0,[],[]
2022-09-01T15:45:00-04:00,2022-09-01,SPY,24h,0,0.0,0.0,0.0,[],[]
2022-09-02T15:45:00-04:00,2022-09-02,SPY,24h,0,0.0,0.0,0.0,[],[]
2022-09-05T15:45:00-04:00,2022-09-05,SPY,24h,0,0.0,0.0,0.0,[],[]
2022-09-06T15:45:00-04:00,2022-09-06,SPY,24h,0,0.0,0.0,0.0,[],[]
2022-09-07T15:45:00-04:00,2022-09-07,SPY,24h,0,0.0,0.0,0.0,[],[]
2022-09-08T15:45:00-04:00,2022-09-08,SPY,24h,0,0.0,0.0,0.0,[],[]
2022-09-09T15:45:00-04:00,2022-09-09,SPY,24h,0,0.0,0.0,0.0,[],[]
2022-09-12T15:45:00-04:00,2022-09-12,SPY,24h,0,0.0,0.0,0.0,[],[]
2022-09-13T15:45:00-04:00,2022-09-13,SPY,24h,0,0.0,0.0,0.0,[],[]
2022-09-14T15:45:00-04:00,2022-09-14,SPY,24h,0,0.0,0.0,0.0,[],[]
2022-09-15T15:45:00-04:00,2022-09-15,SPY,24h,0,0.0,0.0,0.0,[],[]
2022-09-16T15:45:00-04:00,2022-09-16,SPY,24h,0,0.0,0.0,0.0,[],[]
2022-09-19T15:45:00-04:00,2022-09-19,SPY,24h,0,0.0,0.0,0.0,[],[]
2022-09-20T15:45:00-04:00,2022-09-20,SPY,24h,0,0.0,0.0,0.0,[],[]
2022-09-21T15:45:00-04:00,2022-09-21,SPY,24h,0,0.0,0.0,0.0,[],[]
2022-09-22T15:45:00-04:00,2022-09-22,SPY,24h,0,0.0,0.0,0.0,[],[]
2022-09-23T15:45:00-04:00,2022-09-23,SPY,24h,0,0.0,0.0,0.0,[],[]
2022-09-26T15:45:00-04:00,2022-09-26,SPY,24h,0,0.0,0.0,0.0,[],[]
2022-09-27T15:45:00-04:00,2022-09-27,SPY,24h,0,0.0,0.0,0.0,[],[]
2022-09-28T15:45:00-04:00,2022-09-28,SPY,24h,0,0.0,0.0,0.0,[],[]
2022-09-29T15:45:00-04:00,2022-09-29,SPY,24h,0,0.0,0.0,0.0,[],[]
2022-09-30T15:45:00-04:00,2022-09-30,SPY,24h,0,0.0,0.0,0.0,[],[]
2022-10-03T15:45:00-04:00,2022-10-03,SPY,24h,0,0.0,0.0,0.0,[],[]
2022-10-04T15:45:00-04:00,2022-10-04,SPY,24h,0,0.0,0.0,0.0,[],[]
2022-10-05T15:45:00-04:00,2022-10-05,SPY,24h,0,0.0,0.0,0.0,[],[]
2022-10-06T15:45:00-04:00,2022-10-06,SPY,24h,0,0.0,0.0,0.0,[],[]
2022-10-07T15:45:00-04:00,2022-10-07,SPY,24h,0,0.0,0.0,0.0,[],[]
2022-10-10T15:45:00-04:00,2022-10-10,SPY,24h,0,0.0,0.0,0.0,[],[]
2022-10-11T15:45:00-04:00,2022-10-11,SPY,24h,0,0.0,0.0,0.0,[],[]
2022-10-12T15:45:00-04:00,2022-10-12,SPY,24h,0,0.0,0.0,0.0,[],[]
2022-10-13T15:45:00-04:00,2022-10-13,SPY,24h,0,0.0,0.0,0.0,[],[]
2022-10-14T15:45:00-04:00,2022-10-14,SPY,24h,0,0.0,0.0,0.0,[],[]
2022-10-17T15:45:00-04:00,2022-10-17,SPY,24h,0,0.0,0.0,0.0,[],[]
2022-10-18T15:45:00-04:00,2022-10-18,SPY,24h,0,0.0,0.0,0.0,[],[]
2022-10-19T15:45:00-04:00,2022-10-19,SPY,24h,0,0.0,0.0,0.0,[],[]
2022-10-20T15:45:00-04:00,2022-10-20,SPY,24h,0,0.0,0.0,0.0,[],[]
2022-10-21T15:45:00-04:00,2022-10-21,SPY,24h,0,0.0,0.0,0.0,[],[]
2022-10-24T15:45:00-04:00,2022-10-24,SPY,24h,0,0.0,0.0,0.0,[],[]
2022-10-25T15:45:00-04:00,2022-10-25,SPY,24h,0,0.0,0.0,0.0,[],[]
2022-10-26T15:45:00-04:00,2022-10-26,SPY,24h,0,0.0,0.0,0.0,[],[]
2022-10-27T15:45:00-04:00,2022-10-27,SPY,24h,0,0.0,0.0,0.0,[],[]
2022-10-28T15:45:00-04:00,2022-10-28,SPY,24h,0,0.0,0.0,0.0,[],[]
2022-10-31T15:45:00-04:00,2022-10-31,SPY,24h,0,0.0,0.0,0.0,[],[]
2022-11-01T15:45:00-04:00,2022-11-01,SPY,24h,0,0.0,0.0,0.0,[],[]
2022-11-02T15:45:00-04:00,2022-11-02,SPY,24h,0,0.0,0.0,0.0,[],[]
2022-11-03T15:45:00-04:00,2022-11-03,SPY,24h,0,0.0,0.0,0.0,[],[]
2022-11-04T15:45:00-04:00,2022-11-04,SPY,24h,0,0.0,0.0,0.0,[],[]
2022-11-07T15:45:00-05:00,2022-11-07,SPY,24h,0,0.0,0.0,0.0,[],[]
2022-11-08T15:45:00-05:00,2022-11-08,SPY,24h,0,0.0,0.0,0.0,[],[]
2022-11-09T15:45:00-05:00,2022-11-09,SPY,24h,0,0.0,0.0,0.0,[],[]
2022-11-10T15:45:00-05:00,2022-11-10,SPY,24h,0,0.0,0.0,0.0,[],[]
2022-11-11T15:45:00-05:00,2022-11-11,SPY,24h,0,0.0,0.0,0.0,[],[]
2022-11-14T15:45:00-05:00,2022-11-14,SPY,24h,0,0.0,0.0,0.0,[],[]
2022-11-15T15:45:00-05:00,2022-11-15,SPY,24h,0,0.0,0.0,0.0,[],[]
2022-11-16T15:45:00-05:00,2022-11-16,SPY,24h,0,0.0,0.0,0.0,[],[]
2022-11-17T15:45:00-05:00,2022-11-17,SPY,24h,0,0.0,0.0,0.0,[],[]
2022-11-18T15:45:00-05:00,2022-11-18,SPY,24h,0,0.0,0.0,0.0,[],[]
2022-11-21T15:45:00-05:00,2022-11-21,SPY,24h,0,0.0,0.0,0.0,[],[]
2022-11-22T15:45:00-05:00,2022-11-22,SPY,24h,0,0.0,0.0,0.0,[],[]
2022-11-23T15:45:00-05:00,2022-11-23,SPY,24h,0,0.0,0.0,0.0,[],[]
2022-11-24T15:45:00-05:00,2022-11-24,SPY,24h,0,0.0,0.0,0.0,[],[]
2022-11-25T15:45:00-05:00,2022-11-25,SPY,24h,0,0.0,0.0,0.0,[],[]
2022-11-28T15:45:00-05:00,2022-11-28,SPY,24h,0,0.0,0.0,0.0,[],[]
2022-11-29T15:45:00-05:00,2022-11-29,SPY,24h,0,0.0,0.0,0.0,[],[]
2022-11-30T15:45:00-05:00,2022-11-30,SPY,24h,0,0.0,0.0,0.0,[],[]
2022-12-01T15:45:00-05:00,2022-12-01,SPY,24h,0,0.0,0.0,0.0,[],[]
2022-12-02T15:45:00-05:00,2022-12-02,SPY,24h,0,0.0,0.0,0.0,[],[]
2022-12-05T15:45:00-05:00,2022-12-05,SPY,24h,0,0.0,0.0,0.0,[],[]
2022-12-06T15:45:00-05:00,2022-12-06,SPY,24h,0,0.0,0.0,0.0,[],[]
2022-12-07T15:45:00-05:00,2022-12-07,SPY,24h,0,0.0,0.0,0.0,[],[]
2022-12-08T15:45:00-05:00,2022-12-08,SPY,24h,0,0.0,0.0,0.0,[],[]
2022-12-09T15:45:00-05:00,2022-12-09,SPY,24h,0,0.0,0.0,0.0,[],[]
2022-12-12T15:45:00-05:00,2022-12-12,SPY,24h,0,0.0,0.0,0.0,[],[]
2022-12-13T15:45:00-05:00,2022-12-13,SPY,24h,0,0.0,0.0,0.0,[],[]
2022-12-14T15:45:00-05:00,2022-12-14,SPY,24h,0,0.0,0.0,0.0,[],[]
2022-12-15T15:45:00-05:00,2022-12-15,SPY,24h,0,0.0,0.0,0.0,[],[]
2022-12-16T15:45:00-05:00,2022-12-16,SPY,24h,0,0.0,0.0,0.0,[],[]
2022-12-19T15:45:00-05:00,2022-12-19,SPY,24h,0,0.0,0.0,0.0,[],[]
2022-12-20T15:45:00-05:00,2022-12-20,SPY,24h,0,0.0,0.0,0.0,[],[]
2022-12-21T15:45:00-05:00,2022-12-21,SPY,24h,0,0.0,0.0,0.0,[],[]
2022-12-22T15:45:00-05:00,2022-12-22,SPY,24h,0,0.0,0.0,0.0,[],[]
2022-12-23T15:45:00-05:00,2022-12-23,SPY,24h,0,0.0,0.0,0.0,[],[]
2022-12-26T15:45:00-05:00,2022-12-26,SPY,24h,0,0.0,0.0,0.0,[],[]
2022-12-27T15:45:00-05:00,2022-12-27,SPY,24h,0,0.0,0.0,0.0,[],[]
2022-12-28T15:45:00-05:00,2022-12-28,SPY,24h,0,0.0,0.0,0.0,[],[]
2022-12-29T15:45:00-05:00,2022-12-29,SPY,24h,0,0.0,0.0,0.0,[],[]
2022-12-30T15:45:00-05:00,2022-12-30,SPY,24h,0,0.0,0.0,0.0,[],[]
2020-01-01T15:45:00-05:00,2020-01-01,QQQ,24h,1,0.9242,0.9242,0.0,"[""earnings"", ""macro""]","[""benzinga""]"
2020-01-02T15:45:00-05:00,2020-01-02,QQQ,24h,0,0.0,0.0,0.0,[],[]
2020-01-03T15:45:00-05:00,2020-01-03,QQQ,24h,0,0.0,0.0,0.0,[],[]
2020-01-06T15:45:00-05:00,2020-01-06,QQQ,24h,0,0.0,0.0,0.0,[],[]
2020-01-07T15:45:00-05:00,2020-01-07,QQQ,24h,0,0.0,0.0,0.0,[],[]
2020-01-08T15:45:00-05:00,2020-01-08,QQQ,24h,0,0.0,0.0,0.0,[],[]
2020-01-09T15:45:00-05:00,2020-01-09,QQQ,24h,1,0.7546,0.7546,0.0,[],"[""reuters""]"
2020-01-10T15:45:00-05:00,2020-01-10,QQQ,24h,0,0.0,0.0,0.0,[],[]
2020-01-13T15:45:00-05:00,2020-01-13,QQQ,24h,1,0.9389,0.9389,0.0,[],"[""benzinga""]"
2020-01-14T15:45:00-05:00,2020-01-14,QQQ,24h,0,0.0,0.0,0.0,[],[]
2020-01-15T15:45:00-05:00,2020-01-15,QQQ,24h,0,0.0,0.0,0.0,[],[]
2020-01-16T15:45:00-05:00,2020-01-16,QQQ,24h,0,0.0,0.0,0.0,[],[]
2020-01-17T15:45:00-05:00,2020-01-17,QQQ,24h,1,0.9347,0.9347,0.0,[],"[""businesswire""]"
2020-01-20T15:45:00-05:00,2020-01-20,QQQ,24h,0,0.0,0.0,0.0,[],[]
2020-01-21T15:45:00-05:00,2020-01-21,QQQ,24h,1,-0.8519,-0.8519,1.0,[],"[""reuters""]"
2020-01-22T15:45:00-05:00,2020-01-22,QQQ,24h,0,0.0,0.0,0.0,[],[]
2020-01-23T15:45:00-05:00,2020-01-23,QQQ,24h,0,0.0,0.0,0.0,[],[]
2020-01-24T15:45:00-05:00,2020-01-24,QQQ,24h,0,0.0,0.0,0.0,[],[]
2020-01-27T15:45:00-05:00,2020-01-27,QQQ,24h,0,0.0,0.0,0.0,[],[]
2020-01-28T15:45:00-05:00,2020-01-28,QQQ,24h,0,0.0,0.0,0.0,[],[]
2020-01-29T15:45:00-05:00,2020-01-29,QQQ,24h,0,0.0,0.0,0.0,[],[]
2020-01-30T15:45:00-05:00,2020-01-30,QQQ,24h,0,0.0,0.0,0.0,[],[]
2020-01-31T15:45:00-05:00,2020-01-31,QQQ,24h,0,0.0,0.0,0.0,[],[]
2020-02-03T15:45:00-05:00,2020-02-03,QQQ,24h,0,0.0,0.0,0.0,[],[]
2020-02-04T15:45:00-05:00,2020-02-04,QQQ,24h,0,0.0,0.0,0.0,[],[]
2020-02-05T15:45:00-05:00,2020-02-05,QQQ,24h,0,0.0,0.0,0.0,[],[]
2020-02-06T15:45:00-05:00,2020-02-06,QQQ,24h,0,0.0,0.0,0.0,[],[]
2020-02-07T15:45:00-05:00,2020-02-07,QQQ,24h,0,0.0,0.0,0.0,[],[]
2020-02-10T15:45:00-05:00,2020-02-10,QQQ,24h,0,0.0,0.0,0.0,[],[]
2020-02-11T15:45:00-05:00,2020-02-11,QQQ,24h,0,0.0,0.0,0.0,[],[]
2020-02-12T15:45:00-05:00,2020-02-12,QQQ,24h,0,0.0,0.0,0.0,[],[]
2020-02-13T15:45:00-05:00,2020-02-13,QQQ,24h,0,0.0,0.0,0.0,[],[]
2020-02-14T15:45:00-05:00,2020-02-14,QQQ,24h,0,0.0,0.0,0.0,[],[]
2020-02-17T15:45:00-05:00,2020-02-17,QQQ,24h,0,0.0,0.0,0.0,[],[]
2020-02-18T15:45:00-05:00,2020-02-18,QQQ,24h,0,0.0,0.0,0.0,[],[]
2020-02-19T15:45:00-05:00,2020-02-19,QQQ,24h,0,0.0,0.0,0.0,[],[]
2020-02-20T15:45:00-05:00,2020-02-20,QQQ,24h,0,0.0,0.0,0.0,[],[]
2020-02-21T15:45:00-05:00,2020-02-21,QQQ,24h,0,0.0,0.0,0.0,[],[]
2020-02-24T15:45:00-05:00,2020-02-24,QQQ,24h,0,0.0,0.0,0.0,[],[]
2020-02-25T15:45:00-05:00,2020-02-25,QQQ,24h,0,0.0,0.0,0.0,[],[]
2020-02-26T15:45:00-05:00,2020-02-26,QQQ,24h,0,0.0,0.0,0.0,[],[]
2020-02-27T15:45:00-05:00,2020-02-27,QQQ,24h,0,0.0,0.0,0.0,[],[]
2020-02-28T15:45:00-05:00,2020-02-28,QQQ,24h,0,0.0,0.0,0.0,[],[]
2020-03-02T15:45:00-05:00,2020-03-02,QQQ,24h,0,0.0,0.0,0.0,[],[]
2020-03-03T15:45:00-05:00,2020-03-03,QQQ,24h,0,0.0,0.0,0.0,[],[]
2020-03-04T15:45:00-05:00,2020-03-04,QQQ,24h,0,0.0,0.0,0.0,[],[]
2020-03-05T15:45:00-05:00,2020-03-05,QQQ,24h,0,0.0,0.0,0.0,[],[]
2020-03-06T15:45:00-05:00,2020-03-06,QQQ,24h,0,0.0,0.0,0.0,[],[]
2020-03-09T15:45:00-04:00,2020-03-09,QQQ,24h,0,0.0,0.0,0.0,[],[]
2020-03-10T15:45:00-04:00,2020-03-10,QQQ,24h,0,0.0,0.0,0.0,[],[]
2020-03-11T15:45:00-04:00,2020-03-11,QQQ,24h,0,0.0,0.0,0.0,[],[]
2020-03-12T15:45:00-04:00,2020-03-12,QQQ,24h,0,0.0,0.0,0.0,[],[]
2020-03-13T15:45:00-04:00,2020-03-13,QQQ,24h,0,0.0,0.0,0.0,[],[]
2020-03-16T15:45:00-04:00,2020-03-16,QQQ,24h,0,0.0,0.0,0.0,[],[]
2020-03-17T15:45:00-04:00,2020-03-17,QQQ,24h,0,0.0,0.0,0.0,[],[]
2020-03-18T15:45:00-04:00,2020-03-18,QQQ,24h,0,0.0,0.0,0.0,[],[]
2020-03-19T15:45:00-04:00,2020-03-19,QQQ,24h,0,0.0,0.0,0.0,[],[]
2020-03-20T15:45:00-04:00,2020-03-20,QQQ,24h,0,0.0,0.0,0.0,[],[]
2020-03-23T15:45:00-04:00,2020-03-23,QQQ,24h,0,0.0,0.0,0.0,[],[]
2020-03-24T15:45:00-04:00,2020-03-24,QQQ,24h,0,0.0,0.0,0.0,[],[]
2020-03-25T15:45:00-04:00,2020-03-25,QQQ,24h,0,0.0,0.0,0.0,[],[]
2020-03-26T15:45:00-04:00,2020-03-26,QQQ,24h,0,0.0,0.0,0.0,[],[]
2020-03-27T15:45:00-04:00,2020-03-27,QQQ,24h,0,0.0,0.0,0.0,[],[]
2020-03-30T15:45:00-04:00,2020-03-30,QQQ,24h,0,0.0,0.0,0.0,[],[]
2020-03-31T15:45:00-04:00,2020-03-31,QQQ,24h,0,0.0,0.0,0.0,[],[]
2020-04-01T15:45:00-04:00,2020-04-01,QQQ,24h,0,0.0,0.0,0.0,[],[]
2020-04-02T15:45:00-04:00,2020-04-02,QQQ,24h,0,0.0,0.0,0.0,[],[]
2020-04-03T15:45:00-04:00,2020-04-03,QQQ,24h,0,0.0,0.0,0.0,[],[]
2020-04-06T15:45:00-04:00,2020-04-06,QQQ,24h,0,0.0,0.0,0.0,[],[]
2020-04-07T15:45:00-04:00,2020-04-07,QQQ,24h,0,0.0,0.0,0.0,[],[]
2020-04-08T15:45:00-04:00,2020-04-08,QQQ,24h,0,0.0,0.0,0.0,[],[]
2020-04-09T15:45:00-04:00,2020-04-09,QQQ,24h,0,0.0,0.0,0.0,[],[]
2020-04-10T15:45:00-04:00,2020-04-10,QQQ,24h,0,0.0,0.0,0.0,[],[]
2020-04-13T15:45:00-04:00,2020-04-13,QQQ,24h,0,0.0,0.0,0.0,[],[]
2020-04-14T15:45:00-04:00,2020-04-14,QQQ,24h,0,0.0,0.0,0.0,[],[]
2020-04-15T15:45:00-04:00,2020-04-15,QQQ,24h,0,0.0,0.0,0.0,[],[]
2020-04-16T15:45:00-04:00,2020-04-16,QQQ,24h,0,0.0,0.0,0.0,[],[]
2020-04-17T15:45:00-04:00,2020-04-17,QQQ,24h,0,0.0,0.0,0.0,[],[]
2020-04-20T15:45:00-04:00,2020-04-20,QQQ,24h,0,0.0,0.0,0.0,[],[]
2020-04-21T15:45:00-04:00,2020-04-21,QQQ,24h,0,0.0,0.0,0.0,[],[]
2020-04-22T15:45:00-04:00,2020-04-22,QQQ,24h,0,0.0,0.0,0.0,[],[]
2020-04-23T15:45:00-04:00,2020-04-23,QQQ,24h,0,0.0,0.0,0.0,[],[]
2020-04-24T15:45:00-04:00,2020-04-24,QQQ,24h,0,0.0,0.0,0.0,[],[]
2020-04-27T15:45:00-04:00,2020-04-27,QQQ,24h,0,0.0,0.0,0.0,[],[]
2020-04-28T15:45:00-04:00,2020-04-28,QQQ,24h,0,0.0,0.0,0.0,[],[]
2020-04-29T15:45:00-04:00,2020-04-29,QQQ,24h,0,0.0,0.0,0.0,[],[]
2020-04-30T15:45:00-04:00,2020-04-30,QQQ,24h,0,0.0,0.0,0.0,[],[]
2020-05-01T15:45:00-04:00,2020-05-01,QQQ,24h,0,0.0,0.0,0.0,[],[]
2020-05-04T15:45:00-04:00,2020-05-04,QQQ,24h,0,0.0,0.0,0.0,[],[]
2020-05-05T15:45:00-04:00,2020-05-05,QQQ,24h,0,0.0,0.0,0.0,[],[]
2020-05-06T15:45:00-04:00,2020-05-06,QQQ,24h,0,0.0,0.0,0.0,[],[]
2020-05-07T15:45:00-04:00,2020-05-07,QQQ,24h,0,0.0,0.0,0.0,[],[]
2020-05-08T15:45:00-04:00,2020-05-08,QQQ,24h,0,0.0,0.0,0.0,[],[]
2020-05-11T15:45:00-04:00,2020-05-11,QQQ,24h,0,0.0,0.0,0.0,[],[]
2020-05-12T15:45:00-04:00,2020-05-12,QQQ,24h,0,0.0,0.0,0.0,[],[]
2020-05-13T15:45:00-04:00,2020-05-13,QQQ,24h,0,0.0,0.0,0.0,[],[]
2020-05-14T15:45:00-04:00,2020-05-14,QQQ,24h,0,0.0,0.0,0.0,[],[]
2020-05-15T15:45:00-04:00,2020-05-15,QQQ,24h,0,0.0,0.0,0.0,[],[]
2020-05-18T15:45:00-04:00,2020-05-18,QQQ,24h,0,0.0,0.0,0.0,[],[]
2020-05-19T15:45:00-04:00,2020-05-19,QQQ,24h,0,0.0,0.0,0.0,[],[]
2020-05-20T15:45:00-04:00,2020-05-20,QQQ,24h,0,0.0,0.0,0.0,[],[]
2020-05-21T15:45:00-04:00,2020-05-21,QQQ,24h,0,0.0,0.0,0.0,[],[]
2020-05-22T15:45:00-04:00,2020-05-22,QQQ,24h,0,0.0,0.0,0.0,[],[]
2020-05-25T15:45:00-04:00,2020-05-25,QQQ,24h,0,0.0,0.0,0.0,[],[]
2020-05-26T15:45:00-04:00,2020-05-26,QQQ,24h,0,0.0,0.0,0.0,[],[]
2020-05-27T15:45:00-04:00,2020-05-27,QQQ,24h,0,0.0,0.0,0.0,[],[]
2020-05-28T15:45:00-04:00,2020-05-28,QQQ,24h,0,0.0,0.0,0.0,[],[]
2020-05-29T15:45:00-04:00,2020-05-29,QQQ,24h,0,0.0,0.0,0.0,[],[]
2020-06-01T15:45:00-04:00,2020-06-01,QQQ,24h,0,0.0,0.0,0.0,[],[]
2020-06-02T15:45:00-04:00,2020-06-02,QQQ,24h,0,0.0,0.0,0.0,[],[]
2020-06-03T15:45:00-04:00,2020-06-03,QQQ,24h,0,0.0,0.0,0.0,[],[]
2020-06-04T15:45:00-04:00,2020-06-04,QQQ,24h,0,0.0,0.0,0.0,[],[]
2020-06-05T15:45:00-04:00,2020-06-05,QQQ,24h,0,0.0,0.0,0.0,[],[]
2020-06-08T15:45:00-04:00,2020-06-08,QQQ,24h,0,0.0,0.0,0.0,[],[]
2020-06-09T15:45:00-04:00,2020-06-09,QQQ,24h,0,0.0,0.0,0.0,[],[]
2020-06-10T15:45:00-04:00,2020-06-10,QQQ,24h,0,0.0,0.0,0.0,[],[]
2020-06-11T15:45:00-04:00,2020-06-11,QQQ,24h,0,0.0,0.0,0.0,[],[]
2020-06-12T15:45:00-04:00,2020-06-12,QQQ,24h,0,0.0,0.0,0.0,[],[]
2020-06-15T15:45:00-04:00,2020-06-15,QQQ,24h,0,0.0,0.0,0.0,[],[]
2020-06-16T15:45:00-04:00,2020-06-16,QQQ,24h,0,0.0,0.0,0.0,[],[]
2020-06-17T15:45:00-04:00,2020-06-17,QQQ,24h,0,0.0,0.0,0.0,[],[]
2020-06-18T15:45:00-04:00,2020-06-18,QQQ,24h,0,0.0,0.0,0.0,[],[]
2020-06-19T15:45:00-04:00,2020-06-19,QQQ,24h,0,0.0,0.0,0.0,[],[]
2020-06-22T15:45:00-04:00,2020-06-22,QQQ,24h,0,0.0,0.0,0.0,[],[]
2020-06-23T15:45:00-04:00,2020-06-23,QQQ,24h,0,0.0,0.0,0.0,[],[]
2020-06-24T15:45:00-04:00,2020-06-24,QQQ,24h,0,0.0,0.0,0.0,[],[]
2020-06-25T15:45:00-04:00,2020-06-25,QQQ,24h,0,0.0,0.0,0.0,[],[]
2020-06-26T15:45:00-04:00,2020-06-26,QQQ,24h,0,0.0,0.0,0.0,[],[]
2020-06-29T15:45:00-04:00,2020-06-29,QQQ,24h,0,0.0,0.0,0.0,[],[]
2020-06-30T15:45:00-04:00,2020-06-30,QQQ,24h,0,0.0,0.0,0.0,[],[]
2020-07-01T15:45:00-04:00,2020-07-01,QQQ,24h,0,0.0,0.0,0.0,[],[]
2020-07-02T15:45:00-04:00,2020-07-02,QQQ,24h,0,0.0,0.0,0.0,[],[]
2020-07-03T15:45:00-04:00,2020-07-03,QQQ,24h,0,0.0,0.0,0.0,[],[]
2020-07-06T15:45:00-04:00,2020-07-06,QQQ,24h,0,0.0,0.0,0.0,[],[]
2020-07-07T15:45:00-04:00,2020-07-07,QQQ,24h,0,0.0,0.0,0.0,[],[]
2020-07-08T15:45:00-04:00,2020-07-08,QQQ,24h,0,0.0,0.0,0.0,[],[]
2020-07-09T15:45:00-04:00,2020-07-09,QQQ,24h,0,0.0,0.0,0.0,[],[]
2020-07-10T15:45:00-04:00,2020-07-10,QQQ,24h,0,0.0,0.0,0.0,[],[]
2020-07-13T15:45:00-04:00,2020-07-13,QQQ,24h,0,0.0,0.0,0.0,[],[]
2020-07-14T15:45:00-04:00,2020-07-14,QQQ,24h,0,0.0,0.0,0.0,[],[]
2020-07-15T15:45:00-04:00,2020-07-15,QQQ,24h,0,0.0,0.0,0.0,[],[]
2020-07-16T15:45:00-04:00,2020-07-16,QQQ,24h,0,0.0,0.0,0.0,[],[]
2020-07-17T15:45:00-04:00,2020-07-17,QQQ,24h,0,0.0,0.0,0.0,[],[]
2020-07-20T15:45:00-04:00,2020-07-20,QQQ,24h,0,0.0,0.0,0.0,[],[]
2020-07-21T15:45:00-04:00,2020-07-21,QQQ,24h,0,0.0,0.0,0.0,[],[]
2020-07-22T15:45:00-04:00,2020-07-22,QQQ,24h,0,0.0,0.0,0.0,[],[]
2020-07-23T15:45:00-04:00,2020-07-23,QQQ,24h,0,0.0,0.0,0.0,[],[]
2020-07-24T15:45:00-04:00,2020-07-24,QQQ,24h,0,0.0,0.0,0.0,[],[]
2020-07-27T15:45:00-04:00,2020-07-27,QQQ,24h,0,0.0,0.0,0.0,[],[]
2020-07-28T15:45:00-04:00,2020-07-28,QQQ,24h,0,0.0,0.0,0.0,[],[]
2020-07-29T15:45:00-04:00,2020-07-29,QQQ,24h,0,0.0,0.0,0.0,[],[]
2020-07-30T15:45:00-04:00,2020-07-30,QQQ,24h,0,0.0,0.0,0.0,[],[]
2020-07-31T15:45:00-04:00,2020-07-31,QQQ,24h,0,0.0,0.0,0.0,[],[]
2020-08-03T15:45:00-04:00,2020-08-03,QQQ,24h,0,0.0,0.0,0.0,[],[]
2020-08-04T15:45:00-04:00,2020-08-04,QQQ,24h,0,0.0,0.0,0.0,[],[]
2020-08-05T15:45:00-04:00,2020-08-05,QQQ,24h,0,0.0,0.0,0.0,[],[]
2020-08-06T15:45:00-04:00,2020-08-06,QQQ,24h,0,0.0,0.0,0.0,[],[]
2020-08-07T15:45:00-04:00,2020-08-07,QQQ,24h,0,0.0,0.0,0.0,[],[]
2020-08-10T15:45:00-04:00,2020-08-10,QQQ,24h,0,0.0,0.0,0.0,[],[]
2020-08-11T15:45:00-04:00,2020-08-11,QQQ,24h,0,0.0,0.0,0.0,[],[]
2020-08-12T15:45:00-04:00,2020-08-12,QQQ,24h,0,0.0,0.0,0.0,[],[]
2020-08-13T15:45:00-04:00,2020-08-13,QQQ,24h,0,0.0,0.0,0.0,[],[]
2020-08-14T15:45:00-04:00,2020-08-14,QQQ,24h,0,0.0,0.0,0.0,[],[]
2020-08-17T15:45:00-04:00,2020-08-17,QQQ,24h,0,0.0,0.0,0.0,[],[]
2020-08-18T15:45:00-04:00,2020-08-18,QQQ,24h,0,0.0,0.0,0.0,[],[]
2020-08-19T15:45:00-04:00,2020-08-19,QQQ,24h,0,0.0,0.0,0.0,[],[]
2020-08-20T15:45:00-04:00,2020-08-20,QQQ,24h,0,0.0,0.0,0.0,[],[]
2020-08-21T15:45:00-04:00,2020-08-21,QQQ,24h,0,0.0,0.0,0.0,[],[]
2020-08-24T15:45:00-04:00,2020-08-24,QQQ,24h,0,0.0,0.0,0.0,[],[]
2020-08-25T15:45:00-04:00,2020-08-25,QQQ,24h,0,0.0,0.0,0.0,[],[]
2020-08-26T15:45:00-04:00,2020-08-26,QQQ,24h,0,0.0,0.0,0.0,[],[]
2020-08-27T15:45:00-04:00,2020-08-27,QQQ,24h,0,0.0,0.0,0.0,[],[]
2020-08-28T15:45:00-04:00,2020-08-28,QQQ,24h,0,0.0,0.0,0.0,[],[]
2020-08-31T15:45:00-04:00,2020-08-31,QQQ,24h,0,0.0,0.0,0.0,[],[]
2020-09-01T15:45:00-04:00,2020-09-01,QQQ,24h,0,0.0,0.0,0.0,[],[]
2020-09-02T15:45:00-04:00,2020-09-02,QQQ,24h,0,0.0,0.0,0.0,[],[]
2020-09-03T15:45:00-04:00,2020-09-03,QQQ,24h,0,0.0,0.0,0.0,[],[]
2020-09-04T15:45:00-04:00,2020-09-04,QQQ,24h,0,0.0,0.0,0.0,[],[]
2020-09-07T15:45:00-04:00,2020-09-07,QQQ,24h,0,0.0,0.0,0.0,[],[]
2020-09-08T15:45:00-04:00,2020-09-08,QQQ,24h,0,0.0,0.0,0.0,[],[]
2020-09-09T15:45:00-04:00,2020-09-09,QQQ,24h,0,0.0,0.0,0.0,[],[]
2020-09-10T15:45:00-04:00,2020-09-10,QQQ,24h,0,0.0,0.0,0.0,[],[]
2020-09-11T15:45:00-04:00,2020-09-11,QQQ,24h,0,0.0,0.0,0.0,[],[]
2020-09-14T15:45:00-04:00,2020-09-14,QQQ,24h,0,0.0,0.0,0.0,[],[]
2020-09-15T15:45:00-04:00,2020-09-15,QQQ,24h,0,0.0,0.0,0.0,[],[]
2020-09-16T15:45:00-04:00,2020-09-16,QQQ,24h,0,0.0,0.0,0.0,[],[]
2020-09-17T15:45:00-04:00,2020-09-17,QQQ,24h,0,0.0,0.0,0.0,[],[]
2020-09-18T15:45:00-04:00,2020-09-18,QQQ,24h,0,0.0,0.0,0.0,[],[]
2020-09-21T15:45:00-04:00,2020-09-21,QQQ,24h,0,0.0,0.0,0.0,[],[]
2020-09-22T15:45:00-04:00,2020-09-22,QQQ,24h,0,0.0,0.0,0.0,[],[]
2020-09-23T15:45:00-04:00,2020-09-23,QQQ,24h,0,0.0,0.0,0.0,[],[]
2020-09-24T15:45:00-04:00,2020-09-24,QQQ,24h,0,0.0,0.0,0.0,[],[]
2020-09-25T15:45:00-04:00,2020-09-25,QQQ,24h,0,0.0,0.0,0.0,[],[]
2020-09-28T15:45:00-04:00,2020-09-28,QQQ,24h,0,0.0,0.0,0.0,[],[]
2020-09-29T15:45:00-04:00,2020-09-29,QQQ,24h,0,0.0,0.0,0.0,[],[]
2020-09-30T15:45:00-04:00,2020-09-30,QQQ,24h,0,0.0,0.0,0.0,[],[]
2020-10-01T15:45:00-04:00,2020-10-01,QQQ,24h,0,0.0,0.0,0.0,[],[]
2020-10-02T15:45:00-04:00,2020-10-02,QQQ,24h,0,0.0,0.0,0.0,[],[]
2020-10-05T15:45:00-04:00,2020-10-05,QQQ,24h,0,0.0,0.0,0.0,[],[]
2020-10-06T15:45:00-04:00,2020-10-06,QQQ,24h,0,0.0,0.0,0.0,[],[]
2020-10-07T15:45:00-04:00,2020-10-07,QQQ,24h,0,0.0,0.0,0.0,[],[]
2020-10-08T15:45:00-04:00,2020-10-08,QQQ,24h,0,0.0,0.0,0.0,[],[]
2020-10-09T15:45:00-04:00,2020-10-09,QQQ,24h,0,0.0,0.0,0.0,[],[]
2020-10-12T15:45:00-04:00,2020-10-12,QQQ,24h,0,0.0,0.0,0.0,[],[]
2020-10-13T15:45:00-04:00,2020-10-13,QQQ,24h,0,0.0,0.0,0.0,[],[]
2020-10-14T15:45:00-04:00,2020-10-14,QQQ,24h,0,0.0,0.0,0.0,[],[]
2020-10-15T15:45:00-04:00,2020-10-15,QQQ,24h,0,0.0,0.0,0.0,[],[]
2020-10-16T15:45:00-04:00,2020-10-16,QQQ,24h,0,0.0,0.0,0.0,[],[]
2020-10-19T15:45:00-04:00,2020-10-19,QQQ,24h,0,0.0,0.0,0.0,[],[]
2020-10-20T15:45:00-04:00,2020-10-20,QQQ,24h,0,0.0,0.0,0.0,[],[]
2020-10-21T15:45:00-04:00,2020-10-21,QQQ,24h,0,0.0,0.0,0.0,[],[]
2020-10-22T15:45:00-04:00,2020-10-22,QQQ,24h,0,0.0,0.0,0.0,[],[]
2020-10-23T15:45:00-04:00,2020-10-23,QQQ,24h,0,0.0,0.0,0.0,[],[]
2020-10-26T15:45:00-04:00,2020-10-26,QQQ,24h,0,0.0,0.0,0.0,[],[]
2020-10-27T15:45:00-04:00,2020-10-27,QQQ,24h,0,0.0,0.0,0.0,[],[]
2020-10-28T15:45:00-04:00,2020-10-28,QQQ,24h,0,0.0,0.0,0.0,[],[]
2020-10-29T15:45:00-04:00,2020-10-29,QQQ,24h,0,0.0,0.0,0.0,[],[]
2020-10-30T15:45:00-04:00,2020-10-30,QQQ,24h,0,0.0,0.0,0.0,[],[]
2020-11-02T15:45:00-05:00,2020-11-02,QQQ,24h,0,0.0,0.0,0.0,[],[]
2020-11-03T15:45:00-05:00,2020-11-03,QQQ,24h,0,0.0,0.0,0.0,[],[]
2020-11-04T15:45:00-05:00,2020-11-04,QQQ,24h,0,0.0,0.0,0.0,[],[]
2020-11-05T15:45:00-05:00,2020-11-05,QQQ,24h,0,0.0,0.0,0.0,[],[]
2020-11-06T15:45:00-05:00,2020-11-06,QQQ,24h,0,0.0,0.0,0.0,[],[]
2020-11-09T15:45:00-05:00,2020-11-09,QQQ,24h,0,0.0,0.0,0.0,[],[]
2020-11-10T15:45:00-05:00,2020-11-10,QQQ,24h,0,0.0,0.0,0.0,[],[]
2020-11-11T15:45:00-05:00,2020-11-11,QQQ,24h,0,0.0,0.0,0.0,[],[]
2020-11-12T15:45:00-05:00,2020-11-12,QQQ,24h,0,0.0,0.0,0.0,[],[]
2020-11-13T15:45:00-05:00,2020-11-13,QQQ,24h,0,0.0,0.0,0.0,[],[]
2020-11-16T15:45:00-05:00,2020-11-16,QQQ,24h,0,0.0,0.0,0.0,[],[]
2020-11-17T15:45:00-05:00,2020-11-17,QQQ,24h,0,0.0,0.0,0.0,[],[]
2020-11-18T15:45:00-05:00,2020-11-18,QQQ,24h,0,0.0,0.0,0.0,[],[]
2020-11-19T15:45:00-05:00,2020-11-19,QQQ,24h,0,0.0,0.0,0.0,[],[]
2020-11-20T15:45:00-05:00,2020-11-20,QQQ,24h,0,0.0,0.0,0.0,[],[]
2020-11-23T15:45:00-05:00,2020-11-23,QQQ,24h,0,0.0,0.0,0.0,[],[]
2020-11-24T15:45:00-05:00,2020-11-24,QQQ,24h,0,0.0,0.0,0.0,[],[]
2020-11-25T15:45:00-05:00,2020-11-25,QQQ,24h,0,0.0,0.0,0.0,[],[]
2020-11-26T15:45:00-05:00,2020-11-26,QQQ,24h,0,0.0,0.0,0.0,[],[]
2020-11-27T15:45:00-05:00,2020-11-27,QQQ,24h,0,0.0,0.0,0.0,[],[]
2020-11-30T15:45:00-05:00,2020-11-30,QQQ,24h,0,0.0,0.0,0.0,[],[]
2020-12-01T15:45:00-05:00,2020-12-01,QQQ,24h,0,0.0,0.0,0.0,[],[]
2020-12-02T15:45:00-05:00,2020-12-02,QQQ,24h,0,0.0,0.0,0.0,[],[]
2020-12-03T15:45:00-05:00,2020-12-03,QQQ,24h,0,0.0,0.0,0.0,[],[]
2020-12-04T15:45:00-05:00,2020-12-04,QQQ,24h,0,0.0,0.0,0.0,[],[]
2020-12-07T15:45:00-05:00,2020-12-07,QQQ,24h,0,0.0,0.0,0.0,[],[]
2020-12-08T15:45:00-05:00,2020-12-08,QQQ,24h,0,0.0,0.0,0.0,[],[]
2020-12-09T15:45:00-05:00,2020-12-09,QQQ,24h,0,0.0,0.0,0.0,[],[]
2020-12-10T15:45:00-05:00,2020-12-10,QQQ,24h,0,0.0,0.0,0.0,[],[]
2020-12-11T15:45:00-05:00,2020-12-11,QQQ,24h,0,0.0,0.0,0.0,[],[]
2020-12-14T15:45:00-05:00,2020-12-14,QQQ,24h,0,0.0,0.0,0.0,[],[]
2020-12-15T15:45:00-05:00,2020-12-15,QQQ,24h,0,0.0,0.0,0.0,[],[]
2020-12-16T15:45:00-05:00,2020-12-16,QQQ,24h,0,0.0,0.0,0.0,[],[]
2020-12-17T15:45:00-05:00,2020-12-17,QQQ,24h,0,0.0,0.0,0.0,[],[]
2020-12-18T15:45:00-05:00,2020-12-18,QQQ,24h,0,0.0,0.0,0.0,[],[]
2020-12-21T15:45:00-05:00,2020-12-21,QQQ,24h,0,0.0,0.0,0.0,[],[]
2020-12-22T15:45:00-05:00,2020-12-22,QQQ,24h,0,0.0,0.0,0.0,[],[]
2020-12-23T15:45:00-05:00,2020-12-23,QQQ,24h,0,0.0,0.0,0.0,[],[]
2020-12-24T15:45:00-05:00,2020-12-24,QQQ,24h,0,0.0,0.0,0.0,[],[]
2020-12-25T15:45:00-05:00,2020-12-25,QQQ,24h,0,0.0,0.0,0.0,[],[]
2020-12-28T15:45:00-05:00,2020-12-28,QQQ,24h,0,0.0,0.0,0.0,[],[]
2020-12-29T15:45:00-05:00,2020-12-29,QQQ,24h,0,0.0,0.0,0.0,[],[]
2020-12-30T15:45:00-05:00,2020-12-30,QQQ,24h,0,0.0,0.0,0.0,[],[]
2020-12-31T15:45:00-05:00,2020-12-31,QQQ,24h,0,0.0,0.0,0.0,[],[]
2021-01-01T15:45:00-05:00,2021-01-01,QQQ,24h,0,0.0,0.0,0.0,[],[]
2021-01-04T15:45:00-05:00,2021-01-04,QQQ,24h,0,0.0,0.0,0.0,[],[]
2021-01-05T15:45:00-05:00,2021-01-05,QQQ,24h,0,0.0,0.0,0.0,[],[]
2021-01-06T15:45:00-05:00,2021-01-06,QQQ,24h,0,0.0,0.0,0.0,[],[]
2021-01-07T15:45:00-05:00,2021-01-07,QQQ,24h,0,0.0,0.0,0.0,[],[]
2021-01-08T15:45:00-05:00,2021-01-08,QQQ,24h,0,0.0,0.0,0.0,[],[]
2021-01-11T15:45:00-05:00,2021-01-11,QQQ,24h,0,0.0,0.0,0.0,[],[]
2021-01-12T15:45:00-05:00,2021-01-12,QQQ,24h,0,0.0,0.0,0.0,[],[]
2021-01-13T15:45:00-05:00,2021-01-13,QQQ,24h,0,0.0,0.0,0.0,[],[]
2021-01-14T15:45:00-05:00,2021-01-14,QQQ,24h,0,0.0,0.0,0.0,[],[]
2021-01-15T15:45:00-05:00,2021-01-15,QQQ,24h,0,0.0,0.0,0.0,[],[]
2021-01-18T15:45:00-05:00,2021-01-18,QQQ,24h,0,0.0,0.0,0.0,[],[]
2021-01-19T15:45:00-05:00,2021-01-19,QQQ,24h,0,0.0,0.0,0.0,[],[]
2021-01-20T15:45:00-05:00,2021-01-20,QQQ,24h,0,0.0,0.0,0.0,[],[]
2021-01-21T15:45:00-05:00,2021-01-21,QQQ,24h,0,0.0,0.0,0.0,[],[]
2021-01-22T15:45:00-05:00,2021-01-22,QQQ,24h,0,0.0,0.0,0.0,[],[]
2021-01-25T15:45:00-05:00,2021-01-25,QQQ,24h,0,0.0,0.0,0.0,[],[]
2021-01-26T15:45:00-05:00,2021-01-26,QQQ,24h,0,0.0,0.0,0.0,[],[]
2021-01-27T15:45:00-05:00,2021-01-27,QQQ,24h,0,0.0,0.0,0.0,[],[]
2021-01-28T15:45:00-05:00,2021-01-28,QQQ,24h,0,0.0,0.0,0.0,[],[]
2021-01-29T15:45:00-05:00,2021-01-29,QQQ,24h,0,0.0,0.0,0.0,[],[]
2021-02-01T15:45:00-05:00,2021-02-01,QQQ,24h,0,0.0,0.0,0.0,[],[]
2021-02-02T15:45:00-05:00,2021-02-02,QQQ,24h,0,0.0,0.0,0.0,[],[]
2021-02-03T15:45:00-05:00,2021-02-03,QQQ,24h,0,0.0,0.0,0.0,[],[]
2021-02-04T15:45:00-05:00,2021-02-04,QQQ,24h,0,0.0,0.0,0.0,[],[]
2021-02-05T15:45:00-05:00,2021-02-05,QQQ,24h,0,0.0,0.0,0.0,[],[]
2021-02-08T15:45:00-05:00,2021-02-08,QQQ,24h,0,0.0,0.0,0.0,[],[]
2021-02-09T15:45:00-05:00,2021-02-09,QQQ,24h,0,0.0,0.0,0.0,[],[]
2021-02-10T15:45:00-05:00,2021-02-10,QQQ,24h,0,0.0,0.0,0.0,[],[]
2021-02-11T15:45:00-05:00,2021-02-11,QQQ,24h,0,0.0,0.0,0.0,[],[]
2021-02-12T15:45:00-05:00,2021-02-12,QQQ,24h,0,0.0,0.0,0.0,[],[]
2021-02-15T15:45:00-05:00,2021-02-15,QQQ,24h,0,0.0,0.0,0.0,[],[]
2021-02-16T15:45:00-05:00,2021-02-16,QQQ,24h,0,0.0,0.0,0.0,[],[]
2021-02-17T15:45:00-05:00,2021-02-17,QQQ,24h,0,0.0,0.0,0.0,[],[]
2021-02-18T15:45:00-05:00,2021-02-18,QQQ,24h,0,0.0,0.0,0.0,[],[]
2021-02-19T15:45:00-05:00,2021-02-19,QQQ,24h,0,0.0,0.0,0.0,[],[]
2021-02-22T15:45:00-05:00,2021-02-22,QQQ,24h,0,0.0,0.0,0.0,[],[]
2021-02-23T15:45:00-05:00,2021-02-23,QQQ,24h,0,0.0,0.0,0.0,[],[]
2021-02-24T15:45:00-05:00,2021-02-24,QQQ,24h,0,0.0,0.0,0.0,[],[]
2021-02-25T15:45:00-05:00,2021-02-25,QQQ,24h,0,0.0,0.0,0.0,[],[]
2021-02-26T15:45:00-05:00,2021-02-26,QQQ,24h,0,0.0,0.0,0.0,[],[]
2021-03-01T15:45:00-05:00,2021-03-01,QQQ,24h,0,0.0,0.0,0.0,[],[]
2021-03-02T15:45:00-05:00,2021-03-02,QQQ,24h,0,0.0,0.0,0.0,[],[]
2021-03-03T15:45:00-05:00,2021-03-03,QQQ,24h,0,0.0,0.0,0.0,[],[]
2021-03-04T15:45:00-05:00,2021-03-04,QQQ,24h,0,0.0,0.0,0.0,[],[]
2021-03-05T15:45:00-05:00,2021-03-05,QQQ,24h,0,0.0,0.0,0.0,[],[]
2021-03-08T15:45:00-05:00,2021-03-08,QQQ,24h,0,0.0,0.0,0.0,[],[]
2021-03-09T15:45:00-05:00,2021-03-09,QQQ,24h,0,0.0,0.0,0.0,[],[]
2021-03-10T15:45:00-05:00,2021-03-10,QQQ,24h,0,0.0,0.0,0.0,[],[]
2021-03-11T15:45:00-05:00,2021-03-11,QQQ,24h,0,0.0,0.0,0.0,[],[]
2021-03-12T15:45:00-05:00,2021-03-12,QQQ,24h,0,0.0,0.0,0.0,[],[]
2021-03-15T15:45:00-04:00,2021-03-15,QQQ,24h,0,0.0,0.0,0.0,[],[]
2021-03-16T15:45:00-04:00,2021-03-16,QQQ,24h,0,0.0,0.0,0.0,[],[]
2021-03-17T15:45:00-04:00,2021-03-17,QQQ,24h,0,0.0,0.0,0.0,[],[]
2021-03-18T15:45:00-04:00,2021-03-18,QQQ,24h,0,0.0,0.0,0.0,[],[]
2021-03-19T15:45:00-04:00,2021-03-19,QQQ,24h,0,0.0,0.0,0.0,[],[]
2021-03-22T15:45:00-04:00,2021-03-22,QQQ,24h,0,0.0,0.0,0.0,[],[]
2021-03-23T15:45:00-04:00,2021-03-23,QQQ,24h,0,0.0,0.0,0.0,[],[]
2021-03-24T15:45:00-04:00,2021-03-24,QQQ,24h,0,0.0,0.0,0.0,[],[]
2021-03-25T15:45:00-04:00,2021-03-25,QQQ,24h,0,0.0,0.0,0.0,[],[]
2021-03-26T15:45:00-04:00,2021-03-26,QQQ,24h,0,0.0,0.0,0.0,[],[]
2021-03-29T15:45:00-04:00,2021-03-29,QQQ,24h,0,0.0,0.0,0.0,[],[]
2021-03-30T15:45:00-04:00,2021-03-30,QQQ,24h,0,0.0,0.0,0.0,[],[]
2021-03-31T15:45:00-04:00,2021-03-31,QQQ,24h,0,0.0,0.0,0.0,[],[]
2021-04-01T15:45:00-04:00,2021-04-01,QQQ,24h,0,0.0,0.0,0.0,[],[]
2021-04-02T15:45:00-04:00,2021-04-02,QQQ,24h,0,0.0,0.0,0.0,[],[]
2021-04-05T15:45:00-04:00,2021-04-05,QQQ,24h,0,0.0,0.0,0.0,[],[]
2021-04-06T15:45:00-04:00,2021-04-06,QQQ,24h,0,0.0,0.0,0.0,[],[]
2021-04-07T15:45:00-04:00,2021-04-07,QQQ,24h,0,0.0,0.0,0.0,[],[]
2021-04-08T15:45:00-04:00,2021-04-08,QQQ,24h,0,0.0,0.0,0.0,[],[]
2021-04-09T15:45:00-04:00,2021-04-09,QQQ,24h,0,0.0,0.0,0.0,[],[]
2021-04-12T15:45:00-04:00,2021-04-12,QQQ,24h,0,0.0,0.0,0.0,[],[]
2021-04-13T15:45:00-04:00,2021-04-13,QQQ,24h,0,0.0,0.0,0.0,[],[]
2021-04-14T15:45:00-04:00,2021-04-14,QQQ,24h,0,0.0,0.0,0.0,[],[]
2021-04-15T15:45:00-04:00,2021-04-15,QQQ,24h,0,0.0,0.0,0.0,[],[]
2021-04-16T15:45:00-04:00,2021-04-16,QQQ,24h,0,0.0,0.0,0.0,[],[]
2021-04-19T15:45:00-04:00,2021-04-19,QQQ,24h,0,0.0,0.0,0.0,[],[]
2021-04-20T15:45:00-04:00,2021-04-20,QQQ,24h,0,0.0,0.0,0.0,[],[]
2021-04-21T15:45:00-04:00,2021-04-21,QQQ,24h,0,0.0,0.0,0.0,[],[]
2021-04-22T15:45:00-04:00,2021-04-22,QQQ,24h,0,0.0,0.0,0.0,[],[]
2021-04-23T15:45:00-04:00,2021-04-23,QQQ,24h,0,0.0,0.0,0.0,[],[]
2021-04-26T15:45:00-04:00,2021-04-26,QQQ,24h,0,0.0,0.0,0.0,[],[]
2021-04-27T15:45:00-04:00,2021-04-27,QQQ,24h,0,0.0,0.0,0.0,[],[]
2021-04-28T15:45:00-04:00,2021-04-28,QQQ,24h,0,0.0,0.0,0.0,[],[]
2021-04-29T15:45:00-04:00,2021-04-29,QQQ,24h,0,0.0,0.0,0.0,[],[]
2021-04-30T15:45:00-04:00,2021-04-30,QQQ,24h,0,0.0,0.0,0.0,[],[]
2021-05-03T15:45:00-04:00,2021-05-03,QQQ,24h,0,0.0,0.0,0.0,[],[]
2021-05-04T15:45:00-04:00,2021-05-04,QQQ,24h,0,0.0,0.0,0.0,[],[]
2021-05-05T15:45:00-04:00,2021-05-05,QQQ,24h,0,0.0,0.0,0.0,[],[]
2021-05-06T15:45:00-04:00,2021-05-06,QQQ,24h,0,0.0,0.0,0.0,[],[]
2021-05-07T15:45:00-04:00,2021-05-07,QQQ,24h,0,0.0,0.0,0.0,[],[]
2021-05-10T15:45:00-04:00,2021-05-10,QQQ,24h,0,0.0,0.0,0.0,[],[]
2021-05-11T15:45:00-04:00,2021-05-11,QQQ,24h,0,0.0,0.0,0.0,[],[]
2021-05-12T15:45:00-04:00,2021-05-12,QQQ,24h,0,0.0,0.0,0.0,[],[]
2021-05-13T15:45:00-04:00,2021-05-13,QQQ,24h,0,0.0,0.0,0.0,[],[]
2021-05-14T15:45:00-04:00,2021-05-14,QQQ,24h,0,0.0,0.0,0.0,[],[]
2021-05-17T15:45:00-04:00,2021-05-17,QQQ,24h,0,0.0,0.0,0.0,[],[]
2021-05-18T15:45:00-04:00,2021-05-18,QQQ,24h,0,0.0,0.0,0.0,[],[]
2021-05-19T15:45:00-04:00,2021-05-19,QQQ,24h,0,0.0,0.0,0.0,[],[]
2021-05-20T15:45:00-04:00,2021-05-20,QQQ,24h,0,0.0,0.0,0.0,[],[]
2021-05-21T15:45:00-04:00,2021-05-21,QQQ,24h,0,0.0,0.0,0.0,[],[]
2021-05-24T15:45:00-04:00,2021-05-24,QQQ,24h,0,0.0,0.0,0.0,[],[]
2021-05-25T15:45:00-04:00,2021-05-25,QQQ,24h,0,0.0,0.0,0.0,[],[]
2021-05-26T15:45:00-04:00,2021-05-26,QQQ,24h,0,0.0,0.0,0.0,[],[]
2021-05-27T15:45:00-04:00,2021-05-27,QQQ,24h,0,0.0,0.0,0.0,[],[]
2021-05-28T15:45:00-04:00,2021-05-28,QQQ,24h,0,0.0,0.0,0.0,[],[]
2021-05-31T15:45:00-04:00,2021-05-31,QQQ,24h,0,0.0,0.0,0.0,[],[]
2021-06-01T15:45:00-04:00,2021-06-01,QQQ,24h,0,0.0,0.0,0.0,[],[]
2021-06-02T15:45:00-04:00,2021-06-02,QQQ,24h,0,0.0,0.0,0.0,[],[]
2021-06-03T15:45:00-04:00,2021-06-03,QQQ,24h,0,0.0,0.0,0.0,[],[]
2021-06-04T15:45:00-04:00,2021-06-04,QQQ,24h,0,0.0,0.0,0.0,[],[]
2021-06-07T15:45:00-04:00,2021-06-07,QQQ,24h,0,0.0,0.0,0.0,[],[]
2021-06-08T15:45:00-04:00,2021-06-08,QQQ,24h,0,0.0,0.0,0.0,[],[]
2021-06-09T15:45:00-04:00,2021-06-09,QQQ,24h,0,0.0,0.0,0.0,[],[]
2021-06-10T15:45:00-04:00,2021-06-10,QQQ,24h,0,0.0,0.0,0.0,[],[]
2021-06-11T15:45:00-04:00,2021-06-11,QQQ,24h,0,0.0,0.0,0.0,[],[]
2021-06-14T15:45:00-04:00,2021-06-14,QQQ,24h,0,0.0,0.0,0.0,[],[]
2021-06-15T15:45:00-04:00,2021-06-15,QQQ,24h,0,0.0,0.0,0.0,[],[]
2021-06-16T15:45:00-04:00,2021-06-16,QQQ,24h,0,0.0,0.0,0.0,[],[]
2021-06-17T15:45:00-04:00,2021-06-17,QQQ,24h,0,0.0,0.0,0.0,[],[]
2021-06-18T15:45:00-04:00,2021-06-18,QQQ,24h,0,0.0,0.0,0.0,[],[]
2021-06-21T15:45:00-04:00,2021-06-21,QQQ,24h,0,0.0,0.0,0.0,[],[]
2021-06-22T15:45:00-04:00,2021-06-22,QQQ,24h,0,0.0,0.0,0.0,[],[]
2021-06-23T15:45:00-04:00,2021-06-23,QQQ,24h,0,0.0,0.0,0.0,[],[]
2021-06-24T15:45:00-04:00,2021-06-24,QQQ,24h,0,0.0,0.0,0.0,[],[]
2021-06-25T15:45:00-04:00,2021-06-25,QQQ,24h,0,0.0,0.0,0.0,[],[]
2021-06-28T15:45:00-04:00,2021-06-28,QQQ,24h,0,0.0,0.0,0.0,[],[]
2021-06-29T15:45:00-04:00,2021-06-29,QQQ,24h,0,0.0,0.0,0.0,[],[]
2021-06-30T15:45:00-04:00,2021-06-30,QQQ,24h,0,0.0,0.0,0.0,[],[]
2021-07-01T15:45:00-04:00,2021-07-01,QQQ,24h,0,0.0,0.0,0.0,[],[]
2021-07-02T15:45:00-04:00,2021-07-02,QQQ,24h,0,0.0,0.0,0.0,[],[]
2021-07-05T15:45:00-04:00,2021-07-05,QQQ,24h,0,0.0,0.0,0.0,[],[]
2021-07-06T15:45:00-04:00,2021-07-06,QQQ,24h,0,0.0,0.0,0.0,[],[]
2021-07-07T15:45:00-04:00,2021-07-07,QQQ,24h,0,0.0,0.0,0.0,[],[]
2021-07-08T15:45:00-04:00,2021-07-08,QQQ,24h,0,0.0,0.0,0.0,[],[]
2021-07-09T15:45:00-04:00,2021-07-09,QQQ,24h,0,0.0,0.0,0.0,[],[]
2021-07-12T15:45:00-04:00,2021-07-12,QQQ,24h,0,0.0,0.0,0.0,[],[]
2021-07-13T15:45:00-04:00,2021-07-13,QQQ,24h,0,0.0,0.0,0.0,[],[]
2021-07-14T15:45:00-04:00,2021-07-14,QQQ,24h,0,0.0,0.0,0.0,[],[]
2021-07-15T15:45:00-04:00,2021-07-15,QQQ,24h,0,0.0,0.0,0.0,[],[]
2021-07-16T15:45:00-04:00,2021-07-16,QQQ,24h,0,0.0,0.0,0.0,[],[]
2021-07-19T15:45:00-04:00,2021-07-19,QQQ,24h,0,0.0,0.0,0.0,[],[]
2021-07-20T15:45:00-04:00,2021-07-20,QQQ,24h,0,0.0,0.0,0.0,[],[]
2021-07-21T15:45:00-04:00,2021-07-21,QQQ,24h,0,0.0,0.0,0.0,[],[]
2021-07-22T15:45:00-04:00,2021-07-22,QQQ,24h,0,0.0,0.0,0.0,[],[]
2021-07-23T15:45:00-04:00,2021-07-23,QQQ,24h,0,0.0,0.0,0.0,[],[]
2021-07-26T15:45:00-04:00,2021-07-26,QQQ,24h,0,0.0,0.0,0.0,[],[]
2021-07-27T15:45:00-04:00,2021-07-27,QQQ,24h,0,0.0,0.0,0.0,[],[]
2021-07-28T15:45:00-04:00,2021-07-28,QQQ,24h,0,0.0,0.0,0.0,[],[]
2021-07-29T15:45:00-04:00,2021-07-29,QQQ,24h,0,0.0,0.0,0.0,[],[]
2021-07-30T15:45:00-04:00,2021-07-30,QQQ,24h,0,0.0,0.0,0.0,[],[]
2021-08-02T15:45:00-04:00,2021-08-02,QQQ,24h,0,0.0,0.0,0.0,[],[]
2021-08-03T15:45:00-04:00,2021-08-03,QQQ,24h,0,0.0,0.0,0.0,[],[]
2021-08-04T15:45:00-04:00,2021-08-04,QQQ,24h,0,0.0,0.0,0.0,[],[]
2021-08-05T15:45:00-04:00,2021-08-05,QQQ,24h,0,0.0,0.0,0.0,[],[]
2021-08-06T15:45:00-04:00,2021-08-06,QQQ,24h,0,0.0,0.0,0.0,[],[]
2021-08-09T15:45:00-04:00,2021-08-09,QQQ,24h,0,0.0,0.0,0.0,[],[]
2021-08-10T15:45:00-04:00,2021-08-10,QQQ,24h,0,0.0,0.0,0.0,[],[]
2021-08-11T15:45:00-04:00,2021-08-11,QQQ,24h,0,0.0,0.0,0.0,[],[]
2021-08-12T15:45:00-04:00,2021-08-12,QQQ,24h,0,0.0,0.0,0.0,[],[]
2021-08-13T15:45:00-04:00,2021-08-13,QQQ,24h,0,0.0,0.0,0.0,[],[]
2021-08-16T15:45:00-04:00,2021-08-16,QQQ,24h,0,0.0,0.0,0.0,[],[]
2021-08-17T15:45:00-04:00,2021-08-17,QQQ,24h,0,0.0,0.0,0.0,[],[]
2021-08-18T15:45:00-04:00,2021-08-18,QQQ,24h,0,0.0,0.0,0.0,[],[]
2021-08-19T15:45:00-04:00,2021-08-19,QQQ,24h,0,0.0,0.0,0.0,[],[]
2021-08-20T15:45:00-04:00,2021-08-20,QQQ,24h,0,0.0,0.0,0.0,[],[]
2021-08-23T15:45:00-04:00,2021-08-23,QQQ,24h,0,0.0,0.0,0.0,[],[]
2021-08-24T15:45:00-04:00,2021-08-24,QQQ,24h,0,0.0,0.0,0.0,[],[]
2021-08-25T15:45:00-04:00,2021-08-25,QQQ,24h,0,0.0,0.0,0.0,[],[]
2021-08-26T15:45:00-04:00,2021-08-26,QQQ,24h,0,0.0,0.0,0.0,[],[]
2021-08-27T15:45:00-04:00,2021-08-27,QQQ,24h,0,0.0,0.0,0.0,[],[]
2021-08-30T15:45:00-04:00,2021-08-30,QQQ,24h,0,0.0,0.0,0.0,[],[]
2021-08-31T15:45:00-04:00,2021-08-31,QQQ,24h,0,0.0,0.0,0.0,[],[]
2021-09-01T15:45:00-04:00,2021-09-01,QQQ,24h,0,0.0,0.0,0.0,[],[]
2021-09-02T15:45:00-04:00,2021-09-02,QQQ,24h,0,0.0,0.0,0.0,[],[]
2021-09-03T15:45:00-04:00,2021-09-03,QQQ,24h,0,0.0,0.0,0.0,[],[]
2021-09-06T15:45:00-04:00,2021-09-06,QQQ,24h,0,0.0,0.0,0.0,[],[]
2021-09-07T15:45:00-04:00,2021-09-07,QQQ,24h,0,0.0,0.0,0.0,[],[]
2021-09-08T15:45:00-04:00,2021-09-08,QQQ,24h,0,0.0,0.0,0.0,[],[]
2021-09-09T15:45:00-04:00,2021-09-09,QQQ,24h,0,0.0,0.0,0.0,[],[]
2021-09-10T15:45:00-04:00,2021-09-10,QQQ,24h,0,0.0,0.0,0.0,[],[]
2021-09-13T15:45:00-04:00,2021-09-13,QQQ,24h,0,0.0,0.0,0.0,[],[]
2021-09-14T15:45:00-04:00,2021-09-14,QQQ,24h,0,0.0,0.0,0.0,[],[]
2021-09-15T15:45:00-04:00,2021-09-15,QQQ,24h,0,0.0,0.0,0.0,[],[]
2021-09-16T15:45:00-04:00,2021-09-16,QQQ,24h,0,0.0,0.0,0.0,[],[]
2021-09-17T15:45:00-04:00,2021-09-17,QQQ,24h,0,0.0,0.0,0.0,[],[]
2021-09-20T15:45:00-04:00,2021-09-20,QQQ,24h,0,0.0,0.0,0.0,[],[]
2021-09-21T15:45:00-04:00,2021-09-21,QQQ,24h,0,0.0,0.0,0.0,[],[]
2021-09-22T15:45:00-04:00,2021-09-22,QQQ,24h,0,0.0,0.0,0.0,[],[]
2021-09-23T15:45:00-04:00,2021-09-23,QQQ,24h,0,0.0,0.0,0.0,[],[]
2021-09-24T15:45:00-04:00,2021-09-24,QQQ,24h,0,0.0,0.0,0.0,[],[]
2021-09-27T15:45:00-04:00,2021-09-27,QQQ,24h,0,0.0,0.0,0.0,[],[]
2021-09-28T15:45:00-04:00,2021-09-28,QQQ,24h,0,0.0,0.0,0.0,[],[]
2021-09-29T15:45:00-04:00,2021-09-29,QQQ,24h,0,0.0,0.0,0.0,[],[]
2021-09-30T15:45:00-04:00,2021-09-30,QQQ,24h,0,0.0,0.0,0.0,[],[]
2021-10-01T15:45:00-04:00,2021-10-01,QQQ,24h,0,0.0,0.0,0.0,[],[]
2021-10-04T15:45:00-04:00,2021-10-04,QQQ,24h,0,0.0,0.0,0.0,[],[]
2021-10-05T15:45:00-04:00,2021-10-05,QQQ,24h,0,0.0,0.0,0.0,[],[]
2021-10-06T15:45:00-04:00,2021-10-06,QQQ,24h,0,0.0,0.0,0.0,[],[]
2021-10-07T15:45:00-04:00,2021-10-07,QQQ,24h,0,0.0,0.0,0.0,[],[]
2021-10-08T15:45:00-04:00,2021-10-08,QQQ,24h,0,0.0,0.0,0.0,[],[]
2021-10-11T15:45:00-04:00,2021-10-11,QQQ,24h,0,0.0,0.0,0.0,[],[]
2021-10-12T15:45:00-04:00,2021-10-12,QQQ,24h,0,0.0,0.0,0.0,[],[]
2021-10-13T15:45:00-04:00,2021-10-13,QQQ,24h,0,0.0,0.0,0.0,[],[]
2021-10-14T15:45:00-04:00,2021-10-14,QQQ,24h,0,0.0,0.0,0.0,[],[]
2021-10-15T15:45:00-04:00,2021-10-15,QQQ,24h,0,0.0,0.0,0.0,[],[]
2021-10-18T15:45:00-04:00,2021-10-18,QQQ,24h,0,0.0,0.0,0.0,[],[]
2021-10-19T15:45:00-04:00,2021-10-19,QQQ,24h,0,0.0,0.0,0.0,[],[]
2021-10-20T15:45:00-04:00,2021-10-20,QQQ,24h,0,0.0,0.0,0.0,[],[]
2021-10-21T15:45:00-04:00,2021-10-21,QQQ,24h,0,0.0,0.0,0.0,[],[]
2021-10-22T15:45:00-04:00,2021-10-22,QQQ,24h,0,0.0,0.0,0.0,[],[]
2021-10-25T15:45:00-04:00,2021-10-25,QQQ,24h,0,0.0,0.0,0.0,[],[]
2021-10-26T15:45:00-04:00,2021-10-26,QQQ,24h,0,0.0,0.0,0.0,[],[]
2021-10-27T15:45:00-04:00,2021-10-27,QQQ,24h,0,0.0,0.0,0.0,[],[]
2021-10-28T15:45:00-04:00,2021-10-28,QQQ,24h,0,0.0,0.0,0.0,[],[]
2021-10-29T15:45:00-04:00,2021-10-29,QQQ,24h,0,0.0,0.0,0.0,[],[]
2021-11-01T15:45:00-04:00,2021-11-01,QQQ,24h,0,0.0,0.0,0.0,[],[]
2021-11-02T15:45:00-04:00,2021-11-02,QQQ,24h,0,0.0,0.0,0.0,[],[]
2021-11-03T15:45:00-04:00,2021-11-03,QQQ,24h,0,0.0,0.0,0.0,[],[]
2021-11-04T15:45:00-04:00,2021-11-04,QQQ,24h,0,0.0,0.0,0.0,[],[]
2021-11-05T15:45:00-04:00,2021-11-05,QQQ,24h,0,0.0,0.0,0.0,[],[]
2021-11-08T15:45:00-05:00,2021-11-08,QQQ,24h,0,0.0,0.0,0.0,[],[]
2021-11-09T15:45:00-05:00,2021-11-09,QQQ,24h,0,0.0,0.0,0.0,[],[]
2021-11-10T15:45:00-05:00,2021-11-10,QQQ,24h,0,0.0,0.0,0.0,[],[]
2021-11-11T15:45:00-05:00,2021-11-11,QQQ,24h,0,0.0,0.0,0.0,[],[]
2021-11-12T15:45:00-05:00,2021-11-12,QQQ,24h,0,0.0,0.0,0.0,[],[]
2021-11-15T15:45:00-05:00,2021-11-15,QQQ,24h,0,0.0,0.0,0.0,[],[]
2021-11-16T15:45:00-05:00,2021-11-16,QQQ,24h,0,0.0,0.0,0.0,[],[]
2021-11-17T15:45:00-05:00,2021-11-17,QQQ,24h,0,0.0,0.0,0.0,[],[]
2021-11-18T15:45:00-05:00,2021-11-18,QQQ,24h,0,0.0,0.0,0.0,[],[]
2021-11-19T15:45:00-05:00,2021-11-19,QQQ,24h,0,0.0,0.0,0.0,[],[]
2021-11-22T15:45:00-05:00,2021-11-22,QQQ,24h,0,0.0,0.0,0.0,[],[]
2021-11-23T15:45:00-05:00,2021-11-23,QQQ,24h,0,0.0,0.0,0.0,[],[]
2021-11-24T15:45:00-05:00,2021-11-24,QQQ,24h,0,0.0,0.0,0.0,[],[]
2021-11-25T15:45:00-05:00,2021-11-25,QQQ,24h,0,0.0,0.0,0.0,[],[]
2021-11-26T15:45:00-05:00,2021-11-26,QQQ,24h,0,0.0,0.0,0.0,[],[]
2021-11-29T15:45:00-05:00,2021-11-29,QQQ,24h,0,0.0,0.0,0.0,[],[]
2021-11-30T15:45:00-05:00,2021-11-30,QQQ,24h,0,0.0,0.0,0.0,[],[]
2021-12-01T15:45:00-05:00,2021-12-01,QQQ,24h,0,0.0,0.0,0.0,[],[]
2021-12-02T15:45:00-05:00,2021-12-02,QQQ,24h,0,0.0,0.0,0.0,[],[]
2021-12-03T15:45:00-05:00,2021-12-03,QQQ,24h,0,0.0,0.0,0.0,[],[]
2021-12-06T15:45:00-05:00,2021-12-06,QQQ,24h,0,0.0,0.0,0.0,[],[]
2021-12-07T15:45:00-05:00,2021-12-07,QQQ,24h,0,0.0,0.0,0.0,[],[]
2021-12-08T15:45:00-05:00,2021-12-08,QQQ,24h,0,0.0,0.0,0.0,[],[]
2021-12-09T15:45:00-05:00,2021-12-09,QQQ,24h,0,0.0,0.0,0.0,[],[]
2021-12-10T15:45:00-05:00,2021-12-10,QQQ,24h,0,0.0,0.0,0.0,[],[]
2021-12-13T15:45:00-05:00,2021-12-13,QQQ,24h,0,0.0,0.0,0.0,[],[]
2021-12-14T15:45:00-05:00,2021-12-14,QQQ,24h,0,0.0,0.0,0.0,[],[]
2021-12-15T15:45:00-05:00,2021-12-15,QQQ,24h,0,0.0,0.0,0.0,[],[]
2021-12-16T15:45:00-05:00,2021-12-16,QQQ,24h,0,0.0,0.0,0.0,[],[]
2021-12-17T15:45:00-05:00,2021-12-17,QQQ,24h,0,0.0,0.0,0.0,[],[]
2021-12-20T15:45:00-05:00,2021-12-20,QQQ,24h,0,0.0,0.0,0.0,[],[]
2021-12-21T15:45:00-05:00,2021-12-21,QQQ,24h,0,0.0,0.0,0.0,[],[]
2021-12-22T15:45:00-05:00,2021-12-22,QQQ,24h,0,0.0,0.0,0.0,[],[]
2021-12-23T15:45:00-05:00,2021-12-23,QQQ,24h,0,0.0,0.0,0.0,[],[]
2021-12-24T15:45:00-05:00,2021-12-24,QQQ,24h,0,0.0,0.0,0.0,[],[]
2021-12-27T15:45:00-05:00,2021-12-27,QQQ,24h,0,0.0,0.0,0.0,[],[]
2021-12-28T15:45:00-05:00,2021-12-28,QQQ,24h,0,0.0,0.0,0.0,[],[]
2021-12-29T15:45:00-05:00,2021-12-29,QQQ,24h,0,0.0,0.0,0.0,[],[]
2021-12-30T15:45:00-05:00,2021-12-30,QQQ,24h,0,0.0,0.0,0.0,[],[]
2021-12-31T15:45:00-05:00,2021-12-31,QQQ,24h,0,0.0,0.0,0.0,[],[]
2022-01-03T15:45:00-05:00,2022-01-03,QQQ,24h,0,0.0,0.0,0.0,[],[]
2022-01-04T15:45:00-05:00,2022-01-04,QQQ,24h,0,0.0,0.0,0.0,[],[]
2022-01-05T15:45:00-05:00,2022-01-05,QQQ,24h,0,0.0,0.0,0.0,[],[]
2022-01-06T15:45:00-05:00,2022-01-06,QQQ,24h,0,0.0,0.0,0.0,[],[]
2022-01-07T15:45:00-05:00,2022-01-07,QQQ,24h,0,0.0,0.0,0.0,[],[]
2022-01-10T15:45:00-05:00,2022-01-10,QQQ,24h,0,0.0,0.0,0.0,[],[]
2022-01-11T15:45:00-05:00,2022-01-11,QQQ,24h,0,0.0,0.0,0.0,[],[]
2022-01-12T15:45:00-05:00,2022-01-12,QQQ,24h,0,0.0,0.0,0.0,[],[]
2022-01-13T15:45:00-05:00,2022-01-13,QQQ,24h,0,0.0,0.0,0.0,[],[]
2022-01-14T15:45:00-05:00,2022-01-14,QQQ,24h,0,0.0,0.0,0.0,[],[]
2022-01-17T15:45:00-05:00,2022-01-17,QQQ,24h,0,0.0,0.0,0.0,[],[]
2022-01-18T15:45:00-05:00,2022-01-18,QQQ,24h,0,0.0,0.0,0.0,[],[]
2022-01-19T15:45:00-05:00,2022-01-19,QQQ,24h,0,0.0,0.0,0.0,[],[]
2022-01-20T15:45:00-05:00,2022-01-20,QQQ,24h,0,0.0,0.0,0.0,[],[]
2022-01-21T15:45:00-05:00,2022-01-21,QQQ,24h,0,0.0,0.0,0.0,[],[]
2022-01-24T15:45:00-05:00,2022-01-24,QQQ,24h,0,0.0,0.0,0.0,[],[]
2022-01-25T15:45:00-05:00,2022-01-25,QQQ,24h,0,0.0,0.0,0.0,[],[]
2022-01-26T15:45:00-05:00,2022-01-26,QQQ,24h,0,0.0,0.0,0.0,[],[]
2022-01-27T15:45:00-05:00,2022-01-27,QQQ,24h,0,0.0,0.0,0.0,[],[]
2022-01-28T15:45:00-05:00,2022-01-28,QQQ,24h,0,0.0,0.0,0.0,[],[]
2022-01-31T15:45:00-05:00,2022-01-31,QQQ,24h,0,0.0,0.0,0.0,[],[]
2022-02-01T15:45:00-05:00,2022-02-01,QQQ,24h,0,0.0,0.0,0.0,[],[]
2022-02-02T15:45:00-05:00,2022-02-02,QQQ,24h,0,0.0,0.0,0.0,[],[]
2022-02-03T15:45:00-05:00,2022-02-03,QQQ,24h,0,0.0,0.0,0.0,[],[]
2022-02-04T15:45:00-05:00,2022-02-04,QQQ,24h,0,0.0,0.0,0.0,[],[]
2022-02-07T15:45:00-05:00,2022-02-07,QQQ,24h,0,0.0,0.0,0.0,[],[]
2022-02-08T15:45:00-05:00,2022-02-08,QQQ,24h,0,0.0,0.0,0.0,[],[]
2022-02-09T15:45:00-05:00,2022-02-09,QQQ,24h,0,0.0,0.0,0.0,[],[]
2022-02-10T15:45:00-05:00,2022-02-10,QQQ,24h,0,0.0,0.0,0.0,[],[]
2022-02-11T15:45:00-05:00,2022-02-11,QQQ,24h,0,0.0,0.0,0.0,[],[]
2022-02-14T15:45:00-05:00,2022-02-14,QQQ,24h,0,0.0,0.0,0.0,[],[]
2022-02-15T15:45:00-05:00,2022-02-15,QQQ,24h,0,0.0,0.0,0.0,[],[]
2022-02-16T15:45:00-05:00,2022-02-16,QQQ,24h,0,0.0,0.0,0.0,[],[]
2022-02-17T15:45:00-05:00,2022-02-17,QQQ,24h,0,0.0,0.0,0.0,[],[]
2022-02-18T15:45:00-05:00,2022-02-18,QQQ,24h,0,0.0,0.0,0.0,[],[]
2022-02-21T15:45:00-05:00,2022-02-21,QQQ,24h,0,0.0,0.0,0.0,[],[]
2022-02-22T15:45:00-05:00,2022-02-22,QQQ,24h,0,0.0,0.0,0.0,[],[]
2022-02-23T15:45:00-05:00,2022-02-23,QQQ,24h,0,0.0,0.0,0.0,[],[]
2022-02-24T15:45:00-05:00,2022-02-24,QQQ,24h,0,0.0,0.0,0.0,[],[]
2022-02-25T15:45:00-05:00,2022-02-25,QQQ,24h,0,0.0,0.0,0.0,[],[]
2022-02-28T15:45:00-05:00,2022-02-28,QQQ,24h,0,0.0,0.0,0.0,[],[]
2022-03-01T15:45:00-05:00,2022-03-01,QQQ,24h,0,0.0,0.0,0.0,[],[]
2022-03-02T15:45:00-05:00,2022-03-02,QQQ,24h,0,0.0,0.0,0.0,[],[]
2022-03-03T15:45:00-05:00,2022-03-03,QQQ,24h,0,0.0,0.0,0.0,[],[]
2022-03-04T15:45:00-05:00,2022-03-04,QQQ,24h,0,0.0,0.0,0.0,[],[]
2022-03-07T15:45:00-05:00,2022-03-07,QQQ,24h,0,0.0,0.0,0.0,[],[]
2022-03-08T15:45:00-05:00,2022-03-08,QQQ,24h,0,0.0,0.0,0.0,[],[]
2022-03-09T15:45:00-05:00,2022-03-09,QQQ,24h,0,0.0,0.0,0.0,[],[]
2022-03-10T15:45:00-05:00,2022-03-10,QQQ,24h,0,0.0,0.0,0.0,[],[]
2022-03-11T15:45:00-05:00,2022-03-11,QQQ,24h,0,0.0,0.0,0.0,[],[]
2022-03-14T15:45:00-04:00,2022-03-14,QQQ,24h,0,0.0,0.0,0.0,[],[]
2022-03-15T15:45:00-04:00,2022-03-15,QQQ,24h,0,0.0,0.0,0.0,[],[]
2022-03-16T15:45:00-04:00,2022-03-16,QQQ,24h,0,0.0,0.0,0.0,[],[]
2022-03-17T15:45:00-04:00,2022-03-17,QQQ,24h,0,0.0,0.0,0.0,[],[]
2022-03-18T15:45:00-04:00,2022-03-18,QQQ,24h,0,0.0,0.0,0.0,[],[]
2022-03-21T15:45:00-04:00,2022-03-21,QQQ,24h,0,0.0,0.0,0.0,[],[]
2022-03-22T15:45:00-04:00,2022-03-22,QQQ,24h,0,0.0,0.0,0.0,[],[]
2022-03-23T15:45:00-04:00,2022-03-23,QQQ,24h,0,0.0,0.0,0.0,[],[]
2022-03-24T15:45:00-04:00,2022-03-24,QQQ,24h,0,0.0,0.0,0.0,[],[]
2022-03-25T15:45:00-04:00,2022-03-25,QQQ,24h,0,0.0,0.0,0.0,[],[]
2022-03-28T15:45:00-04:00,2022-03-28,QQQ,24h,0,0.0,0.0,0.0,[],[]
2022-03-29T15:45:00-04:00,2022-03-29,QQQ,24h,0,0.0,0.0,0.0,[],[]
2022-03-30T15:45:00-04:00,2022-03-30,QQQ,24h,0,0.0,0.0,0.0,[],[]
2022-03-31T15:45:00-04:00,2022-03-31,QQQ,24h,0,0.0,0.0,0.0,[],[]
2022-04-01T15:45:00-04:00,2022-04-01,QQQ,24h,0,0.0,0.0,0.0,[],[]
2022-04-04T15:45:00-04:00,2022-04-04,QQQ,24h,0,0.0,0.0,0.0,[],[]
2022-04-05T15:45:00-04:00,2022-04-05,QQQ,24h,0,0.0,0.0,0.0,[],[]
2022-04-06T15:45:00-04:00,2022-04-06,QQQ,24h,0,0.0,0.0,0.0,[],[]
2022-04-07T15:45:00-04:00,2022-04-07,QQQ,24h,0,0.0,0.0,0.0,[],[]
2022-04-08T15:45:00-04:00,2022-04-08,QQQ,24h,0,0.0,0.0,0.0,[],[]
2022-04-11T15:45:00-04:00,2022-04-11,QQQ,24h,0,0.0,0.0,0.0,[],[]
2022-04-12T15:45:00-04:00,2022-04-12,QQQ,24h,0,0.0,0.0,0.0,[],[]
2022-04-13T15:45:00-04:00,2022-04-13,QQQ,24h,0,0.0,0.0,0.0,[],[]
2022-04-14T15:45:00-04:00,2022-04-14,QQQ,24h,0,0.0,0.0,0.0,[],[]
2022-04-15T15:45:00-04:00,2022-04-15,QQQ,24h,0,0.0,0.0,0.0,[],[]
2022-04-18T15:45:00-04:00,2022-04-18,QQQ,24h,0,0.0,0.0,0.0,[],[]
2022-04-19T15:45:00-04:00,2022-04-19,QQQ,24h,0,0.0,0.0,0.0,[],[]
2022-04-20T15:45:00-04:00,2022-04-20,QQQ,24h,0,0.0,0.0,0.0,[],[]
2022-04-21T15:45:00-04:00,2022-04-21,QQQ,24h,0,0.0,0.0,0.0,[],[]
2022-04-22T15:45:00-04:00,2022-04-22,QQQ,24h,0,0.0,0.0,0.0,[],[]
2022-04-25T15:45:00-04:00,2022-04-25,QQQ,24h,0,0.0,0.0,0.0,[],[]
2022-04-26T15:45:00-04:00,2022-04-26,QQQ,24h,0,0.0,0.0,0.0,[],[]
2022-04-27T15:45:00-04:00,2022-04-27,QQQ,24h,0,0.0,0.0,0.0,[],[]
2022-04-28T15:45:00-04:00,2022-04-28,QQQ,24h,0,0.0,0.0,0.0,[],[]
2022-04-29T15:45:00-04:00,2022-04-29,QQQ,24h,0,0.0,0.0,0.0,[],[]
2022-05-02T15:45:00-04:00,2022-05-02,QQQ,24h,0,0.0,0.0,0.0,[],[]
2022-05-03T15:45:00-04:00,2022-05-03,QQQ,24h,0,0.0,0.0,0.0,[],[]
2022-05-04T15:45:00-04:00,2022-05-04,QQQ,24h,0,0.0,0.0,0.0,[],[]
2022-05-05T15:45:00-04:00,2022-05-05,QQQ,24h,0,0.0,0.0,0.0,[],[]
2022-05-06T15:45:00-04:00,2022-05-06,QQQ,24h,0,0.0,0.0,0.0,[],[]
2022-05-09T15:45:00-04:00,2022-05-09,QQQ,24h,0,0.0,0.0,0.0,[],[]
2022-05-10T15:45:00-04:00,2022-05-10,QQQ,24h,0,0.0,0.0,0.0,[],[]
2022-05-11T15:45:00-04:00,2022-05-11,QQQ,24h,0,0.0,0.0,0.0,[],[]
2022-05-12T15:45:00-04:00,2022-05-12,QQQ,24h,0,0.0,0.0,0.0,[],[]
2022-05-13T15:45:00-04:00,2022-05-13,QQQ,24h,0,0.0,0.0,0.0,[],[]
2022-05-16T15:45:00-04:00,2022-05-16,QQQ,24h,0,0.0,0.0,0.0,[],[]
2022-05-17T15:45:00-04:00,2022-05-17,QQQ,24h,0,0.0,0.0,0.0,[],[]
2022-05-18T15:45:00-04:00,2022-05-18,QQQ,24h,0,0.0,0.0,0.0,[],[]
2022-05-19T15:45:00-04:00,2022-05-19,QQQ,24h,0,0.0,0.0,0.0,[],[]
2022-05-20T15:45:00-04:00,2022-05-20,QQQ,24h,0,0.0,0.0,0.0,[],[]
2022-05-23T15:45:00-04:00,2022-05-23,QQQ,24h,0,0.0,0.0,0.0,[],[]
2022-05-24T15:45:00-04:00,2022-05-24,QQQ,24h,0,0.0,0.0,0.0,[],[]
2022-05-25T15:45:00-04:00,2022-05-25,QQQ,24h,0,0.0,0.0,0.0,[],[]
2022-05-26T15:45:00-04:00,2022-05-26,QQQ,24h,0,0.0,0.0,0.0,[],[]
2022-05-27T15:45:00-04:00,2022-05-27,QQQ,24h,0,0.0,0.0,0.0,[],[]
2022-05-30T15:45:00-04:00,2022-05-30,QQQ,24h,0,0.0,0.0,0.0,[],[]
2022-05-31T15:45:00-04:00,2022-05-31,QQQ,24h,0,0.0,0.0,0.0,[],[]
2022-06-01T15:45:00-04:00,2022-06-01,QQQ,24h,0,0.0,0.0,0.0,[],[]
2022-06-02T15:45:00-04:00,2022-06-02,QQQ,24h,0,0.0,0.0,0.0,[],[]
2022-06-03T15:45:00-04:00,2022-06-03,QQQ,24h,0,0.0,0.0,0.0,[],[]
2022-06-06T15:45:00-04:00,2022-06-06,QQQ,24h,0,0.0,0.0,0.0,[],[]
2022-06-07T15:45:00-04:00,2022-06-07,QQQ,24h,0,0.0,0.0,0.0,[],[]
2022-06-08T15:45:00-04:00,2022-06-08,QQQ,24h,0,0.0,0.0,0.0,[],[]
2022-06-09T15:45:00-04:00,2022-06-09,QQQ,24h,0,0.0,0.0,0.0,[],[]
2022-06-10T15:45:00-04:00,2022-06-10,QQQ,24h,0,0.0,0.0,0.0,[],[]
2022-06-13T15:45:00-04:00,2022-06-13,QQQ,24h,0,0.0,0.0,0.0,[],[]
2022-06-14T15:45:00-04:00,2022-06-14,QQQ,24h,0,0.0,0.0,0.0,[],[]
2022-06-15T15:45:00-04:00,2022-06-15,QQQ,24h,0,0.0,0.0,0.0,[],[]
2022-06-16T15:45:00-04:00,2022-06-16,QQQ,24h,0,0.0,0.0,0.0,[],[]
2022-06-17T15:45:00-04:00,2022-06-17,QQQ,24h,0,0.0,0.0,0.0,[],[]
2022-06-20T15:45:00-04:00,2022-06-20,QQQ,24h,0,0.0,0.0,0.0,[],[]
2022-06-21T15:45:00-04:00,2022-06-21,QQQ,24h,0,0.0,0.0,0.0,[],[]
2022-06-22T15:45:00-04:00,2022-06-22,QQQ,24h,0,0.0,0.0,0.0,[],[]
2022-06-23T15:45:00-04:00,2022-06-23,QQQ,24h,0,0.0,0.0,0.0,[],[]
2022-06-24T15:45:00-04:00,2022-06-24,QQQ,24h,0,0.0,0.0,0.0,[],[]
2022-06-27T15:45:00-04:00,2022-06-27,QQQ,24h,0,0.0,0.0,0.0,[],[]
2022-06-28T15:45:00-04:00,2022-06-28,QQQ,24h,0,0.0,0.0,0.0,[],[]
2022-06-29T15:45:00-04:00,2022-06-29,QQQ,24h,0,0.0,0.0,0.0,[],[]
2022-06-30T15:45:00-04:00,2022-06-30,QQQ,24h,0,0.0,0.0,0.0,[],[]
2022-07-01T15:45:00-04:00,2022-07-01,QQQ,24h,0,0.0,0.0,0.0,[],[]
2022-07-04T15:45:00-04:00,2022-07-04,QQQ,24h,0,0.0,0.0,0.0,[],[]
2022-07-05T15:45:00-04:00,2022-07-05,QQQ,24h,0,0.0,0.0,0.0,[],[]
2022-07-06T15:45:00-04:00,2022-07-06,QQQ,24h,0,0.0,0.0,0.0,[],[]
2022-07-07T15:45:00-04:00,2022-07-07,QQQ,24h,0,0.0,0.0,0.0,[],[]
2022-07-08T15:45:00-04:00,2022-07-08,QQQ,24h,0,0.0,0.0,0.0,[],[]
2022-07-11T15:45:00-04:00,2022-07-11,QQQ,24h,0,0.0,0.0,0.0,[],[]
2022-07-12T15:45:00-04:00,2022-07-12,QQQ,24h,0,0.0,0.0,0.0,[],[]
2022-07-13T15:45:00-04:00,2022-07-13,QQQ,24h,0,0.0,0.0,0.0,[],[]
2022-07-14T15:45:00-04:00,2022-07-14,QQQ,24h,0,0.0,0.0,0.0,[],[]
2022-07-15T15:45:00-04:00,2022-07-15,QQQ,24h,0,0.0,0.0,0.0,[],[]
2022-07-18T15:45:00-04:00,2022-07-18,QQQ,24h,0,0.0,0.0,0.0,[],[]
2022-07-19T15:45:00-04:00,2022-07-19,QQQ,24h,0,0.0,0.0,0.0,[],[]
2022-07-20T15:45:00-04:00,2022-07-20,QQQ,24h,0,0.0,0.0,0.0,[],[]
2022-07-21T15:45:00-04:00,2022-07-21,QQQ,24h,0,0.0,0.0,0.0,[],[]
2022-07-22T15:45:00-04:00,2022-07-22,QQQ,24h,0,0.0,0.0,0.0,[],[]
2022-07-25T15:45:00-04:00,2022-07-25,QQQ,24h,0,0.0,0.0,0.0,[],[]
2022-07-26T15:45:00-04:00,2022-07-26,QQQ,24h,0,0.0,0.0,0.0,[],[]
2022-07-27T15:45:00-04:00,2022-07-27,QQQ,24h,0,0.0,0.0,0.0,[],[]
2022-07-28T15:45:00-04:00,2022-07-28,QQQ,24h,0,0.0,0.0,0.0,[],[]
2022-07-29T15:45:00-04:00,2022-07-29,QQQ,24h,0,0.0,0.0,0.0,[],[]
2022-08-01T15:45:00-04:00,2022-08-01,QQQ,24h,0,0.0,0.0,0.0,[],[]
2022-08-02T15:45:00-04:00,2022-08-02,QQQ,24h,0,0.0,0.0,0.0,[],[]
2022-08-03T15:45:00-04:00,2022-08-03,QQQ,24h,0,0.0,0.0,0.0,[],[]
2022-08-04T15:45:00-04:00,2022-08-04,QQQ,24h,0,0.0,0.0,0.0,[],[]
2022-08-05T15:45:00-04:00,2022-08-05,QQQ,24h,0,0.0,0.0,0.0,[],[]
2022-08-08T15:45:00-04:00,2022-08-08,QQQ,24h,0,0.0,0.0,0.0,[],[]
2022-08-09T15:45:00-04:00,2022-08-09,QQQ,24h,0,0.0,0.0,0.0,[],[]
2022-08-10T15:45:00-04:00,2022-08-10,QQQ,24h,0,0.0,0.0,0.0,[],[]
2022-08-11T15:45:00-04:00,2022-08-11,QQQ,24h,0,0.0,0.0,0.0,[],[]
2022-08-12T15:45:00-04:00,2022-08-12,QQQ,24h,0,0.0,0.0,0.0,[],[]
2022-08-15T15:45:00-04:00,2022-08-15,QQQ,24h,0,0.0,0.0,0.0,[],[]
2022-08-16T15:45:00-04:00,2022-08-16,QQQ,24h,0,0.0,0.0,0.0,[],[]
2022-08-17T15:45:00-04:00,2022-08-17,QQQ,24h,0,0.0,0.0,0.0,[],[]
2022-08-18T15:45:00-04:00,2022-08-18,QQQ,24h,0,0.0,0.0,0.0,[],[]
2022-08-19T15:45:00-04:00,2022-08-19,QQQ,24h,0,0.0,0.0,0.0,[],[]
2022-08-22T15:45:00-04:00,2022-08-22,QQQ,24h,0,0.0,0.0,0.0,[],[]
2022-08-23T15:45:00-04:00,2022-08-23,QQQ,24h,0,0.0,0.0,0.0,[],[]
2022-08-24T15:45:00-04:00,2022-08-24,QQQ,24h,0,0.0,0.0,0.0,[],[]
2022-08-25T15:45:00-04:00,2022-08-25,QQQ,24h,0,0.0,0.0,0.0,[],[]
2022-08-26T15:45:00-04:00,2022-08-26,QQQ,24h,0,0.0,0.0,0.0,[],[]
2022-08-29T15:45:00-04:00,2022-08-29,QQQ,24h,0,0.0,0.0,0.0,[],[]
2022-08-30T15:45:00-04:00,2022-08-30,QQQ,24h,0,0.0,0.0,0.0,[],[]
2022-08-31T15:45:00-04:00,2022-08-31,QQQ,24h,0,0.0,0.0,0.0,[],[]
2022-09-01T15:45:00-04:00,2022-09-01,QQQ,24h,0,0.0,0.0,0.0,[],[]
2022-09-02T15:45:00-04:00,2022-09-02,QQQ,24h,0,0.0,0.0,0.0,[],[]
2022-09-05T15:45:00-04:00,2022-09-05,QQQ,24h,0,0.0,0.0,0.0,[],[]
2022-09-06T15:45:00-04:00,2022-09-06,QQQ,24h,0,0.0,0.0,0.0,[],[]
2022-09-07T15:45:00-04:00,2022-09-07,QQQ,24h,0,0.0,0.0,0.0,[],[]
2022-09-08T15:45:00-04:00,2022-09-08,QQQ,24h,0,0.0,0.0,0.0,[],[]
2022-09-09T15:45:00-04:00,2022-09-09,QQQ,24h,0,0.0,0.0,0.0,[],[]
2022-09-12T15:45:00-04:00,2022-09-12,QQQ,24h,0,0.0,0.0,0.0,[],[]
2022-09-13T15:45:00-04:00,2022-09-13,QQQ,24h,0,0.0,0.0,0.0,[],[]
2022-09-14T15:45:00-04:00,2022-09-14,QQQ,24h,0,0.0,0.0,0.0,[],[]
2022-09-15T15:45:00-04:00,2022-09-15,QQQ,24h,0,0.0,0.0,0.0,[],[]
2022-09-16T15:45:00-04:00,2022-09-16,QQQ,24h,0,0.0,0.0,0.0,[],[]
2022-09-19T15:45:00-04:00,2022-09-19,QQQ,24h,0,0.0,0.0,0.0,[],[]
2022-09-20T15:45:00-04:00,2022-09-20,QQQ,24h,0,0.0,0.0,0.0,[],[]
2022-09-21T15:45:00-04:00,2022-09-21,QQQ,24h,0,0.0,0.0,0.0,[],[]
2022-09-22T15:45:00-04:00,2022-09-22,QQQ,24h,0,0.0,0.0,0.0,[],[]
2022-09-23T15:45:00-04:00,2022-09-23,QQQ,24h,0,0.0,0.0,0.0,[],[]
2022-09-26T15:45:00-04:00,2022-09-26,QQQ,24h,0,0.0,0.0,0.0,[],[]
2022-09-27T15:45:00-04:00,2022-09-27,QQQ,24h,0,0.0,0.0,0.0,[],[]
2022-09-28T15:45:00-04:00,2022-09-28,QQQ,24h,0,0.0,0.0,0.0,[],[]
2022-09-29T15:45:00-04:00,2022-09-29,QQQ,24h,0,0.0,0.0,0.0,[],[]
2022-09-30T15:45:00-04:00,2022-09-30,QQQ,24h,0,0.0,0.0,0.0,[],[]
2022-10-03T15:45:00-04:00,2022-10-03,QQQ,24h,0,0.0,0.0,0.0,[],[]
2022-10-04T15:45:00-04:00,2022-10-04,QQQ,24h,0,0.0,0.0,0.0,[],[]
2022-10-05T15:45:00-04:00,2022-10-05,QQQ,24h,0,0.0,0.0,0.0,[],[]
2022-10-06T15:45:00-04:00,2022-10-06,QQQ,24h,0,0.0,0.0,0.0,[],[]
2022-10-07T15:45:00-04:00,2022-10-07,QQQ,24h,0,0.0,0.0,0.0,[],[]
2022-10-10T15:45:00-04:00,2022-10-10,QQQ,24h,0,0.0,0.0,0.0,[],[]
2022-10-11T15:45:00-04:00,2022-10-11,QQQ,24h,0,0.0,0.0,0.0,[],[]
2022-10-12T15:45:00-04:00,2022-10-12,QQQ,24h,0,0.0,0.0,0.0,[],[]
2022-10-13T15:45:00-04:00,2022-10-13,QQQ,24h,0,0.0,0.0,0.0,[],[]
2022-10-14T15:45:00-04:00,2022-10-14,QQQ,24h,0,0.0,0.0,0.0,[],[]
2022-10-17T15:45:00-04:00,2022-10-17,QQQ,24h,0,0.0,0.0,0.0,[],[]
2022-10-18T15:45:00-04:00,2022-10-18,QQQ,24h,0,0.0,0.0,0.0,[],[]
2022-10-19T15:45:00-04:00,2022-10-19,QQQ,24h,0,0.0,0.0,0.0,[],[]
2022-10-20T15:45:00-04:00,2022-10-20,QQQ,24h,0,0.0,0.0,0.0,[],[]
2022-10-21T15:45:00-04:00,2022-10-21,QQQ,24h,0,0.0,0.0,0.0,[],[]
2022-10-24T15:45:00-04:00,2022-10-24,QQQ,24h,0,0.0,0.0,0.0,[],[]
2022-10-25T15:45:00-04:00,2022-10-25,QQQ,24h,0,0.0,0.0,0.0,[],[]
2022-10-26T15:45:00-04:00,2022-10-26,QQQ,24h,0,0.0,0.0,0.0,[],[]
2022-10-27T15:45:00-04:00,2022-10-27,QQQ,24h,0,0.0,0.0,0.0,[],[]
2022-10-28T15:45:00-04:00,2022-10-28,QQQ,24h,0,0.0,0.0,0.0,[],[]
2022-10-31T15:45:00-04:00,2022-10-31,QQQ,24h,0,0.0,0.0,0.0,[],[]
2022-11-01T15:45:00-04:00,2022-11-01,QQQ,24h,0,0.0,0.0,0.0,[],[]
2022-11-02T15:45:00-04:00,2022-11-02,QQQ,24h,0,0.0,0.0,0.0,[],[]
2022-11-03T15:45:00-04:00,2022-11-03,QQQ,24h,0,0.0,0.0,0.0,[],[]
2022-11-04T15:45:00-04:00,2022-11-04,QQQ,24h,0,0.0,0.0,0.0,[],[]
2022-11-07T15:45:00-05:00,2022-11-07,QQQ,24h,0,0.0,0.0,0.0,[],[]
2022-11-08T15:45:00-05:00,2022-11-08,QQQ,24h,0,0.0,0.0,0.0,[],[]
2022-11-09T15:45:00-05:00,2022-11-09,QQQ,24h,0,0.0,0.0,0.0,[],[]
2022-11-10T15:45:00-05:00,2022-11-10,QQQ,24h,0,0.0,0.0,0.0,[],[]
2022-11-11T15:45:00-05:00,2022-11-11,QQQ,24h,0,0.0,0.0,0.0,[],[]
2022-11-14T15:45:00-05:00,2022-11-14,QQQ,24h,0,0.0,0.0,0.0,[],[]
2022-11-15T15:45:00-05:00,2022-11-15,QQQ,24h,0,0.0,0.0,0.0,[],[]
2022-11-16T15:45:00-05:00,2022-11-16,QQQ,24h,0,0.0,0.0,0.0,[],[]
2022-11-17T15:45:00-05:00,2022-11-17,QQQ,24h,0,0.0,0.0,0.0,[],[]
2022-11-18T15:45:00-05:00,2022-11-18,QQQ,24h,0,0.0,0.0,0.0,[],[]
2022-11-21T15:45:00-05:00,2022-11-21,QQQ,24h,0,0.0,0.0,0.0,[],[]
2022-11-22T15:45:00-05:00,2022-11-22,QQQ,24h,0,0.0,0.0,0.0,[],[]
2022-11-23T15:45:00-05:00,2022-11-23,QQQ,24h,0,0.0,0.0,0.0,[],[]
2022-11-24T15:45:00-05:00,2022-11-24,QQQ,24h,0,0.0,0.0,0.0,[],[]
2022-11-25T15:45:00-05:00,2022-11-25,QQQ,24h,0,0.0,0.0,0.0,[],[]
2022-11-28T15:45:00-05:00,2022-11-28,QQQ,24h,0,0.0,0.0,0.0,[],[]
2022-11-29T15:45:00-05:00,2022-11-29,QQQ,24h,0,0.0,0.0,0.0,[],[]
2022-11-30T15:45:00-05:00,2022-11-30,QQQ,24h,0,0.0,0.0,0.0,[],[]
2022-12-01T15:45:00-05:00,2022-12-01,QQQ,24h,0,0.0,0.0,0.0,[],[]
2022-12-02T15:45:00-05:00,2022-12-02,QQQ,24h,0,0.0,0.0,0.0,[],[]
2022-12-05T15:45:00-05:00,2022-12-05,QQQ,24h,0,0.0,0.0,0.0,[],[]
2022-12-06T15:45:00-05:00,2022-12-06,QQQ,24h,0,0.0,0.0,0.0,[],[]
2022-12-07T15:45:00-05:00,2022-12-07,QQQ,24h,0,0.0,0.0,0.0,[],[]
2022-12-08T15:45:00-05:00,2022-12-08,QQQ,24h,0,0.0,0.0,0.0,[],[]
2022-12-09T15:45:00-05:00,2022-12-09,QQQ,24h,0,0.0,0.0,0.0,[],[]
2022-12-12T15:45:00-05:00,2022-12-12,QQQ,24h,0,0.0,0.0,0.0,[],[]
2022-12-13T15:45:00-05:00,2022-12-13,QQQ,24h,0,0.0,0.0,0.0,[],[]
2022-12-14T15:45:00-05:00,2022-12-14,QQQ,24h,0,0.0,0.0,0.0,[],[]
2022-12-15T15:45:00-05:00,2022-12-15,QQQ,24h,0,0.0,0.0,0.0,[],[]
2022-12-16T15:45:00-05:00,2022-12-16,QQQ,24h,0,0.0,0.0,0.0,[],[]
2022-12-19T15:45:00-05:00,2022-12-19,QQQ,24h,0,0.0,0.0,0.0,[],[]
2022-12-20T15:45:00-05:00,2022-12-20,QQQ,24h,0,0.0,0.0,0.0,[],[]
2022-12-21T15:45:00-05:00,2022-12-21,QQQ,24h,0,0.0,0.0,0.0,[],[]
2022-12-22T15:45:00-05:00,2022-12-22,QQQ,24h,0,0.0,0.0,0.0,[],[]
2022-12-23T15:45:00-05:00,2022-12-23,QQQ,24h,0,0.0,0.0,0.0,[],[]
2022-12-26T15:45:00-05:00,2022-12-26,QQQ,24h,0,0.0,0.0,0.0,[],[]
2022-12-27T15:45:00-05:00,2022-12-27,QQQ,24h,0,0.0,0.0,0.0,[],[]
2022-12-28T15:45:00-05:00,2022-12-28,QQQ,24h,0,0.0,0.0,0.0,[],[]
2022-12-29T15:45:00-05:00,2022-12-29,QQQ,24h,0,0.0,0.0,0.0,[],[]
2022-12-30T15:45:00-05:00,2022-12-30,QQQ,24h,0,0.0,0.0,0.0,[],[]
2020-01-01T15:45:00-05:00,2020-01-01,AAPL,24h,1,0.9549,0.9549,0.0,"[""earnings"", ""guidance""]","[""benzinga""]"
2020-01-02T15:45:00-05:00,2020-01-02,AAPL,24h,0,0.0,0.0,0.0,[],[]
2020-01-03T15:45:00-05:00,2020-01-03,AAPL,24h,0,0.0,0.0,0.0,[],[]
2020-01-06T15:45:00-05:00,2020-01-06,AAPL,24h,0,0.0,0.0,0.0,[],[]
2020-01-07T15:45:00-05:00,2020-01-07,AAPL,24h,0,0.0,0.0,0.0,[],[]
2020-01-08T15:45:00-05:00,2020-01-08,AAPL,24h,0,0.0,0.0,0.0,[],[]
2020-01-09T15:45:00-05:00,2020-01-09,AAPL,24h,1,0.0,0.0,0.0,[],"[""reuters""]"
2020-01-10T15:45:00-05:00,2020-01-10,AAPL,24h,0,0.0,0.0,0.0,[],[]
2020-01-13T15:45:00-05:00,2020-01-13,AAPL,24h,1,0.8284,0.8284,0.0,[],"[""benzinga""]"
2020-01-14T15:45:00-05:00,2020-01-14,AAPL,24h,0,0.0,0.0,0.0,[],[]
2020-01-15T15:45:00-05:00,2020-01-15,AAPL,24h,0,0.0,0.0,0.0,[],[]
2020-01-16T15:45:00-05:00,2020-01-16,AAPL,24h,0,0.0,0.0,0.0,[],[]
2020-01-17T15:45:00-05:00,2020-01-17,AAPL,24h,1,0.9129,0.9129,0.0,[],"[""businesswire""]"
2020-01-20T15:45:00-05:00,2020-01-20,AAPL,24h,0,0.0,0.0,0.0,[],[]
2020-01-21T15:45:00-05:00,2020-01-21,AAPL,24h,0,0.0,0.0,0.0,[],[]
2020-01-22T15:45:00-05:00,2020-01-22,AAPL,24h,0,0.0,0.0,0.0,[],[]
2020-01-23T15:45:00-05:00,2020-01-23,AAPL,24h,0,0.0,0.0,0.0,[],[]
2020-01-24T15:45:00-05:00,2020-01-24,AAPL,24h,0,0.0,0.0,0.0,[],[]
2020-01-27T15:45:00-05:00,2020-01-27,AAPL,24h,0,0.0,0.0,0.0,[],[]
2020-01-28T15:45:00-05:00,2020-01-28,AAPL,24h,0,0.0,0.0,0.0,[],[]
2020-01-29T15:45:00-05:00,2020-01-29,AAPL,24h,0,0.0,0.0,0.0,[],[]
2020-01-30T15:45:00-05:00,2020-01-30,AAPL,24h,0,0.0,0.0,0.0,[],[]
2020-01-31T15:45:00-05:00,2020-01-31,AAPL,24h,0,0.0,0.0,0.0,[],[]
2020-02-03T15:45:00-05:00,2020-02-03,AAPL,24h,0,0.0,0.0,0.0,[],[]
2020-02-04T15:45:00-05:00,2020-02-04,AAPL,24h,0,0.0,0.0,0.0,[],[]
2020-02-05T15:45:00-05:00,2020-02-05,AAPL,24h,0,0.0,0.0,0.0,[],[]
2020-02-06T15:45:00-05:00,2020-02-06,AAPL,24h,0,0.0,0.0,0.0,[],[]
2020-02-07T15:45:00-05:00,2020-02-07,AAPL,24h,0,0.0,0.0,0.0,[],[]
2020-02-10T15:45:00-05:00,2020-02-10,AAPL,24h,0,0.0,0.0,0.0,[],[]
2020-02-11T15:45:00-05:00,2020-02-11,AAPL,24h,0,0.0,0.0,0.0,[],[]
2020-02-12T15:45:00-05:00,2020-02-12,AAPL,24h,0,0.0,0.0,0.0,[],[]
2020-02-13T15:45:00-05:00,2020-02-13,AAPL,24h,0,0.0,0.0,0.0,[],[]
2020-02-14T15:45:00-05:00,2020-02-14,AAPL,24h,1,0.9158,0.9158,0.0,"[""earnings"", ""guidance""]","[""reuters""]"
2020-02-17T15:45:00-05:00,2020-02-17,AAPL,24h,0,0.0,0.0,0.0,[],[]
2020-02-18T15:45:00-05:00,2020-02-18,AAPL,24h,0,0.0,0.0,0.0,[],[]
2020-02-19T15:45:00-05:00,2020-02-19,AAPL,24h,0,0.0,0.0,0.0,[],[]
2020-02-20T15:45:00-05:00,2020-02-20,AAPL,24h,0,0.0,0.0,0.0,[],[]
2020-02-21T15:45:00-05:00,2020-02-21,AAPL,24h,0,0.0,0.0,0.0,[],[]
2020-02-24T15:45:00-05:00,2020-02-24,AAPL,24h,0,0.0,0.0,0.0,[],[]
2020-02-25T15:45:00-05:00,2020-02-25,AAPL,24h,0,0.0,0.0,0.0,[],[]
2020-02-26T15:45:00-05:00,2020-02-26,AAPL,24h,0,0.0,0.0,0.0,[],[]
2020-02-27T15:45:00-05:00,2020-02-27,AAPL,24h,0,0.0,0.0,0.0,[],[]
2020-02-28T15:45:00-05:00,2020-02-28,AAPL,24h,0,0.0,0.0,0.0,[],[]
2020-03-02T15:45:00-05:00,2020-03-02,AAPL,24h,0,0.0,0.0,0.0,[],[]
2020-03-03T15:45:00-05:00,2020-03-03,AAPL,24h,0,0.0,0.0,0.0,[],[]
2020-03-04T15:45:00-05:00,2020-03-04,AAPL,24h,0,0.0,0.0,0.0,[],[]
2020-03-05T15:45:00-05:00,2020-03-05,AAPL,24h,0,0.0,0.0,0.0,[],[]
2020-03-06T15:45:00-05:00,2020-03-06,AAPL,24h,0,0.0,0.0,0.0,[],[]
2020-03-09T15:45:00-04:00,2020-03-09,AAPL,24h,0,0.0,0.0,0.0,[],[]
2020-03-10T15:45:00-04:00,2020-03-10,AAPL,24h,0,0.0,0.0,0.0,[],[]
2020-03-11T15:45:00-04:00,2020-03-11,AAPL,24h,0,0.0,0.0,0.0,[],[]
2020-03-12T15:45:00-04:00,2020-03-12,AAPL,24h,0,0.0,0.0,0.0,[],[]
2020-03-13T15:45:00-04:00,2020-03-13,AAPL,24h,0,0.0,0.0,0.0,[],[]
2020-03-16T15:45:00-04:00,2020-03-16,AAPL,24h,0,0.0,0.0,0.0,[],[]
2020-03-17T15:45:00-04:00,2020-03-17,AAPL,24h,0,0.0,0.0,0.0,[],[]
2020-03-18T15:45:00-04:00,2020-03-18,AAPL,24h,0,0.0,0.0,0.0,[],[]
2020-03-19T15:45:00-04:00,2020-03-19,AAPL,24h,0,0.0,0.0,0.0,[],[]
2020-03-20T15:45:00-04:00,2020-03-20,AAPL,24h,0,0.0,0.0,0.0,[],[]
2020-03-23T15:45:00-04:00,2020-03-23,AAPL,24h,0,0.0,0.0,0.0,[],[]
2020-03-24T15:45:00-04:00,2020-03-24,AAPL,24h,0,0.0,0.0,0.0,[],[]
2020-03-25T15:45:00-04:00,2020-03-25,AAPL,24h,0,0.0,0.0,0.0,[],[]
2020-03-26T15:45:00-04:00,2020-03-26,AAPL,24h,0,0.0,0.0,0.0,[],[]
2020-03-27T15:45:00-04:00,2020-03-27,AAPL,24h,0,0.0,0.0,0.0,[],[]
2020-03-30T15:45:00-04:00,2020-03-30,AAPL,24h,0,0.0,0.0,0.0,[],[]
2020-03-31T15:45:00-04:00,2020-03-31,AAPL,24h,0,0.0,0.0,0.0,[],[]
2020-04-01T15:45:00-04:00,2020-04-01,AAPL,24h,0,0.0,0.0,0.0,[],[]
2020-04-02T15:45:00-04:00,2020-04-02,AAPL,24h,0,0.0,0.0,0.0,[],[]
2020-04-03T15:45:00-04:00,2020-04-03,AAPL,24h,0,0.0,0.0,0.0,[],[]
2020-04-06T15:45:00-04:00,2020-04-06,AAPL,24h,0,0.0,0.0,0.0,[],[]
2020-04-07T15:45:00-04:00,2020-04-07,AAPL,24h,0,0.0,0.0,0.0,[],[]
2020-04-08T15:45:00-04:00,2020-04-08,AAPL,24h,0,0.0,0.0,0.0,[],[]
2020-04-09T15:45:00-04:00,2020-04-09,AAPL,24h,0,0.0,0.0,0.0,[],[]
2020-04-10T15:45:00-04:00,2020-04-10,AAPL,24h,0,0.0,0.0,0.0,[],[]
2020-04-13T15:45:00-04:00,2020-04-13,AAPL,24h,0,0.0,0.0,0.0,[],[]
2020-04-14T15:45:00-04:00,2020-04-14,AAPL,24h,0,0.0,0.0,0.0,[],[]
2020-04-15T15:45:00-04:00,2020-04-15,AAPL,24h,0,0.0,0.0,0.0,[],[]
2020-04-16T15:45:00-04:00,2020-04-16,AAPL,24h,0,0.0,0.0,0.0,[],[]
2020-04-17T15:45:00-04:00,2020-04-17,AAPL,24h,0,0.0,0.0,0.0,[],[]
2020-04-20T15:45:00-04:00,2020-04-20,AAPL,24h,0,0.0,0.0,0.0,[],[]
2020-04-21T15:45:00-04:00,2020-04-21,AAPL,24h,0,0.0,0.0,0.0,[],[]
2020-04-22T15:45:00-04:00,2020-04-22,AAPL,24h,0,0.0,0.0,0.0,[],[]
2020-04-23T15:45:00-04:00,2020-04-23,AAPL,24h,0,0.0,0.0,0.0,[],[]
2020-04-24T15:45:00-04:00,2020-04-24,AAPL,24h,0,0.0,0.0,0.0,[],[]
2020-04-27T15:45:00-04:00,2020-04-27,AAPL,24h,0,0.0,0.0,0.0,[],[]
2020-04-28T15:45:00-04:00,2020-04-28,AAPL,24h,0,0.0,0.0,0.0,[],[]
2020-04-29T15:45:00-04:00,2020-04-29,AAPL,24h,0,0.0,0.0,0.0,[],[]
2020-04-30T15:45:00-04:00,2020-04-30,AAPL,24h,0,0.0,0.0,0.0,[],[]
2020-05-01T15:45:00-04:00,2020-05-01,AAPL,24h,0,0.0,0.0,0.0,[],[]
2020-05-04T15:45:00-04:00,2020-05-04,AAPL,24h,0,0.0,0.0,0.0,[],[]
2020-05-05T15:45:00-04:00,2020-05-05,AAPL,24h,0,0.0,0.0,0.0,[],[]
2020-05-06T15:45:00-04:00,2020-05-06,AAPL,24h,0,0.0,0.0,0.0,[],[]
2020-05-07T15:45:00-04:00,2020-05-07,AAPL,24h,0,0.0,0.0,0.0,[],[]
2020-05-08T15:45:00-04:00,2020-05-08,AAPL,24h,0,0.0,0.0,0.0,[],[]
2020-05-11T15:45:00-04:00,2020-05-11,AAPL,24h,0,0.0,0.0,0.0,[],[]
2020-05-12T15:45:00-04:00,2020-05-12,AAPL,24h,0,0.0,0.0,0.0,[],[]
2020-05-13T15:45:00-04:00,2020-05-13,AAPL,24h,0,0.0,0.0,0.0,[],[]
2020-05-14T15:45:00-04:00,2020-05-14,AAPL,24h,0,0.0,0.0,0.0,[],[]
2020-05-15T15:45:00-04:00,2020-05-15,AAPL,24h,0,0.0,0.0,0.0,[],[]
2020-05-18T15:45:00-04:00,2020-05-18,AAPL,24h,0,0.0,0.0,0.0,[],[]
2020-05-19T15:45:00-04:00,2020-05-19,AAPL,24h,0,0.0,0.0,0.0,[],[]
2020-05-20T15:45:00-04:00,2020-05-20,AAPL,24h,0,0.0,0.0,0.0,[],[]
2020-05-21T15:45:00-04:00,2020-05-21,AAPL,24h,0,0.0,0.0,0.0,[],[]
2020-05-22T15:45:00-04:00,2020-05-22,AAPL,24h,0,0.0,0.0,0.0,[],[]
2020-05-25T15:45:00-04:00,2020-05-25,AAPL,24h,0,0.0,0.0,0.0,[],[]
2020-05-26T15:45:00-04:00,2020-05-26,AAPL,24h,0,0.0,0.0,0.0,[],[]
2020-05-27T15:45:00-04:00,2020-05-27,AAPL,24h,0,0.0,0.0,0.0,[],[]
2020-05-28T15:45:00-04:00,2020-05-28,AAPL,24h,0,0.0,0.0,0.0,[],[]
2020-05-29T15:45:00-04:00,2020-05-29,AAPL,24h,0,0.0,0.0,0.0,[],[]
2020-06-01T15:45:00-04:00,2020-06-01,AAPL,24h,0,0.0,0.0,0.0,[],[]
2020-06-02T15:45:00-04:00,2020-06-02,AAPL,24h,0,0.0,0.0,0.0,[],[]
2020-06-03T15:45:00-04:00,2020-06-03,AAPL,24h,0,0.0,0.0,0.0,[],[]
2020-06-04T15:45:00-04:00,2020-06-04,AAPL,24h,0,0.0,0.0,0.0,[],[]
2020-06-05T15:45:00-04:00,2020-06-05,AAPL,24h,0,0.0,0.0,0.0,[],[]
2020-06-08T15:45:00-04:00,2020-06-08,AAPL,24h,0,0.0,0.0,0.0,[],[]
2020-06-09T15:45:00-04:00,2020-06-09,AAPL,24h,0,0.0,0.0,0.0,[],[]
2020-06-10T15:45:00-04:00,2020-06-10,AAPL,24h,0,0.0,0.0,0.0,[],[]
2020-06-11T15:45:00-04:00,2020-06-11,AAPL,24h,0,0.0,0.0,0.0,[],[]
2020-06-12T15:45:00-04:00,2020-06-12,AAPL,24h,0,0.0,0.0,0.0,[],[]
2020-06-15T15:45:00-04:00,2020-06-15,AAPL,24h,0,0.0,0.0,0.0,[],[]
2020-06-16T15:45:00-04:00,2020-06-16,AAPL,24h,0,0.0,0.0,0.0,[],[]
2020-06-17T15:45:00-04:00,2020-06-17,AAPL,24h,0,0.0,0.0,0.0,[],[]
2020-06-18T15:45:00-04:00,2020-06-18,AAPL,24h,0,0.0,0.0,0.0,[],[]
2020-06-19T15:45:00-04:00,2020-06-19,AAPL,24h,0,0.0,0.0,0.0,[],[]
2020-06-22T15:45:00-04:00,2020-06-22,AAPL,24h,0,0.0,0.0,0.0,[],[]
2020-06-23T15:45:00-04:00,2020-06-23,AAPL,24h,0,0.0,0.0,0.0,[],[]
2020-06-24T15:45:00-04:00,2020-06-24,AAPL,24h,0,0.0,0.0,0.0,[],[]
2020-06-25T15:45:00-04:00,2020-06-25,AAPL,24h,0,0.0,0.0,0.0,[],[]
2020-06-26T15:45:00-04:00,2020-06-26,AAPL,24h,0,0.0,0.0,0.0,[],[]
2020-06-29T15:45:00-04:00,2020-06-29,AAPL,24h,0,0.0,0.0,0.0,[],[]
2020-06-30T15:45:00-04:00,2020-06-30,AAPL,24h,0,0.0,0.0,0.0,[],[]
2020-07-01T15:45:00-04:00,2020-07-01,AAPL,24h,0,0.0,0.0,0.0,[],[]
2020-07-02T15:45:00-04:00,2020-07-02,AAPL,24h,0,0.0,0.0,0.0,[],[]
2020-07-03T15:45:00-04:00,2020-07-03,AAPL,24h,0,0.0,0.0,0.0,[],[]
2020-07-06T15:45:00-04:00,2020-07-06,AAPL,24h,0,0.0,0.0,0.0,[],[]
2020-07-07T15:45:00-04:00,2020-07-07,AAPL,24h,0,0.0,0.0,0.0,[],[]
2020-07-08T15:45:00-04:00,2020-07-08,AAPL,24h,0,0.0,0.0,0.0,[],[]
2020-07-09T15:45:00-04:00,2020-07-09,AAPL,24h,0,0.0,0.0,0.0,[],[]
2020-07-10T15:45:00-04:00,2020-07-10,AAPL,24h,0,0.0,0.0,0.0,[],[]
2020-07-13T15:45:00-04:00,2020-07-13,AAPL,24h,0,0.0,0.0,0.0,[],[]
2020-07-14T15:45:00-04:00,2020-07-14,AAPL,24h,0,0.0,0.0,0.0,[],[]
2020-07-15T15:45:00-04:00,2020-07-15,AAPL,24h,0,0.0,0.0,0.0,[],[]
2020-07-16T15:45:00-04:00,2020-07-16,AAPL,24h,0,0.0,0.0,0.0,[],[]
2020-07-17T15:45:00-04:00,2020-07-17,AAPL,24h,0,0.0,0.0,0.0,[],[]
2020-07-20T15:45:00-04:00,2020-07-20,AAPL,24h,0,0.0,0.0,0.0,[],[]
2020-07-21T15:45:00-04:00,2020-07-21,AAPL,24h,0,0.0,0.0,0.0,[],[]
2020-07-22T15:45:00-04:00,2020-07-22,AAPL,24h,0,0.0,0.0,0.0,[],[]
2020-07-23T15:45:00-04:00,2020-07-23,AAPL,24h,0,0.0,0.0,0.0,[],[]
2020-07-24T15:45:00-04:00,2020-07-24,AAPL,24h,0,0.0,0.0,0.0,[],[]
2020-07-27T15:45:00-04:00,2020-07-27,AAPL,24h,0,0.0,0.0,0.0,[],[]
2020-07-28T15:45:00-04:00,2020-07-28,AAPL,24h,0,0.0,0.0,0.0,[],[]
2020-07-29T15:45:00-04:00,2020-07-29,AAPL,24h,0,0.0,0.0,0.0,[],[]
2020-07-30T15:45:00-04:00,2020-07-30,AAPL,24h,0,0.0,0.0,0.0,[],[]
2020-07-31T15:45:00-04:00,2020-07-31,AAPL,24h,0,0.0,0.0,0.0,[],[]
2020-08-03T15:45:00-04:00,2020-08-03,AAPL,24h,0,0.0,0.0,0.0,[],[]
2020-08-04T15:45:00-04:00,2020-08-04,AAPL,24h,0,0.0,0.0,0.0,[],[]
2020-08-05T15:45:00-04:00,2020-08-05,AAPL,24h,0,0.0,0.0,0.0,[],[]
2020-08-06T15:45:00-04:00,2020-08-06,AAPL,24h,0,0.0,0.0,0.0,[],[]
2020-08-07T15:45:00-04:00,2020-08-07,AAPL,24h,0,0.0,0.0,0.0,[],[]
2020-08-10T15:45:00-04:00,2020-08-10,AAPL,24h,0,0.0,0.0,0.0,[],[]
2020-08-11T15:45:00-04:00,2020-08-11,AAPL,24h,0,0.0,0.0,0.0,[],[]
2020-08-12T15:45:00-04:00,2020-08-12,AAPL,24h,0,0.0,0.0,0.0,[],[]
2020-08-13T15:45:00-04:00,2020-08-13,AAPL,24h,0,0.0,0.0,0.0,[],[]
2020-08-14T15:45:00-04:00,2020-08-14,AAPL,24h,0,0.0,0.0,0.0,[],[]
2020-08-17T15:45:00-04:00,2020-08-17,AAPL,24h,0,0.0,0.0,0.0,[],[]
2020-08-18T15:45:00-04:00,2020-08-18,AAPL,24h,0,0.0,0.0,0.0,[],[]
2020-08-19T15:45:00-04:00,2020-08-19,AAPL,24h,0,0.0,0.0,0.0,[],[]
2020-08-20T15:45:00-04:00,2020-08-20,AAPL,24h,0,0.0,0.0,0.0,[],[]
2020-08-21T15:45:00-04:00,2020-08-21,AAPL,24h,0,0.0,0.0,0.0,[],[]
2020-08-24T15:45:00-04:00,2020-08-24,AAPL,24h,0,0.0,0.0,0.0,[],[]
2020-08-25T15:45:00-04:00,2020-08-25,AAPL,24h,0,0.0,0.0,0.0,[],[]
2020-08-26T15:45:00-04:00,2020-08-26,AAPL,24h,0,0.0,0.0,0.0,[],[]
2020-08-27T15:45:00-04:00,2020-08-27,AAPL,24h,0,0.0,0.0,0.0,[],[]
2020-08-28T15:45:00-04:00,2020-08-28,AAPL,24h,0,0.0,0.0,0.0,[],[]
2020-08-31T15:45:00-04:00,2020-08-31,AAPL,24h,0,0.0,0.0,0.0,[],[]
2020-09-01T15:45:00-04:00,2020-09-01,AAPL,24h,0,0.0,0.0,0.0,[],[]
2020-09-02T15:45:00-04:00,2020-09-02,AAPL,24h,0,0.0,0.0,0.0,[],[]
2020-09-03T15:45:00-04:00,2020-09-03,AAPL,24h,0,0.0,0.0,0.0,[],[]
2020-09-04T15:45:00-04:00,2020-09-04,AAPL,24h,0,0.0,0.0,0.0,[],[]
2020-09-07T15:45:00-04:00,2020-09-07,AAPL,24h,0,0.0,0.0,0.0,[],[]
2020-09-08T15:45:00-04:00,2020-09-08,AAPL,24h,0,0.0,0.0,0.0,[],[]
2020-09-09T15:45:00-04:00,2020-09-09,AAPL,24h,0,0.0,0.0,0.0,[],[]
2020-09-10T15:45:00-04:00,2020-09-10,AAPL,24h,0,0.0,0.0,0.0,[],[]
2020-09-11T15:45:00-04:00,2020-09-11,AAPL,24h,0,0.0,0.0,0.0,[],[]
2020-09-14T15:45:00-04:00,2020-09-14,AAPL,24h,0,0.0,0.0,0.0,[],[]
2020-09-15T15:45:00-04:00,2020-09-15,AAPL,24h,0,0.0,0.0,0.0,[],[]
2020-09-16T15:45:00-04:00,2020-09-16,AAPL,24h,0,0.0,0.0,0.0,[],[]
2020-09-17T15:45:00-04:00,2020-09-17,AAPL,24h,0,0.0,0.0,0.0,[],[]
2020-09-18T15:45:00-04:00,2020-09-18,AAPL,24h,0,0.0,0.0,0.0,[],[]
2020-09-21T15:45:00-04:00,2020-09-21,AAPL,24h,0,0.0,0.0,0.0,[],[]
2020-09-22T15:45:00-04:00,2020-09-22,AAPL,24h,0,0.0,0.0,0.0,[],[]
2020-09-23T15:45:00-04:00,2020-09-23,AAPL,24h,0,0.0,0.0,0.0,[],[]
2020-09-24T15:45:00-04:00,2020-09-24,AAPL,24h,0,0.0,0.0,0.0,[],[]
2020-09-25T15:45:00-04:00,2020-09-25,AAPL,24h,0,0.0,0.0,0.0,[],[]
2020-09-28T15:45:00-04:00,2020-09-28,AAPL,24h,0,0.0,0.0,0.0,[],[]
2020-09-29T15:45:00-04:00,2020-09-29,AAPL,24h,0,0.0,0.0,0.0,[],[]
2020-09-30T15:45:00-04:00,2020-09-30,AAPL,24h,0,0.0,0.0,0.0,[],[]
2020-10-01T15:45:00-04:00,2020-10-01,AAPL,24h,0,0.0,0.0,0.0,[],[]
2020-10-02T15:45:00-04:00,2020-10-02,AAPL,24h,0,0.0,0.0,0.0,[],[]
2020-10-05T15:45:00-04:00,2020-10-05,AAPL,24h,0,0.0,0.0,0.0,[],[]
2020-10-06T15:45:00-04:00,2020-10-06,AAPL,24h,0,0.0,0.0,0.0,[],[]
2020-10-07T15:45:00-04:00,2020-10-07,AAPL,24h,0,0.0,0.0,0.0,[],[]
2020-10-08T15:45:00-04:00,2020-10-08,AAPL,24h,0,0.0,0.0,0.0,[],[]
2020-10-09T15:45:00-04:00,2020-10-09,AAPL,24h,0,0.0,0.0,0.0,[],[]
2020-10-12T15:45:00-04:00,2020-10-12,AAPL,24h,0,0.0,0.0,0.0,[],[]
2020-10-13T15:45:00-04:00,2020-10-13,AAPL,24h,0,0.0,0.0,0.0,[],[]
2020-10-14T15:45:00-04:00,2020-10-14,AAPL,24h,0,0.0,0.0,0.0,[],[]
2020-10-15T15:45:00-04:00,2020-10-15,AAPL,24h,0,0.0,0.0,0.0,[],[]
2020-10-16T15:45:00-04:00,2020-10-16,AAPL,24h,0,0.0,0.0,0.0,[],[]
2020-10-19T15:45:00-04:00,2020-10-19,AAPL,24h,0,0.0,0.0,0.0,[],[]
2020-10-20T15:45:00-04:00,2020-10-20,AAPL,24h,0,0.0,0.0,0.0,[],[]
2020-10-21T15:45:00-04:00,2020-10-21,AAPL,24h,0,0.0,0.0,0.0,[],[]
2020-10-22T15:45:00-04:00,2020-10-22,AAPL,24h,0,0.0,0.0,0.0,[],[]
2020-10-23T15:45:00-04:00,2020-10-23,AAPL,24h,0,0.0,0.0,0.0,[],[]
2020-10-26T15:45:00-04:00,2020-10-26,AAPL,24h,0,0.0,0.0,0.0,[],[]
2020-10-27T15:45:00-04:00,2020-10-27,AAPL,24h,0,0.0,0.0,0.0,[],[]
2020-10-28T15:45:00-04:00,2020-10-28,AAPL,24h,0,0.0,0.0,0.0,[],[]
2020-10-29T15:45:00-04:00,2020-10-29,AAPL,24h,0,0.0,0.0,0.0,[],[]
2020-10-30T15:45:00-04:00,2020-10-30,AAPL,24h,0,0.0,0.0,0.0,[],[]
2020-11-02T15:45:00-05:00,2020-11-02,AAPL,24h,0,0.0,0.0,0.0,[],[]
2020-11-03T15:45:00-05:00,2020-11-03,AAPL,24h,0,0.0,0.0,0.0,[],[]
2020-11-04T15:45:00-05:00,2020-11-04,AAPL,24h,0,0.0,0.0,0.0,[],[]
2020-11-05T15:45:00-05:00,2020-11-05,AAPL,24h,0,0.0,0.0,0.0,[],[]
2020-11-06T15:45:00-05:00,2020-11-06,AAPL,24h,0,0.0,0.0,0.0,[],[]
2020-11-09T15:45:00-05:00,2020-11-09,AAPL,24h,0,0.0,0.0,0.0,[],[]
2020-11-10T15:45:00-05:00,2020-11-10,AAPL,24h,0,0.0,0.0,0.0,[],[]
2020-11-11T15:45:00-05:00,2020-11-11,AAPL,24h,0,0.0,0.0,0.0,[],[]
2020-11-12T15:45:00-05:00,2020-11-12,AAPL,24h,0,0.0,0.0,0.0,[],[]
2020-11-13T15:45:00-05:00,2020-11-13,AAPL,24h,0,0.0,0.0,0.0,[],[]
2020-11-16T15:45:00-05:00,2020-11-16,AAPL,24h,0,0.0,0.0,0.0,[],[]
2020-11-17T15:45:00-05:00,2020-11-17,AAPL,24h,0,0.0,0.0,0.0,[],[]
2020-11-18T15:45:00-05:00,2020-11-18,AAPL,24h,0,0.0,0.0,0.0,[],[]
2020-11-19T15:45:00-05:00,2020-11-19,AAPL,24h,0,0.0,0.0,0.0,[],[]
2020-11-20T15:45:00-05:00,2020-11-20,AAPL,24h,0,0.0,0.0,0.0,[],[]
2020-11-23T15:45:00-05:00,2020-11-23,AAPL,24h,0,0.0,0.0,0.0,[],[]
2020-11-24T15:45:00-05:00,2020-11-24,AAPL,24h,0,0.0,0.0,0.0,[],[]
2020-11-25T15:45:00-05:00,2020-11-25,AAPL,24h,0,0.0,0.0,0.0,[],[]
2020-11-26T15:45:00-05:00,2020-11-26,AAPL,24h,0,0.0,0.0,0.0,[],[]
2020-11-27T15:45:00-05:00,2020-11-27,AAPL,24h,0,0.0,0.0,0.0,[],[]
2020-11-30T15:45:00-05:00,2020-11-30,AAPL,24h,0,0.0,0.0,0.0,[],[]
2020-12-01T15:45:00-05:00,2020-12-01,AAPL,24h,0,0.0,0.0,0.0,[],[]
2020-12-02T15:45:00-05:00,2020-12-02,AAPL,24h,0,0.0,0.0,0.0,[],[]
2020-12-03T15:45:00-05:00,2020-12-03,AAPL,24h,0,0.0,0.0,0.0,[],[]
2020-12-04T15:45:00-05:00,2020-12-04,AAPL,24h,0,0.0,0.0,0.0,[],[]
2020-12-07T15:45:00-05:00,2020-12-07,AAPL,24h,0,0.0,0.0,0.0,[],[]
2020-12-08T15:45:00-05:00,2020-12-08,AAPL,24h,0,0.0,0.0,0.0,[],[]
2020-12-09T15:45:00-05:00,2020-12-09,AAPL,24h,0,0.0,0.0,0.0,[],[]
2020-12-10T15:45:00-05:00,2020-12-10,AAPL,24h,0,0.0,0.0,0.0,[],[]
2020-12-11T15:45:00-05:00,2020-12-11,AAPL,24h,0,0.0,0.0,0.0,[],[]
2020-12-14T15:45:00-05:00,2020-12-14,AAPL,24h,0,0.0,0.0,0.0,[],[]
2020-12-15T15:45:00-05:00,2020-12-15,AAPL,24h,0,0.0,0.0,0.0,[],[]
2020-12-16T15:45:00-05:00,2020-12-16,AAPL,24h,0,0.0,0.0,0.0,[],[]
2020-12-17T15:45:00-05:00,2020-12-17,AAPL,24h,0,0.0,0.0,0.0,[],[]
2020-12-18T15:45:00-05:00,2020-12-18,AAPL,24h,0,0.0,0.0,0.0,[],[]
2020-12-21T15:45:00-05:00,2020-12-21,AAPL,24h,0,0.0,0.0,0.0,[],[]
2020-12-22T15:45:00-05:00,2020-12-22,AAPL,24h,0,0.0,0.0,0.0,[],[]
2020-12-23T15:45:00-05:00,2020-12-23,AAPL,24h,0,0.0,0.0,0.0,[],[]
2020-12-24T15:45:00-05:00,2020-12-24,AAPL,24h,0,0.0,0.0,0.0,[],[]
2020-12-25T15:45:00-05:00,2020-12-25,AAPL,24h,0,0.0,0.0,0.0,[],[]
2020-12-28T15:45:00-05:00,2020-12-28,AAPL,24h,0,0.0,0.0,0.0,[],[]
2020-12-29T15:45:00-05:00,2020-12-29,AAPL,24h,0,0.0,0.0,0.0,[],[]
2020-12-30T15:45:00-05:00,2020-12-30,AAPL,24h,0,0.0,0.0,0.0,[],[]
2020-12-31T15:45:00-05:00,2020-12-31,AAPL,24h,0,0.0,0.0,0.0,[],[]
2021-01-01T15:45:00-05:00,2021-01-01,AAPL,24h,0,0.0,0.0,0.0,[],[]
2021-01-04T15:45:00-05:00,2021-01-04,AAPL,24h,0,0.0,0.0,0.0,[],[]
2021-01-05T15:45:00-05:00,2021-01-05,AAPL,24h,0,0.0,0.0,0.0,[],[]
2021-01-06T15:45:00-05:00,2021-01-06,AAPL,24h,1,0.0,0.0,0.0,"[""litigation""]","[""sec_edgar""]"
2021-01-07T15:45:00-05:00,2021-01-07,AAPL,24h,0,0.0,0.0,0.0,[],[]
2021-01-08T15:45:00-05:00,2021-01-08,AAPL,24h,0,0.0,0.0,0.0,[],[]
2021-01-11T15:45:00-05:00,2021-01-11,AAPL,24h,0,0.0,0.0,0.0,[],[]
2021-01-12T15:45:00-05:00,2021-01-12,AAPL,24h,0,0.0,0.0,0.0,[],[]
2021-01-13T15:45:00-05:00,2021-01-13,AAPL,24h,0,0.0,0.0,0.0,[],[]
2021-01-14T15:45:00-05:00,2021-01-14,AAPL,24h,0,0.0,0.0,0.0,[],[]
2021-01-15T15:45:00-05:00,2021-01-15,AAPL,24h,0,0.0,0.0,0.0,[],[]
2021-01-18T15:45:00-05:00,2021-01-18,AAPL,24h,0,0.0,0.0,0.0,[],[]
2021-01-19T15:45:00-05:00,2021-01-19,AAPL,24h,0,0.0,0.0,0.0,[],[]
2021-01-20T15:45:00-05:00,2021-01-20,AAPL,24h,0,0.0,0.0,0.0,[],[]
2021-01-21T15:45:00-05:00,2021-01-21,AAPL,24h,0,0.0,0.0,0.0,[],[]
2021-01-22T15:45:00-05:00,2021-01-22,AAPL,24h,0,0.0,0.0,0.0,[],[]
2021-01-25T15:45:00-05:00,2021-01-25,AAPL,24h,0,0.0,0.0,0.0,[],[]
2021-01-26T15:45:00-05:00,2021-01-26,AAPL,24h,0,0.0,0.0,0.0,[],[]
2021-01-27T15:45:00-05:00,2021-01-27,AAPL,24h,0,0.0,0.0,0.0,[],[]
2021-01-28T15:45:00-05:00,2021-01-28,AAPL,24h,0,0.0,0.0,0.0,[],[]
2021-01-29T15:45:00-05:00,2021-01-29,AAPL,24h,0,0.0,0.0,0.0,[],[]
2021-02-01T15:45:00-05:00,2021-02-01,AAPL,24h,0,0.0,0.0,0.0,[],[]
2021-02-02T15:45:00-05:00,2021-02-02,AAPL,24h,0,0.0,0.0,0.0,[],[]
2021-02-03T15:45:00-05:00,2021-02-03,AAPL,24h,0,0.0,0.0,0.0,[],[]
2021-02-04T15:45:00-05:00,2021-02-04,AAPL,24h,0,0.0,0.0,0.0,[],[]
2021-02-05T15:45:00-05:00,2021-02-05,AAPL,24h,0,0.0,0.0,0.0,[],[]
2021-02-08T15:45:00-05:00,2021-02-08,AAPL,24h,0,0.0,0.0,0.0,[],[]
2021-02-09T15:45:00-05:00,2021-02-09,AAPL,24h,0,0.0,0.0,0.0,[],[]
2021-02-10T15:45:00-05:00,2021-02-10,AAPL,24h,0,0.0,0.0,0.0,[],[]
2021-02-11T15:45:00-05:00,2021-02-11,AAPL,24h,0,0.0,0.0,0.0,[],[]
2021-02-12T15:45:00-05:00,2021-02-12,AAPL,24h,0,0.0,0.0,0.0,[],[]
2021-02-15T15:45:00-05:00,2021-02-15,AAPL,24h,0,0.0,0.0,0.0,[],[]
2021-02-16T15:45:00-05:00,2021-02-16,AAPL,24h,0,0.0,0.0,0.0,[],[]
2021-02-17T15:45:00-05:00,2021-02-17,AAPL,24h,0,0.0,0.0,0.0,[],[]
2021-02-18T15:45:00-05:00,2021-02-18,AAPL,24h,0,0.0,0.0,0.0,[],[]
2021-02-19T15:45:00-05:00,2021-02-19,AAPL,24h,0,0.0,0.0,0.0,[],[]
2021-02-22T15:45:00-05:00,2021-02-22,AAPL,24h,0,0.0,0.0,0.0,[],[]
2021-02-23T15:45:00-05:00,2021-02-23,AAPL,24h,0,0.0,0.0,0.0,[],[]
2021-02-24T15:45:00-05:00,2021-02-24,AAPL,24h,0,0.0,0.0,0.0,[],[]
2021-02-25T15:45:00-05:00,2021-02-25,AAPL,24h,1,0.0,0.0,0.0,"[""litigation""]","[""sec_edgar""]"
2021-02-26T15:45:00-05:00,2021-02-26,AAPL,24h,0,0.0,0.0,0.0,[],[]
2021-03-01T15:45:00-05:00,2021-03-01,AAPL,24h,0,0.0,0.0,0.0,[],[]
2021-03-02T15:45:00-05:00,2021-03-02,AAPL,24h,0,0.0,0.0,0.0,[],[]
2021-03-03T15:45:00-05:00,2021-03-03,AAPL,24h,0,0.0,0.0,0.0,[],[]
2021-03-04T15:45:00-05:00,2021-03-04,AAPL,24h,0,0.0,0.0,0.0,[],[]
2021-03-05T15:45:00-05:00,2021-03-05,AAPL,24h,0,0.0,0.0,0.0,[],[]
2021-03-08T15:45:00-05:00,2021-03-08,AAPL,24h,0,0.0,0.0,0.0,[],[]
2021-03-09T15:45:00-05:00,2021-03-09,AAPL,24h,0,0.0,0.0,0.0,[],[]
2021-03-10T15:45:00-05:00,2021-03-10,AAPL,24h,0,0.0,0.0,0.0,[],[]
2021-03-11T15:45:00-05:00,2021-03-11,AAPL,24h,0,0.0,0.0,0.0,[],[]
2021-03-12T15:45:00-05:00,2021-03-12,AAPL,24h,0,0.0,0.0,0.0,[],[]
2021-03-15T15:45:00-04:00,2021-03-15,AAPL,24h,0,0.0,0.0,0.0,[],[]
2021-03-16T15:45:00-04:00,2021-03-16,AAPL,24h,0,0.0,0.0,0.0,[],[]
2021-03-17T15:45:00-04:00,2021-03-17,AAPL,24h,0,0.0,0.0,0.0,[],[]
2021-03-18T15:45:00-04:00,2021-03-18,AAPL,24h,0,0.0,0.0,0.0,[],[]
2021-03-19T15:45:00-04:00,2021-03-19,AAPL,24h,0,0.0,0.0,0.0,[],[]
2021-03-22T15:45:00-04:00,2021-03-22,AAPL,24h,0,0.0,0.0,0.0,[],[]
2021-03-23T15:45:00-04:00,2021-03-23,AAPL,24h,0,0.0,0.0,0.0,[],[]
2021-03-24T15:45:00-04:00,2021-03-24,AAPL,24h,0,0.0,0.0,0.0,[],[]
2021-03-25T15:45:00-04:00,2021-03-25,AAPL,24h,0,0.0,0.0,0.0,[],[]
2021-03-26T15:45:00-04:00,2021-03-26,AAPL,24h,0,0.0,0.0,0.0,[],[]
2021-03-29T15:45:00-04:00,2021-03-29,AAPL,24h,0,0.0,0.0,0.0,[],[]
2021-03-30T15:45:00-04:00,2021-03-30,AAPL,24h,0,0.0,0.0,0.0,[],[]
2021-03-31T15:45:00-04:00,2021-03-31,AAPL,24h,0,0.0,0.0,0.0,[],[]
2021-04-01T15:45:00-04:00,2021-04-01,AAPL,24h,0,0.0,0.0,0.0,[],[]
2021-04-02T15:45:00-04:00,2021-04-02,AAPL,24h,0,0.0,0.0,0.0,[],[]
2021-04-05T15:45:00-04:00,2021-04-05,AAPL,24h,0,0.0,0.0,0.0,[],[]
2021-04-06T15:45:00-04:00,2021-04-06,AAPL,24h,0,0.0,0.0,0.0,[],[]
2021-04-07T15:45:00-04:00,2021-04-07,AAPL,24h,0,0.0,0.0,0.0,[],[]
2021-04-08T15:45:00-04:00,2021-04-08,AAPL,24h,0,0.0,0.0,0.0,[],[]
2021-04-09T15:45:00-04:00,2021-04-09,AAPL,24h,0,0.0,0.0,0.0,[],[]
2021-04-12T15:45:00-04:00,2021-04-12,AAPL,24h,0,0.0,0.0,0.0,[],[]
2021-04-13T15:45:00-04:00,2021-04-13,AAPL,24h,0,0.0,0.0,0.0,[],[]
2021-04-14T15:45:00-04:00,2021-04-14,AAPL,24h,0,0.0,0.0,0.0,[],[]
2021-04-15T15:45:00-04:00,2021-04-15,AAPL,24h,0,0.0,0.0,0.0,[],[]
2021-04-16T15:45:00-04:00,2021-04-16,AAPL,24h,0,0.0,0.0,0.0,[],[]
2021-04-19T15:45:00-04:00,2021-04-19,AAPL,24h,0,0.0,0.0,0.0,[],[]
2021-04-20T15:45:00-04:00,2021-04-20,AAPL,24h,0,0.0,0.0,0.0,[],[]
2021-04-21T15:45:00-04:00,2021-04-21,AAPL,24h,0,0.0,0.0,0.0,[],[]
2021-04-22T15:45:00-04:00,2021-04-22,AAPL,24h,0,0.0,0.0,0.0,[],[]
2021-04-23T15:45:00-04:00,2021-04-23,AAPL,24h,0,0.0,0.0,0.0,[],[]
2021-04-26T15:45:00-04:00,2021-04-26,AAPL,24h,0,0.0,0.0,0.0,[],[]
2021-04-27T15:45:00-04:00,2021-04-27,AAPL,24h,0,0.0,0.0,0.0,[],[]
2021-04-28T15:45:00-04:00,2021-04-28,AAPL,24h,0,0.0,0.0,0.0,[],[]
2021-04-29T15:45:00-04:00,2021-04-29,AAPL,24h,0,0.0,0.0,0.0,[],[]
2021-04-30T15:45:00-04:00,2021-04-30,AAPL,24h,0,0.0,0.0,0.0,[],[]
2021-05-03T15:45:00-04:00,2021-05-03,AAPL,24h,0,0.0,0.0,0.0,[],[]
2021-05-04T15:45:00-04:00,2021-05-04,AAPL,24h,0,0.0,0.0,0.0,[],[]
2021-05-05T15:45:00-04:00,2021-05-05,AAPL,24h,0,0.0,0.0,0.0,[],[]
2021-05-06T15:45:00-04:00,2021-05-06,AAPL,24h,0,0.0,0.0,0.0,[],[]
2021-05-07T15:45:00-04:00,2021-05-07,AAPL,24h,0,0.0,0.0,0.0,[],[]
2021-05-10T15:45:00-04:00,2021-05-10,AAPL,24h,0,0.0,0.0,0.0,[],[]
2021-05-11T15:45:00-04:00,2021-05-11,AAPL,24h,0,0.0,0.0,0.0,[],[]
2021-05-12T15:45:00-04:00,2021-05-12,AAPL,24h,0,0.0,0.0,0.0,[],[]
2021-05-13T15:45:00-04:00,2021-05-13,AAPL,24h,0,0.0,0.0,0.0,[],[]
2021-05-14T15:45:00-04:00,2021-05-14,AAPL,24h,0,0.0,0.0,0.0,[],[]
2021-05-17T15:45:00-04:00,2021-05-17,AAPL,24h,0,0.0,0.0,0.0,[],[]
2021-05-18T15:45:00-04:00,2021-05-18,AAPL,24h,0,0.0,0.0,0.0,[],[]
2021-05-19T15:45:00-04:00,2021-05-19,AAPL,24h,0,0.0,0.0,0.0,[],[]
2021-05-20T15:45:00-04:00,2021-05-20,AAPL,24h,0,0.0,0.0,0.0,[],[]
2021-05-21T15:45:00-04:00,2021-05-21,AAPL,24h,0,0.0,0.0,0.0,[],[]
2021-05-24T15:45:00-04:00,2021-05-24,AAPL,24h,0,0.0,0.0,0.0,[],[]
2021-05-25T15:45:00-04:00,2021-05-25,AAPL,24h,0,0.0,0.0,0.0,[],[]
2021-05-26T15:45:00-04:00,2021-05-26,AAPL,24h,0,0.0,0.0,0.0,[],[]
2021-05-27T15:45:00-04:00,2021-05-27,AAPL,24h,0,0.0,0.0,0.0,[],[]
2021-05-28T15:45:00-04:00,2021-05-28,AAPL,24h,0,0.0,0.0,0.0,[],[]
2021-05-31T15:45:00-04:00,2021-05-31,AAPL,24h,0,0.0,0.0,0.0,[],[]
2021-06-01T15:45:00-04:00,2021-06-01,AAPL,24h,0,0.0,0.0,0.0,[],[]
2021-06-02T15:45:00-04:00,2021-06-02,AAPL,24h,0,0.0,0.0,0.0,[],[]
2021-06-03T15:45:00-04:00,2021-06-03,AAPL,24h,0,0.0,0.0,0.0,[],[]
2021-06-04T15:45:00-04:00,2021-06-04,AAPL,24h,0,0.0,0.0,0.0,[],[]
2021-06-07T15:45:00-04:00,2021-06-07,AAPL,24h,0,0.0,0.0,0.0,[],[]
2021-06-08T15:45:00-04:00,2021-06-08,AAPL,24h,0,0.0,0.0,0.0,[],[]
2021-06-09T15:45:00-04:00,2021-06-09,AAPL,24h,0,0.0,0.0,0.0,[],[]
2021-06-10T15:45:00-04:00,2021-06-10,AAPL,24h,0,0.0,0.0,0.0,[],[]
2021-06-11T15:45:00-04:00,2021-06-11,AAPL,24h,0,0.0,0.0,0.0,[],[]
2021-06-14T15:45:00-04:00,2021-06-14,AAPL,24h,0,0.0,0.0,0.0,[],[]
2021-06-15T15:45:00-04:00,2021-06-15,AAPL,24h,0,0.0,0.0,0.0,[],[]
2021-06-16T15:45:00-04:00,2021-06-16,AAPL,24h,0,0.0,0.0,0.0,[],[]
2021-06-17T15:45:00-04:00,2021-06-17,AAPL,24h,0,0.0,0.0,0.0,[],[]
2021-06-18T15:45:00-04:00,2021-06-18,AAPL,24h,0,0.0,0.0,0.0,[],[]
2021-06-21T15:45:00-04:00,2021-06-21,AAPL,24h,0,0.0,0.0,0.0,[],[]
2021-06-22T15:45:00-04:00,2021-06-22,AAPL,24h,0,0.0,0.0,0.0,[],[]
2021-06-23T15:45:00-04:00,2021-06-23,AAPL,24h,0,0.0,0.0,0.0,[],[]
2021-06-24T15:45:00-04:00,2021-06-24,AAPL,24h,0,0.0,0.0,0.0,[],[]
2021-06-25T15:45:00-04:00,2021-06-25,AAPL,24h,0,0.0,0.0,0.0,[],[]
2021-06-28T15:45:00-04:00,2021-06-28,AAPL,24h,0,0.0,0.0,0.0,[],[]
2021-06-29T15:45:00-04:00,2021-06-29,AAPL,24h,0,0.0,0.0,0.0,[],[]
2021-06-30T15:45:00-04:00,2021-06-30,AAPL,24h,0,0.0,0.0,0.0,[],[]
2021-07-01T15:45:00-04:00,2021-07-01,AAPL,24h,0,0.0,0.0,0.0,[],[]
2021-07-02T15:45:00-04:00,2021-07-02,AAPL,24h,0,0.0,0.0,0.0,[],[]
2021-07-05T15:45:00-04:00,2021-07-05,AAPL,24h,0,0.0,0.0,0.0,[],[]
2021-07-06T15:45:00-04:00,2021-07-06,AAPL,24h,0,0.0,0.0,0.0,[],[]
2021-07-07T15:45:00-04:00,2021-07-07,AAPL,24h,0,0.0,0.0,0.0,[],[]
2021-07-08T15:45:00-04:00,2021-07-08,AAPL,24h,0,0.0,0.0,0.0,[],[]
2021-07-09T15:45:00-04:00,2021-07-09,AAPL,24h,0,0.0,0.0,0.0,[],[]
2021-07-12T15:45:00-04:00,2021-07-12,AAPL,24h,0,0.0,0.0,0.0,[],[]
2021-07-13T15:45:00-04:00,2021-07-13,AAPL,24h,0,0.0,0.0,0.0,[],[]
2021-07-14T15:45:00-04:00,2021-07-14,AAPL,24h,0,0.0,0.0,0.0,[],[]
2021-07-15T15:45:00-04:00,2021-07-15,AAPL,24h,0,0.0,0.0,0.0,[],[]
2021-07-16T15:45:00-04:00,2021-07-16,AAPL,24h,0,0.0,0.0,0.0,[],[]
2021-07-19T15:45:00-04:00,2021-07-19,AAPL,24h,0,0.0,0.0,0.0,[],[]
2021-07-20T15:45:00-04:00,2021-07-20,AAPL,24h,0,0.0,0.0,0.0,[],[]
2021-07-21T15:45:00-04:00,2021-07-21,AAPL,24h,0,0.0,0.0,0.0,[],[]
2021-07-22T15:45:00-04:00,2021-07-22,AAPL,24h,0,0.0,0.0,0.0,[],[]
2021-07-23T15:45:00-04:00,2021-07-23,AAPL,24h,0,0.0,0.0,0.0,[],[]
2021-07-26T15:45:00-04:00,2021-07-26,AAPL,24h,0,0.0,0.0,0.0,[],[]
2021-07-27T15:45:00-04:00,2021-07-27,AAPL,24h,0,0.0,0.0,0.0,[],[]
2021-07-28T15:45:00-04:00,2021-07-28,AAPL,24h,0,0.0,0.0,0.0,[],[]
2021-07-29T15:45:00-04:00,2021-07-29,AAPL,24h,0,0.0,0.0,0.0,[],[]
2021-07-30T15:45:00-04:00,2021-07-30,AAPL,24h,0,0.0,0.0,0.0,[],[]
2021-08-02T15:45:00-04:00,2021-08-02,AAPL,24h,0,0.0,0.0,0.0,[],[]
2021-08-03T15:45:00-04:00,2021-08-03,AAPL,24h,0,0.0,0.0,0.0,[],[]
2021-08-04T15:45:00-04:00,2021-08-04,AAPL,24h,0,0.0,0.0,0.0,[],[]
2021-08-05T15:45:00-04:00,2021-08-05,AAPL,24h,0,0.0,0.0,0.0,[],[]
2021-08-06T15:45:00-04:00,2021-08-06,AAPL,24h,0,0.0,0.0,0.0,[],[]
2021-08-09T15:45:00-04:00,2021-08-09,AAPL,24h,0,0.0,0.0,0.0,[],[]
2021-08-10T15:45:00-04:00,2021-08-10,AAPL,24h,0,0.0,0.0,0.0,[],[]
2021-08-11T15:45:00-04:00,2021-08-11,AAPL,24h,0,0.0,0.0,0.0,[],[]
2021-08-12T15:45:00-04:00,2021-08-12,AAPL,24h,0,0.0,0.0,0.0,[],[]
2021-08-13T15:45:00-04:00,2021-08-13,AAPL,24h,0,0.0,0.0,0.0,[],[]
2021-08-16T15:45:00-04:00,2021-08-16,AAPL,24h,0,0.0,0.0,0.0,[],[]
2021-08-17T15:45:00-04:00,2021-08-17,AAPL,24h,0,0.0,0.0,0.0,[],[]
2021-08-18T15:45:00-04:00,2021-08-18,AAPL,24h,0,0.0,0.0,0.0,[],[]
2021-08-19T15:45:00-04:00,2021-08-19,AAPL,24h,0,0.0,0.0,0.0,[],[]
2021-08-20T15:45:00-04:00,2021-08-20,AAPL,24h,0,0.0,0.0,0.0,[],[]
2021-08-23T15:45:00-04:00,2021-08-23,AAPL,24h,0,0.0,0.0,0.0,[],[]
2021-08-24T15:45:00-04:00,2021-08-24,AAPL,24h,0,0.0,0.0,0.0,[],[]
2021-08-25T15:45:00-04:00,2021-08-25,AAPL,24h,0,0.0,0.0,0.0,[],[]
2021-08-26T15:45:00-04:00,2021-08-26,AAPL,24h,0,0.0,0.0,0.0,[],[]
2021-08-27T15:45:00-04:00,2021-08-27,AAPL,24h,0,0.0,0.0,0.0,[],[]
2021-08-30T15:45:00-04:00,2021-08-30,AAPL,24h,0,0.0,0.0,0.0,[],[]
2021-08-31T15:45:00-04:00,2021-08-31,AAPL,24h,0,0.0,0.0,0.0,[],[]
2021-09-01T15:45:00-04:00,2021-09-01,AAPL,24h,0,0.0,0.0,0.0,[],[]
2021-09-02T15:45:00-04:00,2021-09-02,AAPL,24h,0,0.0,0.0,0.0,[],[]
2021-09-03T15:45:00-04:00,2021-09-03,AAPL,24h,0,0.0,0.0,0.0,[],[]
2021-09-06T15:45:00-04:00,2021-09-06,AAPL,24h,0,0.0,0.0,0.0,[],[]
2021-09-07T15:45:00-04:00,2021-09-07,AAPL,24h,0,0.0,0.0,0.0,[],[]
2021-09-08T15:45:00-04:00,2021-09-08,AAPL,24h,0,0.0,0.0,0.0,[],[]
2021-09-09T15:45:00-04:00,2021-09-09,AAPL,24h,0,0.0,0.0,0.0,[],[]
2021-09-10T15:45:00-04:00,2021-09-10,AAPL,24h,0,0.0,0.0,0.0,[],[]
2021-09-13T15:45:00-04:00,2021-09-13,AAPL,24h,0,0.0,0.0,0.0,[],[]
2021-09-14T15:45:00-04:00,2021-09-14,AAPL,24h,0,0.0,0.0,0.0,[],[]
2021-09-15T15:45:00-04:00,2021-09-15,AAPL,24h,0,0.0,0.0,0.0,[],[]
2021-09-16T15:45:00-04:00,2021-09-16,AAPL,24h,0,0.0,0.0,0.0,[],[]
2021-09-17T15:45:00-04:00,2021-09-17,AAPL,24h,0,0.0,0.0,0.0,[],[]
2021-09-20T15:45:00-04:00,2021-09-20,AAPL,24h,0,0.0,0.0,0.0,[],[]
2021-09-21T15:45:00-04:00,2021-09-21,AAPL,24h,0,0.0,0.0,0.0,[],[]
2021-09-22T15:45:00-04:00,2021-09-22,AAPL,24h,0,0.0,0.0,0.0,[],[]
2021-09-23T15:45:00-04:00,2021-09-23,AAPL,24h,0,0.0,0.0,0.0,[],[]
2021-09-24T15:45:00-04:00,2021-09-24,AAPL,24h,0,0.0,0.0,0.0,[],[]
2021-09-27T15:45:00-04:00,2021-09-27,AAPL,24h,0,0.0,0.0,0.0,[],[]
2021-09-28T15:45:00-04:00,2021-09-28,AAPL,24h,0,0.0,0.0,0.0,[],[]
2021-09-29T15:45:00-04:00,2021-09-29,AAPL,24h,0,0.0,0.0,0.0,[],[]
2021-09-30T15:45:00-04:00,2021-09-30,AAPL,24h,0,0.0,0.0,0.0,[],[]
2021-10-01T15:45:00-04:00,2021-10-01,AAPL,24h,0,0.0,0.0,0.0,[],[]
2021-10-04T15:45:00-04:00,2021-10-04,AAPL,24h,0,0.0,0.0,0.0,[],[]
2021-10-05T15:45:00-04:00,2021-10-05,AAPL,24h,0,0.0,0.0,0.0,[],[]
2021-10-06T15:45:00-04:00,2021-10-06,AAPL,24h,0,0.0,0.0,0.0,[],[]
2021-10-07T15:45:00-04:00,2021-10-07,AAPL,24h,0,0.0,0.0,0.0,[],[]
2021-10-08T15:45:00-04:00,2021-10-08,AAPL,24h,0,0.0,0.0,0.0,[],[]
2021-10-11T15:45:00-04:00,2021-10-11,AAPL,24h,0,0.0,0.0,0.0,[],[]
2021-10-12T15:45:00-04:00,2021-10-12,AAPL,24h,0,0.0,0.0,0.0,[],[]
2021-10-13T15:45:00-04:00,2021-10-13,AAPL,24h,0,0.0,0.0,0.0,[],[]
2021-10-14T15:45:00-04:00,2021-10-14,AAPL,24h,0,0.0,0.0,0.0,[],[]
2021-10-15T15:45:00-04:00,2021-10-15,AAPL,24h,0,0.0,0.0,0.0,[],[]
2021-10-18T15:45:00-04:00,2021-10-18,AAPL,24h,0,0.0,0.0,0.0,[],[]
2021-10-19T15:45:00-04:00,2021-10-19,AAPL,24h,0,0.0,0.0,0.0,[],[]
2021-10-20T15:45:00-04:00,2021-10-20,AAPL,24h,0,0.0,0.0,0.0,[],[]
2021-10-21T15:45:00-04:00,2021-10-21,AAPL,24h,0,0.0,0.0,0.0,[],[]
2021-10-22T15:45:00-04:00,2021-10-22,AAPL,24h,0,0.0,0.0,0.0,[],[]
2021-10-25T15:45:00-04:00,2021-10-25,AAPL,24h,0,0.0,0.0,0.0,[],[]
2021-10-26T15:45:00-04:00,2021-10-26,AAPL,24h,0,0.0,0.0,0.0,[],[]
2021-10-27T15:45:00-04:00,2021-10-27,AAPL,24h,0,0.0,0.0,0.0,[],[]
2021-10-28T15:45:00-04:00,2021-10-28,AAPL,24h,0,0.0,0.0,0.0,[],[]
2021-10-29T15:45:00-04:00,2021-10-29,AAPL,24h,0,0.0,0.0,0.0,[],[]
2021-11-01T15:45:00-04:00,2021-11-01,AAPL,24h,0,0.0,0.0,0.0,[],[]
2021-11-02T15:45:00-04:00,2021-11-02,AAPL,24h,0,0.0,0.0,0.0,[],[]
2021-11-03T15:45:00-04:00,2021-11-03,AAPL,24h,0,0.0,0.0,0.0,[],[]
2021-11-04T15:45:00-04:00,2021-11-04,AAPL,24h,0,0.0,0.0,0.0,[],[]
2021-11-05T15:45:00-04:00,2021-11-05,AAPL,24h,0,0.0,0.0,0.0,[],[]
2021-11-08T15:45:00-05:00,2021-11-08,AAPL,24h,0,0.0,0.0,0.0,[],[]
2021-11-09T15:45:00-05:00,2021-11-09,AAPL,24h,0,0.0,0.0,0.0,[],[]
2021-11-10T15:45:00-05:00,2021-11-10,AAPL,24h,0,0.0,0.0,0.0,[],[]
2021-11-11T15:45:00-05:00,2021-11-11,AAPL,24h,0,0.0,0.0,0.0,[],[]
2021-11-12T15:45:00-05:00,2021-11-12,AAPL,24h,0,0.0,0.0,0.0,[],[]
2021-11-15T15:45:00-05:00,2021-11-15,AAPL,24h,0,0.0,0.0,0.0,[],[]
2021-11-16T15:45:00-05:00,2021-11-16,AAPL,24h,0,0.0,0.0,0.0,[],[]
2021-11-17T15:45:00-05:00,2021-11-17,AAPL,24h,0,0.0,0.0,0.0,[],[]
2021-11-18T15:45:00-05:00,2021-11-18,AAPL,24h,0,0.0,0.0,0.0,[],[]
2021-11-19T15:45:00-05:00,2021-11-19,AAPL,24h,0,0.0,0.0,0.0,[],[]
2021-11-22T15:45:00-05:00,2021-11-22,AAPL,24h,0,0.0,0.0,0.0,[],[]
2021-11-23T15:45:00-05:00,2021-11-23,AAPL,24h,0,0.0,0.0,0.0,[],[]
2021-11-24T15:45:00-05:00,2021-11-24,AAPL,24h,0,0.0,0.0,0.0,[],[]
2021-11-25T15:45:00-05:00,2021-11-25,AAPL,24h,0,0.0,0.0,0.0,[],[]
2021-11-26T15:45:00-05:00,2021-11-26,AAPL,24h,0,0.0,0.0,0.0,[],[]
2021-11-29T15:45:00-05:00,2021-11-29,AAPL,24h,0,0.0,0.0,0.0,[],[]
2021-11-30T15:45:00-05:00,2021-11-30,AAPL,24h,0,0.0,0.0,0.0,[],[]
2021-12-01T15:45:00-05:00,2021-12-01,AAPL,24h,0,0.0,0.0,0.0,[],[]
2021-12-02T15:45:00-05:00,2021-12-02,AAPL,24h,0,0.0,0.0,0.0,[],[]
2021-12-03T15:45:00-05:00,2021-12-03,AAPL,24h,0,0.0,0.0,0.0,[],[]
2021-12-06T15:45:00-05:00,2021-12-06,AAPL,24h,0,0.0,0.0,0.0,[],[]
2021-12-07T15:45:00-05:00,2021-12-07,AAPL,24h,0,0.0,0.0,0.0,[],[]
2021-12-08T15:45:00-05:00,2021-12-08,AAPL,24h,0,0.0,0.0,0.0,[],[]
2021-12-09T15:45:00-05:00,2021-12-09,AAPL,24h,0,0.0,0.0,0.0,[],[]
2021-12-10T15:45:00-05:00,2021-12-10,AAPL,24h,0,0.0,0.0,0.0,[],[]
2021-12-13T15:45:00-05:00,2021-12-13,AAPL,24h,0,0.0,0.0,0.0,[],[]
2021-12-14T15:45:00-05:00,2021-12-14,AAPL,24h,0,0.0,0.0,0.0,[],[]
2021-12-15T15:45:00-05:00,2021-12-15,AAPL,24h,0,0.0,0.0,0.0,[],[]
2021-12-16T15:45:00-05:00,2021-12-16,AAPL,24h,0,0.0,0.0,0.0,[],[]
2021-12-17T15:45:00-05:00,2021-12-17,AAPL,24h,0,0.0,0.0,0.0,[],[]
2021-12-20T15:45:00-05:00,2021-12-20,AAPL,24h,0,0.0,0.0,0.0,[],[]
2021-12-21T15:45:00-05:00,2021-12-21,AAPL,24h,0,0.0,0.0,0.0,[],[]
2021-12-22T15:45:00-05:00,2021-12-22,AAPL,24h,0,0.0,0.0,0.0,[],[]
2021-12-23T15:45:00-05:00,2021-12-23,AAPL,24h,0,0.0,0.0,0.0,[],[]
2021-12-24T15:45:00-05:00,2021-12-24,AAPL,24h,0,0.0,0.0,0.0,[],[]
2021-12-27T15:45:00-05:00,2021-12-27,AAPL,24h,0,0.0,0.0,0.0,[],[]
2021-12-28T15:45:00-05:00,2021-12-28,AAPL,24h,0,0.0,0.0,0.0,[],[]
2021-12-29T15:45:00-05:00,2021-12-29,AAPL,24h,0,0.0,0.0,0.0,[],[]
2021-12-30T15:45:00-05:00,2021-12-30,AAPL,24h,0,0.0,0.0,0.0,[],[]
2021-12-31T15:45:00-05:00,2021-12-31,AAPL,24h,0,0.0,0.0,0.0,[],[]
2022-01-03T15:45:00-05:00,2022-01-03,AAPL,24h,0,0.0,0.0,0.0,[],[]
2022-01-04T15:45:00-05:00,2022-01-04,AAPL,24h,0,0.0,0.0,0.0,[],[]
2022-01-05T15:45:00-05:00,2022-01-05,AAPL,24h,0,0.0,0.0,0.0,[],[]
2022-01-06T15:45:00-05:00,2022-01-06,AAPL,24h,0,0.0,0.0,0.0,[],[]
2022-01-07T15:45:00-05:00,2022-01-07,AAPL,24h,0,0.0,0.0,0.0,[],[]
2022-01-10T15:45:00-05:00,2022-01-10,AAPL,24h,0,0.0,0.0,0.0,[],[]
2022-01-11T15:45:00-05:00,2022-01-11,AAPL,24h,0,0.0,0.0,0.0,[],[]
2022-01-12T15:45:00-05:00,2022-01-12,AAPL,24h,0,0.0,0.0,0.0,[],[]
2022-01-13T15:45:00-05:00,2022-01-13,AAPL,24h,0,0.0,0.0,0.0,[],[]
2022-01-14T15:45:00-05:00,2022-01-14,AAPL,24h,0,0.0,0.0,0.0,[],[]
2022-01-17T15:45:00-05:00,2022-01-17,AAPL,24h,0,0.0,0.0,0.0,[],[]
2022-01-18T15:45:00-05:00,2022-01-18,AAPL,24h,0,0.0,0.0,0.0,[],[]
2022-01-19T15:45:00-05:00,2022-01-19,AAPL,24h,0,0.0,0.0,0.0,[],[]
2022-01-20T15:45:00-05:00,2022-01-20,AAPL,24h,0,0.0,0.0,0.0,[],[]
2022-01-21T15:45:00-05:00,2022-01-21,AAPL,24h,0,0.0,0.0,0.0,[],[]
2022-01-24T15:45:00-05:00,2022-01-24,AAPL,24h,0,0.0,0.0,0.0,[],[]
2022-01-25T15:45:00-05:00,2022-01-25,AAPL,24h,0,0.0,0.0,0.0,[],[]
2022-01-26T15:45:00-05:00,2022-01-26,AAPL,24h,0,0.0,0.0,0.0,[],[]
2022-01-27T15:45:00-05:00,2022-01-27,AAPL,24h,0,0.0,0.0,0.0,[],[]
2022-01-28T15:45:00-05:00,2022-01-28,AAPL,24h,0,0.0,0.0,0.0,[],[]
2022-01-31T15:45:00-05:00,2022-01-31,AAPL,24h,0,0.0,0.0,0.0,[],[]
2022-02-01T15:45:00-05:00,2022-02-01,AAPL,24h,0,0.0,0.0,0.0,[],[]
2022-02-02T15:45:00-05:00,2022-02-02,AAPL,24h,0,0.0,0.0,0.0,[],[]
2022-02-03T15:45:00-05:00,2022-02-03,AAPL,24h,0,0.0,0.0,0.0,[],[]
2022-02-04T15:45:00-05:00,2022-02-04,AAPL,24h,0,0.0,0.0,0.0,[],[]
2022-02-07T15:45:00-05:00,2022-02-07,AAPL,24h,0,0.0,0.0,0.0,[],[]
2022-02-08T15:45:00-05:00,2022-02-08,AAPL,24h,0,0.0,0.0,0.0,[],[]
2022-02-09T15:45:00-05:00,2022-02-09,AAPL,24h,0,0.0,0.0,0.0,[],[]
2022-02-10T15:45:00-05:00,2022-02-10,AAPL,24h,0,0.0,0.0,0.0,[],[]
2022-02-11T15:45:00-05:00,2022-02-11,AAPL,24h,0,0.0,0.0,0.0,[],[]
2022-02-14T15:45:00-05:00,2022-02-14,AAPL,24h,0,0.0,0.0,0.0,[],[]
2022-02-15T15:45:00-05:00,2022-02-15,AAPL,24h,0,0.0,0.0,0.0,[],[]
2022-02-16T15:45:00-05:00,2022-02-16,AAPL,24h,0,0.0,0.0,0.0,[],[]
2022-02-17T15:45:00-05:00,2022-02-17,AAPL,24h,0,0.0,0.0,0.0,[],[]
2022-02-18T15:45:00-05:00,2022-02-18,AAPL,24h,0,0.0,0.0,0.0,[],[]
2022-02-21T15:45:00-05:00,2022-02-21,AAPL,24h,0,0.0,0.0,0.0,[],[]
2022-02-22T15:45:00-05:00,2022-02-22,AAPL,24h,0,0.0,0.0,0.0,[],[]
2022-02-23T15:45:00-05:00,2022-02-23,AAPL,24h,0,0.0,0.0,0.0,[],[]
2022-02-24T15:45:00-05:00,2022-02-24,AAPL,24h,0,0.0,0.0,0.0,[],[]
2022-02-25T15:45:00-05:00,2022-02-25,AAPL,24h,0,0.0,0.0,0.0,[],[]
2022-02-28T15:45:00-05:00,2022-02-28,AAPL,24h,0,0.0,0.0,0.0,[],[]
2022-03-01T15:45:00-05:00,2022-03-01,AAPL,24h,0,0.0,0.0,0.0,[],[]
2022-03-02T15:45:00-05:00,2022-03-02,AAPL,24h,0,0.0,0.0,0.0,[],[]
2022-03-03T15:45:00-05:00,2022-03-03,AAPL,24h,0,0.0,0.0,0.0,[],[]
2022-03-04T15:45:00-05:00,2022-03-04,AAPL,24h,0,0.0,0.0,0.0,[],[]
2022-03-07T15:45:00-05:00,2022-03-07,AAPL,24h,0,0.0,0.0,0.0,[],[]
2022-03-08T15:45:00-05:00,2022-03-08,AAPL,24h,0,0.0,0.0,0.0,[],[]
2022-03-09T15:45:00-05:00,2022-03-09,AAPL,24h,0,0.0,0.0,0.0,[],[]
2022-03-10T15:45:00-05:00,2022-03-10,AAPL,24h,0,0.0,0.0,0.0,[],[]
2022-03-11T15:45:00-05:00,2022-03-11,AAPL,24h,0,0.0,0.0,0.0,[],[]
2022-03-14T15:45:00-04:00,2022-03-14,AAPL,24h,0,0.0,0.0,0.0,[],[]
2022-03-15T15:45:00-04:00,2022-03-15,AAPL,24h,0,0.0,0.0,0.0,[],[]
2022-03-16T15:45:00-04:00,2022-03-16,AAPL,24h,0,0.0,0.0,0.0,[],[]
2022-03-17T15:45:00-04:00,2022-03-17,AAPL,24h,0,0.0,0.0,0.0,[],[]
2022-03-18T15:45:00-04:00,2022-03-18,AAPL,24h,0,0.0,0.0,0.0,[],[]
2022-03-21T15:45:00-04:00,2022-03-21,AAPL,24h,0,0.0,0.0,0.0,[],[]
2022-03-22T15:45:00-04:00,2022-03-22,AAPL,24h,0,0.0,0.0,0.0,[],[]
2022-03-23T15:45:00-04:00,2022-03-23,AAPL,24h,0,0.0,0.0,0.0,[],[]
2022-03-24T15:45:00-04:00,2022-03-24,AAPL,24h,0,0.0,0.0,0.0,[],[]
2022-03-25T15:45:00-04:00,2022-03-25,AAPL,24h,0,0.0,0.0,0.0,[],[]
2022-03-28T15:45:00-04:00,2022-03-28,AAPL,24h,0,0.0,0.0,0.0,[],[]
2022-03-29T15:45:00-04:00,2022-03-29,AAPL,24h,0,0.0,0.0,0.0,[],[]
2022-03-30T15:45:00-04:00,2022-03-30,AAPL,24h,0,0.0,0.0,0.0,[],[]
2022-03-31T15:45:00-04:00,2022-03-31,AAPL,24h,0,0.0,0.0,0.0,[],[]
2022-04-01T15:45:00-04:00,2022-04-01,AAPL,24h,0,0.0,0.0,0.0,[],[]
2022-04-04T15:45:00-04:00,2022-04-04,AAPL,24h,0,0.0,0.0,0.0,[],[]
2022-04-05T15:45:00-04:00,2022-04-05,AAPL,24h,0,0.0,0.0,0.0,[],[]
2022-04-06T15:45:00-04:00,2022-04-06,AAPL,24h,0,0.0,0.0,0.0,[],[]
2022-04-07T15:45:00-04:00,2022-04-07,AAPL,24h,0,0.0,0.0,0.0,[],[]
2022-04-08T15:45:00-04:00,2022-04-08,AAPL,24h,0,0.0,0.0,0.0,[],[]
2022-04-11T15:45:00-04:00,2022-04-11,AAPL,24h,0,0.0,0.0,0.0,[],[]
2022-04-12T15:45:00-04:00,2022-04-12,AAPL,24h,0,0.0,0.0,0.0,[],[]
2022-04-13T15:45:00-04:00,2022-04-13,AAPL,24h,0,0.0,0.0,0.0,[],[]
2022-04-14T15:45:00-04:00,2022-04-14,AAPL,24h,0,0.0,0.0,0.0,[],[]
2022-04-15T15:45:00-04:00,2022-04-15,AAPL,24h,0,0.0,0.0,0.0,[],[]
2022-04-18T15:45:00-04:00,2022-04-18,AAPL,24h,0,0.0,0.0,0.0,[],[]
2022-04-19T15:45:00-04:00,2022-04-19,AAPL,24h,0,0.0,0.0,0.0,[],[]
2022-04-20T15:45:00-04:00,2022-04-20,AAPL,24h,0,0.0,0.0,0.0,[],[]
2022-04-21T15:45:00-04:00,2022-04-21,AAPL,24h,0,0.0,0.0,0.0,[],[]
2022-04-22T15:45:00-04:00,2022-04-22,AAPL,24h,0,0.0,0.0,0.0,[],[]
2022-04-25T15:45:00-04:00,2022-04-25,AAPL,24h,0,0.0,0.0,0.0,[],[]
2022-04-26T15:45:00-04:00,2022-04-26,AAPL,24h,0,0.0,0.0,0.0,[],[]
2022-04-27T15:45:00-04:00,2022-04-27,AAPL,24h,0,0.0,0.0,0.0,[],[]
2022-04-28T15:45:00-04:00,2022-04-28,AAPL,24h,0,0.0,0.0,0.0,[],[]
2022-04-29T15:45:00-04:00,2022-04-29,AAPL,24h,0,0.0,0.0,0.0,[],[]
2022-05-02T15:45:00-04:00,2022-05-02,AAPL,24h,0,0.0,0.0,0.0,[],[]
2022-05-03T15:45:00-04:00,2022-05-03,AAPL,24h,0,0.0,0.0,0.0,[],[]
2022-05-04T15:45:00-04:00,2022-05-04,AAPL,24h,0,0.0,0.0,0.0,[],[]
2022-05-05T15:45:00-04:00,2022-05-05,AAPL,24h,0,0.0,0.0,0.0,[],[]
2022-05-06T15:45:00-04:00,2022-05-06,AAPL,24h,0,0.0,0.0,0.0,[],[]
2022-05-09T15:45:00-04:00,2022-05-09,AAPL,24h,0,0.0,0.0,0.0,[],[]
2022-05-10T15:45:00-04:00,2022-05-10,AAPL,24h,0,0.0,0.0,0.0,[],[]
2022-05-11T15:45:00-04:00,2022-05-11,AAPL,24h,0,0.0,0.0,0.0,[],[]
2022-05-12T15:45:00-04:00,2022-05-12,AAPL,24h,0,0.0,0.0,0.0,[],[]
2022-05-13T15:45:00-04:00,2022-05-13,AAPL,24h,0,0.0,0.0,0.0,[],[]
2022-05-16T15:45:00-04:00,2022-05-16,AAPL,24h,0,0.0,0.0,0.0,[],[]
2022-05-17T15:45:00-04:00,2022-05-17,AAPL,24h,0,0.0,0.0,0.0,[],[]
2022-05-18T15:45:00-04:00,2022-05-18,AAPL,24h,0,0.0,0.0,0.0,[],[]
2022-05-19T15:45:00-04:00,2022-05-19,AAPL,24h,0,0.0,0.0,0.0,[],[]
2022-05-20T15:45:00-04:00,2022-05-20,AAPL,24h,0,0.0,0.0,0.0,[],[]
2022-05-23T15:45:00-04:00,2022-05-23,AAPL,24h,0,0.0,0.0,0.0,[],[]
2022-05-24T15:45:00-04:00,2022-05-24,AAPL,24h,0,0.0,0.0,0.0,[],[]
2022-05-25T15:45:00-04:00,2022-05-25,AAPL,24h,0,0.0,0.0,0.0,[],[]
2022-05-26T15:45:00-04:00,2022-05-26,AAPL,24h,0,0.0,0.0,0.0,[],[]
2022-05-27T15:45:00-04:00,2022-05-27,AAPL,24h,0,0.0,0.0,0.0,[],[]
2022-05-30T15:45:00-04:00,2022-05-30,AAPL,24h,0,0.0,0.0,0.0,[],[]
2022-05-31T15:45:00-04:00,2022-05-31,AAPL,24h,0,0.0,0.0,0.0,[],[]
2022-06-01T15:45:00-04:00,2022-06-01,AAPL,24h,0,0.0,0.0,0.0,[],[]
2022-06-02T15:45:00-04:00,2022-06-02,AAPL,24h,0,0.0,0.0,0.0,[],[]
2022-06-03T15:45:00-04:00,2022-06-03,AAPL,24h,0,0.0,0.0,0.0,[],[]
2022-06-06T15:45:00-04:00,2022-06-06,AAPL,24h,0,0.0,0.0,0.0,[],[]
2022-06-07T15:45:00-04:00,2022-06-07,AAPL,24h,0,0.0,0.0,0.0,[],[]
2022-06-08T15:45:00-04:00,2022-06-08,AAPL,24h,0,0.0,0.0,0.0,[],[]
2022-06-09T15:45:00-04:00,2022-06-09,AAPL,24h,0,0.0,0.0,0.0,[],[]
2022-06-10T15:45:00-04:00,2022-06-10,AAPL,24h,0,0.0,0.0,0.0,[],[]
2022-06-13T15:45:00-04:00,2022-06-13,AAPL,24h,0,0.0,0.0,0.0,[],[]
2022-06-14T15:45:00-04:00,2022-06-14,AAPL,24h,0,0.0,0.0,0.0,[],[]
2022-06-15T15:45:00-04:00,2022-06-15,AAPL,24h,0,0.0,0.0,0.0,[],[]
2022-06-16T15:45:00-04:00,2022-06-16,AAPL,24h,0,0.0,0.0,0.0,[],[]
2022-06-17T15:45:00-04:00,2022-06-17,AAPL,24h,0,0.0,0.0,0.0,[],[]
2022-06-20T15:45:00-04:00,2022-06-20,AAPL,24h,0,0.0,0.0,0.0,[],[]
2022-06-21T15:45:00-04:00,2022-06-21,AAPL,24h,0,0.0,0.0,0.0,[],[]
2022-06-22T15:45:00-04:00,2022-06-22,AAPL,24h,0,0.0,0.0,0.0,[],[]
2022-06-23T15:45:00-04:00,2022-06-23,AAPL,24h,0,0.0,0.0,0.0,[],[]
2022-06-24T15:45:00-04:00,2022-06-24,AAPL,24h,0,0.0,0.0,0.0,[],[]
2022-06-27T15:45:00-04:00,2022-06-27,AAPL,24h,0,0.0,0.0,0.0,[],[]
2022-06-28T15:45:00-04:00,2022-06-28,AAPL,24h,0,0.0,0.0,0.0,[],[]
2022-06-29T15:45:00-04:00,2022-06-29,AAPL,24h,0,0.0,0.0,0.0,[],[]
2022-06-30T15:45:00-04:00,2022-06-30,AAPL,24h,0,0.0,0.0,0.0,[],[]
2022-07-01T15:45:00-04:00,2022-07-01,AAPL,24h,0,0.0,0.0,0.0,[],[]
2022-07-04T15:45:00-04:00,2022-07-04,AAPL,24h,0,0.0,0.0,0.0,[],[]
2022-07-05T15:45:00-04:00,2022-07-05,AAPL,24h,0,0.0,0.0,0.0,[],[]
2022-07-06T15:45:00-04:00,2022-07-06,AAPL,24h,0,0.0,0.0,0.0,[],[]
2022-07-07T15:45:00-04:00,2022-07-07,AAPL,24h,0,0.0,0.0,0.0,[],[]
2022-07-08T15:45:00-04:00,2022-07-08,AAPL,24h,0,0.0,0.0,0.0,[],[]
2022-07-11T15:45:00-04:00,2022-07-11,AAPL,24h,0,0.0,0.0,0.0,[],[]
2022-07-12T15:45:00-04:00,2022-07-12,AAPL,24h,0,0.0,0.0,0.0,[],[]
2022-07-13T15:45:00-04:00,2022-07-13,AAPL,24h,0,0.0,0.0,0.0,[],[]
2022-07-14T15:45:00-04:00,2022-07-14,AAPL,24h,0,0.0,0.0,0.0,[],[]
2022-07-15T15:45:00-04:00,2022-07-15,AAPL,24h,0,0.0,0.0,0.0,[],[]
2022-07-18T15:45:00-04:00,2022-07-18,AAPL,24h,0,0.0,0.0,0.0,[],[]
2022-07-19T15:45:00-04:00,2022-07-19,AAPL,24h,0,0.0,0.0,0.0,[],[]
2022-07-20T15:45:00-04:00,2022-07-20,AAPL,24h,0,0.0,0.0,0.0,[],[]
2022-07-21T15:45:00-04:00,2022-07-21,AAPL,24h,0,0.0,0.0,0.0,[],[]
2022-07-22T15:45:00-04:00,2022-07-22,AAPL,24h,0,0.0,0.0,0.0,[],[]
2022-07-25T15:45:00-04:00,2022-07-25,AAPL,24h,0,0.0,0.0,0.0,[],[]
2022-07-26T15:45:00-04:00,2022-07-26,AAPL,24h,0,0.0,0.0,0.0,[],[]
2022-07-27T15:45:00-04:00,2022-07-27,AAPL,24h,0,0.0,0.0,0.0,[],[]
2022-07-28T15:45:00-04:00,2022-07-28,AAPL,24h,0,0.0,0.0,0.0,[],[]
2022-07-29T15:45:00-04:00,2022-07-29,AAPL,24h,0,0.0,0.0,0.0,[],[]
2022-08-01T15:45:00-04:00,2022-08-01,AAPL,24h,0,0.0,0.0,0.0,[],[]
2022-08-02T15:45:00-04:00,2022-08-02,AAPL,24h,0,0.0,0.0,0.0,[],[]
2022-08-03T15:45:00-04:00,2022-08-03,AAPL,24h,0,0.0,0.0,0.0,[],[]
2022-08-04T15:45:00-04:00,2022-08-04,AAPL,24h,0,0.0,0.0,0.0,[],[]
2022-08-05T15:45:00-04:00,2022-08-05,AAPL,24h,0,0.0,0.0,0.0,[],[]
2022-08-08T15:45:00-04:00,2022-08-08,AAPL,24h,0,0.0,0.0,0.0,[],[]
2022-08-09T15:45:00-04:00,2022-08-09,AAPL,24h,1,0.0,0.0,0.0,"[""litigation""]","[""sec_edgar""]"
2022-08-10T15:45:00-04:00,2022-08-10,AAPL,24h,0,0.0,0.0,0.0,[],[]
2022-08-11T15:45:00-04:00,2022-08-11,AAPL,24h,0,0.0,0.0,0.0,[],[]
2022-08-12T15:45:00-04:00,2022-08-12,AAPL,24h,0,0.0,0.0,0.0,[],[]
2022-08-15T15:45:00-04:00,2022-08-15,AAPL,24h,0,0.0,0.0,0.0,[],[]
2022-08-16T15:45:00-04:00,2022-08-16,AAPL,24h,0,0.0,0.0,0.0,[],[]
2022-08-17T15:45:00-04:00,2022-08-17,AAPL,24h,0,0.0,0.0,0.0,[],[]
2022-08-18T15:45:00-04:00,2022-08-18,AAPL,24h,0,0.0,0.0,0.0,[],[]
2022-08-19T15:45:00-04:00,2022-08-19,AAPL,24h,0,0.0,0.0,0.0,[],[]
2022-08-22T15:45:00-04:00,2022-08-22,AAPL,24h,0,0.0,0.0,0.0,[],[]
2022-08-23T15:45:00-04:00,2022-08-23,AAPL,24h,0,0.0,0.0,0.0,[],[]
2022-08-24T15:45:00-04:00,2022-08-24,AAPL,24h,0,0.0,0.0,0.0,[],[]
2022-08-25T15:45:00-04:00,2022-08-25,AAPL,24h,0,0.0,0.0,0.0,[],[]
2022-08-26T15:45:00-04:00,2022-08-26,AAPL,24h,0,0.0,0.0,0.0,[],[]
2022-08-29T15:45:00-04:00,2022-08-29,AAPL,24h,0,0.0,0.0,0.0,[],[]
2022-08-30T15:45:00-04:00,2022-08-30,AAPL,24h,0,0.0,0.0,0.0,[],[]
2022-08-31T15:45:00-04:00,2022-08-31,AAPL,24h,0,0.0,0.0,0.0,[],[]
2022-09-01T15:45:00-04:00,2022-09-01,AAPL,24h,0,0.0,0.0,0.0,[],[]
2022-09-02T15:45:00-04:00,2022-09-02,AAPL,24h,0,0.0,0.0,0.0,[],[]
2022-09-05T15:45:00-04:00,2022-09-05,AAPL,24h,0,0.0,0.0,0.0,[],[]
2022-09-06T15:45:00-04:00,2022-09-06,AAPL,24h,0,0.0,0.0,0.0,[],[]
2022-09-07T15:45:00-04:00,2022-09-07,AAPL,24h,0,0.0,0.0,0.0,[],[]
2022-09-08T15:45:00-04:00,2022-09-08,AAPL,24h,0,0.0,0.0,0.0,[],[]
2022-09-09T15:45:00-04:00,2022-09-09,AAPL,24h,0,0.0,0.0,0.0,[],[]
2022-09-12T15:45:00-04:00,2022-09-12,AAPL,24h,0,0.0,0.0,0.0,[],[]
2022-09-13T15:45:00-04:00,2022-09-13,AAPL,24h,0,0.0,0.0,0.0,[],[]
2022-09-14T15:45:00-04:00,2022-09-14,AAPL,24h,0,0.0,0.0,0.0,[],[]
2022-09-15T15:45:00-04:00,2022-09-15,AAPL,24h,0,0.0,0.0,0.0,[],[]
2022-09-16T15:45:00-04:00,2022-09-16,AAPL,24h,0,0.0,0.0,0.0,[],[]
2022-09-19T15:45:00-04:00,2022-09-19,AAPL,24h,0,0.0,0.0,0.0,[],[]
2022-09-20T15:45:00-04:00,2022-09-20,AAPL,24h,0,0.0,0.0,0.0,[],[]
2022-09-21T15:45:00-04:00,2022-09-21,AAPL,24h,0,0.0,0.0,0.0,[],[]
2022-09-22T15:45:00-04:00,2022-09-22,AAPL,24h,0,0.0,0.0,0.0,[],[]
2022-09-23T15:45:00-04:00,2022-09-23,AAPL,24h,0,0.0,0.0,0.0,[],[]
2022-09-26T15:45:00-04:00,2022-09-26,AAPL,24h,0,0.0,0.0,0.0,[],[]
2022-09-27T15:45:00-04:00,2022-09-27,AAPL,24h,0,0.0,0.0,0.0,[],[]
2022-09-28T15:45:00-04:00,2022-09-28,AAPL,24h,0,0.0,0.0,0.0,[],[]
2022-09-29T15:45:00-04:00,2022-09-29,AAPL,24h,0,0.0,0.0,0.0,[],[]
2022-09-30T15:45:00-04:00,2022-09-30,AAPL,24h,0,0.0,0.0,0.0,[],[]
2022-10-03T15:45:00-04:00,2022-10-03,AAPL,24h,0,0.0,0.0,0.0,[],[]
2022-10-04T15:45:00-04:00,2022-10-04,AAPL,24h,0,0.0,0.0,0.0,[],[]
2022-10-05T15:45:00-04:00,2022-10-05,AAPL,24h,0,0.0,0.0,0.0,[],[]
2022-10-06T15:45:00-04:00,2022-10-06,AAPL,24h,0,0.0,0.0,0.0,[],[]
2022-10-07T15:45:00-04:00,2022-10-07,AAPL,24h,0,0.0,0.0,0.0,[],[]
2022-10-10T15:45:00-04:00,2022-10-10,AAPL,24h,0,0.0,0.0,0.0,[],[]
2022-10-11T15:45:00-04:00,2022-10-11,AAPL,24h,0,0.0,0.0,0.0,[],[]
2022-10-12T15:45:00-04:00,2022-10-12,AAPL,24h,0,0.0,0.0,0.0,[],[]
2022-10-13T15:45:00-04:00,2022-10-13,AAPL,24h,0,0.0,0.0,0.0,[],[]
2022-10-14T15:45:00-04:00,2022-10-14,AAPL,24h,0,0.0,0.0,0.0,[],[]
2022-10-17T15:45:00-04:00,2022-10-17,AAPL,24h,0,0.0,0.0,0.0,[],[]
2022-10-18T15:45:00-04:00,2022-10-18,AAPL,24h,0,0.0,0.0,0.0,[],[]
2022-10-19T15:45:00-04:00,2022-10-19,AAPL,24h,0,0.0,0.0,0.0,[],[]
2022-10-20T15:45:00-04:00,2022-10-20,AAPL,24h,0,0.0,0.0,0.0,[],[]
2022-10-21T15:45:00-04:00,2022-10-21,AAPL,24h,0,0.0,0.0,0.0,[],[]
2022-10-24T15:45:00-04:00,2022-10-24,AAPL,24h,0,0.0,0.0,0.0,[],[]
2022-10-25T15:45:00-04:00,2022-10-25,AAPL,24h,0,0.0,0.0,0.0,[],[]
2022-10-26T15:45:00-04:00,2022-10-26,AAPL,24h,0,0.0,0.0,0.0,[],[]
2022-10-27T15:45:00-04:00,2022-10-27,AAPL,24h,0,0.0,0.0,0.0,[],[]
2022-10-28T15:45:00-04:00,2022-10-28,AAPL,24h,1,0.0,0.0,0.0,"[""earnings"", ""litigation""]","[""sec_edgar""]"
2022-10-31T15:45:00-04:00,2022-10-31,AAPL,24h,0,0.0,0.0,0.0,[],[]
2022-11-01T15:45:00-04:00,2022-11-01,AAPL,24h,0,0.0,0.0,0.0,[],[]
2022-11-02T15:45:00-04:00,2022-11-02,AAPL,24h,0,0.0,0.0,0.0,[],[]
2022-11-03T15:45:00-04:00,2022-11-03,AAPL,24h,0,0.0,0.0,0.0,[],[]
2022-11-04T15:45:00-04:00,2022-11-04,AAPL,24h,0,0.0,0.0,0.0,[],[]
2022-11-07T15:45:00-05:00,2022-11-07,AAPL,24h,1,0.0,0.0,0.0,"[""litigation""]","[""sec_edgar""]"
2022-11-08T15:45:00-05:00,2022-11-08,AAPL,24h,0,0.0,0.0,0.0,[],[]
2022-11-09T15:45:00-05:00,2022-11-09,AAPL,24h,0,0.0,0.0,0.0,[],[]
2022-11-10T15:45:00-05:00,2022-11-10,AAPL,24h,0,0.0,0.0,0.0,[],[]
2022-11-11T15:45:00-05:00,2022-11-11,AAPL,24h,0,0.0,0.0,0.0,[],[]
2022-11-14T15:45:00-05:00,2022-11-14,AAPL,24h,0,0.0,0.0,0.0,[],[]
2022-11-15T15:45:00-05:00,2022-11-15,AAPL,24h,0,0.0,0.0,0.0,[],[]
2022-11-16T15:45:00-05:00,2022-11-16,AAPL,24h,0,0.0,0.0,0.0,[],[]
2022-11-17T15:45:00-05:00,2022-11-17,AAPL,24h,0,0.0,0.0,0.0,[],[]
2022-11-18T15:45:00-05:00,2022-11-18,AAPL,24h,0,0.0,0.0,0.0,[],[]
2022-11-21T15:45:00-05:00,2022-11-21,AAPL,24h,0,0.0,0.0,0.0,[],[]
2022-11-22T15:45:00-05:00,2022-11-22,AAPL,24h,0,0.0,0.0,0.0,[],[]
2022-11-23T15:45:00-05:00,2022-11-23,AAPL,24h,0,0.0,0.0,0.0,[],[]
2022-11-24T15:45:00-05:00,2022-11-24,AAPL,24h,0,0.0,0.0,0.0,[],[]
2022-11-25T15:45:00-05:00,2022-11-25,AAPL,24h,0,0.0,0.0,0.0,[],[]
2022-11-28T15:45:00-05:00,2022-11-28,AAPL,24h,0,0.0,0.0,0.0,[],[]
2022-11-29T15:45:00-05:00,2022-11-29,AAPL,24h,0,0.0,0.0,0.0,[],[]
2022-11-30T15:45:00-05:00,2022-11-30,AAPL,24h,0,0.0,0.0,0.0,[],[]
2022-12-01T15:45:00-05:00,2022-12-01,AAPL,24h,0,0.0,0.0,0.0,[],[]
2022-12-02T15:45:00-05:00,2022-12-02,AAPL,24h,0,0.0,0.0,0.0,[],[]
2022-12-05T15:45:00-05:00,2022-12-05,AAPL,24h,0,0.0,0.0,0.0,[],[]
2022-12-06T15:45:00-05:00,2022-12-06,AAPL,24h,0,0.0,0.0,0.0,[],[]
2022-12-07T15:45:00-05:00,2022-12-07,AAPL,24h,0,0.0,0.0,0.0,[],[]
2022-12-08T15:45:00-05:00,2022-12-08,AAPL,24h,0,0.0,0.0,0.0,[],[]
2022-12-09T15:45:00-05:00,2022-12-09,AAPL,24h,0,0.0,0.0,0.0,[],[]
2022-12-12T15:45:00-05:00,2022-12-12,AAPL,24h,0,0.0,0.0,0.0,[],[]
2022-12-13T15:45:00-05:00,2022-12-13,AAPL,24h,0,0.0,0.0,0.0,[],[]
2022-12-14T15:45:00-05:00,2022-12-14,AAPL,24h,0,0.0,0.0,0.0,[],[]
2022-12-15T15:45:00-05:00,2022-12-15,AAPL,24h,0,0.0,0.0,0.0,[],[]
2022-12-16T15:45:00-05:00,2022-12-16,AAPL,24h,0,0.0,0.0,0.0,[],[]
2022-12-19T15:45:00-05:00,2022-12-19,AAPL,24h,0,0.0,0.0,0.0,[],[]
2022-12-20T15:45:00-05:00,2022-12-20,AAPL,24h,0,0.0,0.0,0.0,[],[]
2022-12-21T15:45:00-05:00,2022-12-21,AAPL,24h,0,0.0,0.0,0.0,[],[]
2022-12-22T15:45:00-05:00,2022-12-22,AAPL,24h,0,0.0,0.0,0.0,[],[]
2022-12-23T15:45:00-05:00,2022-12-23,AAPL,24h,0,0.0,0.0,0.0,[],[]
2022-12-26T15:45:00-05:00,2022-12-26,AAPL,24h,0,0.0,0.0,0.0,[],[]
2022-12-27T15:45:00-05:00,2022-12-27,AAPL,24h,0,0.0,0.0,0.0,[],[]
2022-12-28T15:45:00-05:00,2022-12-28,AAPL,24h,0,0.0,0.0,0.0,[],[]
2022-12-29T15:45:00-05:00,2022-12-29,AAPL,24h,0,0.0,0.0,0.0,[],[]
2022-12-30T15:45:00-05:00,2022-12-30,AAPL,24h,0,0.0,0.0,0.0,[],[]
2020-01-01T15:45:00-05:00,2020-01-01,MSFT,24h,1,0.9554,0.9554,0.0,"[""earnings"", ""guidance""]","[""benzinga""]"
2020-01-02T15:45:00-05:00,2020-01-02,MSFT,24h,0,0.0,0.0,0.0,[],[]
2020-01-03T15:45:00-05:00,2020-01-03,MSFT,24h,0,0.0,0.0,0.0,[],[]
2020-01-06T15:45:00-05:00,2020-01-06,MSFT,24h,0,0.0,0.0,0.0,[],[]
2020-01-07T15:45:00-05:00,2020-01-07,MSFT,24h,0,0.0,0.0,0.0,[],[]
2020-01-08T15:45:00-05:00,2020-01-08,MSFT,24h,0,0.0,0.0,0.0,[],[]
2020-01-09T15:45:00-05:00,2020-01-09,MSFT,24h,1,0.0,0.0,0.0,[],"[""reuters""]"
2020-01-10T15:45:00-05:00,2020-01-10,MSFT,24h,0,0.0,0.0,0.0,[],[]
2020-01-13T15:45:00-05:00,2020-01-13,MSFT,24h,1,0.8494,0.8494,0.0,[],"[""benzinga""]"
2020-01-14T15:45:00-05:00,2020-01-14,MSFT,24h,0,0.0,0.0,0.0,[],[]
2020-01-15T15:45:00-05:00,2020-01-15,MSFT,24h,0,0.0,0.0,0.0,[],[]
2020-01-16T15:45:00-05:00,2020-01-16,MSFT,24h,0,0.0,0.0,0.0,[],[]
2020-01-17T15:45:00-05:00,2020-01-17,MSFT,24h,1,0.9043,0.9043,0.0,[],"[""businesswire""]"
2020-01-20T15:45:00-05:00,2020-01-20,MSFT,24h,0,0.0,0.0,0.0,[],[]
2020-01-21T15:45:00-05:00,2020-01-21,MSFT,24h,0,0.0,0.0,0.0,[],[]
2020-01-22T15:45:00-05:00,2020-01-22,MSFT,24h,0,0.0,0.0,0.0,[],[]
2020-01-23T15:45:00-05:00,2020-01-23,MSFT,24h,0,0.0,0.0,0.0,[],[]
2020-01-24T15:45:00-05:00,2020-01-24,MSFT,24h,0,0.0,0.0,0.0,[],[]
2020-01-27T15:45:00-05:00,2020-01-27,MSFT,24h,0,0.0,0.0,0.0,[],[]
2020-01-28T15:45:00-05:00,2020-01-28,MSFT,24h,0,0.0,0.0,0.0,[],[]
2020-01-29T15:45:00-05:00,2020-01-29,MSFT,24h,0,0.0,0.0,0.0,[],[]
2020-01-30T15:45:00-05:00,2020-01-30,MSFT,24h,0,0.0,0.0,0.0,[],[]
2020-01-31T15:45:00-05:00,2020-01-31,MSFT,24h,0,0.0,0.0,0.0,[],[]
2020-02-03T15:45:00-05:00,2020-02-03,MSFT,24h,0,0.0,0.0,0.0,[],[]
2020-02-04T15:45:00-05:00,2020-02-04,MSFT,24h,0,0.0,0.0,0.0,[],[]
2020-02-05T15:45:00-05:00,2020-02-05,MSFT,24h,0,0.0,0.0,0.0,[],[]
2020-02-06T15:45:00-05:00,2020-02-06,MSFT,24h,0,0.0,0.0,0.0,[],[]
2020-02-07T15:45:00-05:00,2020-02-07,MSFT,24h,0,0.0,0.0,0.0,[],[]
2020-02-10T15:45:00-05:00,2020-02-10,MSFT,24h,0,0.0,0.0,0.0,[],[]
2020-02-11T15:45:00-05:00,2020-02-11,MSFT,24h,0,0.0,0.0,0.0,[],[]
2020-02-12T15:45:00-05:00,2020-02-12,MSFT,24h,0,0.0,0.0,0.0,[],[]
2020-02-13T15:45:00-05:00,2020-02-13,MSFT,24h,0,0.0,0.0,0.0,[],[]
2020-02-14T15:45:00-05:00,2020-02-14,MSFT,24h,1,0.9114,0.9114,0.0,"[""earnings"", ""guidance""]","[""reuters""]"
2020-02-17T15:45:00-05:00,2020-02-17,MSFT,24h,0,0.0,0.0,0.0,[],[]
2020-02-18T15:45:00-05:00,2020-02-18,MSFT,24h,0,0.0,0.0,0.0,[],[]
2020-02-19T15:45:00-05:00,2020-02-19,MSFT,24h,0,0.0,0.0,0.0,[],[]
2020-02-20T15:45:00-05:00,2020-02-20,MSFT,24h,0,0.0,0.0,0.0,[],[]
2020-02-21T15:45:00-05:00,2020-02-21,MSFT,24h,0,0.0,0.0,0.0,[],[]
2020-02-24T15:45:00-05:00,2020-02-24,MSFT,24h,0,0.0,0.0,0.0,[],[]
2020-02-25T15:45:00-05:00,2020-02-25,MSFT,24h,0,0.0,0.0,0.0,[],[]
2020-02-26T15:45:00-05:00,2020-02-26,MSFT,24h,0,0.0,0.0,0.0,[],[]
2020-02-27T15:45:00-05:00,2020-02-27,MSFT,24h,0,0.0,0.0,0.0,[],[]
2020-02-28T15:45:00-05:00,2020-02-28,MSFT,24h,0,0.0,0.0,0.0,[],[]
2020-03-02T15:45:00-05:00,2020-03-02,MSFT,24h,0,0.0,0.0,0.0,[],[]
2020-03-03T15:45:00-05:00,2020-03-03,MSFT,24h,0,0.0,0.0,0.0,[],[]
2020-03-04T15:45:00-05:00,2020-03-04,MSFT,24h,0,0.0,0.0,0.0,[],[]
2020-03-05T15:45:00-05:00,2020-03-05,MSFT,24h,0,0.0,0.0,0.0,[],[]
2020-03-06T15:45:00-05:00,2020-03-06,MSFT,24h,0,0.0,0.0,0.0,[],[]
2020-03-09T15:45:00-04:00,2020-03-09,MSFT,24h,0,0.0,0.0,0.0,[],[]
2020-03-10T15:45:00-04:00,2020-03-10,MSFT,24h,0,0.0,0.0,0.0,[],[]
2020-03-11T15:45:00-04:00,2020-03-11,MSFT,24h,0,0.0,0.0,0.0,[],[]
2020-03-12T15:45:00-04:00,2020-03-12,MSFT,24h,0,0.0,0.0,0.0,[],[]
2020-03-13T15:45:00-04:00,2020-03-13,MSFT,24h,0,0.0,0.0,0.0,[],[]
2020-03-16T15:45:00-04:00,2020-03-16,MSFT,24h,0,0.0,0.0,0.0,[],[]
2020-03-17T15:45:00-04:00,2020-03-17,MSFT,24h,0,0.0,0.0,0.0,[],[]
2020-03-18T15:45:00-04:00,2020-03-18,MSFT,24h,0,0.0,0.0,0.0,[],[]
2020-03-19T15:45:00-04:00,2020-03-19,MSFT,24h,0,0.0,0.0,0.0,[],[]
2020-03-20T15:45:00-04:00,2020-03-20,MSFT,24h,0,0.0,0.0,0.0,[],[]
2020-03-23T15:45:00-04:00,2020-03-23,MSFT,24h,0,0.0,0.0,0.0,[],[]
2020-03-24T15:45:00-04:00,2020-03-24,MSFT,24h,0,0.0,0.0,0.0,[],[]
2020-03-25T15:45:00-04:00,2020-03-25,MSFT,24h,0,0.0,0.0,0.0,[],[]
2020-03-26T15:45:00-04:00,2020-03-26,MSFT,24h,0,0.0,0.0,0.0,[],[]
2020-03-27T15:45:00-04:00,2020-03-27,MSFT,24h,0,0.0,0.0,0.0,[],[]
2020-03-30T15:45:00-04:00,2020-03-30,MSFT,24h,0,0.0,0.0,0.0,[],[]
2020-03-31T15:45:00-04:00,2020-03-31,MSFT,24h,0,0.0,0.0,0.0,[],[]
2020-04-01T15:45:00-04:00,2020-04-01,MSFT,24h,0,0.0,0.0,0.0,[],[]
2020-04-02T15:45:00-04:00,2020-04-02,MSFT,24h,0,0.0,0.0,0.0,[],[]
2020-04-03T15:45:00-04:00,2020-04-03,MSFT,24h,0,0.0,0.0,0.0,[],[]
2020-04-06T15:45:00-04:00,2020-04-06,MSFT,24h,0,0.0,0.0,0.0,[],[]
2020-04-07T15:45:00-04:00,2020-04-07,MSFT,24h,0,0.0,0.0,0.0,[],[]
2020-04-08T15:45:00-04:00,2020-04-08,MSFT,24h,0,0.0,0.0,0.0,[],[]
2020-04-09T15:45:00-04:00,2020-04-09,MSFT,24h,0,0.0,0.0,0.0,[],[]
2020-04-10T15:45:00-04:00,2020-04-10,MSFT,24h,0,0.0,0.0,0.0,[],[]
2020-04-13T15:45:00-04:00,2020-04-13,MSFT,24h,0,0.0,0.0,0.0,[],[]
2020-04-14T15:45:00-04:00,2020-04-14,MSFT,24h,0,0.0,0.0,0.0,[],[]
2020-04-15T15:45:00-04:00,2020-04-15,MSFT,24h,0,0.0,0.0,0.0,[],[]
2020-04-16T15:45:00-04:00,2020-04-16,MSFT,24h,0,0.0,0.0,0.0,[],[]
2020-04-17T15:45:00-04:00,2020-04-17,MSFT,24h,0,0.0,0.0,0.0,[],[]
2020-04-20T15:45:00-04:00,2020-04-20,MSFT,24h,0,0.0,0.0,0.0,[],[]
2020-04-21T15:45:00-04:00,2020-04-21,MSFT,24h,0,0.0,0.0,0.0,[],[]
2020-04-22T15:45:00-04:00,2020-04-22,MSFT,24h,0,0.0,0.0,0.0,[],[]
2020-04-23T15:45:00-04:00,2020-04-23,MSFT,24h,0,0.0,0.0,0.0,[],[]
2020-04-24T15:45:00-04:00,2020-04-24,MSFT,24h,0,0.0,0.0,0.0,[],[]
2020-04-27T15:45:00-04:00,2020-04-27,MSFT,24h,0,0.0,0.0,0.0,[],[]
2020-04-28T15:45:00-04:00,2020-04-28,MSFT,24h,0,0.0,0.0,0.0,[],[]
2020-04-29T15:45:00-04:00,2020-04-29,MSFT,24h,0,0.0,0.0,0.0,[],[]
2020-04-30T15:45:00-04:00,2020-04-30,MSFT,24h,0,0.0,0.0,0.0,[],[]
2020-05-01T15:45:00-04:00,2020-05-01,MSFT,24h,0,0.0,0.0,0.0,[],[]
2020-05-04T15:45:00-04:00,2020-05-04,MSFT,24h,0,0.0,0.0,0.0,[],[]
2020-05-05T15:45:00-04:00,2020-05-05,MSFT,24h,0,0.0,0.0,0.0,[],[]
2020-05-06T15:45:00-04:00,2020-05-06,MSFT,24h,0,0.0,0.0,0.0,[],[]
2020-05-07T15:45:00-04:00,2020-05-07,MSFT,24h,0,0.0,0.0,0.0,[],[]
2020-05-08T15:45:00-04:00,2020-05-08,MSFT,24h,0,0.0,0.0,0.0,[],[]
2020-05-11T15:45:00-04:00,2020-05-11,MSFT,24h,0,0.0,0.0,0.0,[],[]
2020-05-12T15:45:00-04:00,2020-05-12,MSFT,24h,0,0.0,0.0,0.0,[],[]
2020-05-13T15:45:00-04:00,2020-05-13,MSFT,24h,0,0.0,0.0,0.0,[],[]
2020-05-14T15:45:00-04:00,2020-05-14,MSFT,24h,0,0.0,0.0,0.0,[],[]
2020-05-15T15:45:00-04:00,2020-05-15,MSFT,24h,0,0.0,0.0,0.0,[],[]
2020-05-18T15:45:00-04:00,2020-05-18,MSFT,24h,0,0.0,0.0,0.0,[],[]
2020-05-19T15:45:00-04:00,2020-05-19,MSFT,24h,0,0.0,0.0,0.0,[],[]
2020-05-20T15:45:00-04:00,2020-05-20,MSFT,24h,0,0.0,0.0,0.0,[],[]
2020-05-21T15:45:00-04:00,2020-05-21,MSFT,24h,0,0.0,0.0,0.0,[],[]
2020-05-22T15:45:00-04:00,2020-05-22,MSFT,24h,0,0.0,0.0,0.0,[],[]
2020-05-25T15:45:00-04:00,2020-05-25,MSFT,24h,0,0.0,0.0,0.0,[],[]
2020-05-26T15:45:00-04:00,2020-05-26,MSFT,24h,0,0.0,0.0,0.0,[],[]
2020-05-27T15:45:00-04:00,2020-05-27,MSFT,24h,0,0.0,0.0,0.0,[],[]
2020-05-28T15:45:00-04:00,2020-05-28,MSFT,24h,0,0.0,0.0,0.0,[],[]
2020-05-29T15:45:00-04:00,2020-05-29,MSFT,24h,0,0.0,0.0,0.0,[],[]
2020-06-01T15:45:00-04:00,2020-06-01,MSFT,24h,0,0.0,0.0,0.0,[],[]
2020-06-02T15:45:00-04:00,2020-06-02,MSFT,24h,0,0.0,0.0,0.0,[],[]
2020-06-03T15:45:00-04:00,2020-06-03,MSFT,24h,0,0.0,0.0,0.0,[],[]
2020-06-04T15:45:00-04:00,2020-06-04,MSFT,24h,0,0.0,0.0,0.0,[],[]
2020-06-05T15:45:00-04:00,2020-06-05,MSFT,24h,0,0.0,0.0,0.0,[],[]
2020-06-08T15:45:00-04:00,2020-06-08,MSFT,24h,0,0.0,0.0,0.0,[],[]
2020-06-09T15:45:00-04:00,2020-06-09,MSFT,24h,0,0.0,0.0,0.0,[],[]
2020-06-10T15:45:00-04:00,2020-06-10,MSFT,24h,0,0.0,0.0,0.0,[],[]
2020-06-11T15:45:00-04:00,2020-06-11,MSFT,24h,0,0.0,0.0,0.0,[],[]
2020-06-12T15:45:00-04:00,2020-06-12,MSFT,24h,0,0.0,0.0,0.0,[],[]
2020-06-15T15:45:00-04:00,2020-06-15,MSFT,24h,0,0.0,0.0,0.0,[],[]
2020-06-16T15:45:00-04:00,2020-06-16,MSFT,24h,0,0.0,0.0,0.0,[],[]
2020-06-17T15:45:00-04:00,2020-06-17,MSFT,24h,0,0.0,0.0,0.0,[],[]
2020-06-18T15:45:00-04:00,2020-06-18,MSFT,24h,0,0.0,0.0,0.0,[],[]
2020-06-19T15:45:00-04:00,2020-06-19,MSFT,24h,0,0.0,0.0,0.0,[],[]
2020-06-22T15:45:00-04:00,2020-06-22,MSFT,24h,0,0.0,0.0,0.0,[],[]
2020-06-23T15:45:00-04:00,2020-06-23,MSFT,24h,0,0.0,0.0,0.0,[],[]
2020-06-24T15:45:00-04:00,2020-06-24,MSFT,24h,0,0.0,0.0,0.0,[],[]
2020-06-25T15:45:00-04:00,2020-06-25,MSFT,24h,0,0.0,0.0,0.0,[],[]
2020-06-26T15:45:00-04:00,2020-06-26,MSFT,24h,0,0.0,0.0,0.0,[],[]
2020-06-29T15:45:00-04:00,2020-06-29,MSFT,24h,0,0.0,0.0,0.0,[],[]
2020-06-30T15:45:00-04:00,2020-06-30,MSFT,24h,0,0.0,0.0,0.0,[],[]
2020-07-01T15:45:00-04:00,2020-07-01,MSFT,24h,0,0.0,0.0,0.0,[],[]
2020-07-02T15:45:00-04:00,2020-07-02,MSFT,24h,0,0.0,0.0,0.0,[],[]
2020-07-03T15:45:00-04:00,2020-07-03,MSFT,24h,0,0.0,0.0,0.0,[],[]
2020-07-06T15:45:00-04:00,2020-07-06,MSFT,24h,0,0.0,0.0,0.0,[],[]
2020-07-07T15:45:00-04:00,2020-07-07,MSFT,24h,0,0.0,0.0,0.0,[],[]
2020-07-08T15:45:00-04:00,2020-07-08,MSFT,24h,0,0.0,0.0,0.0,[],[]
2020-07-09T15:45:00-04:00,2020-07-09,MSFT,24h,0,0.0,0.0,0.0,[],[]
2020-07-10T15:45:00-04:00,2020-07-10,MSFT,24h,0,0.0,0.0,0.0,[],[]
2020-07-13T15:45:00-04:00,2020-07-13,MSFT,24h,0,0.0,0.0,0.0,[],[]
2020-07-14T15:45:00-04:00,2020-07-14,MSFT,24h,0,0.0,0.0,0.0,[],[]
2020-07-15T15:45:00-04:00,2020-07-15,MSFT,24h,0,0.0,0.0,0.0,[],[]
2020-07-16T15:45:00-04:00,2020-07-16,MSFT,24h,0,0.0,0.0,0.0,[],[]
2020-07-17T15:45:00-04:00,2020-07-17,MSFT,24h,0,0.0,0.0,0.0,[],[]
2020-07-20T15:45:00-04:00,2020-07-20,MSFT,24h,0,0.0,0.0,0.0,[],[]
2020-07-21T15:45:00-04:00,2020-07-21,MSFT,24h,0,0.0,0.0,0.0,[],[]
2020-07-22T15:45:00-04:00,2020-07-22,MSFT,24h,0,0.0,0.0,0.0,[],[]
2020-07-23T15:45:00-04:00,2020-07-23,MSFT,24h,0,0.0,0.0,0.0,[],[]
2020-07-24T15:45:00-04:00,2020-07-24,MSFT,24h,0,0.0,0.0,0.0,[],[]
2020-07-27T15:45:00-04:00,2020-07-27,MSFT,24h,0,0.0,0.0,0.0,[],[]
2020-07-28T15:45:00-04:00,2020-07-28,MSFT,24h,0,0.0,0.0,0.0,[],[]
2020-07-29T15:45:00-04:00,2020-07-29,MSFT,24h,0,0.0,0.0,0.0,[],[]
2020-07-30T15:45:00-04:00,2020-07-30,MSFT,24h,0,0.0,0.0,0.0,[],[]
2020-07-31T15:45:00-04:00,2020-07-31,MSFT,24h,0,0.0,0.0,0.0,[],[]
2020-08-03T15:45:00-04:00,2020-08-03,MSFT,24h,0,0.0,0.0,0.0,[],[]
2020-08-04T15:45:00-04:00,2020-08-04,MSFT,24h,0,0.0,0.0,0.0,[],[]
2020-08-05T15:45:00-04:00,2020-08-05,MSFT,24h,0,0.0,0.0,0.0,[],[]
2020-08-06T15:45:00-04:00,2020-08-06,MSFT,24h,0,0.0,0.0,0.0,[],[]
2020-08-07T15:45:00-04:00,2020-08-07,MSFT,24h,0,0.0,0.0,0.0,[],[]
2020-08-10T15:45:00-04:00,2020-08-10,MSFT,24h,0,0.0,0.0,0.0,[],[]
2020-08-11T15:45:00-04:00,2020-08-11,MSFT,24h,0,0.0,0.0,0.0,[],[]
2020-08-12T15:45:00-04:00,2020-08-12,MSFT,24h,0,0.0,0.0,0.0,[],[]
2020-08-13T15:45:00-04:00,2020-08-13,MSFT,24h,0,0.0,0.0,0.0,[],[]
2020-08-14T15:45:00-04:00,2020-08-14,MSFT,24h,0,0.0,0.0,0.0,[],[]
2020-08-17T15:45:00-04:00,2020-08-17,MSFT,24h,0,0.0,0.0,0.0,[],[]
2020-08-18T15:45:00-04:00,2020-08-18,MSFT,24h,0,0.0,0.0,0.0,[],[]
2020-08-19T15:45:00-04:00,2020-08-19,MSFT,24h,0,0.0,0.0,0.0,[],[]
2020-08-20T15:45:00-04:00,2020-08-20,MSFT,24h,0,0.0,0.0,0.0,[],[]
2020-08-21T15:45:00-04:00,2020-08-21,MSFT,24h,0,0.0,0.0,0.0,[],[]
2020-08-24T15:45:00-04:00,2020-08-24,MSFT,24h,0,0.0,0.0,0.0,[],[]
2020-08-25T15:45:00-04:00,2020-08-25,MSFT,24h,0,0.0,0.0,0.0,[],[]
2020-08-26T15:45:00-04:00,2020-08-26,MSFT,24h,0,0.0,0.0,0.0,[],[]
2020-08-27T15:45:00-04:00,2020-08-27,MSFT,24h,0,0.0,0.0,0.0,[],[]
2020-08-28T15:45:00-04:00,2020-08-28,MSFT,24h,0,0.0,0.0,0.0,[],[]
2020-08-31T15:45:00-04:00,2020-08-31,MSFT,24h,0,0.0,0.0,0.0,[],[]
2020-09-01T15:45:00-04:00,2020-09-01,MSFT,24h,0,0.0,0.0,0.0,[],[]
2020-09-02T15:45:00-04:00,2020-09-02,MSFT,24h,0,0.0,0.0,0.0,[],[]
2020-09-03T15:45:00-04:00,2020-09-03,MSFT,24h,0,0.0,0.0,0.0,[],[]
2020-09-04T15:45:00-04:00,2020-09-04,MSFT,24h,0,0.0,0.0,0.0,[],[]
2020-09-07T15:45:00-04:00,2020-09-07,MSFT,24h,0,0.0,0.0,0.0,[],[]
2020-09-08T15:45:00-04:00,2020-09-08,MSFT,24h,0,0.0,0.0,0.0,[],[]
2020-09-09T15:45:00-04:00,2020-09-09,MSFT,24h,0,0.0,0.0,0.0,[],[]
2020-09-10T15:45:00-04:00,2020-09-10,MSFT,24h,0,0.0,0.0,0.0,[],[]
2020-09-11T15:45:00-04:00,2020-09-11,MSFT,24h,0,0.0,0.0,0.0,[],[]
2020-09-14T15:45:00-04:00,2020-09-14,MSFT,24h,0,0.0,0.0,0.0,[],[]
2020-09-15T15:45:00-04:00,2020-09-15,MSFT,24h,0,0.0,0.0,0.0,[],[]
2020-09-16T15:45:00-04:00,2020-09-16,MSFT,24h,0,0.0,0.0,0.0,[],[]
2020-09-17T15:45:00-04:00,2020-09-17,MSFT,24h,0,0.0,0.0,0.0,[],[]
2020-09-18T15:45:00-04:00,2020-09-18,MSFT,24h,0,0.0,0.0,0.0,[],[]
2020-09-21T15:45:00-04:00,2020-09-21,MSFT,24h,0,0.0,0.0,0.0,[],[]
2020-09-22T15:45:00-04:00,2020-09-22,MSFT,24h,0,0.0,0.0,0.0,[],[]
2020-09-23T15:45:00-04:00,2020-09-23,MSFT,24h,0,0.0,0.0,0.0,[],[]
2020-09-24T15:45:00-04:00,2020-09-24,MSFT,24h,0,0.0,0.0,0.0,[],[]
2020-09-25T15:45:00-04:00,2020-09-25,MSFT,24h,0,0.0,0.0,0.0,[],[]
2020-09-28T15:45:00-04:00,2020-09-28,MSFT,24h,0,0.0,0.0,0.0,[],[]
2020-09-29T15:45:00-04:00,2020-09-29,MSFT,24h,0,0.0,0.0,0.0,[],[]
2020-09-30T15:45:00-04:00,2020-09-30,MSFT,24h,0,0.0,0.0,0.0,[],[]
2020-10-01T15:45:00-04:00,2020-10-01,MSFT,24h,0,0.0,0.0,0.0,[],[]
2020-10-02T15:45:00-04:00,2020-10-02,MSFT,24h,0,0.0,0.0,0.0,[],[]
2020-10-05T15:45:00-04:00,2020-10-05,MSFT,24h,0,0.0,0.0,0.0,[],[]
2020-10-06T15:45:00-04:00,2020-10-06,MSFT,24h,0,0.0,0.0,0.0,[],[]
2020-10-07T15:45:00-04:00,2020-10-07,MSFT,24h,0,0.0,0.0,0.0,[],[]
2020-10-08T15:45:00-04:00,2020-10-08,MSFT,24h,0,0.0,0.0,0.0,[],[]
2020-10-09T15:45:00-04:00,2020-10-09,MSFT,24h,0,0.0,0.0,0.0,[],[]
2020-10-12T15:45:00-04:00,2020-10-12,MSFT,24h,0,0.0,0.0,0.0,[],[]
2020-10-13T15:45:00-04:00,2020-10-13,MSFT,24h,0,0.0,0.0,0.0,[],[]
2020-10-14T15:45:00-04:00,2020-10-14,MSFT,24h,0,0.0,0.0,0.0,[],[]
2020-10-15T15:45:00-04:00,2020-10-15,MSFT,24h,0,0.0,0.0,0.0,[],[]
2020-10-16T15:45:00-04:00,2020-10-16,MSFT,24h,0,0.0,0.0,0.0,[],[]
2020-10-19T15:45:00-04:00,2020-10-19,MSFT,24h,0,0.0,0.0,0.0,[],[]
2020-10-20T15:45:00-04:00,2020-10-20,MSFT,24h,0,0.0,0.0,0.0,[],[]
2020-10-21T15:45:00-04:00,2020-10-21,MSFT,24h,0,0.0,0.0,0.0,[],[]
2020-10-22T15:45:00-04:00,2020-10-22,MSFT,24h,0,0.0,0.0,0.0,[],[]
2020-10-23T15:45:00-04:00,2020-10-23,MSFT,24h,0,0.0,0.0,0.0,[],[]
2020-10-26T15:45:00-04:00,2020-10-26,MSFT,24h,0,0.0,0.0,0.0,[],[]
2020-10-27T15:45:00-04:00,2020-10-27,MSFT,24h,0,0.0,0.0,0.0,[],[]
2020-10-28T15:45:00-04:00,2020-10-28,MSFT,24h,0,0.0,0.0,0.0,[],[]
2020-10-29T15:45:00-04:00,2020-10-29,MSFT,24h,0,0.0,0.0,0.0,[],[]
2020-10-30T15:45:00-04:00,2020-10-30,MSFT,24h,0,0.0,0.0,0.0,[],[]
2020-11-02T15:45:00-05:00,2020-11-02,MSFT,24h,0,0.0,0.0,0.0,[],[]
2020-11-03T15:45:00-05:00,2020-11-03,MSFT,24h,0,0.0,0.0,0.0,[],[]
2020-11-04T15:45:00-05:00,2020-11-04,MSFT,24h,0,0.0,0.0,0.0,[],[]
2020-11-05T15:45:00-05:00,2020-11-05,MSFT,24h,0,0.0,0.0,0.0,[],[]
2020-11-06T15:45:00-05:00,2020-11-06,MSFT,24h,0,0.0,0.0,0.0,[],[]
2020-11-09T15:45:00-05:00,2020-11-09,MSFT,24h,0,0.0,0.0,0.0,[],[]
2020-11-10T15:45:00-05:00,2020-11-10,MSFT,24h,0,0.0,0.0,0.0,[],[]
2020-11-11T15:45:00-05:00,2020-11-11,MSFT,24h,0,0.0,0.0,0.0,[],[]
2020-11-12T15:45:00-05:00,2020-11-12,MSFT,24h,0,0.0,0.0,0.0,[],[]
2020-11-13T15:45:00-05:00,2020-11-13,MSFT,24h,0,0.0,0.0,0.0,[],[]
2020-11-16T15:45:00-05:00,2020-11-16,MSFT,24h,0,0.0,0.0,0.0,[],[]
2020-11-17T15:45:00-05:00,2020-11-17,MSFT,24h,0,0.0,0.0,0.0,[],[]
2020-11-18T15:45:00-05:00,2020-11-18,MSFT,24h,0,0.0,0.0,0.0,[],[]
2020-11-19T15:45:00-05:00,2020-11-19,MSFT,24h,0,0.0,0.0,0.0,[],[]
2020-11-20T15:45:00-05:00,2020-11-20,MSFT,24h,0,0.0,0.0,0.0,[],[]
2020-11-23T15:45:00-05:00,2020-11-23,MSFT,24h,0,0.0,0.0,0.0,[],[]
2020-11-24T15:45:00-05:00,2020-11-24,MSFT,24h,0,0.0,0.0,0.0,[],[]
2020-11-25T15:45:00-05:00,2020-11-25,MSFT,24h,0,0.0,0.0,0.0,[],[]
2020-11-26T15:45:00-05:00,2020-11-26,MSFT,24h,0,0.0,0.0,0.0,[],[]
2020-11-27T15:45:00-05:00,2020-11-27,MSFT,24h,0,0.0,0.0,0.0,[],[]
2020-11-30T15:45:00-05:00,2020-11-30,MSFT,24h,0,0.0,0.0,0.0,[],[]
2020-12-01T15:45:00-05:00,2020-12-01,MSFT,24h,0,0.0,0.0,0.0,[],[]
2020-12-02T15:45:00-05:00,2020-12-02,MSFT,24h,0,0.0,0.0,0.0,[],[]
2020-12-03T15:45:00-05:00,2020-12-03,MSFT,24h,0,0.0,0.0,0.0,[],[]
2020-12-04T15:45:00-05:00,2020-12-04,MSFT,24h,0,0.0,0.0,0.0,[],[]
2020-12-07T15:45:00-05:00,2020-12-07,MSFT,24h,0,0.0,0.0,0.0,[],[]
2020-12-08T15:45:00-05:00,2020-12-08,MSFT,24h,0,0.0,0.0,0.0,[],[]
2020-12-09T15:45:00-05:00,2020-12-09,MSFT,24h,0,0.0,0.0,0.0,[],[]
2020-12-10T15:45:00-05:00,2020-12-10,MSFT,24h,0,0.0,0.0,0.0,[],[]
2020-12-11T15:45:00-05:00,2020-12-11,MSFT,24h,0,0.0,0.0,0.0,[],[]
2020-12-14T15:45:00-05:00,2020-12-14,MSFT,24h,0,0.0,0.0,0.0,[],[]
2020-12-15T15:45:00-05:00,2020-12-15,MSFT,24h,0,0.0,0.0,0.0,[],[]
2020-12-16T15:45:00-05:00,2020-12-16,MSFT,24h,0,0.0,0.0,0.0,[],[]
2020-12-17T15:45:00-05:00,2020-12-17,MSFT,24h,0,0.0,0.0,0.0,[],[]
2020-12-18T15:45:00-05:00,2020-12-18,MSFT,24h,0,0.0,0.0,0.0,[],[]
2020-12-21T15:45:00-05:00,2020-12-21,MSFT,24h,0,0.0,0.0,0.0,[],[]
2020-12-22T15:45:00-05:00,2020-12-22,MSFT,24h,0,0.0,0.0,0.0,[],[]
2020-12-23T15:45:00-05:00,2020-12-23,MSFT,24h,0,0.0,0.0,0.0,[],[]
2020-12-24T15:45:00-05:00,2020-12-24,MSFT,24h,0,0.0,0.0,0.0,[],[]
2020-12-25T15:45:00-05:00,2020-12-25,MSFT,24h,0,0.0,0.0,0.0,[],[]
2020-12-28T15:45:00-05:00,2020-12-28,MSFT,24h,0,0.0,0.0,0.0,[],[]
2020-12-29T15:45:00-05:00,2020-12-29,MSFT,24h,0,0.0,0.0,0.0,[],[]
2020-12-30T15:45:00-05:00,2020-12-30,MSFT,24h,0,0.0,0.0,0.0,[],[]
2020-12-31T15:45:00-05:00,2020-12-31,MSFT,24h,0,0.0,0.0,0.0,[],[]
2021-01-01T15:45:00-05:00,2021-01-01,MSFT,24h,0,0.0,0.0,0.0,[],[]
2021-01-04T15:45:00-05:00,2021-01-04,MSFT,24h,0,0.0,0.0,0.0,[],[]
2021-01-05T15:45:00-05:00,2021-01-05,MSFT,24h,0,0.0,0.0,0.0,[],[]
2021-01-06T15:45:00-05:00,2021-01-06,MSFT,24h,0,0.0,0.0,0.0,[],[]
2021-01-07T15:45:00-05:00,2021-01-07,MSFT,24h,0,0.0,0.0,0.0,[],[]
2021-01-08T15:45:00-05:00,2021-01-08,MSFT,24h,0,0.0,0.0,0.0,[],[]
2021-01-11T15:45:00-05:00,2021-01-11,MSFT,24h,0,0.0,0.0,0.0,[],[]
2021-01-12T15:45:00-05:00,2021-01-12,MSFT,24h,0,0.0,0.0,0.0,[],[]
2021-01-13T15:45:00-05:00,2021-01-13,MSFT,24h,0,0.0,0.0,0.0,[],[]
2021-01-14T15:45:00-05:00,2021-01-14,MSFT,24h,0,0.0,0.0,0.0,[],[]
2021-01-15T15:45:00-05:00,2021-01-15,MSFT,24h,0,0.0,0.0,0.0,[],[]
2021-01-18T15:45:00-05:00,2021-01-18,MSFT,24h,0,0.0,0.0,0.0,[],[]
2021-01-19T15:45:00-05:00,2021-01-19,MSFT,24h,0,0.0,0.0,0.0,[],[]
2021-01-20T15:45:00-05:00,2021-01-20,MSFT,24h,0,0.0,0.0,0.0,[],[]
2021-01-21T15:45:00-05:00,2021-01-21,MSFT,24h,0,0.0,0.0,0.0,[],[]
2021-01-22T15:45:00-05:00,2021-01-22,MSFT,24h,0,0.0,0.0,0.0,[],[]
2021-01-25T15:45:00-05:00,2021-01-25,MSFT,24h,0,0.0,0.0,0.0,[],[]
2021-01-26T15:45:00-05:00,2021-01-26,MSFT,24h,0,0.0,0.0,0.0,[],[]
2021-01-27T15:45:00-05:00,2021-01-27,MSFT,24h,0,0.0,0.0,0.0,[],[]
2021-01-28T15:45:00-05:00,2021-01-28,MSFT,24h,0,0.0,0.0,0.0,[],[]
2021-01-29T15:45:00-05:00,2021-01-29,MSFT,24h,0,0.0,0.0,0.0,[],[]
2021-02-01T15:45:00-05:00,2021-02-01,MSFT,24h,0,0.0,0.0,0.0,[],[]
2021-02-02T15:45:00-05:00,2021-02-02,MSFT,24h,0,0.0,0.0,0.0,[],[]
2021-02-03T15:45:00-05:00,2021-02-03,MSFT,24h,0,0.0,0.0,0.0,[],[]
2021-02-04T15:45:00-05:00,2021-02-04,MSFT,24h,0,0.0,0.0,0.0,[],[]
2021-02-05T15:45:00-05:00,2021-02-05,MSFT,24h,0,0.0,0.0,0.0,[],[]
2021-02-08T15:45:00-05:00,2021-02-08,MSFT,24h,0,0.0,0.0,0.0,[],[]
2021-02-09T15:45:00-05:00,2021-02-09,MSFT,24h,0,0.0,0.0,0.0,[],[]
2021-02-10T15:45:00-05:00,2021-02-10,MSFT,24h,0,0.0,0.0,0.0,[],[]
2021-02-11T15:45:00-05:00,2021-02-11,MSFT,24h,0,0.0,0.0,0.0,[],[]
2021-02-12T15:45:00-05:00,2021-02-12,MSFT,24h,0,0.0,0.0,0.0,[],[]
2021-02-15T15:45:00-05:00,2021-02-15,MSFT,24h,0,0.0,0.0,0.0,[],[]
2021-02-16T15:45:00-05:00,2021-02-16,MSFT,24h,0,0.0,0.0,0.0,[],[]
2021-02-17T15:45:00-05:00,2021-02-17,MSFT,24h,0,0.0,0.0,0.0,[],[]
2021-02-18T15:45:00-05:00,2021-02-18,MSFT,24h,0,0.0,0.0,0.0,[],[]
2021-02-19T15:45:00-05:00,2021-02-19,MSFT,24h,0,0.0,0.0,0.0,[],[]
2021-02-22T15:45:00-05:00,2021-02-22,MSFT,24h,0,0.0,0.0,0.0,[],[]
2021-02-23T15:45:00-05:00,2021-02-23,MSFT,24h,0,0.0,0.0,0.0,[],[]
2021-02-24T15:45:00-05:00,2021-02-24,MSFT,24h,0,0.0,0.0,0.0,[],[]
2021-02-25T15:45:00-05:00,2021-02-25,MSFT,24h,0,0.0,0.0,0.0,[],[]
2021-02-26T15:45:00-05:00,2021-02-26,MSFT,24h,0,0.0,0.0,0.0,[],[]
2021-03-01T15:45:00-05:00,2021-03-01,MSFT,24h,0,0.0,0.0,0.0,[],[]
2021-03-02T15:45:00-05:00,2021-03-02,MSFT,24h,0,0.0,0.0,0.0,[],[]
2021-03-03T15:45:00-05:00,2021-03-03,MSFT,24h,0,0.0,0.0,0.0,[],[]
2021-03-04T15:45:00-05:00,2021-03-04,MSFT,24h,0,0.0,0.0,0.0,[],[]
2021-03-05T15:45:00-05:00,2021-03-05,MSFT,24h,0,0.0,0.0,0.0,[],[]
2021-03-08T15:45:00-05:00,2021-03-08,MSFT,24h,0,0.0,0.0,0.0,[],[]
2021-03-09T15:45:00-05:00,2021-03-09,MSFT,24h,0,0.0,0.0,0.0,[],[]
2021-03-10T15:45:00-05:00,2021-03-10,MSFT,24h,0,0.0,0.0,0.0,[],[]
2021-03-11T15:45:00-05:00,2021-03-11,MSFT,24h,0,0.0,0.0,0.0,[],[]
2021-03-12T15:45:00-05:00,2021-03-12,MSFT,24h,0,0.0,0.0,0.0,[],[]
2021-03-15T15:45:00-04:00,2021-03-15,MSFT,24h,0,0.0,0.0,0.0,[],[]
2021-03-16T15:45:00-04:00,2021-03-16,MSFT,24h,0,0.0,0.0,0.0,[],[]
2021-03-17T15:45:00-04:00,2021-03-17,MSFT,24h,0,0.0,0.0,0.0,[],[]
2021-03-18T15:45:00-04:00,2021-03-18,MSFT,24h,0,0.0,0.0,0.0,[],[]
2021-03-19T15:45:00-04:00,2021-03-19,MSFT,24h,0,0.0,0.0,0.0,[],[]
2021-03-22T15:45:00-04:00,2021-03-22,MSFT,24h,0,0.0,0.0,0.0,[],[]
2021-03-23T15:45:00-04:00,2021-03-23,MSFT,24h,0,0.0,0.0,0.0,[],[]
2021-03-24T15:45:00-04:00,2021-03-24,MSFT,24h,0,0.0,0.0,0.0,[],[]
2021-03-25T15:45:00-04:00,2021-03-25,MSFT,24h,0,0.0,0.0,0.0,[],[]
2021-03-26T15:45:00-04:00,2021-03-26,MSFT,24h,0,0.0,0.0,0.0,[],[]
2021-03-29T15:45:00-04:00,2021-03-29,MSFT,24h,0,0.0,0.0,0.0,[],[]
2021-03-30T15:45:00-04:00,2021-03-30,MSFT,24h,0,0.0,0.0,0.0,[],[]
2021-03-31T15:45:00-04:00,2021-03-31,MSFT,24h,0,0.0,0.0,0.0,[],[]
2021-04-01T15:45:00-04:00,2021-04-01,MSFT,24h,0,0.0,0.0,0.0,[],[]
2021-04-02T15:45:00-04:00,2021-04-02,MSFT,24h,0,0.0,0.0,0.0,[],[]
2021-04-05T15:45:00-04:00,2021-04-05,MSFT,24h,0,0.0,0.0,0.0,[],[]
2021-04-06T15:45:00-04:00,2021-04-06,MSFT,24h,0,0.0,0.0,0.0,[],[]
2021-04-07T15:45:00-04:00,2021-04-07,MSFT,24h,0,0.0,0.0,0.0,[],[]
2021-04-08T15:45:00-04:00,2021-04-08,MSFT,24h,0,0.0,0.0,0.0,[],[]
2021-04-09T15:45:00-04:00,2021-04-09,MSFT,24h,0,0.0,0.0,0.0,[],[]
2021-04-12T15:45:00-04:00,2021-04-12,MSFT,24h,0,0.0,0.0,0.0,[],[]
2021-04-13T15:45:00-04:00,2021-04-13,MSFT,24h,0,0.0,0.0,0.0,[],[]
2021-04-14T15:45:00-04:00,2021-04-14,MSFT,24h,0,0.0,0.0,0.0,[],[]
2021-04-15T15:45:00-04:00,2021-04-15,MSFT,24h,0,0.0,0.0,0.0,[],[]
2021-04-16T15:45:00-04:00,2021-04-16,MSFT,24h,0,0.0,0.0,0.0,[],[]
2021-04-19T15:45:00-04:00,2021-04-19,MSFT,24h,0,0.0,0.0,0.0,[],[]
2021-04-20T15:45:00-04:00,2021-04-20,MSFT,24h,0,0.0,0.0,0.0,[],[]
2021-04-21T15:45:00-04:00,2021-04-21,MSFT,24h,0,0.0,0.0,0.0,[],[]
2021-04-22T15:45:00-04:00,2021-04-22,MSFT,24h,0,0.0,0.0,0.0,[],[]
2021-04-23T15:45:00-04:00,2021-04-23,MSFT,24h,0,0.0,0.0,0.0,[],[]
2021-04-26T15:45:00-04:00,2021-04-26,MSFT,24h,0,0.0,0.0,0.0,[],[]
2021-04-27T15:45:00-04:00,2021-04-27,MSFT,24h,0,0.0,0.0,0.0,[],[]
2021-04-28T15:45:00-04:00,2021-04-28,MSFT,24h,0,0.0,0.0,0.0,[],[]
2021-04-29T15:45:00-04:00,2021-04-29,MSFT,24h,0,0.0,0.0,0.0,[],[]
2021-04-30T15:45:00-04:00,2021-04-30,MSFT,24h,0,0.0,0.0,0.0,[],[]
2021-05-03T15:45:00-04:00,2021-05-03,MSFT,24h,0,0.0,0.0,0.0,[],[]
2021-05-04T15:45:00-04:00,2021-05-04,MSFT,24h,0,0.0,0.0,0.0,[],[]
2021-05-05T15:45:00-04:00,2021-05-05,MSFT,24h,0,0.0,0.0,0.0,[],[]
2021-05-06T15:45:00-04:00,2021-05-06,MSFT,24h,0,0.0,0.0,0.0,[],[]
2021-05-07T15:45:00-04:00,2021-05-07,MSFT,24h,0,0.0,0.0,0.0,[],[]
2021-05-10T15:45:00-04:00,2021-05-10,MSFT,24h,0,0.0,0.0,0.0,[],[]
2021-05-11T15:45:00-04:00,2021-05-11,MSFT,24h,0,0.0,0.0,0.0,[],[]
2021-05-12T15:45:00-04:00,2021-05-12,MSFT,24h,0,0.0,0.0,0.0,[],[]
2021-05-13T15:45:00-04:00,2021-05-13,MSFT,24h,0,0.0,0.0,0.0,[],[]
2021-05-14T15:45:00-04:00,2021-05-14,MSFT,24h,0,0.0,0.0,0.0,[],[]
2021-05-17T15:45:00-04:00,2021-05-17,MSFT,24h,0,0.0,0.0,0.0,[],[]
2021-05-18T15:45:00-04:00,2021-05-18,MSFT,24h,0,0.0,0.0,0.0,[],[]
2021-05-19T15:45:00-04:00,2021-05-19,MSFT,24h,0,0.0,0.0,0.0,[],[]
2021-05-20T15:45:00-04:00,2021-05-20,MSFT,24h,0,0.0,0.0,0.0,[],[]
2021-05-21T15:45:00-04:00,2021-05-21,MSFT,24h,1,0.0,0.0,0.0,"[""litigation""]","[""sec_edgar""]"
2021-05-24T15:45:00-04:00,2021-05-24,MSFT,24h,0,0.0,0.0,0.0,[],[]
2021-05-25T15:45:00-04:00,2021-05-25,MSFT,24h,0,0.0,0.0,0.0,[],[]
2021-05-26T15:45:00-04:00,2021-05-26,MSFT,24h,0,0.0,0.0,0.0,[],[]
2021-05-27T15:45:00-04:00,2021-05-27,MSFT,24h,0,0.0,0.0,0.0,[],[]
2021-05-28T15:45:00-04:00,2021-05-28,MSFT,24h,0,0.0,0.0,0.0,[],[]
2021-05-31T15:45:00-04:00,2021-05-31,MSFT,24h,0,0.0,0.0,0.0,[],[]
2021-06-01T15:45:00-04:00,2021-06-01,MSFT,24h,0,0.0,0.0,0.0,[],[]
2021-06-02T15:45:00-04:00,2021-06-02,MSFT,24h,0,0.0,0.0,0.0,[],[]
2021-06-03T15:45:00-04:00,2021-06-03,MSFT,24h,0,0.0,0.0,0.0,[],[]
2021-06-04T15:45:00-04:00,2021-06-04,MSFT,24h,0,0.0,0.0,0.0,[],[]
2021-06-07T15:45:00-04:00,2021-06-07,MSFT,24h,0,0.0,0.0,0.0,[],[]
2021-06-08T15:45:00-04:00,2021-06-08,MSFT,24h,0,0.0,0.0,0.0,[],[]
2021-06-09T15:45:00-04:00,2021-06-09,MSFT,24h,0,0.0,0.0,0.0,[],[]
2021-06-10T15:45:00-04:00,2021-06-10,MSFT,24h,0,0.0,0.0,0.0,[],[]
2021-06-11T15:45:00-04:00,2021-06-11,MSFT,24h,0,0.0,0.0,0.0,[],[]
2021-06-14T15:45:00-04:00,2021-06-14,MSFT,24h,0,0.0,0.0,0.0,[],[]
2021-06-15T15:45:00-04:00,2021-06-15,MSFT,24h,0,0.0,0.0,0.0,[],[]
2021-06-16T15:45:00-04:00,2021-06-16,MSFT,24h,0,0.0,0.0,0.0,[],[]
2021-06-17T15:45:00-04:00,2021-06-17,MSFT,24h,1,0.0,0.0,0.0,"[""litigation""]","[""sec_edgar""]"
2021-06-18T15:45:00-04:00,2021-06-18,MSFT,24h,0,0.0,0.0,0.0,[],[]
2021-06-21T15:45:00-04:00,2021-06-21,MSFT,24h,0,0.0,0.0,0.0,[],[]
2021-06-22T15:45:00-04:00,2021-06-22,MSFT,24h,0,0.0,0.0,0.0,[],[]
2021-06-23T15:45:00-04:00,2021-06-23,MSFT,24h,0,0.0,0.0,0.0,[],[]
2021-06-24T15:45:00-04:00,2021-06-24,MSFT,24h,0,0.0,0.0,0.0,[],[]
2021-06-25T15:45:00-04:00,2021-06-25,MSFT,24h,0,0.0,0.0,0.0,[],[]
2021-06-28T15:45:00-04:00,2021-06-28,MSFT,24h,0,0.0,0.0,0.0,[],[]
2021-06-29T15:45:00-04:00,2021-06-29,MSFT,24h,0,0.0,0.0,0.0,[],[]
2021-06-30T15:45:00-04:00,2021-06-30,MSFT,24h,0,0.0,0.0,0.0,[],[]
2021-07-01T15:45:00-04:00,2021-07-01,MSFT,24h,0,0.0,0.0,0.0,[],[]
2021-07-02T15:45:00-04:00,2021-07-02,MSFT,24h,0,0.0,0.0,0.0,[],[]
2021-07-05T15:45:00-04:00,2021-07-05,MSFT,24h,0,0.0,0.0,0.0,[],[]
2021-07-06T15:45:00-04:00,2021-07-06,MSFT,24h,0,0.0,0.0,0.0,[],[]
2021-07-07T15:45:00-04:00,2021-07-07,MSFT,24h,0,0.0,0.0,0.0,[],[]
2021-07-08T15:45:00-04:00,2021-07-08,MSFT,24h,0,0.0,0.0,0.0,[],[]
2021-07-09T15:45:00-04:00,2021-07-09,MSFT,24h,1,0.0,0.0,0.0,"[""litigation""]","[""sec_edgar""]"
2021-07-12T15:45:00-04:00,2021-07-12,MSFT,24h,0,0.0,0.0,0.0,[],[]
2021-07-13T15:45:00-04:00,2021-07-13,MSFT,24h,0,0.0,0.0,0.0,[],[]
2021-07-14T15:45:00-04:00,2021-07-14,MSFT,24h,0,0.0,0.0,0.0,[],[]
2021-07-15T15:45:00-04:00,2021-07-15,MSFT,24h,0,0.0,0.0,0.0,[],[]
2021-07-16T15:45:00-04:00,2021-07-16,MSFT,24h,0,0.0,0.0,0.0,[],[]
2021-07-19T15:45:00-04:00,2021-07-19,MSFT,24h,0,0.0,0.0,0.0,[],[]
2021-07-20T15:45:00-04:00,2021-07-20,MSFT,24h,0,0.0,0.0,0.0,[],[]
2021-07-21T15:45:00-04:00,2021-07-21,MSFT,24h,0,0.0,0.0,0.0,[],[]
2021-07-22T15:45:00-04:00,2021-07-22,MSFT,24h,0,0.0,0.0,0.0,[],[]
2021-07-23T15:45:00-04:00,2021-07-23,MSFT,24h,0,0.0,0.0,0.0,[],[]
2021-07-26T15:45:00-04:00,2021-07-26,MSFT,24h,0,0.0,0.0,0.0,[],[]
2021-07-27T15:45:00-04:00,2021-07-27,MSFT,24h,0,0.0,0.0,0.0,[],[]
2021-07-28T15:45:00-04:00,2021-07-28,MSFT,24h,0,0.0,0.0,0.0,[],[]
2021-07-29T15:45:00-04:00,2021-07-29,MSFT,24h,0,0.0,0.0,0.0,[],[]
2021-07-30T15:45:00-04:00,2021-07-30,MSFT,24h,0,0.0,0.0,0.0,[],[]
2021-08-02T15:45:00-04:00,2021-08-02,MSFT,24h,0,0.0,0.0,0.0,[],[]
2021-08-03T15:45:00-04:00,2021-08-03,MSFT,24h,0,0.0,0.0,0.0,[],[]
2021-08-04T15:45:00-04:00,2021-08-04,MSFT,24h,0,0.0,0.0,0.0,[],[]
2021-08-05T15:45:00-04:00,2021-08-05,MSFT,24h,0,0.0,0.0,0.0,[],[]
2021-08-06T15:45:00-04:00,2021-08-06,MSFT,24h,0,0.0,0.0,0.0,[],[]
2021-08-09T15:45:00-04:00,2021-08-09,MSFT,24h,0,0.0,0.0,0.0,[],[]
2021-08-10T15:45:00-04:00,2021-08-10,MSFT,24h,0,0.0,0.0,0.0,[],[]
2021-08-11T15:45:00-04:00,2021-08-11,MSFT,24h,0,0.0,0.0,0.0,[],[]
2021-08-12T15:45:00-04:00,2021-08-12,MSFT,24h,0,0.0,0.0,0.0,[],[]
2021-08-13T15:45:00-04:00,2021-08-13,MSFT,24h,0,0.0,0.0,0.0,[],[]
2021-08-16T15:45:00-04:00,2021-08-16,MSFT,24h,0,0.0,0.0,0.0,[],[]
2021-08-17T15:45:00-04:00,2021-08-17,MSFT,24h,0,0.0,0.0,0.0,[],[]
2021-08-18T15:45:00-04:00,2021-08-18,MSFT,24h,0,0.0,0.0,0.0,[],[]
2021-08-19T15:45:00-04:00,2021-08-19,MSFT,24h,0,0.0,0.0,0.0,[],[]
2021-08-20T15:45:00-04:00,2021-08-20,MSFT,24h,0,0.0,0.0,0.0,[],[]
2021-08-23T15:45:00-04:00,2021-08-23,MSFT,24h,0,0.0,0.0,0.0,[],[]
2021-08-24T15:45:00-04:00,2021-08-24,MSFT,24h,0,0.0,0.0,0.0,[],[]
2021-08-25T15:45:00-04:00,2021-08-25,MSFT,24h,0,0.0,0.0,0.0,[],[]
2021-08-26T15:45:00-04:00,2021-08-26,MSFT,24h,0,0.0,0.0,0.0,[],[]
2021-08-27T15:45:00-04:00,2021-08-27,MSFT,24h,0,0.0,0.0,0.0,[],[]
2021-08-30T15:45:00-04:00,2021-08-30,MSFT,24h,0,0.0,0.0,0.0,[],[]
2021-08-31T15:45:00-04:00,2021-08-31,MSFT,24h,0,0.0,0.0,0.0,[],[]
2021-09-01T15:45:00-04:00,2021-09-01,MSFT,24h,0,0.0,0.0,0.0,[],[]
2021-09-02T15:45:00-04:00,2021-09-02,MSFT,24h,0,0.0,0.0,0.0,[],[]
2021-09-03T15:45:00-04:00,2021-09-03,MSFT,24h,0,0.0,0.0,0.0,[],[]
2021-09-06T15:45:00-04:00,2021-09-06,MSFT,24h,0,0.0,0.0,0.0,[],[]
2021-09-07T15:45:00-04:00,2021-09-07,MSFT,24h,0,0.0,0.0,0.0,[],[]
2021-09-08T15:45:00-04:00,2021-09-08,MSFT,24h,0,0.0,0.0,0.0,[],[]
2021-09-09T15:45:00-04:00,2021-09-09,MSFT,24h,0,0.0,0.0,0.0,[],[]
2021-09-10T15:45:00-04:00,2021-09-10,MSFT,24h,0,0.0,0.0,0.0,[],[]
2021-09-13T15:45:00-04:00,2021-09-13,MSFT,24h,0,0.0,0.0,0.0,[],[]
2021-09-14T15:45:00-04:00,2021-09-14,MSFT,24h,0,0.0,0.0,0.0,[],[]
2021-09-15T15:45:00-04:00,2021-09-15,MSFT,24h,0,0.0,0.0,0.0,[],[]
2021-09-16T15:45:00-04:00,2021-09-16,MSFT,24h,0,0.0,0.0,0.0,[],[]
2021-09-17T15:45:00-04:00,2021-09-17,MSFT,24h,0,0.0,0.0,0.0,[],[]
2021-09-20T15:45:00-04:00,2021-09-20,MSFT,24h,0,0.0,0.0,0.0,[],[]
2021-09-21T15:45:00-04:00,2021-09-21,MSFT,24h,0,0.0,0.0,0.0,[],[]
2021-09-22T15:45:00-04:00,2021-09-22,MSFT,24h,0,0.0,0.0,0.0,[],[]
2021-09-23T15:45:00-04:00,2021-09-23,MSFT,24h,0,0.0,0.0,0.0,[],[]
2021-09-24T15:45:00-04:00,2021-09-24,MSFT,24h,0,0.0,0.0,0.0,[],[]
2021-09-27T15:45:00-04:00,2021-09-27,MSFT,24h,0,0.0,0.0,0.0,[],[]
2021-09-28T15:45:00-04:00,2021-09-28,MSFT,24h,0,0.0,0.0,0.0,[],[]
2021-09-29T15:45:00-04:00,2021-09-29,MSFT,24h,0,0.0,0.0,0.0,[],[]
2021-09-30T15:45:00-04:00,2021-09-30,MSFT,24h,0,0.0,0.0,0.0,[],[]
2021-10-01T15:45:00-04:00,2021-10-01,MSFT,24h,0,0.0,0.0,0.0,[],[]
2021-10-04T15:45:00-04:00,2021-10-04,MSFT,24h,0,0.0,0.0,0.0,[],[]
2021-10-05T15:45:00-04:00,2021-10-05,MSFT,24h,0,0.0,0.0,0.0,[],[]
2021-10-06T15:45:00-04:00,2021-10-06,MSFT,24h,0,0.0,0.0,0.0,[],[]
2021-10-07T15:45:00-04:00,2021-10-07,MSFT,24h,0,0.0,0.0,0.0,[],[]
2021-10-08T15:45:00-04:00,2021-10-08,MSFT,24h,0,0.0,0.0,0.0,[],[]
2021-10-11T15:45:00-04:00,2021-10-11,MSFT,24h,0,0.0,0.0,0.0,[],[]
2021-10-12T15:45:00-04:00,2021-10-12,MSFT,24h,0,0.0,0.0,0.0,[],[]
2021-10-13T15:45:00-04:00,2021-10-13,MSFT,24h,0,0.0,0.0,0.0,[],[]
2021-10-14T15:45:00-04:00,2021-10-14,MSFT,24h,0,0.0,0.0,0.0,[],[]
2021-10-15T15:45:00-04:00,2021-10-15,MSFT,24h,0,0.0,0.0,0.0,[],[]
2021-10-18T15:45:00-04:00,2021-10-18,MSFT,24h,0,0.0,0.0,0.0,[],[]
2021-10-19T15:45:00-04:00,2021-10-19,MSFT,24h,0,0.0,0.0,0.0,[],[]
2021-10-20T15:45:00-04:00,2021-10-20,MSFT,24h,0,0.0,0.0,0.0,[],[]
2021-10-21T15:45:00-04:00,2021-10-21,MSFT,24h,0,0.0,0.0,0.0,[],[]
2021-10-22T15:45:00-04:00,2021-10-22,MSFT,24h,0,0.0,0.0,0.0,[],[]
2021-10-25T15:45:00-04:00,2021-10-25,MSFT,24h,0,0.0,0.0,0.0,[],[]
2021-10-26T15:45:00-04:00,2021-10-26,MSFT,24h,0,0.0,0.0,0.0,[],[]
2021-10-27T15:45:00-04:00,2021-10-27,MSFT,24h,0,0.0,0.0,0.0,[],[]
2021-10-28T15:45:00-04:00,2021-10-28,MSFT,24h,0,0.0,0.0,0.0,[],[]
2021-10-29T15:45:00-04:00,2021-10-29,MSFT,24h,0,0.0,0.0,0.0,[],[]
2021-11-01T15:45:00-04:00,2021-11-01,MSFT,24h,0,0.0,0.0,0.0,[],[]
2021-11-02T15:45:00-04:00,2021-11-02,MSFT,24h,0,0.0,0.0,0.0,[],[]
2021-11-03T15:45:00-04:00,2021-11-03,MSFT,24h,0,0.0,0.0,0.0,[],[]
2021-11-04T15:45:00-04:00,2021-11-04,MSFT,24h,0,0.0,0.0,0.0,[],[]
2021-11-05T15:45:00-04:00,2021-11-05,MSFT,24h,0,0.0,0.0,0.0,[],[]
2021-11-08T15:45:00-05:00,2021-11-08,MSFT,24h,0,0.0,0.0,0.0,[],[]
2021-11-09T15:45:00-05:00,2021-11-09,MSFT,24h,0,0.0,0.0,0.0,[],[]
2021-11-10T15:45:00-05:00,2021-11-10,MSFT,24h,0,0.0,0.0,0.0,[],[]
2021-11-11T15:45:00-05:00,2021-11-11,MSFT,24h,0,0.0,0.0,0.0,[],[]
2021-11-12T15:45:00-05:00,2021-11-12,MSFT,24h,0,0.0,0.0,0.0,[],[]
2021-11-15T15:45:00-05:00,2021-11-15,MSFT,24h,0,0.0,0.0,0.0,[],[]
2021-11-16T15:45:00-05:00,2021-11-16,MSFT,24h,0,0.0,0.0,0.0,[],[]
2021-11-17T15:45:00-05:00,2021-11-17,MSFT,24h,0,0.0,0.0,0.0,[],[]
2021-11-18T15:45:00-05:00,2021-11-18,MSFT,24h,0,0.0,0.0,0.0,[],[]
2021-11-19T15:45:00-05:00,2021-11-19,MSFT,24h,0,0.0,0.0,0.0,[],[]
2021-11-22T15:45:00-05:00,2021-11-22,MSFT,24h,0,0.0,0.0,0.0,[],[]
2021-11-23T15:45:00-05:00,2021-11-23,MSFT,24h,0,0.0,0.0,0.0,[],[]
2021-11-24T15:45:00-05:00,2021-11-24,MSFT,24h,0,0.0,0.0,0.0,[],[]
2021-11-25T15:45:00-05:00,2021-11-25,MSFT,24h,0,0.0,0.0,0.0,[],[]
2021-11-26T15:45:00-05:00,2021-11-26,MSFT,24h,0,0.0,0.0,0.0,[],[]
2021-11-29T15:45:00-05:00,2021-11-29,MSFT,24h,0,0.0,0.0,0.0,[],[]
2021-11-30T15:45:00-05:00,2021-11-30,MSFT,24h,0,0.0,0.0,0.0,[],[]
2021-12-01T15:45:00-05:00,2021-12-01,MSFT,24h,0,0.0,0.0,0.0,[],[]
2021-12-02T15:45:00-05:00,2021-12-02,MSFT,24h,0,0.0,0.0,0.0,[],[]
2021-12-03T15:45:00-05:00,2021-12-03,MSFT,24h,0,0.0,0.0,0.0,[],[]
2021-12-06T15:45:00-05:00,2021-12-06,MSFT,24h,0,0.0,0.0,0.0,[],[]
2021-12-07T15:45:00-05:00,2021-12-07,MSFT,24h,0,0.0,0.0,0.0,[],[]
2021-12-08T15:45:00-05:00,2021-12-08,MSFT,24h,0,0.0,0.0,0.0,[],[]
2021-12-09T15:45:00-05:00,2021-12-09,MSFT,24h,0,0.0,0.0,0.0,[],[]
2021-12-10T15:45:00-05:00,2021-12-10,MSFT,24h,0,0.0,0.0,0.0,[],[]
2021-12-13T15:45:00-05:00,2021-12-13,MSFT,24h,0,0.0,0.0,0.0,[],[]
2021-12-14T15:45:00-05:00,2021-12-14,MSFT,24h,0,0.0,0.0,0.0,[],[]
2021-12-15T15:45:00-05:00,2021-12-15,MSFT,24h,0,0.0,0.0,0.0,[],[]
2021-12-16T15:45:00-05:00,2021-12-16,MSFT,24h,0,0.0,0.0,0.0,[],[]
2021-12-17T15:45:00-05:00,2021-12-17,MSFT,24h,0,0.0,0.0,0.0,[],[]
2021-12-20T15:45:00-05:00,2021-12-20,MSFT,24h,0,0.0,0.0,0.0,[],[]
2021-12-21T15:45:00-05:00,2021-12-21,MSFT,24h,0,0.0,0.0,0.0,[],[]
2021-12-22T15:45:00-05:00,2021-12-22,MSFT,24h,0,0.0,0.0,0.0,[],[]
2021-12-23T15:45:00-05:00,2021-12-23,MSFT,24h,0,0.0,0.0,0.0,[],[]
2021-12-24T15:45:00-05:00,2021-12-24,MSFT,24h,0,0.0,0.0,0.0,[],[]
2021-12-27T15:45:00-05:00,2021-12-27,MSFT,24h,0,0.0,0.0,0.0,[],[]
2021-12-28T15:45:00-05:00,2021-12-28,MSFT,24h,0,0.0,0.0,0.0,[],[]
2021-12-29T15:45:00-05:00,2021-12-29,MSFT,24h,0,0.0,0.0,0.0,[],[]
2021-12-30T15:45:00-05:00,2021-12-30,MSFT,24h,0,0.0,0.0,0.0,[],[]
2021-12-31T15:45:00-05:00,2021-12-31,MSFT,24h,0,0.0,0.0,0.0,[],[]
2022-01-03T15:45:00-05:00,2022-01-03,MSFT,24h,0,0.0,0.0,0.0,[],[]
2022-01-04T15:45:00-05:00,2022-01-04,MSFT,24h,0,0.0,0.0,0.0,[],[]
2022-01-05T15:45:00-05:00,2022-01-05,MSFT,24h,0,0.0,0.0,0.0,[],[]
2022-01-06T15:45:00-05:00,2022-01-06,MSFT,24h,0,0.0,0.0,0.0,[],[]
2022-01-07T15:45:00-05:00,2022-01-07,MSFT,24h,0,0.0,0.0,0.0,[],[]
2022-01-10T15:45:00-05:00,2022-01-10,MSFT,24h,0,0.0,0.0,0.0,[],[]
2022-01-11T15:45:00-05:00,2022-01-11,MSFT,24h,0,0.0,0.0,0.0,[],[]
2022-01-12T15:45:00-05:00,2022-01-12,MSFT,24h,0,0.0,0.0,0.0,[],[]
2022-01-13T15:45:00-05:00,2022-01-13,MSFT,24h,0,0.0,0.0,0.0,[],[]
2022-01-14T15:45:00-05:00,2022-01-14,MSFT,24h,0,0.0,0.0,0.0,[],[]
2022-01-17T15:45:00-05:00,2022-01-17,MSFT,24h,0,0.0,0.0,0.0,[],[]
2022-01-18T15:45:00-05:00,2022-01-18,MSFT,24h,0,0.0,0.0,0.0,[],[]
2022-01-19T15:45:00-05:00,2022-01-19,MSFT,24h,0,0.0,0.0,0.0,[],[]
2022-01-20T15:45:00-05:00,2022-01-20,MSFT,24h,0,0.0,0.0,0.0,[],[]
2022-01-21T15:45:00-05:00,2022-01-21,MSFT,24h,0,0.0,0.0,0.0,[],[]
2022-01-24T15:45:00-05:00,2022-01-24,MSFT,24h,0,0.0,0.0,0.0,[],[]
2022-01-25T15:45:00-05:00,2022-01-25,MSFT,24h,0,0.0,0.0,0.0,[],[]
2022-01-26T15:45:00-05:00,2022-01-26,MSFT,24h,0,0.0,0.0,0.0,[],[]
2022-01-27T15:45:00-05:00,2022-01-27,MSFT,24h,0,0.0,0.0,0.0,[],[]
2022-01-28T15:45:00-05:00,2022-01-28,MSFT,24h,0,0.0,0.0,0.0,[],[]
2022-01-31T15:45:00-05:00,2022-01-31,MSFT,24h,0,0.0,0.0,0.0,[],[]
2022-02-01T15:45:00-05:00,2022-02-01,MSFT,24h,0,0.0,0.0,0.0,[],[]
2022-02-02T15:45:00-05:00,2022-02-02,MSFT,24h,0,0.0,0.0,0.0,[],[]
2022-02-03T15:45:00-05:00,2022-02-03,MSFT,24h,0,0.0,0.0,0.0,[],[]
2022-02-04T15:45:00-05:00,2022-02-04,MSFT,24h,0,0.0,0.0,0.0,[],[]
2022-02-07T15:45:00-05:00,2022-02-07,MSFT,24h,0,0.0,0.0,0.0,[],[]
2022-02-08T15:45:00-05:00,2022-02-08,MSFT,24h,0,0.0,0.0,0.0,[],[]
2022-02-09T15:45:00-05:00,2022-02-09,MSFT,24h,0,0.0,0.0,0.0,[],[]
2022-02-10T15:45:00-05:00,2022-02-10,MSFT,24h,0,0.0,0.0,0.0,[],[]
2022-02-11T15:45:00-05:00,2022-02-11,MSFT,24h,0,0.0,0.0,0.0,[],[]
2022-02-14T15:45:00-05:00,2022-02-14,MSFT,24h,0,0.0,0.0,0.0,[],[]
2022-02-15T15:45:00-05:00,2022-02-15,MSFT,24h,0,0.0,0.0,0.0,[],[]
2022-02-16T15:45:00-05:00,2022-02-16,MSFT,24h,0,0.0,0.0,0.0,[],[]
2022-02-17T15:45:00-05:00,2022-02-17,MSFT,24h,0,0.0,0.0,0.0,[],[]
2022-02-18T15:45:00-05:00,2022-02-18,MSFT,24h,0,0.0,0.0,0.0,[],[]
2022-02-21T15:45:00-05:00,2022-02-21,MSFT,24h,0,0.0,0.0,0.0,[],[]
2022-02-22T15:45:00-05:00,2022-02-22,MSFT,24h,0,0.0,0.0,0.0,[],[]
2022-02-23T15:45:00-05:00,2022-02-23,MSFT,24h,0,0.0,0.0,0.0,[],[]
2022-02-24T15:45:00-05:00,2022-02-24,MSFT,24h,0,0.0,0.0,0.0,[],[]
2022-02-25T15:45:00-05:00,2022-02-25,MSFT,24h,0,0.0,0.0,0.0,[],[]
2022-02-28T15:45:00-05:00,2022-02-28,MSFT,24h,0,0.0,0.0,0.0,[],[]
2022-03-01T15:45:00-05:00,2022-03-01,MSFT,24h,0,0.0,0.0,0.0,[],[]
2022-03-02T15:45:00-05:00,2022-03-02,MSFT,24h,0,0.0,0.0,0.0,[],[]
2022-03-03T15:45:00-05:00,2022-03-03,MSFT,24h,0,0.0,0.0,0.0,[],[]
2022-03-04T15:45:00-05:00,2022-03-04,MSFT,24h,0,0.0,0.0,0.0,[],[]
2022-03-07T15:45:00-05:00,2022-03-07,MSFT,24h,0,0.0,0.0,0.0,[],[]
2022-03-08T15:45:00-05:00,2022-03-08,MSFT,24h,0,0.0,0.0,0.0,[],[]
2022-03-09T15:45:00-05:00,2022-03-09,MSFT,24h,0,0.0,0.0,0.0,[],[]
2022-03-10T15:45:00-05:00,2022-03-10,MSFT,24h,0,0.0,0.0,0.0,[],[]
2022-03-11T15:45:00-05:00,2022-03-11,MSFT,24h,0,0.0,0.0,0.0,[],[]
2022-03-14T15:45:00-04:00,2022-03-14,MSFT,24h,0,0.0,0.0,0.0,[],[]
2022-03-15T15:45:00-04:00,2022-03-15,MSFT,24h,0,0.0,0.0,0.0,[],[]
2022-03-16T15:45:00-04:00,2022-03-16,MSFT,24h,0,0.0,0.0,0.0,[],[]
2022-03-17T15:45:00-04:00,2022-03-17,MSFT,24h,0,0.0,0.0,0.0,[],[]
2022-03-18T15:45:00-04:00,2022-03-18,MSFT,24h,0,0.0,0.0,0.0,[],[]
2022-03-21T15:45:00-04:00,2022-03-21,MSFT,24h,0,0.0,0.0,0.0,[],[]
2022-03-22T15:45:00-04:00,2022-03-22,MSFT,24h,0,0.0,0.0,0.0,[],[]
2022-03-23T15:45:00-04:00,2022-03-23,MSFT,24h,0,0.0,0.0,0.0,[],[]
2022-03-24T15:45:00-04:00,2022-03-24,MSFT,24h,0,0.0,0.0,0.0,[],[]
2022-03-25T15:45:00-04:00,2022-03-25,MSFT,24h,0,0.0,0.0,0.0,[],[]
2022-03-28T15:45:00-04:00,2022-03-28,MSFT,24h,0,0.0,0.0,0.0,[],[]
2022-03-29T15:45:00-04:00,2022-03-29,MSFT,24h,0,0.0,0.0,0.0,[],[]
2022-03-30T15:45:00-04:00,2022-03-30,MSFT,24h,0,0.0,0.0,0.0,[],[]
2022-03-31T15:45:00-04:00,2022-03-31,MSFT,24h,0,0.0,0.0,0.0,[],[]
2022-04-01T15:45:00-04:00,2022-04-01,MSFT,24h,0,0.0,0.0,0.0,[],[]
2022-04-04T15:45:00-04:00,2022-04-04,MSFT,24h,0,0.0,0.0,0.0,[],[]
2022-04-05T15:45:00-04:00,2022-04-05,MSFT,24h,0,0.0,0.0,0.0,[],[]
2022-04-06T15:45:00-04:00,2022-04-06,MSFT,24h,0,0.0,0.0,0.0,[],[]
2022-04-07T15:45:00-04:00,2022-04-07,MSFT,24h,0,0.0,0.0,0.0,[],[]
2022-04-08T15:45:00-04:00,2022-04-08,MSFT,24h,0,0.0,0.0,0.0,[],[]
2022-04-11T15:45:00-04:00,2022-04-11,MSFT,24h,0,0.0,0.0,0.0,[],[]
2022-04-12T15:45:00-04:00,2022-04-12,MSFT,24h,0,0.0,0.0,0.0,[],[]
2022-04-13T15:45:00-04:00,2022-04-13,MSFT,24h,0,0.0,0.0,0.0,[],[]
2022-04-14T15:45:00-04:00,2022-04-14,MSFT,24h,0,0.0,0.0,0.0,[],[]
2022-04-15T15:45:00-04:00,2022-04-15,MSFT,24h,0,0.0,0.0,0.0,[],[]
2022-04-18T15:45:00-04:00,2022-04-18,MSFT,24h,0,0.0,0.0,0.0,[],[]
2022-04-19T15:45:00-04:00,2022-04-19,MSFT,24h,0,0.0,0.0,0.0,[],[]
2022-04-20T15:45:00-04:00,2022-04-20,MSFT,24h,0,0.0,0.0,0.0,[],[]
2022-04-21T15:45:00-04:00,2022-04-21,MSFT,24h,0,0.0,0.0,0.0,[],[]
2022-04-22T15:45:00-04:00,2022-04-22,MSFT,24h,0,0.0,0.0,0.0,[],[]
2022-04-25T15:45:00-04:00,2022-04-25,MSFT,24h,0,0.0,0.0,0.0,[],[]
2022-04-26T15:45:00-04:00,2022-04-26,MSFT,24h,0,0.0,0.0,0.0,[],[]
2022-04-27T15:45:00-04:00,2022-04-27,MSFT,24h,0,0.0,0.0,0.0,[],[]
2022-04-28T15:45:00-04:00,2022-04-28,MSFT,24h,0,0.0,0.0,0.0,[],[]
2022-04-29T15:45:00-04:00,2022-04-29,MSFT,24h,0,0.0,0.0,0.0,[],[]
2022-05-02T15:45:00-04:00,2022-05-02,MSFT,24h,0,0.0,0.0,0.0,[],[]
2022-05-03T15:45:00-04:00,2022-05-03,MSFT,24h,0,0.0,0.0,0.0,[],[]
2022-05-04T15:45:00-04:00,2022-05-04,MSFT,24h,0,0.0,0.0,0.0,[],[]
2022-05-05T15:45:00-04:00,2022-05-05,MSFT,24h,0,0.0,0.0,0.0,[],[]
2022-05-06T15:45:00-04:00,2022-05-06,MSFT,24h,0,0.0,0.0,0.0,[],[]
2022-05-09T15:45:00-04:00,2022-05-09,MSFT,24h,0,0.0,0.0,0.0,[],[]
2022-05-10T15:45:00-04:00,2022-05-10,MSFT,24h,0,0.0,0.0,0.0,[],[]
2022-05-11T15:45:00-04:00,2022-05-11,MSFT,24h,0,0.0,0.0,0.0,[],[]
2022-05-12T15:45:00-04:00,2022-05-12,MSFT,24h,0,0.0,0.0,0.0,[],[]
2022-05-13T15:45:00-04:00,2022-05-13,MSFT,24h,0,0.0,0.0,0.0,[],[]
2022-05-16T15:45:00-04:00,2022-05-16,MSFT,24h,0,0.0,0.0,0.0,[],[]
2022-05-17T15:45:00-04:00,2022-05-17,MSFT,24h,0,0.0,0.0,0.0,[],[]
2022-05-18T15:45:00-04:00,2022-05-18,MSFT,24h,0,0.0,0.0,0.0,[],[]
2022-05-19T15:45:00-04:00,2022-05-19,MSFT,24h,0,0.0,0.0,0.0,[],[]
2022-05-20T15:45:00-04:00,2022-05-20,MSFT,24h,0,0.0,0.0,0.0,[],[]
2022-05-23T15:45:00-04:00,2022-05-23,MSFT,24h,0,0.0,0.0,0.0,[],[]
2022-05-24T15:45:00-04:00,2022-05-24,MSFT,24h,0,0.0,0.0,0.0,[],[]
2022-05-25T15:45:00-04:00,2022-05-25,MSFT,24h,0,0.0,0.0,0.0,[],[]
2022-05-26T15:45:00-04:00,2022-05-26,MSFT,24h,0,0.0,0.0,0.0,[],[]
2022-05-27T15:45:00-04:00,2022-05-27,MSFT,24h,0,0.0,0.0,0.0,[],[]
2022-05-30T15:45:00-04:00,2022-05-30,MSFT,24h,0,0.0,0.0,0.0,[],[]
2022-05-31T15:45:00-04:00,2022-05-31,MSFT,24h,0,0.0,0.0,0.0,[],[]
2022-06-01T15:45:00-04:00,2022-06-01,MSFT,24h,0,0.0,0.0,0.0,[],[]
2022-06-02T15:45:00-04:00,2022-06-02,MSFT,24h,1,0.0,0.0,0.0,"[""litigation""]","[""sec_edgar""]"
2022-06-03T15:45:00-04:00,2022-06-03,MSFT,24h,0,0.0,0.0,0.0,[],[]
2022-06-06T15:45:00-04:00,2022-06-06,MSFT,24h,0,0.0,0.0,0.0,[],[]
2022-06-07T15:45:00-04:00,2022-06-07,MSFT,24h,0,0.0,0.0,0.0,[],[]
2022-06-08T15:45:00-04:00,2022-06-08,MSFT,24h,0,0.0,0.0,0.0,[],[]
2022-06-09T15:45:00-04:00,2022-06-09,MSFT,24h,0,0.0,0.0,0.0,[],[]
2022-06-10T15:45:00-04:00,2022-06-10,MSFT,24h,0,0.0,0.0,0.0,[],[]
2022-06-13T15:45:00-04:00,2022-06-13,MSFT,24h,0,0.0,0.0,0.0,[],[]
2022-06-14T15:45:00-04:00,2022-06-14,MSFT,24h,0,0.0,0.0,0.0,[],[]
2022-06-15T15:45:00-04:00,2022-06-15,MSFT,24h,0,0.0,0.0,0.0,[],[]
2022-06-16T15:45:00-04:00,2022-06-16,MSFT,24h,0,0.0,0.0,0.0,[],[]
2022-06-17T15:45:00-04:00,2022-06-17,MSFT,24h,0,0.0,0.0,0.0,[],[]
2022-06-20T15:45:00-04:00,2022-06-20,MSFT,24h,0,0.0,0.0,0.0,[],[]
2022-06-21T15:45:00-04:00,2022-06-21,MSFT,24h,0,0.0,0.0,0.0,[],[]
2022-06-22T15:45:00-04:00,2022-06-22,MSFT,24h,0,0.0,0.0,0.0,[],[]
2022-06-23T15:45:00-04:00,2022-06-23,MSFT,24h,0,0.0,0.0,0.0,[],[]
2022-06-24T15:45:00-04:00,2022-06-24,MSFT,24h,0,0.0,0.0,0.0,[],[]
2022-06-27T15:45:00-04:00,2022-06-27,MSFT,24h,0,0.0,0.0,0.0,[],[]
2022-06-28T15:45:00-04:00,2022-06-28,MSFT,24h,0,0.0,0.0,0.0,[],[]
2022-06-29T15:45:00-04:00,2022-06-29,MSFT,24h,0,0.0,0.0,0.0,[],[]
2022-06-30T15:45:00-04:00,2022-06-30,MSFT,24h,0,0.0,0.0,0.0,[],[]
2022-07-01T15:45:00-04:00,2022-07-01,MSFT,24h,0,0.0,0.0,0.0,[],[]
2022-07-04T15:45:00-04:00,2022-07-04,MSFT,24h,0,0.0,0.0,0.0,[],[]
2022-07-05T15:45:00-04:00,2022-07-05,MSFT,24h,0,0.0,0.0,0.0,[],[]
2022-07-06T15:45:00-04:00,2022-07-06,MSFT,24h,0,0.0,0.0,0.0,[],[]
2022-07-07T15:45:00-04:00,2022-07-07,MSFT,24h,0,0.0,0.0,0.0,[],[]
2022-07-08T15:45:00-04:00,2022-07-08,MSFT,24h,0,0.0,0.0,0.0,[],[]
2022-07-11T15:45:00-04:00,2022-07-11,MSFT,24h,0,0.0,0.0,0.0,[],[]
2022-07-12T15:45:00-04:00,2022-07-12,MSFT,24h,0,0.0,0.0,0.0,[],[]
2022-07-13T15:45:00-04:00,2022-07-13,MSFT,24h,0,0.0,0.0,0.0,[],[]
2022-07-14T15:45:00-04:00,2022-07-14,MSFT,24h,0,0.0,0.0,0.0,[],[]
2022-07-15T15:45:00-04:00,2022-07-15,MSFT,24h,0,0.0,0.0,0.0,[],[]
2022-07-18T15:45:00-04:00,2022-07-18,MSFT,24h,0,0.0,0.0,0.0,[],[]
2022-07-19T15:45:00-04:00,2022-07-19,MSFT,24h,0,0.0,0.0,0.0,[],[]
2022-07-20T15:45:00-04:00,2022-07-20,MSFT,24h,0,0.0,0.0,0.0,[],[]
2022-07-21T15:45:00-04:00,2022-07-21,MSFT,24h,0,0.0,0.0,0.0,[],[]
2022-07-22T15:45:00-04:00,2022-07-22,MSFT,24h,0,0.0,0.0,0.0,[],[]
2022-07-25T15:45:00-04:00,2022-07-25,MSFT,24h,0,0.0,0.0,0.0,[],[]
2022-07-26T15:45:00-04:00,2022-07-26,MSFT,24h,0,0.0,0.0,0.0,[],[]
2022-07-27T15:45:00-04:00,2022-07-27,MSFT,24h,0,0.0,0.0,0.0,[],[]
2022-07-28T15:45:00-04:00,2022-07-28,MSFT,24h,0,0.0,0.0,0.0,[],[]
2022-07-29T15:45:00-04:00,2022-07-29,MSFT,24h,0,0.0,0.0,0.0,[],[]
2022-08-01T15:45:00-04:00,2022-08-01,MSFT,24h,0,0.0,0.0,0.0,[],[]
2022-08-02T15:45:00-04:00,2022-08-02,MSFT,24h,0,0.0,0.0,0.0,[],[]
2022-08-03T15:45:00-04:00,2022-08-03,MSFT,24h,0,0.0,0.0,0.0,[],[]
2022-08-04T15:45:00-04:00,2022-08-04,MSFT,24h,0,0.0,0.0,0.0,[],[]
2022-08-05T15:45:00-04:00,2022-08-05,MSFT,24h,0,0.0,0.0,0.0,[],[]
2022-08-08T15:45:00-04:00,2022-08-08,MSFT,24h,0,0.0,0.0,0.0,[],[]
2022-08-09T15:45:00-04:00,2022-08-09,MSFT,24h,0,0.0,0.0,0.0,[],[]
2022-08-10T15:45:00-04:00,2022-08-10,MSFT,24h,0,0.0,0.0,0.0,[],[]
2022-08-11T15:45:00-04:00,2022-08-11,MSFT,24h,0,0.0,0.0,0.0,[],[]
2022-08-12T15:45:00-04:00,2022-08-12,MSFT,24h,0,0.0,0.0,0.0,[],[]
2022-08-15T15:45:00-04:00,2022-08-15,MSFT,24h,0,0.0,0.0,0.0,[],[]
2022-08-16T15:45:00-04:00,2022-08-16,MSFT,24h,0,0.0,0.0,0.0,[],[]
2022-08-17T15:45:00-04:00,2022-08-17,MSFT,24h,0,0.0,0.0,0.0,[],[]
2022-08-18T15:45:00-04:00,2022-08-18,MSFT,24h,0,0.0,0.0,0.0,[],[]
2022-08-19T15:45:00-04:00,2022-08-19,MSFT,24h,0,0.0,0.0,0.0,[],[]
2022-08-22T15:45:00-04:00,2022-08-22,MSFT,24h,0,0.0,0.0,0.0,[],[]
2022-08-23T15:45:00-04:00,2022-08-23,MSFT,24h,0,0.0,0.0,0.0,[],[]
2022-08-24T15:45:00-04:00,2022-08-24,MSFT,24h,0,0.0,0.0,0.0,[],[]
2022-08-25T15:45:00-04:00,2022-08-25,MSFT,24h,0,0.0,0.0,0.0,[],[]
2022-08-26T15:45:00-04:00,2022-08-26,MSFT,24h,0,0.0,0.0,0.0,[],[]
2022-08-29T15:45:00-04:00,2022-08-29,MSFT,24h,0,0.0,0.0,0.0,[],[]
2022-08-30T15:45:00-04:00,2022-08-30,MSFT,24h,0,0.0,0.0,0.0,[],[]
2022-08-31T15:45:00-04:00,2022-08-31,MSFT,24h,0,0.0,0.0,0.0,[],[]
2022-09-01T15:45:00-04:00,2022-09-01,MSFT,24h,0,0.0,0.0,0.0,[],[]
2022-09-02T15:45:00-04:00,2022-09-02,MSFT,24h,0,0.0,0.0,0.0,[],[]
2022-09-05T15:45:00-04:00,2022-09-05,MSFT,24h,0,0.0,0.0,0.0,[],[]
2022-09-06T15:45:00-04:00,2022-09-06,MSFT,24h,0,0.0,0.0,0.0,[],[]
2022-09-07T15:45:00-04:00,2022-09-07,MSFT,24h,0,0.0,0.0,0.0,[],[]
2022-09-08T15:45:00-04:00,2022-09-08,MSFT,24h,0,0.0,0.0,0.0,[],[]
2022-09-09T15:45:00-04:00,2022-09-09,MSFT,24h,0,0.0,0.0,0.0,[],[]
2022-09-12T15:45:00-04:00,2022-09-12,MSFT,24h,0,0.0,0.0,0.0,[],[]
2022-09-13T15:45:00-04:00,2022-09-13,MSFT,24h,0,0.0,0.0,0.0,[],[]
2022-09-14T15:45:00-04:00,2022-09-14,MSFT,24h,0,0.0,0.0,0.0,[],[]
2022-09-15T15:45:00-04:00,2022-09-15,MSFT,24h,0,0.0,0.0,0.0,[],[]
2022-09-16T15:45:00-04:00,2022-09-16,MSFT,24h,0,0.0,0.0,0.0,[],[]
2022-09-19T15:45:00-04:00,2022-09-19,MSFT,24h,0,0.0,0.0,0.0,[],[]
2022-09-20T15:45:00-04:00,2022-09-20,MSFT,24h,0,0.0,0.0,0.0,[],[]
2022-09-21T15:45:00-04:00,2022-09-21,MSFT,24h,0,0.0,0.0,0.0,[],[]
2022-09-22T15:45:00-04:00,2022-09-22,MSFT,24h,0,0.0,0.0,0.0,[],[]
2022-09-23T15:45:00-04:00,2022-09-23,MSFT,24h,0,0.0,0.0,0.0,[],[]
2022-09-26T15:45:00-04:00,2022-09-26,MSFT,24h,0,0.0,0.0,0.0,[],[]
2022-09-27T15:45:00-04:00,2022-09-27,MSFT,24h,0,0.0,0.0,0.0,[],[]
2022-09-28T15:45:00-04:00,2022-09-28,MSFT,24h,0,0.0,0.0,0.0,[],[]
2022-09-29T15:45:00-04:00,2022-09-29,MSFT,24h,0,0.0,0.0,0.0,[],[]
2022-09-30T15:45:00-04:00,2022-09-30,MSFT,24h,0,0.0,0.0,0.0,[],[]
2022-10-03T15:45:00-04:00,2022-10-03,MSFT,24h,0,0.0,0.0,0.0,[],[]
2022-10-04T15:45:00-04:00,2022-10-04,MSFT,24h,0,0.0,0.0,0.0,[],[]
2022-10-05T15:45:00-04:00,2022-10-05,MSFT,24h,0,0.0,0.0,0.0,[],[]
2022-10-06T15:45:00-04:00,2022-10-06,MSFT,24h,0,0.0,0.0,0.0,[],[]
2022-10-07T15:45:00-04:00,2022-10-07,MSFT,24h,0,0.0,0.0,0.0,[],[]
2022-10-10T15:45:00-04:00,2022-10-10,MSFT,24h,0,0.0,0.0,0.0,[],[]
2022-10-11T15:45:00-04:00,2022-10-11,MSFT,24h,0,0.0,0.0,0.0,[],[]
2022-10-12T15:45:00-04:00,2022-10-12,MSFT,24h,0,0.0,0.0,0.0,[],[]
2022-10-13T15:45:00-04:00,2022-10-13,MSFT,24h,0,0.0,0.0,0.0,[],[]
2022-10-14T15:45:00-04:00,2022-10-14,MSFT,24h,0,0.0,0.0,0.0,[],[]
2022-10-17T15:45:00-04:00,2022-10-17,MSFT,24h,0,0.0,0.0,0.0,[],[]
2022-10-18T15:45:00-04:00,2022-10-18,MSFT,24h,0,0.0,0.0,0.0,[],[]
2022-10-19T15:45:00-04:00,2022-10-19,MSFT,24h,0,0.0,0.0,0.0,[],[]
2022-10-20T15:45:00-04:00,2022-10-20,MSFT,24h,0,0.0,0.0,0.0,[],[]
2022-10-21T15:45:00-04:00,2022-10-21,MSFT,24h,0,0.0,0.0,0.0,[],[]
2022-10-24T15:45:00-04:00,2022-10-24,MSFT,24h,0,0.0,0.0,0.0,[],[]
2022-10-25T15:45:00-04:00,2022-10-25,MSFT,24h,0,0.0,0.0,0.0,[],[]
2022-10-26T15:45:00-04:00,2022-10-26,MSFT,24h,1,0.0,0.0,0.0,"[""earnings"", ""litigation""]","[""sec_edgar""]"
2022-10-27T15:45:00-04:00,2022-10-27,MSFT,24h,0,0.0,0.0,0.0,[],[]
2022-10-28T15:45:00-04:00,2022-10-28,MSFT,24h,0,0.0,0.0,0.0,[],[]
2022-10-31T15:45:00-04:00,2022-10-31,MSFT,24h,0,0.0,0.0,0.0,[],[]
2022-11-01T15:45:00-04:00,2022-11-01,MSFT,24h,0,0.0,0.0,0.0,[],[]
2022-11-02T15:45:00-04:00,2022-11-02,MSFT,24h,0,0.0,0.0,0.0,[],[]
2022-11-03T15:45:00-04:00,2022-11-03,MSFT,24h,0,0.0,0.0,0.0,[],[]
2022-11-04T15:45:00-04:00,2022-11-04,MSFT,24h,0,0.0,0.0,0.0,[],[]
2022-11-07T15:45:00-05:00,2022-11-07,MSFT,24h,0,0.0,0.0,0.0,[],[]
2022-11-08T15:45:00-05:00,2022-11-08,MSFT,24h,0,0.0,0.0,0.0,[],[]
2022-11-09T15:45:00-05:00,2022-11-09,MSFT,24h,0,0.0,0.0,0.0,[],[]
2022-11-10T15:45:00-05:00,2022-11-10,MSFT,24h,0,0.0,0.0,0.0,[],[]
2022-11-11T15:45:00-05:00,2022-11-11,MSFT,24h,0,0.0,0.0,0.0,[],[]
2022-11-14T15:45:00-05:00,2022-11-14,MSFT,24h,0,0.0,0.0,0.0,[],[]
2022-11-15T15:45:00-05:00,2022-11-15,MSFT,24h,0,0.0,0.0,0.0,[],[]
2022-11-16T15:45:00-05:00,2022-11-16,MSFT,24h,0,0.0,0.0,0.0,[],[]
2022-11-17T15:45:00-05:00,2022-11-17,MSFT,24h,0,0.0,0.0,0.0,[],[]
2022-11-18T15:45:00-05:00,2022-11-18,MSFT,24h,0,0.0,0.0,0.0,[],[]
2022-11-21T15:45:00-05:00,2022-11-21,MSFT,24h,0,0.0,0.0,0.0,[],[]
2022-11-22T15:45:00-05:00,2022-11-22,MSFT,24h,0,0.0,0.0,0.0,[],[]
2022-11-23T15:45:00-05:00,2022-11-23,MSFT,24h,0,0.0,0.0,0.0,[],[]
2022-11-24T15:45:00-05:00,2022-11-24,MSFT,24h,0,0.0,0.0,0.0,[],[]
2022-11-25T15:45:00-05:00,2022-11-25,MSFT,24h,0,0.0,0.0,0.0,[],[]
2022-11-28T15:45:00-05:00,2022-11-28,MSFT,24h,0,0.0,0.0,0.0,[],[]
2022-11-29T15:45:00-05:00,2022-11-29,MSFT,24h,0,0.0,0.0,0.0,[],[]
2022-11-30T15:45:00-05:00,2022-11-30,MSFT,24h,0,0.0,0.0,0.0,[],[]
2022-12-01T15:45:00-05:00,2022-12-01,MSFT,24h,0,0.0,0.0,0.0,[],[]
2022-12-02T15:45:00-05:00,2022-12-02,MSFT,24h,0,0.0,0.0,0.0,[],[]
2022-12-05T15:45:00-05:00,2022-12-05,MSFT,24h,0,0.0,0.0,0.0,[],[]
2022-12-06T15:45:00-05:00,2022-12-06,MSFT,24h,0,0.0,0.0,0.0,[],[]
2022-12-07T15:45:00-05:00,2022-12-07,MSFT,24h,0,0.0,0.0,0.0,[],[]
2022-12-08T15:45:00-05:00,2022-12-08,MSFT,24h,0,0.0,0.0,0.0,[],[]
2022-12-09T15:45:00-05:00,2022-12-09,MSFT,24h,0,0.0,0.0,0.0,[],[]
2022-12-12T15:45:00-05:00,2022-12-12,MSFT,24h,0,0.0,0.0,0.0,[],[]
2022-12-13T15:45:00-05:00,2022-12-13,MSFT,24h,0,0.0,0.0,0.0,[],[]
2022-12-14T15:45:00-05:00,2022-12-14,MSFT,24h,0,0.0,0.0,0.0,[],[]
2022-12-15T15:45:00-05:00,2022-12-15,MSFT,24h,0,0.0,0.0,0.0,[],[]
2022-12-16T15:45:00-05:00,2022-12-16,MSFT,24h,1,0.0,0.0,0.0,"[""litigation""]","[""sec_edgar""]"
2022-12-19T15:45:00-05:00,2022-12-19,MSFT,24h,0,0.0,0.0,0.0,[],[]
2022-12-20T15:45:00-05:00,2022-12-20,MSFT,24h,0,0.0,0.0,0.0,[],[]
2022-12-21T15:45:00-05:00,2022-12-21,MSFT,24h,0,0.0,0.0,0.0,[],[]
2022-12-22T15:45:00-05:00,2022-12-22,MSFT,24h,0,0.0,0.0,0.0,[],[]
2022-12-23T15:45:00-05:00,2022-12-23,MSFT,24h,0,0.0,0.0,0.0,[],[]
2022-12-26T15:45:00-05:00,2022-12-26,MSFT,24h,0,0.0,0.0,0.0,[],[]
2022-12-27T15:45:00-05:00,2022-12-27,MSFT,24h,0,0.0,0.0,0.0,[],[]
2022-12-28T15:45:00-05:00,2022-12-28,MSFT,24h,0,0.0,0.0,0.0,[],[]
2022-12-29T15:45:00-05:00,2022-12-29,MSFT,24h,0,0.0,0.0,0.0,[],[]
2022-12-30T15:45:00-05:00,2022-12-30,MSFT,24h,0,0.0,0.0,0.0,[],[]
2020-01-01T15:45:00-05:00,2020-01-01,NVDA,24h,1,0.9553,0.9553,0.0,"[""earnings"", ""guidance""]","[""benzinga""]"
2020-01-02T15:45:00-05:00,2020-01-02,NVDA,24h,0,0.0,0.0,0.0,[],[]
2020-01-03T15:45:00-05:00,2020-01-03,NVDA,24h,0,0.0,0.0,0.0,[],[]
2020-01-06T15:45:00-05:00,2020-01-06,NVDA,24h,0,0.0,0.0,0.0,[],[]
2020-01-07T15:45:00-05:00,2020-01-07,NVDA,24h,0,0.0,0.0,0.0,[],[]
2020-01-08T15:45:00-05:00,2020-01-08,NVDA,24h,0,0.0,0.0,0.0,[],[]
2020-01-09T15:45:00-05:00,2020-01-09,NVDA,24h,1,0.0,0.0,0.0,[],"[""reuters""]"
2020-01-10T15:45:00-05:00,2020-01-10,NVDA,24h,0,0.0,0.0,0.0,[],[]
2020-01-13T15:45:00-05:00,2020-01-13,NVDA,24h,1,0.7832,0.7832,0.0,[],"[""benzinga""]"
2020-01-14T15:45:00-05:00,2020-01-14,NVDA,24h,0,0.0,0.0,0.0,[],[]
2020-01-15T15:45:00-05:00,2020-01-15,NVDA,24h,0,0.0,0.0,0.0,[],[]
2020-01-16T15:45:00-05:00,2020-01-16,NVDA,24h,0,0.0,0.0,0.0,[],[]
2020-01-17T15:45:00-05:00,2020-01-17,NVDA,24h,1,0.9222,0.9222,0.0,[],"[""businesswire""]"
2020-01-20T15:45:00-05:00,2020-01-20,NVDA,24h,0,0.0,0.0,0.0,[],[]
2020-01-21T15:45:00-05:00,2020-01-21,NVDA,24h,0,0.0,0.0,0.0,[],[]
2020-01-22T15:45:00-05:00,2020-01-22,NVDA,24h,0,0.0,0.0,0.0,[],[]
2020-01-23T15:45:00-05:00,2020-01-23,NVDA,24h,0,0.0,0.0,0.0,[],[]
2020-01-24T15:45:00-05:00,2020-01-24,NVDA,24h,0,0.0,0.0,0.0,[],[]
2020-01-27T15:45:00-05:00,2020-01-27,NVDA,24h,0,0.0,0.0,0.0,[],[]
2020-01-28T15:45:00-05:00,2020-01-28,NVDA,24h,0,0.0,0.0,0.0,[],[]
2020-01-29T15:45:00-05:00,2020-01-29,NVDA,24h,0,0.0,0.0,0.0,[],[]
2020-01-30T15:45:00-05:00,2020-01-30,NVDA,24h,0,0.0,0.0,0.0,[],[]
2020-01-31T15:45:00-05:00,2020-01-31,NVDA,24h,0,0.0,0.0,0.0,[],[]
2020-02-03T15:45:00-05:00,2020-02-03,NVDA,24h,0,0.0,0.0,0.0,[],[]
2020-02-04T15:45:00-05:00,2020-02-04,NVDA,24h,0,0.0,0.0,0.0,[],[]
2020-02-05T15:45:00-05:00,2020-02-05,NVDA,24h,0,0.0,0.0,0.0,[],[]
2020-02-06T15:45:00-05:00,2020-02-06,NVDA,24h,0,0.0,0.0,0.0,[],[]
2020-02-07T15:45:00-05:00,2020-02-07,NVDA,24h,0,0.0,0.0,0.0,[],[]
2020-02-10T15:45:00-05:00,2020-02-10,NVDA,24h,0,0.0,0.0,0.0,[],[]
2020-02-11T15:45:00-05:00,2020-02-11,NVDA,24h,0,0.0,0.0,0.0,[],[]
2020-02-12T15:45:00-05:00,2020-02-12,NVDA,24h,0,0.0,0.0,0.0,[],[]
2020-02-13T15:45:00-05:00,2020-02-13,NVDA,24h,0,0.0,0.0,0.0,[],[]
2020-02-14T15:45:00-05:00,2020-02-14,NVDA,24h,1,0.9221,0.9221,0.0,"[""earnings"", ""guidance""]","[""reuters""]"
2020-02-17T15:45:00-05:00,2020-02-17,NVDA,24h,0,0.0,0.0,0.0,[],[]
2020-02-18T15:45:00-05:00,2020-02-18,NVDA,24h,0,0.0,0.0,0.0,[],[]
2020-02-19T15:45:00-05:00,2020-02-19,NVDA,24h,0,0.0,0.0,0.0,[],[]
2020-02-20T15:45:00-05:00,2020-02-20,NVDA,24h,0,0.0,0.0,0.0,[],[]
2020-02-21T15:45:00-05:00,2020-02-21,NVDA,24h,0,0.0,0.0,0.0,[],[]
2020-02-24T15:45:00-05:00,2020-02-24,NVDA,24h,0,0.0,0.0,0.0,[],[]
2020-02-25T15:45:00-05:00,2020-02-25,NVDA,24h,0,0.0,0.0,0.0,[],[]
2020-02-26T15:45:00-05:00,2020-02-26,NVDA,24h,0,0.0,0.0,0.0,[],[]
2020-02-27T15:45:00-05:00,2020-02-27,NVDA,24h,0,0.0,0.0,0.0,[],[]
2020-02-28T15:45:00-05:00,2020-02-28,NVDA,24h,0,0.0,0.0,0.0,[],[]
2020-03-02T15:45:00-05:00,2020-03-02,NVDA,24h,0,0.0,0.0,0.0,[],[]
2020-03-03T15:45:00-05:00,2020-03-03,NVDA,24h,0,0.0,0.0,0.0,[],[]
2020-03-04T15:45:00-05:00,2020-03-04,NVDA,24h,0,0.0,0.0,0.0,[],[]
2020-03-05T15:45:00-05:00,2020-03-05,NVDA,24h,0,0.0,0.0,0.0,[],[]
2020-03-06T15:45:00-05:00,2020-03-06,NVDA,24h,0,0.0,0.0,0.0,[],[]
2020-03-09T15:45:00-04:00,2020-03-09,NVDA,24h,0,0.0,0.0,0.0,[],[]
2020-03-10T15:45:00-04:00,2020-03-10,NVDA,24h,0,0.0,0.0,0.0,[],[]
2020-03-11T15:45:00-04:00,2020-03-11,NVDA,24h,0,0.0,0.0,0.0,[],[]
2020-03-12T15:45:00-04:00,2020-03-12,NVDA,24h,0,0.0,0.0,0.0,[],[]
2020-03-13T15:45:00-04:00,2020-03-13,NVDA,24h,0,0.0,0.0,0.0,[],[]
2020-03-16T15:45:00-04:00,2020-03-16,NVDA,24h,0,0.0,0.0,0.0,[],[]
2020-03-17T15:45:00-04:00,2020-03-17,NVDA,24h,0,0.0,0.0,0.0,[],[]
2020-03-18T15:45:00-04:00,2020-03-18,NVDA,24h,0,0.0,0.0,0.0,[],[]
2020-03-19T15:45:00-04:00,2020-03-19,NVDA,24h,0,0.0,0.0,0.0,[],[]
2020-03-20T15:45:00-04:00,2020-03-20,NVDA,24h,0,0.0,0.0,0.0,[],[]
2020-03-23T15:45:00-04:00,2020-03-23,NVDA,24h,0,0.0,0.0,0.0,[],[]
2020-03-24T15:45:00-04:00,2020-03-24,NVDA,24h,0,0.0,0.0,0.0,[],[]
2020-03-25T15:45:00-04:00,2020-03-25,NVDA,24h,0,0.0,0.0,0.0,[],[]
2020-03-26T15:45:00-04:00,2020-03-26,NVDA,24h,0,0.0,0.0,0.0,[],[]
2020-03-27T15:45:00-04:00,2020-03-27,NVDA,24h,0,0.0,0.0,0.0,[],[]
2020-03-30T15:45:00-04:00,2020-03-30,NVDA,24h,0,0.0,0.0,0.0,[],[]
2020-03-31T15:45:00-04:00,2020-03-31,NVDA,24h,0,0.0,0.0,0.0,[],[]
2020-04-01T15:45:00-04:00,2020-04-01,NVDA,24h,0,0.0,0.0,0.0,[],[]
2020-04-02T15:45:00-04:00,2020-04-02,NVDA,24h,0,0.0,0.0,0.0,[],[]
2020-04-03T15:45:00-04:00,2020-04-03,NVDA,24h,0,0.0,0.0,0.0,[],[]
2020-04-06T15:45:00-04:00,2020-04-06,NVDA,24h,0,0.0,0.0,0.0,[],[]
2020-04-07T15:45:00-04:00,2020-04-07,NVDA,24h,0,0.0,0.0,0.0,[],[]
2020-04-08T15:45:00-04:00,2020-04-08,NVDA,24h,0,0.0,0.0,0.0,[],[]
2020-04-09T15:45:00-04:00,2020-04-09,NVDA,24h,0,0.0,0.0,0.0,[],[]
2020-04-10T15:45:00-04:00,2020-04-10,NVDA,24h,0,0.0,0.0,0.0,[],[]
2020-04-13T15:45:00-04:00,2020-04-13,NVDA,24h,0,0.0,0.0,0.0,[],[]
2020-04-14T15:45:00-04:00,2020-04-14,NVDA,24h,0,0.0,0.0,0.0,[],[]
2020-04-15T15:45:00-04:00,2020-04-15,NVDA,24h,0,0.0,0.0,0.0,[],[]
2020-04-16T15:45:00-04:00,2020-04-16,NVDA,24h,0,0.0,0.0,0.0,[],[]
2020-04-17T15:45:00-04:00,2020-04-17,NVDA,24h,0,0.0,0.0,0.0,[],[]
2020-04-20T15:45:00-04:00,2020-04-20,NVDA,24h,0,0.0,0.0,0.0,[],[]
2020-04-21T15:45:00-04:00,2020-04-21,NVDA,24h,0,0.0,0.0,0.0,[],[]
2020-04-22T15:45:00-04:00,2020-04-22,NVDA,24h,0,0.0,0.0,0.0,[],[]
2020-04-23T15:45:00-04:00,2020-04-23,NVDA,24h,0,0.0,0.0,0.0,[],[]
2020-04-24T15:45:00-04:00,2020-04-24,NVDA,24h,0,0.0,0.0,0.0,[],[]
2020-04-27T15:45:00-04:00,2020-04-27,NVDA,24h,0,0.0,0.0,0.0,[],[]
2020-04-28T15:45:00-04:00,2020-04-28,NVDA,24h,0,0.0,0.0,0.0,[],[]
2020-04-29T15:45:00-04:00,2020-04-29,NVDA,24h,0,0.0,0.0,0.0,[],[]
2020-04-30T15:45:00-04:00,2020-04-30,NVDA,24h,0,0.0,0.0,0.0,[],[]
2020-05-01T15:45:00-04:00,2020-05-01,NVDA,24h,0,0.0,0.0,0.0,[],[]
2020-05-04T15:45:00-04:00,2020-05-04,NVDA,24h,0,0.0,0.0,0.0,[],[]
2020-05-05T15:45:00-04:00,2020-05-05,NVDA,24h,0,0.0,0.0,0.0,[],[]
2020-05-06T15:45:00-04:00,2020-05-06,NVDA,24h,0,0.0,0.0,0.0,[],[]
2020-05-07T15:45:00-04:00,2020-05-07,NVDA,24h,0,0.0,0.0,0.0,[],[]
2020-05-08T15:45:00-04:00,2020-05-08,NVDA,24h,0,0.0,0.0,0.0,[],[]
2020-05-11T15:45:00-04:00,2020-05-11,NVDA,24h,0,0.0,0.0,0.0,[],[]
2020-05-12T15:45:00-04:00,2020-05-12,NVDA,24h,0,0.0,0.0,0.0,[],[]
2020-05-13T15:45:00-04:00,2020-05-13,NVDA,24h,0,0.0,0.0,0.0,[],[]
2020-05-14T15:45:00-04:00,2020-05-14,NVDA,24h,0,0.0,0.0,0.0,[],[]
2020-05-15T15:45:00-04:00,2020-05-15,NVDA,24h,0,0.0,0.0,0.0,[],[]
2020-05-18T15:45:00-04:00,2020-05-18,NVDA,24h,0,0.0,0.0,0.0,[],[]
2020-05-19T15:45:00-04:00,2020-05-19,NVDA,24h,0,0.0,0.0,0.0,[],[]
2020-05-20T15:45:00-04:00,2020-05-20,NVDA,24h,0,0.0,0.0,0.0,[],[]
2020-05-21T15:45:00-04:00,2020-05-21,NVDA,24h,0,0.0,0.0,0.0,[],[]
2020-05-22T15:45:00-04:00,2020-05-22,NVDA,24h,0,0.0,0.0,0.0,[],[]
2020-05-25T15:45:00-04:00,2020-05-25,NVDA,24h,0,0.0,0.0,0.0,[],[]
2020-05-26T15:45:00-04:00,2020-05-26,NVDA,24h,0,0.0,0.0,0.0,[],[]
2020-05-27T15:45:00-04:00,2020-05-27,NVDA,24h,0,0.0,0.0,0.0,[],[]
2020-05-28T15:45:00-04:00,2020-05-28,NVDA,24h,0,0.0,0.0,0.0,[],[]
2020-05-29T15:45:00-04:00,2020-05-29,NVDA,24h,0,0.0,0.0,0.0,[],[]
2020-06-01T15:45:00-04:00,2020-06-01,NVDA,24h,0,0.0,0.0,0.0,[],[]
2020-06-02T15:45:00-04:00,2020-06-02,NVDA,24h,0,0.0,0.0,0.0,[],[]
2020-06-03T15:45:00-04:00,2020-06-03,NVDA,24h,0,0.0,0.0,0.0,[],[]
2020-06-04T15:45:00-04:00,2020-06-04,NVDA,24h,0,0.0,0.0,0.0,[],[]
2020-06-05T15:45:00-04:00,2020-06-05,NVDA,24h,0,0.0,0.0,0.0,[],[]
2020-06-08T15:45:00-04:00,2020-06-08,NVDA,24h,0,0.0,0.0,0.0,[],[]
2020-06-09T15:45:00-04:00,2020-06-09,NVDA,24h,0,0.0,0.0,0.0,[],[]
2020-06-10T15:45:00-04:00,2020-06-10,NVDA,24h,0,0.0,0.0,0.0,[],[]
2020-06-11T15:45:00-04:00,2020-06-11,NVDA,24h,0,0.0,0.0,0.0,[],[]
2020-06-12T15:45:00-04:00,2020-06-12,NVDA,24h,0,0.0,0.0,0.0,[],[]
2020-06-15T15:45:00-04:00,2020-06-15,NVDA,24h,0,0.0,0.0,0.0,[],[]
2020-06-16T15:45:00-04:00,2020-06-16,NVDA,24h,0,0.0,0.0,0.0,[],[]
2020-06-17T15:45:00-04:00,2020-06-17,NVDA,24h,0,0.0,0.0,0.0,[],[]
2020-06-18T15:45:00-04:00,2020-06-18,NVDA,24h,0,0.0,0.0,0.0,[],[]
2020-06-19T15:45:00-04:00,2020-06-19,NVDA,24h,0,0.0,0.0,0.0,[],[]
2020-06-22T15:45:00-04:00,2020-06-22,NVDA,24h,0,0.0,0.0,0.0,[],[]
2020-06-23T15:45:00-04:00,2020-06-23,NVDA,24h,0,0.0,0.0,0.0,[],[]
2020-06-24T15:45:00-04:00,2020-06-24,NVDA,24h,0,0.0,0.0,0.0,[],[]
2020-06-25T15:45:00-04:00,2020-06-25,NVDA,24h,0,0.0,0.0,0.0,[],[]
2020-06-26T15:45:00-04:00,2020-06-26,NVDA,24h,0,0.0,0.0,0.0,[],[]
2020-06-29T15:45:00-04:00,2020-06-29,NVDA,24h,0,0.0,0.0,0.0,[],[]
2020-06-30T15:45:00-04:00,2020-06-30,NVDA,24h,0,0.0,0.0,0.0,[],[]
2020-07-01T15:45:00-04:00,2020-07-01,NVDA,24h,0,0.0,0.0,0.0,[],[]
2020-07-02T15:45:00-04:00,2020-07-02,NVDA,24h,0,0.0,0.0,0.0,[],[]
2020-07-03T15:45:00-04:00,2020-07-03,NVDA,24h,0,0.0,0.0,0.0,[],[]
2020-07-06T15:45:00-04:00,2020-07-06,NVDA,24h,0,0.0,0.0,0.0,[],[]
2020-07-07T15:45:00-04:00,2020-07-07,NVDA,24h,0,0.0,0.0,0.0,[],[]
2020-07-08T15:45:00-04:00,2020-07-08,NVDA,24h,0,0.0,0.0,0.0,[],[]
2020-07-09T15:45:00-04:00,2020-07-09,NVDA,24h,0,0.0,0.0,0.0,[],[]
2020-07-10T15:45:00-04:00,2020-07-10,NVDA,24h,0,0.0,0.0,0.0,[],[]
2020-07-13T15:45:00-04:00,2020-07-13,NVDA,24h,0,0.0,0.0,0.0,[],[]
2020-07-14T15:45:00-04:00,2020-07-14,NVDA,24h,0,0.0,0.0,0.0,[],[]
2020-07-15T15:45:00-04:00,2020-07-15,NVDA,24h,0,0.0,0.0,0.0,[],[]
2020-07-16T15:45:00-04:00,2020-07-16,NVDA,24h,0,0.0,0.0,0.0,[],[]
2020-07-17T15:45:00-04:00,2020-07-17,NVDA,24h,0,0.0,0.0,0.0,[],[]
2020-07-20T15:45:00-04:00,2020-07-20,NVDA,24h,0,0.0,0.0,0.0,[],[]
2020-07-21T15:45:00-04:00,2020-07-21,NVDA,24h,0,0.0,0.0,0.0,[],[]
2020-07-22T15:45:00-04:00,2020-07-22,NVDA,24h,0,0.0,0.0,0.0,[],[]
2020-07-23T15:45:00-04:00,2020-07-23,NVDA,24h,0,0.0,0.0,0.0,[],[]
2020-07-24T15:45:00-04:00,2020-07-24,NVDA,24h,0,0.0,0.0,0.0,[],[]
2020-07-27T15:45:00-04:00,2020-07-27,NVDA,24h,0,0.0,0.0,0.0,[],[]
2020-07-28T15:45:00-04:00,2020-07-28,NVDA,24h,0,0.0,0.0,0.0,[],[]
2020-07-29T15:45:00-04:00,2020-07-29,NVDA,24h,0,0.0,0.0,0.0,[],[]
2020-07-30T15:45:00-04:00,2020-07-30,NVDA,24h,0,0.0,0.0,0.0,[],[]
2020-07-31T15:45:00-04:00,2020-07-31,NVDA,24h,0,0.0,0.0,0.0,[],[]
2020-08-03T15:45:00-04:00,2020-08-03,NVDA,24h,0,0.0,0.0,0.0,[],[]
2020-08-04T15:45:00-04:00,2020-08-04,NVDA,24h,0,0.0,0.0,0.0,[],[]
2020-08-05T15:45:00-04:00,2020-08-05,NVDA,24h,0,0.0,0.0,0.0,[],[]
2020-08-06T15:45:00-04:00,2020-08-06,NVDA,24h,0,0.0,0.0,0.0,[],[]
2020-08-07T15:45:00-04:00,2020-08-07,NVDA,24h,0,0.0,0.0,0.0,[],[]
2020-08-10T15:45:00-04:00,2020-08-10,NVDA,24h,0,0.0,0.0,0.0,[],[]
2020-08-11T15:45:00-04:00,2020-08-11,NVDA,24h,0,0.0,0.0,0.0,[],[]
2020-08-12T15:45:00-04:00,2020-08-12,NVDA,24h,0,0.0,0.0,0.0,[],[]
2020-08-13T15:45:00-04:00,2020-08-13,NVDA,24h,0,0.0,0.0,0.0,[],[]
2020-08-14T15:45:00-04:00,2020-08-14,NVDA,24h,0,0.0,0.0,0.0,[],[]
2020-08-17T15:45:00-04:00,2020-08-17,NVDA,24h,0,0.0,0.0,0.0,[],[]
2020-08-18T15:45:00-04:00,2020-08-18,NVDA,24h,0,0.0,0.0,0.0,[],[]
2020-08-19T15:45:00-04:00,2020-08-19,NVDA,24h,0,0.0,0.0,0.0,[],[]
2020-08-20T15:45:00-04:00,2020-08-20,NVDA,24h,0,0.0,0.0,0.0,[],[]
2020-08-21T15:45:00-04:00,2020-08-21,NVDA,24h,0,0.0,0.0,0.0,[],[]
2020-08-24T15:45:00-04:00,2020-08-24,NVDA,24h,0,0.0,0.0,0.0,[],[]
2020-08-25T15:45:00-04:00,2020-08-25,NVDA,24h,0,0.0,0.0,0.0,[],[]
2020-08-26T15:45:00-04:00,2020-08-26,NVDA,24h,0,0.0,0.0,0.0,[],[]
2020-08-27T15:45:00-04:00,2020-08-27,NVDA,24h,0,0.0,0.0,0.0,[],[]
2020-08-28T15:45:00-04:00,2020-08-28,NVDA,24h,0,0.0,0.0,0.0,[],[]
2020-08-31T15:45:00-04:00,2020-08-31,NVDA,24h,0,0.0,0.0,0.0,[],[]
2020-09-01T15:45:00-04:00,2020-09-01,NVDA,24h,0,0.0,0.0,0.0,[],[]
2020-09-02T15:45:00-04:00,2020-09-02,NVDA,24h,0,0.0,0.0,0.0,[],[]
2020-09-03T15:45:00-04:00,2020-09-03,NVDA,24h,0,0.0,0.0,0.0,[],[]
2020-09-04T15:45:00-04:00,2020-09-04,NVDA,24h,0,0.0,0.0,0.0,[],[]
2020-09-07T15:45:00-04:00,2020-09-07,NVDA,24h,0,0.0,0.0,0.0,[],[]
2020-09-08T15:45:00-04:00,2020-09-08,NVDA,24h,0,0.0,0.0,0.0,[],[]
2020-09-09T15:45:00-04:00,2020-09-09,NVDA,24h,0,0.0,0.0,0.0,[],[]
2020-09-10T15:45:00-04:00,2020-09-10,NVDA,24h,0,0.0,0.0,0.0,[],[]
2020-09-11T15:45:00-04:00,2020-09-11,NVDA,24h,0,0.0,0.0,0.0,[],[]
2020-09-14T15:45:00-04:00,2020-09-14,NVDA,24h,1,0.0,0.0,0.0,"[""litigation""]","[""sec_edgar""]"
2020-09-15T15:45:00-04:00,2020-09-15,NVDA,24h,0,0.0,0.0,0.0,[],[]
2020-09-16T15:45:00-04:00,2020-09-16,NVDA,24h,0,0.0,0.0,0.0,[],[]
2020-09-17T15:45:00-04:00,2020-09-17,NVDA,24h,0,0.0,0.0,0.0,[],[]
2020-09-18T15:45:00-04:00,2020-09-18,NVDA,24h,0,0.0,0.0,0.0,[],[]
2020-09-21T15:45:00-04:00,2020-09-21,NVDA,24h,0,0.0,0.0,0.0,[],[]
2020-09-22T15:45:00-04:00,2020-09-22,NVDA,24h,0,0.0,0.0,0.0,[],[]
2020-09-23T15:45:00-04:00,2020-09-23,NVDA,24h,0,0.0,0.0,0.0,[],[]
2020-09-24T15:45:00-04:00,2020-09-24,NVDA,24h,0,0.0,0.0,0.0,[],[]
2020-09-25T15:45:00-04:00,2020-09-25,NVDA,24h,0,0.0,0.0,0.0,[],[]
2020-09-28T15:45:00-04:00,2020-09-28,NVDA,24h,0,0.0,0.0,0.0,[],[]
2020-09-29T15:45:00-04:00,2020-09-29,NVDA,24h,0,0.0,0.0,0.0,[],[]
2020-09-30T15:45:00-04:00,2020-09-30,NVDA,24h,0,0.0,0.0,0.0,[],[]
2020-10-01T15:45:00-04:00,2020-10-01,NVDA,24h,0,0.0,0.0,0.0,[],[]
2020-10-02T15:45:00-04:00,2020-10-02,NVDA,24h,0,0.0,0.0,0.0,[],[]
2020-10-05T15:45:00-04:00,2020-10-05,NVDA,24h,0,0.0,0.0,0.0,[],[]
2020-10-06T15:45:00-04:00,2020-10-06,NVDA,24h,0,0.0,0.0,0.0,[],[]
2020-10-07T15:45:00-04:00,2020-10-07,NVDA,24h,0,0.0,0.0,0.0,[],[]
2020-10-08T15:45:00-04:00,2020-10-08,NVDA,24h,0,0.0,0.0,0.0,[],[]
2020-10-09T15:45:00-04:00,2020-10-09,NVDA,24h,0,0.0,0.0,0.0,[],[]
2020-10-12T15:45:00-04:00,2020-10-12,NVDA,24h,0,0.0,0.0,0.0,[],[]
2020-10-13T15:45:00-04:00,2020-10-13,NVDA,24h,0,0.0,0.0,0.0,[],[]
2020-10-14T15:45:00-04:00,2020-10-14,NVDA,24h,0,0.0,0.0,0.0,[],[]
2020-10-15T15:45:00-04:00,2020-10-15,NVDA,24h,0,0.0,0.0,0.0,[],[]
2020-10-16T15:45:00-04:00,2020-10-16,NVDA,24h,0,0.0,0.0,0.0,[],[]
2020-10-19T15:45:00-04:00,2020-10-19,NVDA,24h,0,0.0,0.0,0.0,[],[]
2020-10-20T15:45:00-04:00,2020-10-20,NVDA,24h,0,0.0,0.0,0.0,[],[]
2020-10-21T15:45:00-04:00,2020-10-21,NVDA,24h,0,0.0,0.0,0.0,[],[]
2020-10-22T15:45:00-04:00,2020-10-22,NVDA,24h,0,0.0,0.0,0.0,[],[]
2020-10-23T15:45:00-04:00,2020-10-23,NVDA,24h,0,0.0,0.0,0.0,[],[]
2020-10-26T15:45:00-04:00,2020-10-26,NVDA,24h,0,0.0,0.0,0.0,[],[]
2020-10-27T15:45:00-04:00,2020-10-27,NVDA,24h,0,0.0,0.0,0.0,[],[]
2020-10-28T15:45:00-04:00,2020-10-28,NVDA,24h,0,0.0,0.0,0.0,[],[]
2020-10-29T15:45:00-04:00,2020-10-29,NVDA,24h,0,0.0,0.0,0.0,[],[]
2020-10-30T15:45:00-04:00,2020-10-30,NVDA,24h,0,0.0,0.0,0.0,[],[]
2020-11-02T15:45:00-05:00,2020-11-02,NVDA,24h,0,0.0,0.0,0.0,[],[]
2020-11-03T15:45:00-05:00,2020-11-03,NVDA,24h,0,0.0,0.0,0.0,[],[]
2020-11-04T15:45:00-05:00,2020-11-04,NVDA,24h,0,0.0,0.0,0.0,[],[]
2020-11-05T15:45:00-05:00,2020-11-05,NVDA,24h,0,0.0,0.0,0.0,[],[]
2020-11-06T15:45:00-05:00,2020-11-06,NVDA,24h,0,0.0,0.0,0.0,[],[]
2020-11-09T15:45:00-05:00,2020-11-09,NVDA,24h,0,0.0,0.0,0.0,[],[]
2020-11-10T15:45:00-05:00,2020-11-10,NVDA,24h,1,0.0,0.0,0.0,"[""litigation""]","[""sec_edgar""]"
2020-11-11T15:45:00-05:00,2020-11-11,NVDA,24h,0,0.0,0.0,0.0,[],[]
2020-11-12T15:45:00-05:00,2020-11-12,NVDA,24h,0,0.0,0.0,0.0,[],[]
2020-11-13T15:45:00-05:00,2020-11-13,NVDA,24h,0,0.0,0.0,0.0,[],[]
2020-11-16T15:45:00-05:00,2020-11-16,NVDA,24h,0,0.0,0.0,0.0,[],[]
2020-11-17T15:45:00-05:00,2020-11-17,NVDA,24h,0,0.0,0.0,0.0,[],[]
2020-11-18T15:45:00-05:00,2020-11-18,NVDA,24h,0,0.0,0.0,0.0,[],[]
2020-11-19T15:45:00-05:00,2020-11-19,NVDA,24h,0,0.0,0.0,0.0,[],[]
2020-11-20T15:45:00-05:00,2020-11-20,NVDA,24h,0,0.0,0.0,0.0,[],[]
2020-11-23T15:45:00-05:00,2020-11-23,NVDA,24h,0,0.0,0.0,0.0,[],[]
2020-11-24T15:45:00-05:00,2020-11-24,NVDA,24h,0,0.0,0.0,0.0,[],[]
2020-11-25T15:45:00-05:00,2020-11-25,NVDA,24h,0,0.0,0.0,0.0,[],[]
2020-11-26T15:45:00-05:00,2020-11-26,NVDA,24h,0,0.0,0.0,0.0,[],[]
2020-11-27T15:45:00-05:00,2020-11-27,NVDA,24h,0,0.0,0.0,0.0,[],[]
2020-11-30T15:45:00-05:00,2020-11-30,NVDA,24h,0,0.0,0.0,0.0,[],[]
2020-12-01T15:45:00-05:00,2020-12-01,NVDA,24h,0,0.0,0.0,0.0,[],[]
2020-12-02T15:45:00-05:00,2020-12-02,NVDA,24h,0,0.0,0.0,0.0,[],[]
2020-12-03T15:45:00-05:00,2020-12-03,NVDA,24h,0,0.0,0.0,0.0,[],[]
2020-12-04T15:45:00-05:00,2020-12-04,NVDA,24h,0,0.0,0.0,0.0,[],[]
2020-12-07T15:45:00-05:00,2020-12-07,NVDA,24h,0,0.0,0.0,0.0,[],[]
2020-12-08T15:45:00-05:00,2020-12-08,NVDA,24h,0,0.0,0.0,0.0,[],[]
2020-12-09T15:45:00-05:00,2020-12-09,NVDA,24h,0,0.0,0.0,0.0,[],[]
2020-12-10T15:45:00-05:00,2020-12-10,NVDA,24h,0,0.0,0.0,0.0,[],[]
2020-12-11T15:45:00-05:00,2020-12-11,NVDA,24h,0,0.0,0.0,0.0,[],[]
2020-12-14T15:45:00-05:00,2020-12-14,NVDA,24h,0,0.0,0.0,0.0,[],[]
2020-12-15T15:45:00-05:00,2020-12-15,NVDA,24h,0,0.0,0.0,0.0,[],[]
2020-12-16T15:45:00-05:00,2020-12-16,NVDA,24h,0,0.0,0.0,0.0,[],[]
2020-12-17T15:45:00-05:00,2020-12-17,NVDA,24h,0,0.0,0.0,0.0,[],[]
2020-12-18T15:45:00-05:00,2020-12-18,NVDA,24h,0,0.0,0.0,0.0,[],[]
2020-12-21T15:45:00-05:00,2020-12-21,NVDA,24h,0,0.0,0.0,0.0,[],[]
2020-12-22T15:45:00-05:00,2020-12-22,NVDA,24h,0,0.0,0.0,0.0,[],[]
2020-12-23T15:45:00-05:00,2020-12-23,NVDA,24h,0,0.0,0.0,0.0,[],[]
2020-12-24T15:45:00-05:00,2020-12-24,NVDA,24h,0,0.0,0.0,0.0,[],[]
2020-12-25T15:45:00-05:00,2020-12-25,NVDA,24h,0,0.0,0.0,0.0,[],[]
2020-12-28T15:45:00-05:00,2020-12-28,NVDA,24h,0,0.0,0.0,0.0,[],[]
2020-12-29T15:45:00-05:00,2020-12-29,NVDA,24h,0,0.0,0.0,0.0,[],[]
2020-12-30T15:45:00-05:00,2020-12-30,NVDA,24h,0,0.0,0.0,0.0,[],[]
2020-12-31T15:45:00-05:00,2020-12-31,NVDA,24h,0,0.0,0.0,0.0,[],[]
2021-01-01T15:45:00-05:00,2021-01-01,NVDA,24h,0,0.0,0.0,0.0,[],[]
2021-01-04T15:45:00-05:00,2021-01-04,NVDA,24h,0,0.0,0.0,0.0,[],[]
2021-01-05T15:45:00-05:00,2021-01-05,NVDA,24h,0,0.0,0.0,0.0,[],[]
2021-01-06T15:45:00-05:00,2021-01-06,NVDA,24h,0,0.0,0.0,0.0,[],[]
2021-01-07T15:45:00-05:00,2021-01-07,NVDA,24h,0,0.0,0.0,0.0,[],[]
2021-01-08T15:45:00-05:00,2021-01-08,NVDA,24h,0,0.0,0.0,0.0,[],[]
2021-01-11T15:45:00-05:00,2021-01-11,NVDA,24h,0,0.0,0.0,0.0,[],[]
2021-01-12T15:45:00-05:00,2021-01-12,NVDA,24h,0,0.0,0.0,0.0,[],[]
2021-01-13T15:45:00-05:00,2021-01-13,NVDA,24h,0,0.0,0.0,0.0,[],[]
2021-01-14T15:45:00-05:00,2021-01-14,NVDA,24h,0,0.0,0.0,0.0,[],[]
2021-01-15T15:45:00-05:00,2021-01-15,NVDA,24h,0,0.0,0.0,0.0,[],[]
2021-01-18T15:45:00-05:00,2021-01-18,NVDA,24h,0,0.0,0.0,0.0,[],[]
2021-01-19T15:45:00-05:00,2021-01-19,NVDA,24h,0,0.0,0.0,0.0,[],[]
2021-01-20T15:45:00-05:00,2021-01-20,NVDA,24h,0,0.0,0.0,0.0,[],[]
2021-01-21T15:45:00-05:00,2021-01-21,NVDA,24h,0,0.0,0.0,0.0,[],[]
2021-01-22T15:45:00-05:00,2021-01-22,NVDA,24h,0,0.0,0.0,0.0,[],[]
2021-01-25T15:45:00-05:00,2021-01-25,NVDA,24h,0,0.0,0.0,0.0,[],[]
2021-01-26T15:45:00-05:00,2021-01-26,NVDA,24h,0,0.0,0.0,0.0,[],[]
2021-01-27T15:45:00-05:00,2021-01-27,NVDA,24h,0,0.0,0.0,0.0,[],[]
2021-01-28T15:45:00-05:00,2021-01-28,NVDA,24h,0,0.0,0.0,0.0,[],[]
2021-01-29T15:45:00-05:00,2021-01-29,NVDA,24h,0,0.0,0.0,0.0,[],[]
2021-02-01T15:45:00-05:00,2021-02-01,NVDA,24h,0,0.0,0.0,0.0,[],[]
2021-02-02T15:45:00-05:00,2021-02-02,NVDA,24h,0,0.0,0.0,0.0,[],[]
2021-02-03T15:45:00-05:00,2021-02-03,NVDA,24h,0,0.0,0.0,0.0,[],[]
2021-02-04T15:45:00-05:00,2021-02-04,NVDA,24h,0,0.0,0.0,0.0,[],[]
2021-02-05T15:45:00-05:00,2021-02-05,NVDA,24h,0,0.0,0.0,0.0,[],[]
2021-02-08T15:45:00-05:00,2021-02-08,NVDA,24h,0,0.0,0.0,0.0,[],[]
2021-02-09T15:45:00-05:00,2021-02-09,NVDA,24h,0,0.0,0.0,0.0,[],[]
2021-02-10T15:45:00-05:00,2021-02-10,NVDA,24h,0,0.0,0.0,0.0,[],[]
2021-02-11T15:45:00-05:00,2021-02-11,NVDA,24h,0,0.0,0.0,0.0,[],[]
2021-02-12T15:45:00-05:00,2021-02-12,NVDA,24h,0,0.0,0.0,0.0,[],[]
2021-02-15T15:45:00-05:00,2021-02-15,NVDA,24h,0,0.0,0.0,0.0,[],[]
2021-02-16T15:45:00-05:00,2021-02-16,NVDA,24h,0,0.0,0.0,0.0,[],[]
2021-02-17T15:45:00-05:00,2021-02-17,NVDA,24h,0,0.0,0.0,0.0,[],[]
2021-02-18T15:45:00-05:00,2021-02-18,NVDA,24h,0,0.0,0.0,0.0,[],[]
2021-02-19T15:45:00-05:00,2021-02-19,NVDA,24h,0,0.0,0.0,0.0,[],[]
2021-02-22T15:45:00-05:00,2021-02-22,NVDA,24h,0,0.0,0.0,0.0,[],[]
2021-02-23T15:45:00-05:00,2021-02-23,NVDA,24h,0,0.0,0.0,0.0,[],[]
2021-02-24T15:45:00-05:00,2021-02-24,NVDA,24h,0,0.0,0.0,0.0,[],[]
2021-02-25T15:45:00-05:00,2021-02-25,NVDA,24h,0,0.0,0.0,0.0,[],[]
2021-02-26T15:45:00-05:00,2021-02-26,NVDA,24h,0,0.0,0.0,0.0,[],[]
2021-03-01T15:45:00-05:00,2021-03-01,NVDA,24h,0,0.0,0.0,0.0,[],[]
2021-03-02T15:45:00-05:00,2021-03-02,NVDA,24h,0,0.0,0.0,0.0,[],[]
2021-03-03T15:45:00-05:00,2021-03-03,NVDA,24h,0,0.0,0.0,0.0,[],[]
2021-03-04T15:45:00-05:00,2021-03-04,NVDA,24h,0,0.0,0.0,0.0,[],[]
2021-03-05T15:45:00-05:00,2021-03-05,NVDA,24h,0,0.0,0.0,0.0,[],[]
2021-03-08T15:45:00-05:00,2021-03-08,NVDA,24h,0,0.0,0.0,0.0,[],[]
2021-03-09T15:45:00-05:00,2021-03-09,NVDA,24h,0,0.0,0.0,0.0,[],[]
2021-03-10T15:45:00-05:00,2021-03-10,NVDA,24h,0,0.0,0.0,0.0,[],[]
2021-03-11T15:45:00-05:00,2021-03-11,NVDA,24h,0,0.0,0.0,0.0,[],[]
2021-03-12T15:45:00-05:00,2021-03-12,NVDA,24h,0,0.0,0.0,0.0,[],[]
2021-03-15T15:45:00-04:00,2021-03-15,NVDA,24h,0,0.0,0.0,0.0,[],[]
2021-03-16T15:45:00-04:00,2021-03-16,NVDA,24h,0,0.0,0.0,0.0,[],[]
2021-03-17T15:45:00-04:00,2021-03-17,NVDA,24h,0,0.0,0.0,0.0,[],[]
2021-03-18T15:45:00-04:00,2021-03-18,NVDA,24h,0,0.0,0.0,0.0,[],[]
2021-03-19T15:45:00-04:00,2021-03-19,NVDA,24h,1,0.0,0.0,0.0,"[""litigation""]","[""sec_edgar""]"
2021-03-22T15:45:00-04:00,2021-03-22,NVDA,24h,0,0.0,0.0,0.0,[],[]
2021-03-23T15:45:00-04:00,2021-03-23,NVDA,24h,0,0.0,0.0,0.0,[],[]
2021-03-24T15:45:00-04:00,2021-03-24,NVDA,24h,0,0.0,0.0,0.0,[],[]
2021-03-25T15:45:00-04:00,2021-03-25,NVDA,24h,0,0.0,0.0,0.0,[],[]
2021-03-26T15:45:00-04:00,2021-03-26,NVDA,24h,0,0.0,0.0,0.0,[],[]
2021-03-29T15:45:00-04:00,2021-03-29,NVDA,24h,0,0.0,0.0,0.0,[],[]
2021-03-30T15:45:00-04:00,2021-03-30,NVDA,24h,0,0.0,0.0,0.0,[],[]
2021-03-31T15:45:00-04:00,2021-03-31,NVDA,24h,0,0.0,0.0,0.0,[],[]
2021-04-01T15:45:00-04:00,2021-04-01,NVDA,24h,0,0.0,0.0,0.0,[],[]
2021-04-02T15:45:00-04:00,2021-04-02,NVDA,24h,0,0.0,0.0,0.0,[],[]
2021-04-05T15:45:00-04:00,2021-04-05,NVDA,24h,0,0.0,0.0,0.0,[],[]
2021-04-06T15:45:00-04:00,2021-04-06,NVDA,24h,0,0.0,0.0,0.0,[],[]
2021-04-07T15:45:00-04:00,2021-04-07,NVDA,24h,0,0.0,0.0,0.0,[],[]
2021-04-08T15:45:00-04:00,2021-04-08,NVDA,24h,0,0.0,0.0,0.0,[],[]
2021-04-09T15:45:00-04:00,2021-04-09,NVDA,24h,0,0.0,0.0,0.0,[],[]
2021-04-12T15:45:00-04:00,2021-04-12,NVDA,24h,0,0.0,0.0,0.0,[],[]
2021-04-13T15:45:00-04:00,2021-04-13,NVDA,24h,1,0.0,0.0,0.0,"[""litigation""]","[""sec_edgar""]"
2021-04-14T15:45:00-04:00,2021-04-14,NVDA,24h,0,0.0,0.0,0.0,[],[]
2021-04-15T15:45:00-04:00,2021-04-15,NVDA,24h,0,0.0,0.0,0.0,[],[]
2021-04-16T15:45:00-04:00,2021-04-16,NVDA,24h,0,0.0,0.0,0.0,[],[]
2021-04-19T15:45:00-04:00,2021-04-19,NVDA,24h,0,0.0,0.0,0.0,[],[]
2021-04-20T15:45:00-04:00,2021-04-20,NVDA,24h,0,0.0,0.0,0.0,[],[]
2021-04-21T15:45:00-04:00,2021-04-21,NVDA,24h,0,0.0,0.0,0.0,[],[]
2021-04-22T15:45:00-04:00,2021-04-22,NVDA,24h,0,0.0,0.0,0.0,[],[]
2021-04-23T15:45:00-04:00,2021-04-23,NVDA,24h,0,0.0,0.0,0.0,[],[]
2021-04-26T15:45:00-04:00,2021-04-26,NVDA,24h,0,0.0,0.0,0.0,[],[]
2021-04-27T15:45:00-04:00,2021-04-27,NVDA,24h,0,0.0,0.0,0.0,[],[]
2021-04-28T15:45:00-04:00,2021-04-28,NVDA,24h,0,0.0,0.0,0.0,[],[]
2021-04-29T15:45:00-04:00,2021-04-29,NVDA,24h,0,0.0,0.0,0.0,[],[]
2021-04-30T15:45:00-04:00,2021-04-30,NVDA,24h,0,0.0,0.0,0.0,[],[]
2021-05-03T15:45:00-04:00,2021-05-03,NVDA,24h,0,0.0,0.0,0.0,[],[]
2021-05-04T15:45:00-04:00,2021-05-04,NVDA,24h,0,0.0,0.0,0.0,[],[]
2021-05-05T15:45:00-04:00,2021-05-05,NVDA,24h,0,0.0,0.0,0.0,[],[]
2021-05-06T15:45:00-04:00,2021-05-06,NVDA,24h,0,0.0,0.0,0.0,[],[]
2021-05-07T15:45:00-04:00,2021-05-07,NVDA,24h,0,0.0,0.0,0.0,[],[]
2021-05-10T15:45:00-04:00,2021-05-10,NVDA,24h,0,0.0,0.0,0.0,[],[]
2021-05-11T15:45:00-04:00,2021-05-11,NVDA,24h,0,0.0,0.0,0.0,[],[]
2021-05-12T15:45:00-04:00,2021-05-12,NVDA,24h,0,0.0,0.0,0.0,[],[]
2021-05-13T15:45:00-04:00,2021-05-13,NVDA,24h,0,0.0,0.0,0.0,[],[]
2021-05-14T15:45:00-04:00,2021-05-14,NVDA,24h,0,0.0,0.0,0.0,[],[]
2021-05-17T15:45:00-04:00,2021-05-17,NVDA,24h,0,0.0,0.0,0.0,[],[]
2021-05-18T15:45:00-04:00,2021-05-18,NVDA,24h,0,0.0,0.0,0.0,[],[]
2021-05-19T15:45:00-04:00,2021-05-19,NVDA,24h,0,0.0,0.0,0.0,[],[]
2021-05-20T15:45:00-04:00,2021-05-20,NVDA,24h,0,0.0,0.0,0.0,[],[]
2021-05-21T15:45:00-04:00,2021-05-21,NVDA,24h,1,0.0,0.0,0.0,"[""litigation""]","[""sec_edgar""]"
2021-05-24T15:45:00-04:00,2021-05-24,NVDA,24h,0,0.0,0.0,0.0,[],[]
2021-05-25T15:45:00-04:00,2021-05-25,NVDA,24h,0,0.0,0.0,0.0,[],[]
2021-05-26T15:45:00-04:00,2021-05-26,NVDA,24h,0,0.0,0.0,0.0,[],[]
2021-05-27T15:45:00-04:00,2021-05-27,NVDA,24h,0,0.0,0.0,0.0,[],[]
2021-05-28T15:45:00-04:00,2021-05-28,NVDA,24h,0,0.0,0.0,0.0,[],[]
2021-05-31T15:45:00-04:00,2021-05-31,NVDA,24h,0,0.0,0.0,0.0,[],[]
2021-06-01T15:45:00-04:00,2021-06-01,NVDA,24h,0,0.0,0.0,0.0,[],[]
2021-06-02T15:45:00-04:00,2021-06-02,NVDA,24h,0,0.0,0.0,0.0,[],[]
2021-06-03T15:45:00-04:00,2021-06-03,NVDA,24h,0,0.0,0.0,0.0,[],[]
2021-06-04T15:45:00-04:00,2021-06-04,NVDA,24h,0,0.0,0.0,0.0,[],[]
2021-06-07T15:45:00-04:00,2021-06-07,NVDA,24h,0,0.0,0.0,0.0,[],[]
2021-06-08T15:45:00-04:00,2021-06-08,NVDA,24h,0,0.0,0.0,0.0,[],[]
2021-06-09T15:45:00-04:00,2021-06-09,NVDA,24h,0,0.0,0.0,0.0,[],[]
2021-06-10T15:45:00-04:00,2021-06-10,NVDA,24h,0,0.0,0.0,0.0,[],[]
2021-06-11T15:45:00-04:00,2021-06-11,NVDA,24h,0,0.0,0.0,0.0,[],[]
2021-06-14T15:45:00-04:00,2021-06-14,NVDA,24h,0,0.0,0.0,0.0,[],[]
2021-06-15T15:45:00-04:00,2021-06-15,NVDA,24h,0,0.0,0.0,0.0,[],[]
2021-06-16T15:45:00-04:00,2021-06-16,NVDA,24h,0,0.0,0.0,0.0,[],[]
2021-06-17T15:45:00-04:00,2021-06-17,NVDA,24h,1,0.0,0.0,0.0,"[""litigation""]","[""sec_edgar""]"
2021-06-18T15:45:00-04:00,2021-06-18,NVDA,24h,0,0.0,0.0,0.0,[],[]
2021-06-21T15:45:00-04:00,2021-06-21,NVDA,24h,0,0.0,0.0,0.0,[],[]
2021-06-22T15:45:00-04:00,2021-06-22,NVDA,24h,0,0.0,0.0,0.0,[],[]
2021-06-23T15:45:00-04:00,2021-06-23,NVDA,24h,0,0.0,0.0,0.0,[],[]
2021-06-24T15:45:00-04:00,2021-06-24,NVDA,24h,0,0.0,0.0,0.0,[],[]
2021-06-25T15:45:00-04:00,2021-06-25,NVDA,24h,0,0.0,0.0,0.0,[],[]
2021-06-28T15:45:00-04:00,2021-06-28,NVDA,24h,0,0.0,0.0,0.0,[],[]
2021-06-29T15:45:00-04:00,2021-06-29,NVDA,24h,1,0.0,0.0,0.0,"[""litigation""]","[""sec_edgar""]"
2021-06-30T15:45:00-04:00,2021-06-30,NVDA,24h,0,0.0,0.0,0.0,[],[]
2021-07-01T15:45:00-04:00,2021-07-01,NVDA,24h,0,0.0,0.0,0.0,[],[]
2021-07-02T15:45:00-04:00,2021-07-02,NVDA,24h,0,0.0,0.0,0.0,[],[]
2021-07-05T15:45:00-04:00,2021-07-05,NVDA,24h,0,0.0,0.0,0.0,[],[]
2021-07-06T15:45:00-04:00,2021-07-06,NVDA,24h,0,0.0,0.0,0.0,[],[]
2021-07-07T15:45:00-04:00,2021-07-07,NVDA,24h,0,0.0,0.0,0.0,[],[]
2021-07-08T15:45:00-04:00,2021-07-08,NVDA,24h,0,0.0,0.0,0.0,[],[]
2021-07-09T15:45:00-04:00,2021-07-09,NVDA,24h,0,0.0,0.0,0.0,[],[]
2021-07-12T15:45:00-04:00,2021-07-12,NVDA,24h,0,0.0,0.0,0.0,[],[]
2021-07-13T15:45:00-04:00,2021-07-13,NVDA,24h,0,0.0,0.0,0.0,[],[]
2021-07-14T15:45:00-04:00,2021-07-14,NVDA,24h,0,0.0,0.0,0.0,[],[]
2021-07-15T15:45:00-04:00,2021-07-15,NVDA,24h,0,0.0,0.0,0.0,[],[]
2021-07-16T15:45:00-04:00,2021-07-16,NVDA,24h,0,0.0,0.0,0.0,[],[]
2021-07-19T15:45:00-04:00,2021-07-19,NVDA,24h,0,0.0,0.0,0.0,[],[]
2021-07-20T15:45:00-04:00,2021-07-20,NVDA,24h,0,0.0,0.0,0.0,[],[]
2021-07-21T15:45:00-04:00,2021-07-21,NVDA,24h,0,0.0,0.0,0.0,[],[]
2021-07-22T15:45:00-04:00,2021-07-22,NVDA,24h,0,0.0,0.0,0.0,[],[]
2021-07-23T15:45:00-04:00,2021-07-23,NVDA,24h,0,0.0,0.0,0.0,[],[]
2021-07-26T15:45:00-04:00,2021-07-26,NVDA,24h,0,0.0,0.0,0.0,[],[]
2021-07-27T15:45:00-04:00,2021-07-27,NVDA,24h,0,0.0,0.0,0.0,[],[]
2021-07-28T15:45:00-04:00,2021-07-28,NVDA,24h,0,0.0,0.0,0.0,[],[]
2021-07-29T15:45:00-04:00,2021-07-29,NVDA,24h,0,0.0,0.0,0.0,[],[]
2021-07-30T15:45:00-04:00,2021-07-30,NVDA,24h,0,0.0,0.0,0.0,[],[]
2021-08-02T15:45:00-04:00,2021-08-02,NVDA,24h,0,0.0,0.0,0.0,[],[]
2021-08-03T15:45:00-04:00,2021-08-03,NVDA,24h,0,0.0,0.0,0.0,[],[]
2021-08-04T15:45:00-04:00,2021-08-04,NVDA,24h,0,0.0,0.0,0.0,[],[]
2021-08-05T15:45:00-04:00,2021-08-05,NVDA,24h,0,0.0,0.0,0.0,[],[]
2021-08-06T15:45:00-04:00,2021-08-06,NVDA,24h,0,0.0,0.0,0.0,[],[]
2021-08-09T15:45:00-04:00,2021-08-09,NVDA,24h,0,0.0,0.0,0.0,[],[]
2021-08-10T15:45:00-04:00,2021-08-10,NVDA,24h,0,0.0,0.0,0.0,[],[]
2021-08-11T15:45:00-04:00,2021-08-11,NVDA,24h,0,0.0,0.0,0.0,[],[]
2021-08-12T15:45:00-04:00,2021-08-12,NVDA,24h,0,0.0,0.0,0.0,[],[]
2021-08-13T15:45:00-04:00,2021-08-13,NVDA,24h,0,0.0,0.0,0.0,[],[]
2021-08-16T15:45:00-04:00,2021-08-16,NVDA,24h,0,0.0,0.0,0.0,[],[]
2021-08-17T15:45:00-04:00,2021-08-17,NVDA,24h,0,0.0,0.0,0.0,[],[]
2021-08-18T15:45:00-04:00,2021-08-18,NVDA,24h,0,0.0,0.0,0.0,[],[]
2021-08-19T15:45:00-04:00,2021-08-19,NVDA,24h,0,0.0,0.0,0.0,[],[]
2021-08-20T15:45:00-04:00,2021-08-20,NVDA,24h,0,0.0,0.0,0.0,[],[]
2021-08-23T15:45:00-04:00,2021-08-23,NVDA,24h,0,0.0,0.0,0.0,[],[]
2021-08-24T15:45:00-04:00,2021-08-24,NVDA,24h,0,0.0,0.0,0.0,[],[]
2021-08-25T15:45:00-04:00,2021-08-25,NVDA,24h,0,0.0,0.0,0.0,[],[]
2021-08-26T15:45:00-04:00,2021-08-26,NVDA,24h,0,0.0,0.0,0.0,[],[]
2021-08-27T15:45:00-04:00,2021-08-27,NVDA,24h,0,0.0,0.0,0.0,[],[]
2021-08-30T15:45:00-04:00,2021-08-30,NVDA,24h,0,0.0,0.0,0.0,[],[]
2021-08-31T15:45:00-04:00,2021-08-31,NVDA,24h,0,0.0,0.0,0.0,[],[]
2021-09-01T15:45:00-04:00,2021-09-01,NVDA,24h,0,0.0,0.0,0.0,[],[]
2021-09-02T15:45:00-04:00,2021-09-02,NVDA,24h,0,0.0,0.0,0.0,[],[]
2021-09-03T15:45:00-04:00,2021-09-03,NVDA,24h,0,0.0,0.0,0.0,[],[]
2021-09-06T15:45:00-04:00,2021-09-06,NVDA,24h,0,0.0,0.0,0.0,[],[]
2021-09-07T15:45:00-04:00,2021-09-07,NVDA,24h,0,0.0,0.0,0.0,[],[]
2021-09-08T15:45:00-04:00,2021-09-08,NVDA,24h,0,0.0,0.0,0.0,[],[]
2021-09-09T15:45:00-04:00,2021-09-09,NVDA,24h,0,0.0,0.0,0.0,[],[]
2021-09-10T15:45:00-04:00,2021-09-10,NVDA,24h,0,0.0,0.0,0.0,[],[]
2021-09-13T15:45:00-04:00,2021-09-13,NVDA,24h,0,0.0,0.0,0.0,[],[]
2021-09-14T15:45:00-04:00,2021-09-14,NVDA,24h,0,0.0,0.0,0.0,[],[]
2021-09-15T15:45:00-04:00,2021-09-15,NVDA,24h,0,0.0,0.0,0.0,[],[]
2021-09-16T15:45:00-04:00,2021-09-16,NVDA,24h,0,0.0,0.0,0.0,[],[]
2021-09-17T15:45:00-04:00,2021-09-17,NVDA,24h,0,0.0,0.0,0.0,[],[]
2021-09-20T15:45:00-04:00,2021-09-20,NVDA,24h,0,0.0,0.0,0.0,[],[]
2021-09-21T15:45:00-04:00,2021-09-21,NVDA,24h,0,0.0,0.0,0.0,[],[]
2021-09-22T15:45:00-04:00,2021-09-22,NVDA,24h,0,0.0,0.0,0.0,[],[]
2021-09-23T15:45:00-04:00,2021-09-23,NVDA,24h,0,0.0,0.0,0.0,[],[]
2021-09-24T15:45:00-04:00,2021-09-24,NVDA,24h,0,0.0,0.0,0.0,[],[]
2021-09-27T15:45:00-04:00,2021-09-27,NVDA,24h,0,0.0,0.0,0.0,[],[]
2021-09-28T15:45:00-04:00,2021-09-28,NVDA,24h,0,0.0,0.0,0.0,[],[]
2021-09-29T15:45:00-04:00,2021-09-29,NVDA,24h,0,0.0,0.0,0.0,[],[]
2021-09-30T15:45:00-04:00,2021-09-30,NVDA,24h,0,0.0,0.0,0.0,[],[]
2021-10-01T15:45:00-04:00,2021-10-01,NVDA,24h,0,0.0,0.0,0.0,[],[]
2021-10-04T15:45:00-04:00,2021-10-04,NVDA,24h,0,0.0,0.0,0.0,[],[]
2021-10-05T15:45:00-04:00,2021-10-05,NVDA,24h,0,0.0,0.0,0.0,[],[]
2021-10-06T15:45:00-04:00,2021-10-06,NVDA,24h,0,0.0,0.0,0.0,[],[]
2021-10-07T15:45:00-04:00,2021-10-07,NVDA,24h,0,0.0,0.0,0.0,[],[]
2021-10-08T15:45:00-04:00,2021-10-08,NVDA,24h,0,0.0,0.0,0.0,[],[]
2021-10-11T15:45:00-04:00,2021-10-11,NVDA,24h,0,0.0,0.0,0.0,[],[]
2021-10-12T15:45:00-04:00,2021-10-12,NVDA,24h,0,0.0,0.0,0.0,[],[]
2021-10-13T15:45:00-04:00,2021-10-13,NVDA,24h,0,0.0,0.0,0.0,[],[]
2021-10-14T15:45:00-04:00,2021-10-14,NVDA,24h,0,0.0,0.0,0.0,[],[]
2021-10-15T15:45:00-04:00,2021-10-15,NVDA,24h,0,0.0,0.0,0.0,[],[]
2021-10-18T15:45:00-04:00,2021-10-18,NVDA,24h,0,0.0,0.0,0.0,[],[]
2021-10-19T15:45:00-04:00,2021-10-19,NVDA,24h,0,0.0,0.0,0.0,[],[]
2021-10-20T15:45:00-04:00,2021-10-20,NVDA,24h,0,0.0,0.0,0.0,[],[]
2021-10-21T15:45:00-04:00,2021-10-21,NVDA,24h,0,0.0,0.0,0.0,[],[]
2021-10-22T15:45:00-04:00,2021-10-22,NVDA,24h,0,0.0,0.0,0.0,[],[]
2021-10-25T15:45:00-04:00,2021-10-25,NVDA,24h,0,0.0,0.0,0.0,[],[]
2021-10-26T15:45:00-04:00,2021-10-26,NVDA,24h,0,0.0,0.0,0.0,[],[]
2021-10-27T15:45:00-04:00,2021-10-27,NVDA,24h,0,0.0,0.0,0.0,[],[]
2021-10-28T15:45:00-04:00,2021-10-28,NVDA,24h,0,0.0,0.0,0.0,[],[]
2021-10-29T15:45:00-04:00,2021-10-29,NVDA,24h,0,0.0,0.0,0.0,[],[]
2021-11-01T15:45:00-04:00,2021-11-01,NVDA,24h,0,0.0,0.0,0.0,[],[]
2021-11-02T15:45:00-04:00,2021-11-02,NVDA,24h,0,0.0,0.0,0.0,[],[]
2021-11-03T15:45:00-04:00,2021-11-03,NVDA,24h,0,0.0,0.0,0.0,[],[]
2021-11-04T15:45:00-04:00,2021-11-04,NVDA,24h,0,0.0,0.0,0.0,[],[]
2021-11-05T15:45:00-04:00,2021-11-05,NVDA,24h,0,0.0,0.0,0.0,[],[]
2021-11-08T15:45:00-05:00,2021-11-08,NVDA,24h,0,0.0,0.0,0.0,[],[]
2021-11-09T15:45:00-05:00,2021-11-09,NVDA,24h,0,0.0,0.0,0.0,[],[]
2021-11-10T15:45:00-05:00,2021-11-10,NVDA,24h,0,0.0,0.0,0.0,[],[]
2021-11-11T15:45:00-05:00,2021-11-11,NVDA,24h,0,0.0,0.0,0.0,[],[]
2021-11-12T15:45:00-05:00,2021-11-12,NVDA,24h,0,0.0,0.0,0.0,[],[]
2021-11-15T15:45:00-05:00,2021-11-15,NVDA,24h,0,0.0,0.0,0.0,[],[]
2021-11-16T15:45:00-05:00,2021-11-16,NVDA,24h,0,0.0,0.0,0.0,[],[]
2021-11-17T15:45:00-05:00,2021-11-17,NVDA,24h,0,0.0,0.0,0.0,[],[]
2021-11-18T15:45:00-05:00,2021-11-18,NVDA,24h,0,0.0,0.0,0.0,[],[]
2021-11-19T15:45:00-05:00,2021-11-19,NVDA,24h,0,0.0,0.0,0.0,[],[]
2021-11-22T15:45:00-05:00,2021-11-22,NVDA,24h,0,0.0,0.0,0.0,[],[]
2021-11-23T15:45:00-05:00,2021-11-23,NVDA,24h,0,0.0,0.0,0.0,[],[]
2021-11-24T15:45:00-05:00,2021-11-24,NVDA,24h,0,0.0,0.0,0.0,[],[]
2021-11-25T15:45:00-05:00,2021-11-25,NVDA,24h,0,0.0,0.0,0.0,[],[]
2021-11-26T15:45:00-05:00,2021-11-26,NVDA,24h,0,0.0,0.0,0.0,[],[]
2021-11-29T15:45:00-05:00,2021-11-29,NVDA,24h,0,0.0,0.0,0.0,[],[]
2021-11-30T15:45:00-05:00,2021-11-30,NVDA,24h,0,0.0,0.0,0.0,[],[]
2021-12-01T15:45:00-05:00,2021-12-01,NVDA,24h,0,0.0,0.0,0.0,[],[]
2021-12-02T15:45:00-05:00,2021-12-02,NVDA,24h,0,0.0,0.0,0.0,[],[]
2021-12-03T15:45:00-05:00,2021-12-03,NVDA,24h,0,0.0,0.0,0.0,[],[]
2021-12-06T15:45:00-05:00,2021-12-06,NVDA,24h,0,0.0,0.0,0.0,[],[]
2021-12-07T15:45:00-05:00,2021-12-07,NVDA,24h,0,0.0,0.0,0.0,[],[]
2021-12-08T15:45:00-05:00,2021-12-08,NVDA,24h,0,0.0,0.0,0.0,[],[]
2021-12-09T15:45:00-05:00,2021-12-09,NVDA,24h,0,0.0,0.0,0.0,[],[]
2021-12-10T15:45:00-05:00,2021-12-10,NVDA,24h,0,0.0,0.0,0.0,[],[]
2021-12-13T15:45:00-05:00,2021-12-13,NVDA,24h,0,0.0,0.0,0.0,[],[]
2021-12-14T15:45:00-05:00,2021-12-14,NVDA,24h,0,0.0,0.0,0.0,[],[]
2021-12-15T15:45:00-05:00,2021-12-15,NVDA,24h,0,0.0,0.0,0.0,[],[]
2021-12-16T15:45:00-05:00,2021-12-16,NVDA,24h,0,0.0,0.0,0.0,[],[]
2021-12-17T15:45:00-05:00,2021-12-17,NVDA,24h,0,0.0,0.0,0.0,[],[]
2021-12-20T15:45:00-05:00,2021-12-20,NVDA,24h,0,0.0,0.0,0.0,[],[]
2021-12-21T15:45:00-05:00,2021-12-21,NVDA,24h,0,0.0,0.0,0.0,[],[]
2021-12-22T15:45:00-05:00,2021-12-22,NVDA,24h,0,0.0,0.0,0.0,[],[]
2021-12-23T15:45:00-05:00,2021-12-23,NVDA,24h,0,0.0,0.0,0.0,[],[]
2021-12-24T15:45:00-05:00,2021-12-24,NVDA,24h,0,0.0,0.0,0.0,[],[]
2021-12-27T15:45:00-05:00,2021-12-27,NVDA,24h,0,0.0,0.0,0.0,[],[]
2021-12-28T15:45:00-05:00,2021-12-28,NVDA,24h,0,0.0,0.0,0.0,[],[]
2021-12-29T15:45:00-05:00,2021-12-29,NVDA,24h,0,0.0,0.0,0.0,[],[]
2021-12-30T15:45:00-05:00,2021-12-30,NVDA,24h,0,0.0,0.0,0.0,[],[]
2021-12-31T15:45:00-05:00,2021-12-31,NVDA,24h,0,0.0,0.0,0.0,[],[]
2022-01-03T15:45:00-05:00,2022-01-03,NVDA,24h,0,0.0,0.0,0.0,[],[]
2022-01-04T15:45:00-05:00,2022-01-04,NVDA,24h,0,0.0,0.0,0.0,[],[]
2022-01-05T15:45:00-05:00,2022-01-05,NVDA,24h,0,0.0,0.0,0.0,[],[]
2022-01-06T15:45:00-05:00,2022-01-06,NVDA,24h,0,0.0,0.0,0.0,[],[]
2022-01-07T15:45:00-05:00,2022-01-07,NVDA,24h,0,0.0,0.0,0.0,[],[]
2022-01-10T15:45:00-05:00,2022-01-10,NVDA,24h,0,0.0,0.0,0.0,[],[]
2022-01-11T15:45:00-05:00,2022-01-11,NVDA,24h,0,0.0,0.0,0.0,[],[]
2022-01-12T15:45:00-05:00,2022-01-12,NVDA,24h,0,0.0,0.0,0.0,[],[]
2022-01-13T15:45:00-05:00,2022-01-13,NVDA,24h,0,0.0,0.0,0.0,[],[]
2022-01-14T15:45:00-05:00,2022-01-14,NVDA,24h,0,0.0,0.0,0.0,[],[]
2022-01-17T15:45:00-05:00,2022-01-17,NVDA,24h,0,0.0,0.0,0.0,[],[]
2022-01-18T15:45:00-05:00,2022-01-18,NVDA,24h,0,0.0,0.0,0.0,[],[]
2022-01-19T15:45:00-05:00,2022-01-19,NVDA,24h,0,0.0,0.0,0.0,[],[]
2022-01-20T15:45:00-05:00,2022-01-20,NVDA,24h,0,0.0,0.0,0.0,[],[]
2022-01-21T15:45:00-05:00,2022-01-21,NVDA,24h,0,0.0,0.0,0.0,[],[]
2022-01-24T15:45:00-05:00,2022-01-24,NVDA,24h,0,0.0,0.0,0.0,[],[]
2022-01-25T15:45:00-05:00,2022-01-25,NVDA,24h,0,0.0,0.0,0.0,[],[]
2022-01-26T15:45:00-05:00,2022-01-26,NVDA,24h,0,0.0,0.0,0.0,[],[]
2022-01-27T15:45:00-05:00,2022-01-27,NVDA,24h,0,0.0,0.0,0.0,[],[]
2022-01-28T15:45:00-05:00,2022-01-28,NVDA,24h,0,0.0,0.0,0.0,[],[]
2022-01-31T15:45:00-05:00,2022-01-31,NVDA,24h,0,0.0,0.0,0.0,[],[]
2022-02-01T15:45:00-05:00,2022-02-01,NVDA,24h,0,0.0,0.0,0.0,[],[]
2022-02-02T15:45:00-05:00,2022-02-02,NVDA,24h,0,0.0,0.0,0.0,[],[]
2022-02-03T15:45:00-05:00,2022-02-03,NVDA,24h,0,0.0,0.0,0.0,[],[]
2022-02-04T15:45:00-05:00,2022-02-04,NVDA,24h,0,0.0,0.0,0.0,[],[]
2022-02-07T15:45:00-05:00,2022-02-07,NVDA,24h,0,0.0,0.0,0.0,[],[]
2022-02-08T15:45:00-05:00,2022-02-08,NVDA,24h,1,0.0,0.0,0.0,"[""litigation""]","[""sec_edgar""]"
2022-02-09T15:45:00-05:00,2022-02-09,NVDA,24h,0,0.0,0.0,0.0,[],[]
2022-02-10T15:45:00-05:00,2022-02-10,NVDA,24h,0,0.0,0.0,0.0,[],[]
2022-02-11T15:45:00-05:00,2022-02-11,NVDA,24h,0,0.0,0.0,0.0,[],[]
2022-02-14T15:45:00-05:00,2022-02-14,NVDA,24h,0,0.0,0.0,0.0,[],[]
2022-02-15T15:45:00-05:00,2022-02-15,NVDA,24h,0,0.0,0.0,0.0,[],[]
2022-02-16T15:45:00-05:00,2022-02-16,NVDA,24h,0,0.0,0.0,0.0,[],[]
2022-02-17T15:45:00-05:00,2022-02-17,NVDA,24h,0,0.0,0.0,0.0,[],[]
2022-02-18T15:45:00-05:00,2022-02-18,NVDA,24h,0,0.0,0.0,0.0,[],[]
2022-02-21T15:45:00-05:00,2022-02-21,NVDA,24h,0,0.0,0.0,0.0,[],[]
2022-02-22T15:45:00-05:00,2022-02-22,NVDA,24h,0,0.0,0.0,0.0,[],[]
2022-02-23T15:45:00-05:00,2022-02-23,NVDA,24h,0,0.0,0.0,0.0,[],[]
2022-02-24T15:45:00-05:00,2022-02-24,NVDA,24h,0,0.0,0.0,0.0,[],[]
2022-02-25T15:45:00-05:00,2022-02-25,NVDA,24h,0,0.0,0.0,0.0,[],[]
2022-02-28T15:45:00-05:00,2022-02-28,NVDA,24h,0,0.0,0.0,0.0,[],[]
2022-03-01T15:45:00-05:00,2022-03-01,NVDA,24h,0,0.0,0.0,0.0,[],[]
2022-03-02T15:45:00-05:00,2022-03-02,NVDA,24h,0,0.0,0.0,0.0,[],[]
2022-03-03T15:45:00-05:00,2022-03-03,NVDA,24h,0,0.0,0.0,0.0,[],[]
2022-03-04T15:45:00-05:00,2022-03-04,NVDA,24h,0,0.0,0.0,0.0,[],[]
2022-03-07T15:45:00-05:00,2022-03-07,NVDA,24h,0,0.0,0.0,0.0,[],[]
2022-03-08T15:45:00-05:00,2022-03-08,NVDA,24h,0,0.0,0.0,0.0,[],[]
2022-03-09T15:45:00-05:00,2022-03-09,NVDA,24h,0,0.0,0.0,0.0,[],[]
2022-03-10T15:45:00-05:00,2022-03-10,NVDA,24h,1,0.0,0.0,0.0,"[""litigation""]","[""sec_edgar""]"
2022-03-11T15:45:00-05:00,2022-03-11,NVDA,24h,0,0.0,0.0,0.0,[],[]
2022-03-14T15:45:00-04:00,2022-03-14,NVDA,24h,0,0.0,0.0,0.0,[],[]
2022-03-15T15:45:00-04:00,2022-03-15,NVDA,24h,0,0.0,0.0,0.0,[],[]
2022-03-16T15:45:00-04:00,2022-03-16,NVDA,24h,0,0.0,0.0,0.0,[],[]
2022-03-17T15:45:00-04:00,2022-03-17,NVDA,24h,0,0.0,0.0,0.0,[],[]
2022-03-18T15:45:00-04:00,2022-03-18,NVDA,24h,0,0.0,0.0,0.0,[],[]
2022-03-21T15:45:00-04:00,2022-03-21,NVDA,24h,0,0.0,0.0,0.0,[],[]
2022-03-22T15:45:00-04:00,2022-03-22,NVDA,24h,0,0.0,0.0,0.0,[],[]
2022-03-23T15:45:00-04:00,2022-03-23,NVDA,24h,0,0.0,0.0,0.0,[],[]
2022-03-24T15:45:00-04:00,2022-03-24,NVDA,24h,0,0.0,0.0,0.0,[],[]
2022-03-25T15:45:00-04:00,2022-03-25,NVDA,24h,0,0.0,0.0,0.0,[],[]
2022-03-28T15:45:00-04:00,2022-03-28,NVDA,24h,0,0.0,0.0,0.0,[],[]
2022-03-29T15:45:00-04:00,2022-03-29,NVDA,24h,0,0.0,0.0,0.0,[],[]
2022-03-30T15:45:00-04:00,2022-03-30,NVDA,24h,0,0.0,0.0,0.0,[],[]
2022-03-31T15:45:00-04:00,2022-03-31,NVDA,24h,0,0.0,0.0,0.0,[],[]
2022-04-01T15:45:00-04:00,2022-04-01,NVDA,24h,0,0.0,0.0,0.0,[],[]
2022-04-04T15:45:00-04:00,2022-04-04,NVDA,24h,0,0.0,0.0,0.0,[],[]
2022-04-05T15:45:00-04:00,2022-04-05,NVDA,24h,0,0.0,0.0,0.0,[],[]
2022-04-06T15:45:00-04:00,2022-04-06,NVDA,24h,0,0.0,0.0,0.0,[],[]
2022-04-07T15:45:00-04:00,2022-04-07,NVDA,24h,0,0.0,0.0,0.0,[],[]
2022-04-08T15:45:00-04:00,2022-04-08,NVDA,24h,0,0.0,0.0,0.0,[],[]
2022-04-11T15:45:00-04:00,2022-04-11,NVDA,24h,0,0.0,0.0,0.0,[],[]
2022-04-12T15:45:00-04:00,2022-04-12,NVDA,24h,0,0.0,0.0,0.0,[],[]
2022-04-13T15:45:00-04:00,2022-04-13,NVDA,24h,0,0.0,0.0,0.0,[],[]
2022-04-14T15:45:00-04:00,2022-04-14,NVDA,24h,0,0.0,0.0,0.0,[],[]
2022-04-15T15:45:00-04:00,2022-04-15,NVDA,24h,0,0.0,0.0,0.0,[],[]
2022-04-18T15:45:00-04:00,2022-04-18,NVDA,24h,0,0.0,0.0,0.0,[],[]
2022-04-19T15:45:00-04:00,2022-04-19,NVDA,24h,0,0.0,0.0,0.0,[],[]
2022-04-20T15:45:00-04:00,2022-04-20,NVDA,24h,0,0.0,0.0,0.0,[],[]
2022-04-21T15:45:00-04:00,2022-04-21,NVDA,24h,0,0.0,0.0,0.0,[],[]
2022-04-22T15:45:00-04:00,2022-04-22,NVDA,24h,0,0.0,0.0,0.0,[],[]
2022-04-25T15:45:00-04:00,2022-04-25,NVDA,24h,0,0.0,0.0,0.0,[],[]
2022-04-26T15:45:00-04:00,2022-04-26,NVDA,24h,0,0.0,0.0,0.0,[],[]
2022-04-27T15:45:00-04:00,2022-04-27,NVDA,24h,0,0.0,0.0,0.0,[],[]
2022-04-28T15:45:00-04:00,2022-04-28,NVDA,24h,0,0.0,0.0,0.0,[],[]
2022-04-29T15:45:00-04:00,2022-04-29,NVDA,24h,0,0.0,0.0,0.0,[],[]
2022-05-02T15:45:00-04:00,2022-05-02,NVDA,24h,0,0.0,0.0,0.0,[],[]
2022-05-03T15:45:00-04:00,2022-05-03,NVDA,24h,0,0.0,0.0,0.0,[],[]
2022-05-04T15:45:00-04:00,2022-05-04,NVDA,24h,0,0.0,0.0,0.0,[],[]
2022-05-05T15:45:00-04:00,2022-05-05,NVDA,24h,0,0.0,0.0,0.0,[],[]
2022-05-06T15:45:00-04:00,2022-05-06,NVDA,24h,0,0.0,0.0,0.0,[],[]
2022-05-09T15:45:00-04:00,2022-05-09,NVDA,24h,0,0.0,0.0,0.0,[],[]
2022-05-10T15:45:00-04:00,2022-05-10,NVDA,24h,0,0.0,0.0,0.0,[],[]
2022-05-11T15:45:00-04:00,2022-05-11,NVDA,24h,0,0.0,0.0,0.0,[],[]
2022-05-12T15:45:00-04:00,2022-05-12,NVDA,24h,0,0.0,0.0,0.0,[],[]
2022-05-13T15:45:00-04:00,2022-05-13,NVDA,24h,0,0.0,0.0,0.0,[],[]
2022-05-16T15:45:00-04:00,2022-05-16,NVDA,24h,0,0.0,0.0,0.0,[],[]
2022-05-17T15:45:00-04:00,2022-05-17,NVDA,24h,0,0.0,0.0,0.0,[],[]
2022-05-18T15:45:00-04:00,2022-05-18,NVDA,24h,0,0.0,0.0,0.0,[],[]
2022-05-19T15:45:00-04:00,2022-05-19,NVDA,24h,0,0.0,0.0,0.0,[],[]
2022-05-20T15:45:00-04:00,2022-05-20,NVDA,24h,0,0.0,0.0,0.0,[],[]
2022-05-23T15:45:00-04:00,2022-05-23,NVDA,24h,0,0.0,0.0,0.0,[],[]
2022-05-24T15:45:00-04:00,2022-05-24,NVDA,24h,0,0.0,0.0,0.0,[],[]
2022-05-25T15:45:00-04:00,2022-05-25,NVDA,24h,0,0.0,0.0,0.0,[],[]
2022-05-26T15:45:00-04:00,2022-05-26,NVDA,24h,0,0.0,0.0,0.0,[],[]
2022-05-27T15:45:00-04:00,2022-05-27,NVDA,24h,0,0.0,0.0,0.0,[],[]
2022-05-30T15:45:00-04:00,2022-05-30,NVDA,24h,0,0.0,0.0,0.0,[],[]
2022-05-31T15:45:00-04:00,2022-05-31,NVDA,24h,0,0.0,0.0,0.0,[],[]
2022-06-01T15:45:00-04:00,2022-06-01,NVDA,24h,0,0.0,0.0,0.0,[],[]
2022-06-02T15:45:00-04:00,2022-06-02,NVDA,24h,0,0.0,0.0,0.0,[],[]
2022-06-03T15:45:00-04:00,2022-06-03,NVDA,24h,0,0.0,0.0,0.0,[],[]
2022-06-06T15:45:00-04:00,2022-06-06,NVDA,24h,0,0.0,0.0,0.0,[],[]
2022-06-07T15:45:00-04:00,2022-06-07,NVDA,24h,1,0.0,0.0,0.0,"[""litigation""]","[""sec_edgar""]"
2022-06-08T15:45:00-04:00,2022-06-08,NVDA,24h,0,0.0,0.0,0.0,[],[]
2022-06-09T15:45:00-04:00,2022-06-09,NVDA,24h,0,0.0,0.0,0.0,[],[]
2022-06-10T15:45:00-04:00,2022-06-10,NVDA,24h,0,0.0,0.0,0.0,[],[]
2022-06-13T15:45:00-04:00,2022-06-13,NVDA,24h,0,0.0,0.0,0.0,[],[]
2022-06-14T15:45:00-04:00,2022-06-14,NVDA,24h,0,0.0,0.0,0.0,[],[]
2022-06-15T15:45:00-04:00,2022-06-15,NVDA,24h,0,0.0,0.0,0.0,[],[]
2022-06-16T15:45:00-04:00,2022-06-16,NVDA,24h,0,0.0,0.0,0.0,[],[]
2022-06-17T15:45:00-04:00,2022-06-17,NVDA,24h,0,0.0,0.0,0.0,[],[]
2022-06-20T15:45:00-04:00,2022-06-20,NVDA,24h,0,0.0,0.0,0.0,[],[]
2022-06-21T15:45:00-04:00,2022-06-21,NVDA,24h,0,0.0,0.0,0.0,[],[]
2022-06-22T15:45:00-04:00,2022-06-22,NVDA,24h,0,0.0,0.0,0.0,[],[]
2022-06-23T15:45:00-04:00,2022-06-23,NVDA,24h,0,0.0,0.0,0.0,[],[]
2022-06-24T15:45:00-04:00,2022-06-24,NVDA,24h,0,0.0,0.0,0.0,[],[]
2022-06-27T15:45:00-04:00,2022-06-27,NVDA,24h,0,0.0,0.0,0.0,[],[]
2022-06-28T15:45:00-04:00,2022-06-28,NVDA,24h,0,0.0,0.0,0.0,[],[]
2022-06-29T15:45:00-04:00,2022-06-29,NVDA,24h,0,0.0,0.0,0.0,[],[]
2022-06-30T15:45:00-04:00,2022-06-30,NVDA,24h,0,0.0,0.0,0.0,[],[]
2022-07-01T15:45:00-04:00,2022-07-01,NVDA,24h,0,0.0,0.0,0.0,[],[]
2022-07-04T15:45:00-04:00,2022-07-04,NVDA,24h,0,0.0,0.0,0.0,[],[]
2022-07-05T15:45:00-04:00,2022-07-05,NVDA,24h,0,0.0,0.0,0.0,[],[]
2022-07-06T15:45:00-04:00,2022-07-06,NVDA,24h,0,0.0,0.0,0.0,[],[]
2022-07-07T15:45:00-04:00,2022-07-07,NVDA,24h,0,0.0,0.0,0.0,[],[]
2022-07-08T15:45:00-04:00,2022-07-08,NVDA,24h,0,0.0,0.0,0.0,[],[]
2022-07-11T15:45:00-04:00,2022-07-11,NVDA,24h,0,0.0,0.0,0.0,[],[]
2022-07-12T15:45:00-04:00,2022-07-12,NVDA,24h,0,0.0,0.0,0.0,[],[]
2022-07-13T15:45:00-04:00,2022-07-13,NVDA,24h,0,0.0,0.0,0.0,[],[]
2022-07-14T15:45:00-04:00,2022-07-14,NVDA,24h,0,0.0,0.0,0.0,[],[]
2022-07-15T15:45:00-04:00,2022-07-15,NVDA,24h,0,0.0,0.0,0.0,[],[]
2022-07-18T15:45:00-04:00,2022-07-18,NVDA,24h,0,0.0,0.0,0.0,[],[]
2022-07-19T15:45:00-04:00,2022-07-19,NVDA,24h,0,0.0,0.0,0.0,[],[]
2022-07-20T15:45:00-04:00,2022-07-20,NVDA,24h,0,0.0,0.0,0.0,[],[]
2022-07-21T15:45:00-04:00,2022-07-21,NVDA,24h,0,0.0,0.0,0.0,[],[]
2022-07-22T15:45:00-04:00,2022-07-22,NVDA,24h,0,0.0,0.0,0.0,[],[]
2022-07-25T15:45:00-04:00,2022-07-25,NVDA,24h,0,0.0,0.0,0.0,[],[]
2022-07-26T15:45:00-04:00,2022-07-26,NVDA,24h,0,0.0,0.0,0.0,[],[]
2022-07-27T15:45:00-04:00,2022-07-27,NVDA,24h,0,0.0,0.0,0.0,[],[]
2022-07-28T15:45:00-04:00,2022-07-28,NVDA,24h,0,0.0,0.0,0.0,[],[]
2022-07-29T15:45:00-04:00,2022-07-29,NVDA,24h,0,0.0,0.0,0.0,[],[]
2022-08-01T15:45:00-04:00,2022-08-01,NVDA,24h,0,0.0,0.0,0.0,[],[]
2022-08-02T15:45:00-04:00,2022-08-02,NVDA,24h,0,0.0,0.0,0.0,[],[]
2022-08-03T15:45:00-04:00,2022-08-03,NVDA,24h,0,0.0,0.0,0.0,[],[]
2022-08-04T15:45:00-04:00,2022-08-04,NVDA,24h,0,0.0,0.0,0.0,[],[]
2022-08-05T15:45:00-04:00,2022-08-05,NVDA,24h,0,0.0,0.0,0.0,[],[]
2022-08-08T15:45:00-04:00,2022-08-08,NVDA,24h,0,0.0,0.0,0.0,[],[]
2022-08-09T15:45:00-04:00,2022-08-09,NVDA,24h,0,0.0,0.0,0.0,[],[]
2022-08-10T15:45:00-04:00,2022-08-10,NVDA,24h,0,0.0,0.0,0.0,[],[]
2022-08-11T15:45:00-04:00,2022-08-11,NVDA,24h,0,0.0,0.0,0.0,[],[]
2022-08-12T15:45:00-04:00,2022-08-12,NVDA,24h,0,0.0,0.0,0.0,[],[]
2022-08-15T15:45:00-04:00,2022-08-15,NVDA,24h,0,0.0,0.0,0.0,[],[]
2022-08-16T15:45:00-04:00,2022-08-16,NVDA,24h,0,0.0,0.0,0.0,[],[]
2022-08-17T15:45:00-04:00,2022-08-17,NVDA,24h,0,0.0,0.0,0.0,[],[]
2022-08-18T15:45:00-04:00,2022-08-18,NVDA,24h,0,0.0,0.0,0.0,[],[]
2022-08-19T15:45:00-04:00,2022-08-19,NVDA,24h,0,0.0,0.0,0.0,[],[]
2022-08-22T15:45:00-04:00,2022-08-22,NVDA,24h,0,0.0,0.0,0.0,[],[]
2022-08-23T15:45:00-04:00,2022-08-23,NVDA,24h,0,0.0,0.0,0.0,[],[]
2022-08-24T15:45:00-04:00,2022-08-24,NVDA,24h,0,0.0,0.0,0.0,[],[]
2022-08-25T15:45:00-04:00,2022-08-25,NVDA,24h,0,0.0,0.0,0.0,[],[]
2022-08-26T15:45:00-04:00,2022-08-26,NVDA,24h,0,0.0,0.0,0.0,[],[]
2022-08-29T15:45:00-04:00,2022-08-29,NVDA,24h,0,0.0,0.0,0.0,[],[]
2022-08-30T15:45:00-04:00,2022-08-30,NVDA,24h,0,0.0,0.0,0.0,[],[]
2022-08-31T15:45:00-04:00,2022-08-31,NVDA,24h,0,0.0,0.0,0.0,[],[]
2022-09-01T15:45:00-04:00,2022-09-01,NVDA,24h,1,0.0,0.0,0.0,"[""litigation""]","[""sec_edgar""]"
2022-09-02T15:45:00-04:00,2022-09-02,NVDA,24h,0,0.0,0.0,0.0,[],[]
2022-09-05T15:45:00-04:00,2022-09-05,NVDA,24h,0,0.0,0.0,0.0,[],[]
2022-09-06T15:45:00-04:00,2022-09-06,NVDA,24h,0,0.0,0.0,0.0,[],[]
2022-09-07T15:45:00-04:00,2022-09-07,NVDA,24h,0,0.0,0.0,0.0,[],[]
2022-09-08T15:45:00-04:00,2022-09-08,NVDA,24h,0,0.0,0.0,0.0,[],[]
2022-09-09T15:45:00-04:00,2022-09-09,NVDA,24h,0,0.0,0.0,0.0,[],[]
2022-09-12T15:45:00-04:00,2022-09-12,NVDA,24h,0,0.0,0.0,0.0,[],[]
2022-09-13T15:45:00-04:00,2022-09-13,NVDA,24h,0,0.0,0.0,0.0,[],[]
2022-09-14T15:45:00-04:00,2022-09-14,NVDA,24h,0,0.0,0.0,0.0,[],[]
2022-09-15T15:45:00-04:00,2022-09-15,NVDA,24h,0,0.0,0.0,0.0,[],[]
2022-09-16T15:45:00-04:00,2022-09-16,NVDA,24h,0,0.0,0.0,0.0,[],[]
2022-09-19T15:45:00-04:00,2022-09-19,NVDA,24h,0,0.0,0.0,0.0,[],[]
2022-09-20T15:45:00-04:00,2022-09-20,NVDA,24h,0,0.0,0.0,0.0,[],[]
2022-09-21T15:45:00-04:00,2022-09-21,NVDA,24h,0,0.0,0.0,0.0,[],[]
2022-09-22T15:45:00-04:00,2022-09-22,NVDA,24h,0,0.0,0.0,0.0,[],[]
2022-09-23T15:45:00-04:00,2022-09-23,NVDA,24h,0,0.0,0.0,0.0,[],[]
2022-09-26T15:45:00-04:00,2022-09-26,NVDA,24h,0,0.0,0.0,0.0,[],[]
2022-09-27T15:45:00-04:00,2022-09-27,NVDA,24h,0,0.0,0.0,0.0,[],[]
2022-09-28T15:45:00-04:00,2022-09-28,NVDA,24h,0,0.0,0.0,0.0,[],[]
2022-09-29T15:45:00-04:00,2022-09-29,NVDA,24h,0,0.0,0.0,0.0,[],[]
2022-09-30T15:45:00-04:00,2022-09-30,NVDA,24h,0,0.0,0.0,0.0,[],[]
2022-10-03T15:45:00-04:00,2022-10-03,NVDA,24h,0,0.0,0.0,0.0,[],[]
2022-10-04T15:45:00-04:00,2022-10-04,NVDA,24h,0,0.0,0.0,0.0,[],[]
2022-10-05T15:45:00-04:00,2022-10-05,NVDA,24h,0,0.0,0.0,0.0,[],[]
2022-10-06T15:45:00-04:00,2022-10-06,NVDA,24h,0,0.0,0.0,0.0,[],[]
2022-10-07T15:45:00-04:00,2022-10-07,NVDA,24h,0,0.0,0.0,0.0,[],[]
2022-10-10T15:45:00-04:00,2022-10-10,NVDA,24h,0,0.0,0.0,0.0,[],[]
2022-10-11T15:45:00-04:00,2022-10-11,NVDA,24h,0,0.0,0.0,0.0,[],[]
2022-10-12T15:45:00-04:00,2022-10-12,NVDA,24h,0,0.0,0.0,0.0,[],[]
2022-10-13T15:45:00-04:00,2022-10-13,NVDA,24h,0,0.0,0.0,0.0,[],[]
2022-10-14T15:45:00-04:00,2022-10-14,NVDA,24h,0,0.0,0.0,0.0,[],[]
2022-10-17T15:45:00-04:00,2022-10-17,NVDA,24h,0,0.0,0.0,0.0,[],[]
2022-10-18T15:45:00-04:00,2022-10-18,NVDA,24h,0,0.0,0.0,0.0,[],[]
2022-10-19T15:45:00-04:00,2022-10-19,NVDA,24h,0,0.0,0.0,0.0,[],[]
2022-10-20T15:45:00-04:00,2022-10-20,NVDA,24h,0,0.0,0.0,0.0,[],[]
2022-10-21T15:45:00-04:00,2022-10-21,NVDA,24h,0,0.0,0.0,0.0,[],[]
2022-10-24T15:45:00-04:00,2022-10-24,NVDA,24h,0,0.0,0.0,0.0,[],[]
2022-10-25T15:45:00-04:00,2022-10-25,NVDA,24h,0,0.0,0.0,0.0,[],[]
2022-10-26T15:45:00-04:00,2022-10-26,NVDA,24h,0,0.0,0.0,0.0,[],[]
2022-10-27T15:45:00-04:00,2022-10-27,NVDA,24h,0,0.0,0.0,0.0,[],[]
2022-10-28T15:45:00-04:00,2022-10-28,NVDA,24h,0,0.0,0.0,0.0,[],[]
2022-10-31T15:45:00-04:00,2022-10-31,NVDA,24h,0,0.0,0.0,0.0,[],[]
2022-11-01T15:45:00-04:00,2022-11-01,NVDA,24h,0,0.0,0.0,0.0,[],[]
2022-11-02T15:45:00-04:00,2022-11-02,NVDA,24h,0,0.0,0.0,0.0,[],[]
2022-11-03T15:45:00-04:00,2022-11-03,NVDA,24h,0,0.0,0.0,0.0,[],[]
2022-11-04T15:45:00-04:00,2022-11-04,NVDA,24h,0,0.0,0.0,0.0,[],[]
2022-11-07T15:45:00-05:00,2022-11-07,NVDA,24h,0,0.0,0.0,0.0,[],[]
2022-11-08T15:45:00-05:00,2022-11-08,NVDA,24h,0,0.0,0.0,0.0,[],[]
2022-11-09T15:45:00-05:00,2022-11-09,NVDA,24h,0,0.0,0.0,0.0,[],[]
2022-11-10T15:45:00-05:00,2022-11-10,NVDA,24h,0,0.0,0.0,0.0,[],[]
2022-11-11T15:45:00-05:00,2022-11-11,NVDA,24h,0,0.0,0.0,0.0,[],[]
2022-11-14T15:45:00-05:00,2022-11-14,NVDA,24h,0,0.0,0.0,0.0,[],[]
2022-11-15T15:45:00-05:00,2022-11-15,NVDA,24h,0,0.0,0.0,0.0,[],[]
2022-11-16T15:45:00-05:00,2022-11-16,NVDA,24h,0,0.0,0.0,0.0,[],[]
2022-11-17T15:45:00-05:00,2022-11-17,NVDA,24h,1,0.0,0.0,0.0,"[""earnings"", ""litigation""]","[""sec_edgar""]"
2022-11-18T15:45:00-05:00,2022-11-18,NVDA,24h,0,0.0,0.0,0.0,[],[]
2022-11-21T15:45:00-05:00,2022-11-21,NVDA,24h,0,0.0,0.0,0.0,[],[]
2022-11-22T15:45:00-05:00,2022-11-22,NVDA,24h,0,0.0,0.0,0.0,[],[]
2022-11-23T15:45:00-05:00,2022-11-23,NVDA,24h,0,0.0,0.0,0.0,[],[]
2022-11-24T15:45:00-05:00,2022-11-24,NVDA,24h,0,0.0,0.0,0.0,[],[]
2022-11-25T15:45:00-05:00,2022-11-25,NVDA,24h,0,0.0,0.0,0.0,[],[]
2022-11-28T15:45:00-05:00,2022-11-28,NVDA,24h,0,0.0,0.0,0.0,[],[]
2022-11-29T15:45:00-05:00,2022-11-29,NVDA,24h,0,0.0,0.0,0.0,[],[]
2022-11-30T15:45:00-05:00,2022-11-30,NVDA,24h,0,0.0,0.0,0.0,[],[]
2022-12-01T15:45:00-05:00,2022-12-01,NVDA,24h,0,0.0,0.0,0.0,[],[]
2022-12-02T15:45:00-05:00,2022-12-02,NVDA,24h,0,0.0,0.0,0.0,[],[]
2022-12-05T15:45:00-05:00,2022-12-05,NVDA,24h,0,0.0,0.0,0.0,[],[]
2022-12-06T15:45:00-05:00,2022-12-06,NVDA,24h,0,0.0,0.0,0.0,[],[]
2022-12-07T15:45:00-05:00,2022-12-07,NVDA,24h,0,0.0,0.0,0.0,[],[]
2022-12-08T15:45:00-05:00,2022-12-08,NVDA,24h,0,0.0,0.0,0.0,[],[]
2022-12-09T15:45:00-05:00,2022-12-09,NVDA,24h,0,0.0,0.0,0.0,[],[]
2022-12-12T15:45:00-05:00,2022-12-12,NVDA,24h,0,0.0,0.0,0.0,[],[]
2022-12-13T15:45:00-05:00,2022-12-13,NVDA,24h,0,0.0,0.0,0.0,[],[]
2022-12-14T15:45:00-05:00,2022-12-14,NVDA,24h,0,0.0,0.0,0.0,[],[]
2022-12-15T15:45:00-05:00,2022-12-15,NVDA,24h,0,0.0,0.0,0.0,[],[]
2022-12-16T15:45:00-05:00,2022-12-16,NVDA,24h,0,0.0,0.0,0.0,[],[]
2022-12-19T15:45:00-05:00,2022-12-19,NVDA,24h,0,0.0,0.0,0.0,[],[]
2022-12-20T15:45:00-05:00,2022-12-20,NVDA,24h,0,0.0,0.0,0.0,[],[]
2022-12-21T15:45:00-05:00,2022-12-21,NVDA,24h,0,0.0,0.0,0.0,[],[]
2022-12-22T15:45:00-05:00,2022-12-22,NVDA,24h,0,0.0,0.0,0.0,[],[]
2022-12-23T15:45:00-05:00,2022-12-23,NVDA,24h,0,0.0,0.0,0.0,[],[]
2022-12-26T15:45:00-05:00,2022-12-26,NVDA,24h,0,0.0,0.0,0.0,[],[]
2022-12-27T15:45:00-05:00,2022-12-27,NVDA,24h,0,0.0,0.0,0.0,[],[]
2022-12-28T15:45:00-05:00,2022-12-28,NVDA,24h,0,0.0,0.0,0.0,[],[]
2022-12-29T15:45:00-05:00,2022-12-29,NVDA,24h,0,0.0,0.0,0.0,[],[]
2022-12-30T15:45:00-05:00,2022-12-30,NVDA,24h,0,0.0,0.0,0.0,[],[]
2020-01-01T15:45:00-05:00,2020-01-01,AMZN,24h,1,0.9552,0.9552,0.0,"[""earnings"", ""guidance""]","[""benzinga""]"
2020-01-02T15:45:00-05:00,2020-01-02,AMZN,24h,0,0.0,0.0,0.0,[],[]
2020-01-03T15:45:00-05:00,2020-01-03,AMZN,24h,0,0.0,0.0,0.0,[],[]
2020-01-06T15:45:00-05:00,2020-01-06,AMZN,24h,0,0.0,0.0,0.0,[],[]
2020-01-07T15:45:00-05:00,2020-01-07,AMZN,24h,0,0.0,0.0,0.0,[],[]
2020-01-08T15:45:00-05:00,2020-01-08,AMZN,24h,0,0.0,0.0,0.0,[],[]
2020-01-09T15:45:00-05:00,2020-01-09,AMZN,24h,1,0.0,0.0,0.0,[],"[""reuters""]"
2020-01-10T15:45:00-05:00,2020-01-10,AMZN,24h,0,0.0,0.0,0.0,[],[]
2020-01-13T15:45:00-05:00,2020-01-13,AMZN,24h,1,0.837,0.837,0.0,[],"[""benzinga""]"
2020-01-14T15:45:00-05:00,2020-01-14,AMZN,24h,0,0.0,0.0,0.0,[],[]
2020-01-15T15:45:00-05:00,2020-01-15,AMZN,24h,0,0.0,0.0,0.0,[],[]
2020-01-16T15:45:00-05:00,2020-01-16,AMZN,24h,0,0.0,0.0,0.0,[],[]
2020-01-17T15:45:00-05:00,2020-01-17,AMZN,24h,1,0.9126,0.9126,0.0,[],"[""businesswire""]"
2020-01-20T15:45:00-05:00,2020-01-20,AMZN,24h,0,0.0,0.0,0.0,[],[]
2020-01-21T15:45:00-05:00,2020-01-21,AMZN,24h,0,0.0,0.0,0.0,[],[]
2020-01-22T15:45:00-05:00,2020-01-22,AMZN,24h,0,0.0,0.0,0.0,[],[]
2020-01-23T15:45:00-05:00,2020-01-23,AMZN,24h,0,0.0,0.0,0.0,[],[]
2020-01-24T15:45:00-05:00,2020-01-24,AMZN,24h,0,0.0,0.0,0.0,[],[]
2020-01-27T15:45:00-05:00,2020-01-27,AMZN,24h,0,0.0,0.0,0.0,[],[]
2020-01-28T15:45:00-05:00,2020-01-28,AMZN,24h,0,0.0,0.0,0.0,[],[]
2020-01-29T15:45:00-05:00,2020-01-29,AMZN,24h,0,0.0,0.0,0.0,[],[]
2020-01-30T15:45:00-05:00,2020-01-30,AMZN,24h,0,0.0,0.0,0.0,[],[]
2020-01-31T15:45:00-05:00,2020-01-31,AMZN,24h,0,0.0,0.0,0.0,[],[]
2020-02-03T15:45:00-05:00,2020-02-03,AMZN,24h,0,0.0,0.0,0.0,[],[]
2020-02-04T15:45:00-05:00,2020-02-04,AMZN,24h,0,0.0,0.0,0.0,[],[]
2020-02-05T15:45:00-05:00,2020-02-05,AMZN,24h,0,0.0,0.0,0.0,[],[]
2020-02-06T15:45:00-05:00,2020-02-06,AMZN,24h,0,0.0,0.0,0.0,[],[]
2020-02-07T15:45:00-05:00,2020-02-07,AMZN,24h,0,0.0,0.0,0.0,[],[]
2020-02-10T15:45:00-05:00,2020-02-10,AMZN,24h,0,0.0,0.0,0.0,[],[]
2020-02-11T15:45:00-05:00,2020-02-11,AMZN,24h,0,0.0,0.0,0.0,[],[]
2020-02-12T15:45:00-05:00,2020-02-12,AMZN,24h,0,0.0,0.0,0.0,[],[]
2020-02-13T15:45:00-05:00,2020-02-13,AMZN,24h,0,0.0,0.0,0.0,[],[]
2020-02-14T15:45:00-05:00,2020-02-14,AMZN,24h,1,0.909,0.909,0.0,"[""earnings"", ""guidance""]","[""reuters""]"
2020-02-17T15:45:00-05:00,2020-02-17,AMZN,24h,0,0.0,0.0,0.0,[],[]
2020-02-18T15:45:00-05:00,2020-02-18,AMZN,24h,0,0.0,0.0,0.0,[],[]
2020-02-19T15:45:00-05:00,2020-02-19,AMZN,24h,0,0.0,0.0,0.0,[],[]
2020-02-20T15:45:00-05:00,2020-02-20,AMZN,24h,0,0.0,0.0,0.0,[],[]
2020-02-21T15:45:00-05:00,2020-02-21,AMZN,24h,0,0.0,0.0,0.0,[],[]
2020-02-24T15:45:00-05:00,2020-02-24,AMZN,24h,0,0.0,0.0,0.0,[],[]
2020-02-25T15:45:00-05:00,2020-02-25,AMZN,24h,0,0.0,0.0,0.0,[],[]
2020-02-26T15:45:00-05:00,2020-02-26,AMZN,24h,0,0.0,0.0,0.0,[],[]
2020-02-27T15:45:00-05:00,2020-02-27,AMZN,24h,0,0.0,0.0,0.0,[],[]
2020-02-28T15:45:00-05:00,2020-02-28,AMZN,24h,0,0.0,0.0,0.0,[],[]
2020-03-02T15:45:00-05:00,2020-03-02,AMZN,24h,0,0.0,0.0,0.0,[],[]
2020-03-03T15:45:00-05:00,2020-03-03,AMZN,24h,0,0.0,0.0,0.0,[],[]
2020-03-04T15:45:00-05:00,2020-03-04,AMZN,24h,0,0.0,0.0,0.0,[],[]
2020-03-05T15:45:00-05:00,2020-03-05,AMZN,24h,0,0.0,0.0,0.0,[],[]
2020-03-06T15:45:00-05:00,2020-03-06,AMZN,24h,0,0.0,0.0,0.0,[],[]
2020-03-09T15:45:00-04:00,2020-03-09,AMZN,24h,0,0.0,0.0,0.0,[],[]
2020-03-10T15:45:00-04:00,2020-03-10,AMZN,24h,0,0.0,0.0,0.0,[],[]
2020-03-11T15:45:00-04:00,2020-03-11,AMZN,24h,0,0.0,0.0,0.0,[],[]
2020-03-12T15:45:00-04:00,2020-03-12,AMZN,24h,0,0.0,0.0,0.0,[],[]
2020-03-13T15:45:00-04:00,2020-03-13,AMZN,24h,0,0.0,0.0,0.0,[],[]
2020-03-16T15:45:00-04:00,2020-03-16,AMZN,24h,0,0.0,0.0,0.0,[],[]
2020-03-17T15:45:00-04:00,2020-03-17,AMZN,24h,0,0.0,0.0,0.0,[],[]
2020-03-18T15:45:00-04:00,2020-03-18,AMZN,24h,0,0.0,0.0,0.0,[],[]
2020-03-19T15:45:00-04:00,2020-03-19,AMZN,24h,0,0.0,0.0,0.0,[],[]
2020-03-20T15:45:00-04:00,2020-03-20,AMZN,24h,0,0.0,0.0,0.0,[],[]
2020-03-23T15:45:00-04:00,2020-03-23,AMZN,24h,0,0.0,0.0,0.0,[],[]
2020-03-24T15:45:00-04:00,2020-03-24,AMZN,24h,0,0.0,0.0,0.0,[],[]
2020-03-25T15:45:00-04:00,2020-03-25,AMZN,24h,0,0.0,0.0,0.0,[],[]
2020-03-26T15:45:00-04:00,2020-03-26,AMZN,24h,0,0.0,0.0,0.0,[],[]
2020-03-27T15:45:00-04:00,2020-03-27,AMZN,24h,0,0.0,0.0,0.0,[],[]
2020-03-30T15:45:00-04:00,2020-03-30,AMZN,24h,0,0.0,0.0,0.0,[],[]
2020-03-31T15:45:00-04:00,2020-03-31,AMZN,24h,0,0.0,0.0,0.0,[],[]
2020-04-01T15:45:00-04:00,2020-04-01,AMZN,24h,0,0.0,0.0,0.0,[],[]
2020-04-02T15:45:00-04:00,2020-04-02,AMZN,24h,0,0.0,0.0,0.0,[],[]
2020-04-03T15:45:00-04:00,2020-04-03,AMZN,24h,0,0.0,0.0,0.0,[],[]
2020-04-06T15:45:00-04:00,2020-04-06,AMZN,24h,0,0.0,0.0,0.0,[],[]
2020-04-07T15:45:00-04:00,2020-04-07,AMZN,24h,0,0.0,0.0,0.0,[],[]
2020-04-08T15:45:00-04:00,2020-04-08,AMZN,24h,0,0.0,0.0,0.0,[],[]
2020-04-09T15:45:00-04:00,2020-04-09,AMZN,24h,0,0.0,0.0,0.0,[],[]
2020-04-10T15:45:00-04:00,2020-04-10,AMZN,24h,0,0.0,0.0,0.0,[],[]
2020-04-13T15:45:00-04:00,2020-04-13,AMZN,24h,0,0.0,0.0,0.0,[],[]
2020-04-14T15:45:00-04:00,2020-04-14,AMZN,24h,0,0.0,0.0,0.0,[],[]
2020-04-15T15:45:00-04:00,2020-04-15,AMZN,24h,0,0.0,0.0,0.0,[],[]
2020-04-16T15:45:00-04:00,2020-04-16,AMZN,24h,0,0.0,0.0,0.0,[],[]
2020-04-17T15:45:00-04:00,2020-04-17,AMZN,24h,0,0.0,0.0,0.0,[],[]
2020-04-20T15:45:00-04:00,2020-04-20,AMZN,24h,0,0.0,0.0,0.0,[],[]
2020-04-21T15:45:00-04:00,2020-04-21,AMZN,24h,0,0.0,0.0,0.0,[],[]
2020-04-22T15:45:00-04:00,2020-04-22,AMZN,24h,0,0.0,0.0,0.0,[],[]
2020-04-23T15:45:00-04:00,2020-04-23,AMZN,24h,0,0.0,0.0,0.0,[],[]
2020-04-24T15:45:00-04:00,2020-04-24,AMZN,24h,0,0.0,0.0,0.0,[],[]
2020-04-27T15:45:00-04:00,2020-04-27,AMZN,24h,0,0.0,0.0,0.0,[],[]
2020-04-28T15:45:00-04:00,2020-04-28,AMZN,24h,0,0.0,0.0,0.0,[],[]
2020-04-29T15:45:00-04:00,2020-04-29,AMZN,24h,0,0.0,0.0,0.0,[],[]
2020-04-30T15:45:00-04:00,2020-04-30,AMZN,24h,0,0.0,0.0,0.0,[],[]
2020-05-01T15:45:00-04:00,2020-05-01,AMZN,24h,0,0.0,0.0,0.0,[],[]
2020-05-04T15:45:00-04:00,2020-05-04,AMZN,24h,0,0.0,0.0,0.0,[],[]
2020-05-05T15:45:00-04:00,2020-05-05,AMZN,24h,0,0.0,0.0,0.0,[],[]
2020-05-06T15:45:00-04:00,2020-05-06,AMZN,24h,0,0.0,0.0,0.0,[],[]
2020-05-07T15:45:00-04:00,2020-05-07,AMZN,24h,0,0.0,0.0,0.0,[],[]
2020-05-08T15:45:00-04:00,2020-05-08,AMZN,24h,0,0.0,0.0,0.0,[],[]
2020-05-11T15:45:00-04:00,2020-05-11,AMZN,24h,0,0.0,0.0,0.0,[],[]
2020-05-12T15:45:00-04:00,2020-05-12,AMZN,24h,0,0.0,0.0,0.0,[],[]
2020-05-13T15:45:00-04:00,2020-05-13,AMZN,24h,0,0.0,0.0,0.0,[],[]
2020-05-14T15:45:00-04:00,2020-05-14,AMZN,24h,0,0.0,0.0,0.0,[],[]
2020-05-15T15:45:00-04:00,2020-05-15,AMZN,24h,0,0.0,0.0,0.0,[],[]
2020-05-18T15:45:00-04:00,2020-05-18,AMZN,24h,0,0.0,0.0,0.0,[],[]
2020-05-19T15:45:00-04:00,2020-05-19,AMZN,24h,0,0.0,0.0,0.0,[],[]
2020-05-20T15:45:00-04:00,2020-05-20,AMZN,24h,0,0.0,0.0,0.0,[],[]
2020-05-21T15:45:00-04:00,2020-05-21,AMZN,24h,0,0.0,0.0,0.0,[],[]
2020-05-22T15:45:00-04:00,2020-05-22,AMZN,24h,0,0.0,0.0,0.0,[],[]
2020-05-25T15:45:00-04:00,2020-05-25,AMZN,24h,0,0.0,0.0,0.0,[],[]
2020-05-26T15:45:00-04:00,2020-05-26,AMZN,24h,0,0.0,0.0,0.0,[],[]
2020-05-27T15:45:00-04:00,2020-05-27,AMZN,24h,0,0.0,0.0,0.0,[],[]
2020-05-28T15:45:00-04:00,2020-05-28,AMZN,24h,0,0.0,0.0,0.0,[],[]
2020-05-29T15:45:00-04:00,2020-05-29,AMZN,24h,0,0.0,0.0,0.0,[],[]
2020-06-01T15:45:00-04:00,2020-06-01,AMZN,24h,0,0.0,0.0,0.0,[],[]
2020-06-02T15:45:00-04:00,2020-06-02,AMZN,24h,0,0.0,0.0,0.0,[],[]
2020-06-03T15:45:00-04:00,2020-06-03,AMZN,24h,0,0.0,0.0,0.0,[],[]
2020-06-04T15:45:00-04:00,2020-06-04,AMZN,24h,0,0.0,0.0,0.0,[],[]
2020-06-05T15:45:00-04:00,2020-06-05,AMZN,24h,0,0.0,0.0,0.0,[],[]
2020-06-08T15:45:00-04:00,2020-06-08,AMZN,24h,0,0.0,0.0,0.0,[],[]
2020-06-09T15:45:00-04:00,2020-06-09,AMZN,24h,0,0.0,0.0,0.0,[],[]
2020-06-10T15:45:00-04:00,2020-06-10,AMZN,24h,0,0.0,0.0,0.0,[],[]
2020-06-11T15:45:00-04:00,2020-06-11,AMZN,24h,0,0.0,0.0,0.0,[],[]
2020-06-12T15:45:00-04:00,2020-06-12,AMZN,24h,0,0.0,0.0,0.0,[],[]
2020-06-15T15:45:00-04:00,2020-06-15,AMZN,24h,0,0.0,0.0,0.0,[],[]
2020-06-16T15:45:00-04:00,2020-06-16,AMZN,24h,0,0.0,0.0,0.0,[],[]
2020-06-17T15:45:00-04:00,2020-06-17,AMZN,24h,0,0.0,0.0,0.0,[],[]
2020-06-18T15:45:00-04:00,2020-06-18,AMZN,24h,0,0.0,0.0,0.0,[],[]
2020-06-19T15:45:00-04:00,2020-06-19,AMZN,24h,0,0.0,0.0,0.0,[],[]
2020-06-22T15:45:00-04:00,2020-06-22,AMZN,24h,0,0.0,0.0,0.0,[],[]
2020-06-23T15:45:00-04:00,2020-06-23,AMZN,24h,0,0.0,0.0,0.0,[],[]
2020-06-24T15:45:00-04:00,2020-06-24,AMZN,24h,0,0.0,0.0,0.0,[],[]
2020-06-25T15:45:00-04:00,2020-06-25,AMZN,24h,0,0.0,0.0,0.0,[],[]
2020-06-26T15:45:00-04:00,2020-06-26,AMZN,24h,0,0.0,0.0,0.0,[],[]
2020-06-29T15:45:00-04:00,2020-06-29,AMZN,24h,0,0.0,0.0,0.0,[],[]
2020-06-30T15:45:00-04:00,2020-06-30,AMZN,24h,0,0.0,0.0,0.0,[],[]
2020-07-01T15:45:00-04:00,2020-07-01,AMZN,24h,0,0.0,0.0,0.0,[],[]
2020-07-02T15:45:00-04:00,2020-07-02,AMZN,24h,0,0.0,0.0,0.0,[],[]
2020-07-03T15:45:00-04:00,2020-07-03,AMZN,24h,0,0.0,0.0,0.0,[],[]
2020-07-06T15:45:00-04:00,2020-07-06,AMZN,24h,0,0.0,0.0,0.0,[],[]
2020-07-07T15:45:00-04:00,2020-07-07,AMZN,24h,0,0.0,0.0,0.0,[],[]
2020-07-08T15:45:00-04:00,2020-07-08,AMZN,24h,0,0.0,0.0,0.0,[],[]
2020-07-09T15:45:00-04:00,2020-07-09,AMZN,24h,0,0.0,0.0,0.0,[],[]
2020-07-10T15:45:00-04:00,2020-07-10,AMZN,24h,0,0.0,0.0,0.0,[],[]
2020-07-13T15:45:00-04:00,2020-07-13,AMZN,24h,0,0.0,0.0,0.0,[],[]
2020-07-14T15:45:00-04:00,2020-07-14,AMZN,24h,0,0.0,0.0,0.0,[],[]
2020-07-15T15:45:00-04:00,2020-07-15,AMZN,24h,0,0.0,0.0,0.0,[],[]
2020-07-16T15:45:00-04:00,2020-07-16,AMZN,24h,0,0.0,0.0,0.0,[],[]
2020-07-17T15:45:00-04:00,2020-07-17,AMZN,24h,0,0.0,0.0,0.0,[],[]
2020-07-20T15:45:00-04:00,2020-07-20,AMZN,24h,0,0.0,0.0,0.0,[],[]
2020-07-21T15:45:00-04:00,2020-07-21,AMZN,24h,0,0.0,0.0,0.0,[],[]
2020-07-22T15:45:00-04:00,2020-07-22,AMZN,24h,0,0.0,0.0,0.0,[],[]
2020-07-23T15:45:00-04:00,2020-07-23,AMZN,24h,0,0.0,0.0,0.0,[],[]
2020-07-24T15:45:00-04:00,2020-07-24,AMZN,24h,0,0.0,0.0,0.0,[],[]
2020-07-27T15:45:00-04:00,2020-07-27,AMZN,24h,0,0.0,0.0,0.0,[],[]
2020-07-28T15:45:00-04:00,2020-07-28,AMZN,24h,0,0.0,0.0,0.0,[],[]
2020-07-29T15:45:00-04:00,2020-07-29,AMZN,24h,0,0.0,0.0,0.0,[],[]
2020-07-30T15:45:00-04:00,2020-07-30,AMZN,24h,0,0.0,0.0,0.0,[],[]
2020-07-31T15:45:00-04:00,2020-07-31,AMZN,24h,0,0.0,0.0,0.0,[],[]
2020-08-03T15:45:00-04:00,2020-08-03,AMZN,24h,0,0.0,0.0,0.0,[],[]
2020-08-04T15:45:00-04:00,2020-08-04,AMZN,24h,0,0.0,0.0,0.0,[],[]
2020-08-05T15:45:00-04:00,2020-08-05,AMZN,24h,0,0.0,0.0,0.0,[],[]
2020-08-06T15:45:00-04:00,2020-08-06,AMZN,24h,0,0.0,0.0,0.0,[],[]
2020-08-07T15:45:00-04:00,2020-08-07,AMZN,24h,0,0.0,0.0,0.0,[],[]
2020-08-10T15:45:00-04:00,2020-08-10,AMZN,24h,0,0.0,0.0,0.0,[],[]
2020-08-11T15:45:00-04:00,2020-08-11,AMZN,24h,0,0.0,0.0,0.0,[],[]
2020-08-12T15:45:00-04:00,2020-08-12,AMZN,24h,0,0.0,0.0,0.0,[],[]
2020-08-13T15:45:00-04:00,2020-08-13,AMZN,24h,0,0.0,0.0,0.0,[],[]
2020-08-14T15:45:00-04:00,2020-08-14,AMZN,24h,0,0.0,0.0,0.0,[],[]
2020-08-17T15:45:00-04:00,2020-08-17,AMZN,24h,0,0.0,0.0,0.0,[],[]
2020-08-18T15:45:00-04:00,2020-08-18,AMZN,24h,0,0.0,0.0,0.0,[],[]
2020-08-19T15:45:00-04:00,2020-08-19,AMZN,24h,0,0.0,0.0,0.0,[],[]
2020-08-20T15:45:00-04:00,2020-08-20,AMZN,24h,0,0.0,0.0,0.0,[],[]
2020-08-21T15:45:00-04:00,2020-08-21,AMZN,24h,0,0.0,0.0,0.0,[],[]
2020-08-24T15:45:00-04:00,2020-08-24,AMZN,24h,0,0.0,0.0,0.0,[],[]
2020-08-25T15:45:00-04:00,2020-08-25,AMZN,24h,0,0.0,0.0,0.0,[],[]
2020-08-26T15:45:00-04:00,2020-08-26,AMZN,24h,0,0.0,0.0,0.0,[],[]
2020-08-27T15:45:00-04:00,2020-08-27,AMZN,24h,0,0.0,0.0,0.0,[],[]
2020-08-28T15:45:00-04:00,2020-08-28,AMZN,24h,0,0.0,0.0,0.0,[],[]
2020-08-31T15:45:00-04:00,2020-08-31,AMZN,24h,0,0.0,0.0,0.0,[],[]
2020-09-01T15:45:00-04:00,2020-09-01,AMZN,24h,0,0.0,0.0,0.0,[],[]
2020-09-02T15:45:00-04:00,2020-09-02,AMZN,24h,0,0.0,0.0,0.0,[],[]
2020-09-03T15:45:00-04:00,2020-09-03,AMZN,24h,0,0.0,0.0,0.0,[],[]
2020-09-04T15:45:00-04:00,2020-09-04,AMZN,24h,0,0.0,0.0,0.0,[],[]
2020-09-07T15:45:00-04:00,2020-09-07,AMZN,24h,0,0.0,0.0,0.0,[],[]
2020-09-08T15:45:00-04:00,2020-09-08,AMZN,24h,0,0.0,0.0,0.0,[],[]
2020-09-09T15:45:00-04:00,2020-09-09,AMZN,24h,0,0.0,0.0,0.0,[],[]
2020-09-10T15:45:00-04:00,2020-09-10,AMZN,24h,0,0.0,0.0,0.0,[],[]
2020-09-11T15:45:00-04:00,2020-09-11,AMZN,24h,0,0.0,0.0,0.0,[],[]
2020-09-14T15:45:00-04:00,2020-09-14,AMZN,24h,0,0.0,0.0,0.0,[],[]
2020-09-15T15:45:00-04:00,2020-09-15,AMZN,24h,0,0.0,0.0,0.0,[],[]
2020-09-16T15:45:00-04:00,2020-09-16,AMZN,24h,0,0.0,0.0,0.0,[],[]
2020-09-17T15:45:00-04:00,2020-09-17,AMZN,24h,0,0.0,0.0,0.0,[],[]
2020-09-18T15:45:00-04:00,2020-09-18,AMZN,24h,0,0.0,0.0,0.0,[],[]
2020-09-21T15:45:00-04:00,2020-09-21,AMZN,24h,0,0.0,0.0,0.0,[],[]
2020-09-22T15:45:00-04:00,2020-09-22,AMZN,24h,0,0.0,0.0,0.0,[],[]
2020-09-23T15:45:00-04:00,2020-09-23,AMZN,24h,0,0.0,0.0,0.0,[],[]
2020-09-24T15:45:00-04:00,2020-09-24,AMZN,24h,0,0.0,0.0,0.0,[],[]
2020-09-25T15:45:00-04:00,2020-09-25,AMZN,24h,0,0.0,0.0,0.0,[],[]
2020-09-28T15:45:00-04:00,2020-09-28,AMZN,24h,0,0.0,0.0,0.0,[],[]
2020-09-29T15:45:00-04:00,2020-09-29,AMZN,24h,0,0.0,0.0,0.0,[],[]
2020-09-30T15:45:00-04:00,2020-09-30,AMZN,24h,0,0.0,0.0,0.0,[],[]
2020-10-01T15:45:00-04:00,2020-10-01,AMZN,24h,0,0.0,0.0,0.0,[],[]
2020-10-02T15:45:00-04:00,2020-10-02,AMZN,24h,0,0.0,0.0,0.0,[],[]
2020-10-05T15:45:00-04:00,2020-10-05,AMZN,24h,0,0.0,0.0,0.0,[],[]
2020-10-06T15:45:00-04:00,2020-10-06,AMZN,24h,0,0.0,0.0,0.0,[],[]
2020-10-07T15:45:00-04:00,2020-10-07,AMZN,24h,0,0.0,0.0,0.0,[],[]
2020-10-08T15:45:00-04:00,2020-10-08,AMZN,24h,0,0.0,0.0,0.0,[],[]
2020-10-09T15:45:00-04:00,2020-10-09,AMZN,24h,0,0.0,0.0,0.0,[],[]
2020-10-12T15:45:00-04:00,2020-10-12,AMZN,24h,0,0.0,0.0,0.0,[],[]
2020-10-13T15:45:00-04:00,2020-10-13,AMZN,24h,0,0.0,0.0,0.0,[],[]
2020-10-14T15:45:00-04:00,2020-10-14,AMZN,24h,0,0.0,0.0,0.0,[],[]
2020-10-15T15:45:00-04:00,2020-10-15,AMZN,24h,0,0.0,0.0,0.0,[],[]
2020-10-16T15:45:00-04:00,2020-10-16,AMZN,24h,0,0.0,0.0,0.0,[],[]
2020-10-19T15:45:00-04:00,2020-10-19,AMZN,24h,0,0.0,0.0,0.0,[],[]
2020-10-20T15:45:00-04:00,2020-10-20,AMZN,24h,0,0.0,0.0,0.0,[],[]
2020-10-21T15:45:00-04:00,2020-10-21,AMZN,24h,0,0.0,0.0,0.0,[],[]
2020-10-22T15:45:00-04:00,2020-10-22,AMZN,24h,0,0.0,0.0,0.0,[],[]
2020-10-23T15:45:00-04:00,2020-10-23,AMZN,24h,0,0.0,0.0,0.0,[],[]
2020-10-26T15:45:00-04:00,2020-10-26,AMZN,24h,0,0.0,0.0,0.0,[],[]
2020-10-27T15:45:00-04:00,2020-10-27,AMZN,24h,0,0.0,0.0,0.0,[],[]
2020-10-28T15:45:00-04:00,2020-10-28,AMZN,24h,0,0.0,0.0,0.0,[],[]
2020-10-29T15:45:00-04:00,2020-10-29,AMZN,24h,0,0.0,0.0,0.0,[],[]
2020-10-30T15:45:00-04:00,2020-10-30,AMZN,24h,0,0.0,0.0,0.0,[],[]
2020-11-02T15:45:00-05:00,2020-11-02,AMZN,24h,0,0.0,0.0,0.0,[],[]
2020-11-03T15:45:00-05:00,2020-11-03,AMZN,24h,0,0.0,0.0,0.0,[],[]
2020-11-04T15:45:00-05:00,2020-11-04,AMZN,24h,0,0.0,0.0,0.0,[],[]
2020-11-05T15:45:00-05:00,2020-11-05,AMZN,24h,0,0.0,0.0,0.0,[],[]
2020-11-06T15:45:00-05:00,2020-11-06,AMZN,24h,0,0.0,0.0,0.0,[],[]
2020-11-09T15:45:00-05:00,2020-11-09,AMZN,24h,0,0.0,0.0,0.0,[],[]
2020-11-10T15:45:00-05:00,2020-11-10,AMZN,24h,0,0.0,0.0,0.0,[],[]
2020-11-11T15:45:00-05:00,2020-11-11,AMZN,24h,0,0.0,0.0,0.0,[],[]
2020-11-12T15:45:00-05:00,2020-11-12,AMZN,24h,0,0.0,0.0,0.0,[],[]
2020-11-13T15:45:00-05:00,2020-11-13,AMZN,24h,0,0.0,0.0,0.0,[],[]
2020-11-16T15:45:00-05:00,2020-11-16,AMZN,24h,0,0.0,0.0,0.0,[],[]
2020-11-17T15:45:00-05:00,2020-11-17,AMZN,24h,0,0.0,0.0,0.0,[],[]
2020-11-18T15:45:00-05:00,2020-11-18,AMZN,24h,0,0.0,0.0,0.0,[],[]
2020-11-19T15:45:00-05:00,2020-11-19,AMZN,24h,0,0.0,0.0,0.0,[],[]
2020-11-20T15:45:00-05:00,2020-11-20,AMZN,24h,0,0.0,0.0,0.0,[],[]
2020-11-23T15:45:00-05:00,2020-11-23,AMZN,24h,0,0.0,0.0,0.0,[],[]
2020-11-24T15:45:00-05:00,2020-11-24,AMZN,24h,0,0.0,0.0,0.0,[],[]
2020-11-25T15:45:00-05:00,2020-11-25,AMZN,24h,0,0.0,0.0,0.0,[],[]
2020-11-26T15:45:00-05:00,2020-11-26,AMZN,24h,0,0.0,0.0,0.0,[],[]
2020-11-27T15:45:00-05:00,2020-11-27,AMZN,24h,0,0.0,0.0,0.0,[],[]
2020-11-30T15:45:00-05:00,2020-11-30,AMZN,24h,0,0.0,0.0,0.0,[],[]
2020-12-01T15:45:00-05:00,2020-12-01,AMZN,24h,0,0.0,0.0,0.0,[],[]
2020-12-02T15:45:00-05:00,2020-12-02,AMZN,24h,0,0.0,0.0,0.0,[],[]
2020-12-03T15:45:00-05:00,2020-12-03,AMZN,24h,0,0.0,0.0,0.0,[],[]
2020-12-04T15:45:00-05:00,2020-12-04,AMZN,24h,0,0.0,0.0,0.0,[],[]
2020-12-07T15:45:00-05:00,2020-12-07,AMZN,24h,0,0.0,0.0,0.0,[],[]
2020-12-08T15:45:00-05:00,2020-12-08,AMZN,24h,0,0.0,0.0,0.0,[],[]
2020-12-09T15:45:00-05:00,2020-12-09,AMZN,24h,0,0.0,0.0,0.0,[],[]
2020-12-10T15:45:00-05:00,2020-12-10,AMZN,24h,0,0.0,0.0,0.0,[],[]
2020-12-11T15:45:00-05:00,2020-12-11,AMZN,24h,0,0.0,0.0,0.0,[],[]
2020-12-14T15:45:00-05:00,2020-12-14,AMZN,24h,0,0.0,0.0,0.0,[],[]
2020-12-15T15:45:00-05:00,2020-12-15,AMZN,24h,0,0.0,0.0,0.0,[],[]
2020-12-16T15:45:00-05:00,2020-12-16,AMZN,24h,0,0.0,0.0,0.0,[],[]
2020-12-17T15:45:00-05:00,2020-12-17,AMZN,24h,0,0.0,0.0,0.0,[],[]
2020-12-18T15:45:00-05:00,2020-12-18,AMZN,24h,0,0.0,0.0,0.0,[],[]
2020-12-21T15:45:00-05:00,2020-12-21,AMZN,24h,0,0.0,0.0,0.0,[],[]
2020-12-22T15:45:00-05:00,2020-12-22,AMZN,24h,0,0.0,0.0,0.0,[],[]
2020-12-23T15:45:00-05:00,2020-12-23,AMZN,24h,0,0.0,0.0,0.0,[],[]
2020-12-24T15:45:00-05:00,2020-12-24,AMZN,24h,0,0.0,0.0,0.0,[],[]
2020-12-25T15:45:00-05:00,2020-12-25,AMZN,24h,0,0.0,0.0,0.0,[],[]
2020-12-28T15:45:00-05:00,2020-12-28,AMZN,24h,0,0.0,0.0,0.0,[],[]
2020-12-29T15:45:00-05:00,2020-12-29,AMZN,24h,0,0.0,0.0,0.0,[],[]
2020-12-30T15:45:00-05:00,2020-12-30,AMZN,24h,0,0.0,0.0,0.0,[],[]
2020-12-31T15:45:00-05:00,2020-12-31,AMZN,24h,0,0.0,0.0,0.0,[],[]
2021-01-01T15:45:00-05:00,2021-01-01,AMZN,24h,0,0.0,0.0,0.0,[],[]
2021-01-04T15:45:00-05:00,2021-01-04,AMZN,24h,0,0.0,0.0,0.0,[],[]
2021-01-05T15:45:00-05:00,2021-01-05,AMZN,24h,0,0.0,0.0,0.0,[],[]
2021-01-06T15:45:00-05:00,2021-01-06,AMZN,24h,0,0.0,0.0,0.0,[],[]
2021-01-07T15:45:00-05:00,2021-01-07,AMZN,24h,0,0.0,0.0,0.0,[],[]
2021-01-08T15:45:00-05:00,2021-01-08,AMZN,24h,0,0.0,0.0,0.0,[],[]
2021-01-11T15:45:00-05:00,2021-01-11,AMZN,24h,0,0.0,0.0,0.0,[],[]
2021-01-12T15:45:00-05:00,2021-01-12,AMZN,24h,0,0.0,0.0,0.0,[],[]
2021-01-13T15:45:00-05:00,2021-01-13,AMZN,24h,0,0.0,0.0,0.0,[],[]
2021-01-14T15:45:00-05:00,2021-01-14,AMZN,24h,0,0.0,0.0,0.0,[],[]
2021-01-15T15:45:00-05:00,2021-01-15,AMZN,24h,0,0.0,0.0,0.0,[],[]
2021-01-18T15:45:00-05:00,2021-01-18,AMZN,24h,0,0.0,0.0,0.0,[],[]
2021-01-19T15:45:00-05:00,2021-01-19,AMZN,24h,0,0.0,0.0,0.0,[],[]
2021-01-20T15:45:00-05:00,2021-01-20,AMZN,24h,0,0.0,0.0,0.0,[],[]
2021-01-21T15:45:00-05:00,2021-01-21,AMZN,24h,0,0.0,0.0,0.0,[],[]
2021-01-22T15:45:00-05:00,2021-01-22,AMZN,24h,0,0.0,0.0,0.0,[],[]
2021-01-25T15:45:00-05:00,2021-01-25,AMZN,24h,0,0.0,0.0,0.0,[],[]
2021-01-26T15:45:00-05:00,2021-01-26,AMZN,24h,0,0.0,0.0,0.0,[],[]
2021-01-27T15:45:00-05:00,2021-01-27,AMZN,24h,0,0.0,0.0,0.0,[],[]
2021-01-28T15:45:00-05:00,2021-01-28,AMZN,24h,0,0.0,0.0,0.0,[],[]
2021-01-29T15:45:00-05:00,2021-01-29,AMZN,24h,0,0.0,0.0,0.0,[],[]
2021-02-01T15:45:00-05:00,2021-02-01,AMZN,24h,0,0.0,0.0,0.0,[],[]
2021-02-02T15:45:00-05:00,2021-02-02,AMZN,24h,0,0.0,0.0,0.0,[],[]
2021-02-03T15:45:00-05:00,2021-02-03,AMZN,24h,1,0.0,0.0,0.0,"[""earnings"", ""litigation""]","[""sec_edgar""]"
2021-02-04T15:45:00-05:00,2021-02-04,AMZN,24h,0,0.0,0.0,0.0,[],[]
2021-02-05T15:45:00-05:00,2021-02-05,AMZN,24h,0,0.0,0.0,0.0,[],[]
2021-02-08T15:45:00-05:00,2021-02-08,AMZN,24h,0,0.0,0.0,0.0,[],[]
2021-02-09T15:45:00-05:00,2021-02-09,AMZN,24h,0,0.0,0.0,0.0,[],[]
2021-02-10T15:45:00-05:00,2021-02-10,AMZN,24h,0,0.0,0.0,0.0,[],[]
2021-02-11T15:45:00-05:00,2021-02-11,AMZN,24h,0,0.0,0.0,0.0,[],[]
2021-02-12T15:45:00-05:00,2021-02-12,AMZN,24h,0,0.0,0.0,0.0,[],[]
2021-02-15T15:45:00-05:00,2021-02-15,AMZN,24h,0,0.0,0.0,0.0,[],[]
2021-02-16T15:45:00-05:00,2021-02-16,AMZN,24h,0,0.0,0.0,0.0,[],[]
2021-02-17T15:45:00-05:00,2021-02-17,AMZN,24h,0,0.0,0.0,0.0,[],[]
2021-02-18T15:45:00-05:00,2021-02-18,AMZN,24h,0,0.0,0.0,0.0,[],[]
2021-02-19T15:45:00-05:00,2021-02-19,AMZN,24h,0,0.0,0.0,0.0,[],[]
2021-02-22T15:45:00-05:00,2021-02-22,AMZN,24h,0,0.0,0.0,0.0,[],[]
2021-02-23T15:45:00-05:00,2021-02-23,AMZN,24h,0,0.0,0.0,0.0,[],[]
2021-02-24T15:45:00-05:00,2021-02-24,AMZN,24h,0,0.0,0.0,0.0,[],[]
2021-02-25T15:45:00-05:00,2021-02-25,AMZN,24h,0,0.0,0.0,0.0,[],[]
2021-02-26T15:45:00-05:00,2021-02-26,AMZN,24h,0,0.0,0.0,0.0,[],[]
2021-03-01T15:45:00-05:00,2021-03-01,AMZN,24h,0,0.0,0.0,0.0,[],[]
2021-03-02T15:45:00-05:00,2021-03-02,AMZN,24h,0,0.0,0.0,0.0,[],[]
2021-03-03T15:45:00-05:00,2021-03-03,AMZN,24h,0,0.0,0.0,0.0,[],[]
2021-03-04T15:45:00-05:00,2021-03-04,AMZN,24h,0,0.0,0.0,0.0,[],[]
2021-03-05T15:45:00-05:00,2021-03-05,AMZN,24h,0,0.0,0.0,0.0,[],[]
2021-03-08T15:45:00-05:00,2021-03-08,AMZN,24h,0,0.0,0.0,0.0,[],[]
2021-03-09T15:45:00-05:00,2021-03-09,AMZN,24h,0,0.0,0.0,0.0,[],[]
2021-03-10T15:45:00-05:00,2021-03-10,AMZN,24h,0,0.0,0.0,0.0,[],[]
2021-03-11T15:45:00-05:00,2021-03-11,AMZN,24h,0,0.0,0.0,0.0,[],[]
2021-03-12T15:45:00-05:00,2021-03-12,AMZN,24h,0,0.0,0.0,0.0,[],[]
2021-03-15T15:45:00-04:00,2021-03-15,AMZN,24h,0,0.0,0.0,0.0,[],[]
2021-03-16T15:45:00-04:00,2021-03-16,AMZN,24h,0,0.0,0.0,0.0,[],[]
2021-03-17T15:45:00-04:00,2021-03-17,AMZN,24h,0,0.0,0.0,0.0,[],[]
2021-03-18T15:45:00-04:00,2021-03-18,AMZN,24h,0,0.0,0.0,0.0,[],[]
2021-03-19T15:45:00-04:00,2021-03-19,AMZN,24h,0,0.0,0.0,0.0,[],[]
2021-03-22T15:45:00-04:00,2021-03-22,AMZN,24h,0,0.0,0.0,0.0,[],[]
2021-03-23T15:45:00-04:00,2021-03-23,AMZN,24h,0,0.0,0.0,0.0,[],[]
2021-03-24T15:45:00-04:00,2021-03-24,AMZN,24h,0,0.0,0.0,0.0,[],[]
2021-03-25T15:45:00-04:00,2021-03-25,AMZN,24h,0,0.0,0.0,0.0,[],[]
2021-03-26T15:45:00-04:00,2021-03-26,AMZN,24h,0,0.0,0.0,0.0,[],[]
2021-03-29T15:45:00-04:00,2021-03-29,AMZN,24h,0,0.0,0.0,0.0,[],[]
2021-03-30T15:45:00-04:00,2021-03-30,AMZN,24h,0,0.0,0.0,0.0,[],[]
2021-03-31T15:45:00-04:00,2021-03-31,AMZN,24h,0,0.0,0.0,0.0,[],[]
2021-04-01T15:45:00-04:00,2021-04-01,AMZN,24h,0,0.0,0.0,0.0,[],[]
2021-04-02T15:45:00-04:00,2021-04-02,AMZN,24h,0,0.0,0.0,0.0,[],[]
2021-04-05T15:45:00-04:00,2021-04-05,AMZN,24h,0,0.0,0.0,0.0,[],[]
2021-04-06T15:45:00-04:00,2021-04-06,AMZN,24h,0,0.0,0.0,0.0,[],[]
2021-04-07T15:45:00-04:00,2021-04-07,AMZN,24h,0,0.0,0.0,0.0,[],[]
2021-04-08T15:45:00-04:00,2021-04-08,AMZN,24h,0,0.0,0.0,0.0,[],[]
2021-04-09T15:45:00-04:00,2021-04-09,AMZN,24h,0,0.0,0.0,0.0,[],[]
2021-04-12T15:45:00-04:00,2021-04-12,AMZN,24h,0,0.0,0.0,0.0,[],[]
2021-04-13T15:45:00-04:00,2021-04-13,AMZN,24h,0,0.0,0.0,0.0,[],[]
2021-04-14T15:45:00-04:00,2021-04-14,AMZN,24h,0,0.0,0.0,0.0,[],[]
2021-04-15T15:45:00-04:00,2021-04-15,AMZN,24h,0,0.0,0.0,0.0,[],[]
2021-04-16T15:45:00-04:00,2021-04-16,AMZN,24h,0,0.0,0.0,0.0,[],[]
2021-04-19T15:45:00-04:00,2021-04-19,AMZN,24h,0,0.0,0.0,0.0,[],[]
2021-04-20T15:45:00-04:00,2021-04-20,AMZN,24h,0,0.0,0.0,0.0,[],[]
2021-04-21T15:45:00-04:00,2021-04-21,AMZN,24h,0,0.0,0.0,0.0,[],[]
2021-04-22T15:45:00-04:00,2021-04-22,AMZN,24h,0,0.0,0.0,0.0,[],[]
2021-04-23T15:45:00-04:00,2021-04-23,AMZN,24h,0,0.0,0.0,0.0,[],[]
2021-04-26T15:45:00-04:00,2021-04-26,AMZN,24h,0,0.0,0.0,0.0,[],[]
2021-04-27T15:45:00-04:00,2021-04-27,AMZN,24h,0,0.0,0.0,0.0,[],[]
2021-04-28T15:45:00-04:00,2021-04-28,AMZN,24h,0,0.0,0.0,0.0,[],[]
2021-04-29T15:45:00-04:00,2021-04-29,AMZN,24h,0,0.0,0.0,0.0,[],[]
2021-04-30T15:45:00-04:00,2021-04-30,AMZN,24h,0,0.0,0.0,0.0,[],[]
2021-05-03T15:45:00-04:00,2021-05-03,AMZN,24h,0,0.0,0.0,0.0,[],[]
2021-05-04T15:45:00-04:00,2021-05-04,AMZN,24h,0,0.0,0.0,0.0,[],[]
2021-05-05T15:45:00-04:00,2021-05-05,AMZN,24h,0,0.0,0.0,0.0,[],[]
2021-05-06T15:45:00-04:00,2021-05-06,AMZN,24h,0,0.0,0.0,0.0,[],[]
2021-05-07T15:45:00-04:00,2021-05-07,AMZN,24h,0,0.0,0.0,0.0,[],[]
2021-05-10T15:45:00-04:00,2021-05-10,AMZN,24h,0,0.0,0.0,0.0,[],[]
2021-05-11T15:45:00-04:00,2021-05-11,AMZN,24h,0,0.0,0.0,0.0,[],[]
2021-05-12T15:45:00-04:00,2021-05-12,AMZN,24h,0,0.0,0.0,0.0,[],[]
2021-05-13T15:45:00-04:00,2021-05-13,AMZN,24h,0,0.0,0.0,0.0,[],[]
2021-05-14T15:45:00-04:00,2021-05-14,AMZN,24h,0,0.0,0.0,0.0,[],[]
2021-05-17T15:45:00-04:00,2021-05-17,AMZN,24h,0,0.0,0.0,0.0,[],[]
2021-05-18T15:45:00-04:00,2021-05-18,AMZN,24h,0,0.0,0.0,0.0,[],[]
2021-05-19T15:45:00-04:00,2021-05-19,AMZN,24h,0,0.0,0.0,0.0,[],[]
2021-05-20T15:45:00-04:00,2021-05-20,AMZN,24h,0,0.0,0.0,0.0,[],[]
2021-05-21T15:45:00-04:00,2021-05-21,AMZN,24h,0,0.0,0.0,0.0,[],[]
2021-05-24T15:45:00-04:00,2021-05-24,AMZN,24h,0,0.0,0.0,0.0,[],[]
2021-05-25T15:45:00-04:00,2021-05-25,AMZN,24h,0,0.0,0.0,0.0,[],[]
2021-05-26T15:45:00-04:00,2021-05-26,AMZN,24h,0,0.0,0.0,0.0,[],[]
2021-05-27T15:45:00-04:00,2021-05-27,AMZN,24h,0,0.0,0.0,0.0,[],[]
2021-05-28T15:45:00-04:00,2021-05-28,AMZN,24h,0,0.0,0.0,0.0,[],[]
2021-05-31T15:45:00-04:00,2021-05-31,AMZN,24h,0,0.0,0.0,0.0,[],[]
2021-06-01T15:45:00-04:00,2021-06-01,AMZN,24h,0,0.0,0.0,0.0,[],[]
2021-06-02T15:45:00-04:00,2021-06-02,AMZN,24h,0,0.0,0.0,0.0,[],[]
2021-06-03T15:45:00-04:00,2021-06-03,AMZN,24h,0,0.0,0.0,0.0,[],[]
2021-06-04T15:45:00-04:00,2021-06-04,AMZN,24h,0,0.0,0.0,0.0,[],[]
2021-06-07T15:45:00-04:00,2021-06-07,AMZN,24h,0,0.0,0.0,0.0,[],[]
2021-06-08T15:45:00-04:00,2021-06-08,AMZN,24h,0,0.0,0.0,0.0,[],[]
2021-06-09T15:45:00-04:00,2021-06-09,AMZN,24h,0,0.0,0.0,0.0,[],[]
2021-06-10T15:45:00-04:00,2021-06-10,AMZN,24h,0,0.0,0.0,0.0,[],[]
2021-06-11T15:45:00-04:00,2021-06-11,AMZN,24h,0,0.0,0.0,0.0,[],[]
2021-06-14T15:45:00-04:00,2021-06-14,AMZN,24h,0,0.0,0.0,0.0,[],[]
2021-06-15T15:45:00-04:00,2021-06-15,AMZN,24h,0,0.0,0.0,0.0,[],[]
2021-06-16T15:45:00-04:00,2021-06-16,AMZN,24h,0,0.0,0.0,0.0,[],[]
2021-06-17T15:45:00-04:00,2021-06-17,AMZN,24h,0,0.0,0.0,0.0,[],[]
2021-06-18T15:45:00-04:00,2021-06-18,AMZN,24h,0,0.0,0.0,0.0,[],[]
2021-06-21T15:45:00-04:00,2021-06-21,AMZN,24h,0,0.0,0.0,0.0,[],[]
2021-06-22T15:45:00-04:00,2021-06-22,AMZN,24h,0,0.0,0.0,0.0,[],[]
2021-06-23T15:45:00-04:00,2021-06-23,AMZN,24h,0,0.0,0.0,0.0,[],[]
2021-06-24T15:45:00-04:00,2021-06-24,AMZN,24h,0,0.0,0.0,0.0,[],[]
2021-06-25T15:45:00-04:00,2021-06-25,AMZN,24h,0,0.0,0.0,0.0,[],[]
2021-06-28T15:45:00-04:00,2021-06-28,AMZN,24h,0,0.0,0.0,0.0,[],[]
2021-06-29T15:45:00-04:00,2021-06-29,AMZN,24h,0,0.0,0.0,0.0,[],[]
2021-06-30T15:45:00-04:00,2021-06-30,AMZN,24h,0,0.0,0.0,0.0,[],[]
2021-07-01T15:45:00-04:00,2021-07-01,AMZN,24h,0,0.0,0.0,0.0,[],[]
2021-07-02T15:45:00-04:00,2021-07-02,AMZN,24h,0,0.0,0.0,0.0,[],[]
2021-07-05T15:45:00-04:00,2021-07-05,AMZN,24h,0,0.0,0.0,0.0,[],[]
2021-07-06T15:45:00-04:00,2021-07-06,AMZN,24h,0,0.0,0.0,0.0,[],[]
2021-07-07T15:45:00-04:00,2021-07-07,AMZN,24h,0,0.0,0.0,0.0,[],[]
2021-07-08T15:45:00-04:00,2021-07-08,AMZN,24h,0,0.0,0.0,0.0,[],[]
2021-07-09T15:45:00-04:00,2021-07-09,AMZN,24h,0,0.0,0.0,0.0,[],[]
2021-07-12T15:45:00-04:00,2021-07-12,AMZN,24h,0,0.0,0.0,0.0,[],[]
2021-07-13T15:45:00-04:00,2021-07-13,AMZN,24h,0,0.0,0.0,0.0,[],[]
2021-07-14T15:45:00-04:00,2021-07-14,AMZN,24h,0,0.0,0.0,0.0,[],[]
2021-07-15T15:45:00-04:00,2021-07-15,AMZN,24h,0,0.0,0.0,0.0,[],[]
2021-07-16T15:45:00-04:00,2021-07-16,AMZN,24h,0,0.0,0.0,0.0,[],[]
2021-07-19T15:45:00-04:00,2021-07-19,AMZN,24h,0,0.0,0.0,0.0,[],[]
2021-07-20T15:45:00-04:00,2021-07-20,AMZN,24h,0,0.0,0.0,0.0,[],[]
2021-07-21T15:45:00-04:00,2021-07-21,AMZN,24h,0,0.0,0.0,0.0,[],[]
2021-07-22T15:45:00-04:00,2021-07-22,AMZN,24h,0,0.0,0.0,0.0,[],[]
2021-07-23T15:45:00-04:00,2021-07-23,AMZN,24h,0,0.0,0.0,0.0,[],[]
2021-07-26T15:45:00-04:00,2021-07-26,AMZN,24h,0,0.0,0.0,0.0,[],[]
2021-07-27T15:45:00-04:00,2021-07-27,AMZN,24h,0,0.0,0.0,0.0,[],[]
2021-07-28T15:45:00-04:00,2021-07-28,AMZN,24h,0,0.0,0.0,0.0,[],[]
2021-07-29T15:45:00-04:00,2021-07-29,AMZN,24h,0,0.0,0.0,0.0,[],[]
2021-07-30T15:45:00-04:00,2021-07-30,AMZN,24h,0,0.0,0.0,0.0,[],[]
2021-08-02T15:45:00-04:00,2021-08-02,AMZN,24h,0,0.0,0.0,0.0,[],[]
2021-08-03T15:45:00-04:00,2021-08-03,AMZN,24h,0,0.0,0.0,0.0,[],[]
2021-08-04T15:45:00-04:00,2021-08-04,AMZN,24h,0,0.0,0.0,0.0,[],[]
2021-08-05T15:45:00-04:00,2021-08-05,AMZN,24h,0,0.0,0.0,0.0,[],[]
2021-08-06T15:45:00-04:00,2021-08-06,AMZN,24h,0,0.0,0.0,0.0,[],[]
2021-08-09T15:45:00-04:00,2021-08-09,AMZN,24h,0,0.0,0.0,0.0,[],[]
2021-08-10T15:45:00-04:00,2021-08-10,AMZN,24h,0,0.0,0.0,0.0,[],[]
2021-08-11T15:45:00-04:00,2021-08-11,AMZN,24h,0,0.0,0.0,0.0,[],[]
2021-08-12T15:45:00-04:00,2021-08-12,AMZN,24h,0,0.0,0.0,0.0,[],[]
2021-08-13T15:45:00-04:00,2021-08-13,AMZN,24h,0,0.0,0.0,0.0,[],[]
2021-08-16T15:45:00-04:00,2021-08-16,AMZN,24h,0,0.0,0.0,0.0,[],[]
2021-08-17T15:45:00-04:00,2021-08-17,AMZN,24h,0,0.0,0.0,0.0,[],[]
2021-08-18T15:45:00-04:00,2021-08-18,AMZN,24h,0,0.0,0.0,0.0,[],[]
2021-08-19T15:45:00-04:00,2021-08-19,AMZN,24h,0,0.0,0.0,0.0,[],[]
2021-08-20T15:45:00-04:00,2021-08-20,AMZN,24h,0,0.0,0.0,0.0,[],[]
2021-08-23T15:45:00-04:00,2021-08-23,AMZN,24h,0,0.0,0.0,0.0,[],[]
2021-08-24T15:45:00-04:00,2021-08-24,AMZN,24h,0,0.0,0.0,0.0,[],[]
2021-08-25T15:45:00-04:00,2021-08-25,AMZN,24h,0,0.0,0.0,0.0,[],[]
2021-08-26T15:45:00-04:00,2021-08-26,AMZN,24h,0,0.0,0.0,0.0,[],[]
2021-08-27T15:45:00-04:00,2021-08-27,AMZN,24h,0,0.0,0.0,0.0,[],[]
2021-08-30T15:45:00-04:00,2021-08-30,AMZN,24h,0,0.0,0.0,0.0,[],[]
2021-08-31T15:45:00-04:00,2021-08-31,AMZN,24h,0,0.0,0.0,0.0,[],[]
2021-09-01T15:45:00-04:00,2021-09-01,AMZN,24h,0,0.0,0.0,0.0,[],[]
2021-09-02T15:45:00-04:00,2021-09-02,AMZN,24h,0,0.0,0.0,0.0,[],[]
2021-09-03T15:45:00-04:00,2021-09-03,AMZN,24h,0,0.0,0.0,0.0,[],[]
2021-09-06T15:45:00-04:00,2021-09-06,AMZN,24h,0,0.0,0.0,0.0,[],[]
2021-09-07T15:45:00-04:00,2021-09-07,AMZN,24h,0,0.0,0.0,0.0,[],[]
2021-09-08T15:45:00-04:00,2021-09-08,AMZN,24h,0,0.0,0.0,0.0,[],[]
2021-09-09T15:45:00-04:00,2021-09-09,AMZN,24h,0,0.0,0.0,0.0,[],[]
2021-09-10T15:45:00-04:00,2021-09-10,AMZN,24h,0,0.0,0.0,0.0,[],[]
2021-09-13T15:45:00-04:00,2021-09-13,AMZN,24h,0,0.0,0.0,0.0,[],[]
2021-09-14T15:45:00-04:00,2021-09-14,AMZN,24h,0,0.0,0.0,0.0,[],[]
2021-09-15T15:45:00-04:00,2021-09-15,AMZN,24h,0,0.0,0.0,0.0,[],[]
2021-09-16T15:45:00-04:00,2021-09-16,AMZN,24h,0,0.0,0.0,0.0,[],[]
2021-09-17T15:45:00-04:00,2021-09-17,AMZN,24h,0,0.0,0.0,0.0,[],[]
2021-09-20T15:45:00-04:00,2021-09-20,AMZN,24h,0,0.0,0.0,0.0,[],[]
2021-09-21T15:45:00-04:00,2021-09-21,AMZN,24h,0,0.0,0.0,0.0,[],[]
2021-09-22T15:45:00-04:00,2021-09-22,AMZN,24h,0,0.0,0.0,0.0,[],[]
2021-09-23T15:45:00-04:00,2021-09-23,AMZN,24h,0,0.0,0.0,0.0,[],[]
2021-09-24T15:45:00-04:00,2021-09-24,AMZN,24h,0,0.0,0.0,0.0,[],[]
2021-09-27T15:45:00-04:00,2021-09-27,AMZN,24h,0,0.0,0.0,0.0,[],[]
2021-09-28T15:45:00-04:00,2021-09-28,AMZN,24h,0,0.0,0.0,0.0,[],[]
2021-09-29T15:45:00-04:00,2021-09-29,AMZN,24h,0,0.0,0.0,0.0,[],[]
2021-09-30T15:45:00-04:00,2021-09-30,AMZN,24h,0,0.0,0.0,0.0,[],[]
2021-10-01T15:45:00-04:00,2021-10-01,AMZN,24h,0,0.0,0.0,0.0,[],[]
2021-10-04T15:45:00-04:00,2021-10-04,AMZN,24h,0,0.0,0.0,0.0,[],[]
2021-10-05T15:45:00-04:00,2021-10-05,AMZN,24h,0,0.0,0.0,0.0,[],[]
2021-10-06T15:45:00-04:00,2021-10-06,AMZN,24h,0,0.0,0.0,0.0,[],[]
2021-10-07T15:45:00-04:00,2021-10-07,AMZN,24h,0,0.0,0.0,0.0,[],[]
2021-10-08T15:45:00-04:00,2021-10-08,AMZN,24h,0,0.0,0.0,0.0,[],[]
2021-10-11T15:45:00-04:00,2021-10-11,AMZN,24h,0,0.0,0.0,0.0,[],[]
2021-10-12T15:45:00-04:00,2021-10-12,AMZN,24h,0,0.0,0.0,0.0,[],[]
2021-10-13T15:45:00-04:00,2021-10-13,AMZN,24h,0,0.0,0.0,0.0,[],[]
2021-10-14T15:45:00-04:00,2021-10-14,AMZN,24h,0,0.0,0.0,0.0,[],[]
2021-10-15T15:45:00-04:00,2021-10-15,AMZN,24h,0,0.0,0.0,0.0,[],[]
2021-10-18T15:45:00-04:00,2021-10-18,AMZN,24h,0,0.0,0.0,0.0,[],[]
2021-10-19T15:45:00-04:00,2021-10-19,AMZN,24h,0,0.0,0.0,0.0,[],[]
2021-10-20T15:45:00-04:00,2021-10-20,AMZN,24h,0,0.0,0.0,0.0,[],[]
2021-10-21T15:45:00-04:00,2021-10-21,AMZN,24h,0,0.0,0.0,0.0,[],[]
2021-10-22T15:45:00-04:00,2021-10-22,AMZN,24h,0,0.0,0.0,0.0,[],[]
2021-10-25T15:45:00-04:00,2021-10-25,AMZN,24h,0,0.0,0.0,0.0,[],[]
2021-10-26T15:45:00-04:00,2021-10-26,AMZN,24h,0,0.0,0.0,0.0,[],[]
2021-10-27T15:45:00-04:00,2021-10-27,AMZN,24h,0,0.0,0.0,0.0,[],[]
2021-10-28T15:45:00-04:00,2021-10-28,AMZN,24h,0,0.0,0.0,0.0,[],[]
2021-10-29T15:45:00-04:00,2021-10-29,AMZN,24h,0,0.0,0.0,0.0,[],[]
2021-11-01T15:45:00-04:00,2021-11-01,AMZN,24h,0,0.0,0.0,0.0,[],[]
2021-11-02T15:45:00-04:00,2021-11-02,AMZN,24h,0,0.0,0.0,0.0,[],[]
2021-11-03T15:45:00-04:00,2021-11-03,AMZN,24h,0,0.0,0.0,0.0,[],[]
2021-11-04T15:45:00-04:00,2021-11-04,AMZN,24h,0,0.0,0.0,0.0,[],[]
2021-11-05T15:45:00-04:00,2021-11-05,AMZN,24h,0,0.0,0.0,0.0,[],[]
2021-11-08T15:45:00-05:00,2021-11-08,AMZN,24h,0,0.0,0.0,0.0,[],[]
2021-11-09T15:45:00-05:00,2021-11-09,AMZN,24h,0,0.0,0.0,0.0,[],[]
2021-11-10T15:45:00-05:00,2021-11-10,AMZN,24h,0,0.0,0.0,0.0,[],[]
2021-11-11T15:45:00-05:00,2021-11-11,AMZN,24h,0,0.0,0.0,0.0,[],[]
2021-11-12T15:45:00-05:00,2021-11-12,AMZN,24h,0,0.0,0.0,0.0,[],[]
2021-11-15T15:45:00-05:00,2021-11-15,AMZN,24h,0,0.0,0.0,0.0,[],[]
2021-11-16T15:45:00-05:00,2021-11-16,AMZN,24h,0,0.0,0.0,0.0,[],[]
2021-11-17T15:45:00-05:00,2021-11-17,AMZN,24h,0,0.0,0.0,0.0,[],[]
2021-11-18T15:45:00-05:00,2021-11-18,AMZN,24h,0,0.0,0.0,0.0,[],[]
2021-11-19T15:45:00-05:00,2021-11-19,AMZN,24h,0,0.0,0.0,0.0,[],[]
2021-11-22T15:45:00-05:00,2021-11-22,AMZN,24h,0,0.0,0.0,0.0,[],[]
2021-11-23T15:45:00-05:00,2021-11-23,AMZN,24h,0,0.0,0.0,0.0,[],[]
2021-11-24T15:45:00-05:00,2021-11-24,AMZN,24h,0,0.0,0.0,0.0,[],[]
2021-11-25T15:45:00-05:00,2021-11-25,AMZN,24h,0,0.0,0.0,0.0,[],[]
2021-11-26T15:45:00-05:00,2021-11-26,AMZN,24h,0,0.0,0.0,0.0,[],[]
2021-11-29T15:45:00-05:00,2021-11-29,AMZN,24h,0,0.0,0.0,0.0,[],[]
2021-11-30T15:45:00-05:00,2021-11-30,AMZN,24h,0,0.0,0.0,0.0,[],[]
2021-12-01T15:45:00-05:00,2021-12-01,AMZN,24h,0,0.0,0.0,0.0,[],[]
2021-12-02T15:45:00-05:00,2021-12-02,AMZN,24h,0,0.0,0.0,0.0,[],[]
2021-12-03T15:45:00-05:00,2021-12-03,AMZN,24h,0,0.0,0.0,0.0,[],[]
2021-12-06T15:45:00-05:00,2021-12-06,AMZN,24h,0,0.0,0.0,0.0,[],[]
2021-12-07T15:45:00-05:00,2021-12-07,AMZN,24h,0,0.0,0.0,0.0,[],[]
2021-12-08T15:45:00-05:00,2021-12-08,AMZN,24h,0,0.0,0.0,0.0,[],[]
2021-12-09T15:45:00-05:00,2021-12-09,AMZN,24h,0,0.0,0.0,0.0,[],[]
2021-12-10T15:45:00-05:00,2021-12-10,AMZN,24h,0,0.0,0.0,0.0,[],[]
2021-12-13T15:45:00-05:00,2021-12-13,AMZN,24h,0,0.0,0.0,0.0,[],[]
2021-12-14T15:45:00-05:00,2021-12-14,AMZN,24h,0,0.0,0.0,0.0,[],[]
2021-12-15T15:45:00-05:00,2021-12-15,AMZN,24h,0,0.0,0.0,0.0,[],[]
2021-12-16T15:45:00-05:00,2021-12-16,AMZN,24h,0,0.0,0.0,0.0,[],[]
2021-12-17T15:45:00-05:00,2021-12-17,AMZN,24h,0,0.0,0.0,0.0,[],[]
2021-12-20T15:45:00-05:00,2021-12-20,AMZN,24h,0,0.0,0.0,0.0,[],[]
2021-12-21T15:45:00-05:00,2021-12-21,AMZN,24h,0,0.0,0.0,0.0,[],[]
2021-12-22T15:45:00-05:00,2021-12-22,AMZN,24h,0,0.0,0.0,0.0,[],[]
2021-12-23T15:45:00-05:00,2021-12-23,AMZN,24h,0,0.0,0.0,0.0,[],[]
2021-12-24T15:45:00-05:00,2021-12-24,AMZN,24h,0,0.0,0.0,0.0,[],[]
2021-12-27T15:45:00-05:00,2021-12-27,AMZN,24h,0,0.0,0.0,0.0,[],[]
2021-12-28T15:45:00-05:00,2021-12-28,AMZN,24h,0,0.0,0.0,0.0,[],[]
2021-12-29T15:45:00-05:00,2021-12-29,AMZN,24h,0,0.0,0.0,0.0,[],[]
2021-12-30T15:45:00-05:00,2021-12-30,AMZN,24h,0,0.0,0.0,0.0,[],[]
2021-12-31T15:45:00-05:00,2021-12-31,AMZN,24h,0,0.0,0.0,0.0,[],[]
2022-01-03T15:45:00-05:00,2022-01-03,AMZN,24h,0,0.0,0.0,0.0,[],[]
2022-01-04T15:45:00-05:00,2022-01-04,AMZN,24h,0,0.0,0.0,0.0,[],[]
2022-01-05T15:45:00-05:00,2022-01-05,AMZN,24h,0,0.0,0.0,0.0,[],[]
2022-01-06T15:45:00-05:00,2022-01-06,AMZN,24h,0,0.0,0.0,0.0,[],[]
2022-01-07T15:45:00-05:00,2022-01-07,AMZN,24h,0,0.0,0.0,0.0,[],[]
2022-01-10T15:45:00-05:00,2022-01-10,AMZN,24h,0,0.0,0.0,0.0,[],[]
2022-01-11T15:45:00-05:00,2022-01-11,AMZN,24h,0,0.0,0.0,0.0,[],[]
2022-01-12T15:45:00-05:00,2022-01-12,AMZN,24h,0,0.0,0.0,0.0,[],[]
2022-01-13T15:45:00-05:00,2022-01-13,AMZN,24h,0,0.0,0.0,0.0,[],[]
2022-01-14T15:45:00-05:00,2022-01-14,AMZN,24h,0,0.0,0.0,0.0,[],[]
2022-01-17T15:45:00-05:00,2022-01-17,AMZN,24h,0,0.0,0.0,0.0,[],[]
2022-01-18T15:45:00-05:00,2022-01-18,AMZN,24h,0,0.0,0.0,0.0,[],[]
2022-01-19T15:45:00-05:00,2022-01-19,AMZN,24h,0,0.0,0.0,0.0,[],[]
2022-01-20T15:45:00-05:00,2022-01-20,AMZN,24h,0,0.0,0.0,0.0,[],[]
2022-01-21T15:45:00-05:00,2022-01-21,AMZN,24h,0,0.0,0.0,0.0,[],[]
2022-01-24T15:45:00-05:00,2022-01-24,AMZN,24h,0,0.0,0.0,0.0,[],[]
2022-01-25T15:45:00-05:00,2022-01-25,AMZN,24h,0,0.0,0.0,0.0,[],[]
2022-01-26T15:45:00-05:00,2022-01-26,AMZN,24h,0,0.0,0.0,0.0,[],[]
2022-01-27T15:45:00-05:00,2022-01-27,AMZN,24h,0,0.0,0.0,0.0,[],[]
2022-01-28T15:45:00-05:00,2022-01-28,AMZN,24h,0,0.0,0.0,0.0,[],[]
2022-01-31T15:45:00-05:00,2022-01-31,AMZN,24h,0,0.0,0.0,0.0,[],[]
2022-02-01T15:45:00-05:00,2022-02-01,AMZN,24h,0,0.0,0.0,0.0,[],[]
2022-02-02T15:45:00-05:00,2022-02-02,AMZN,24h,0,0.0,0.0,0.0,[],[]
2022-02-03T15:45:00-05:00,2022-02-03,AMZN,24h,0,0.0,0.0,0.0,[],[]
2022-02-04T15:45:00-05:00,2022-02-04,AMZN,24h,0,0.0,0.0,0.0,[],[]
2022-02-07T15:45:00-05:00,2022-02-07,AMZN,24h,0,0.0,0.0,0.0,[],[]
2022-02-08T15:45:00-05:00,2022-02-08,AMZN,24h,0,0.0,0.0,0.0,[],[]
2022-02-09T15:45:00-05:00,2022-02-09,AMZN,24h,0,0.0,0.0,0.0,[],[]
2022-02-10T15:45:00-05:00,2022-02-10,AMZN,24h,0,0.0,0.0,0.0,[],[]
2022-02-11T15:45:00-05:00,2022-02-11,AMZN,24h,0,0.0,0.0,0.0,[],[]
2022-02-14T15:45:00-05:00,2022-02-14,AMZN,24h,0,0.0,0.0,0.0,[],[]
2022-02-15T15:45:00-05:00,2022-02-15,AMZN,24h,0,0.0,0.0,0.0,[],[]
2022-02-16T15:45:00-05:00,2022-02-16,AMZN,24h,0,0.0,0.0,0.0,[],[]
2022-02-17T15:45:00-05:00,2022-02-17,AMZN,24h,0,0.0,0.0,0.0,[],[]
2022-02-18T15:45:00-05:00,2022-02-18,AMZN,24h,0,0.0,0.0,0.0,[],[]
2022-02-21T15:45:00-05:00,2022-02-21,AMZN,24h,0,0.0,0.0,0.0,[],[]
2022-02-22T15:45:00-05:00,2022-02-22,AMZN,24h,0,0.0,0.0,0.0,[],[]
2022-02-23T15:45:00-05:00,2022-02-23,AMZN,24h,0,0.0,0.0,0.0,[],[]
2022-02-24T15:45:00-05:00,2022-02-24,AMZN,24h,0,0.0,0.0,0.0,[],[]
2022-02-25T15:45:00-05:00,2022-02-25,AMZN,24h,0,0.0,0.0,0.0,[],[]
2022-02-28T15:45:00-05:00,2022-02-28,AMZN,24h,0,0.0,0.0,0.0,[],[]
2022-03-01T15:45:00-05:00,2022-03-01,AMZN,24h,0,0.0,0.0,0.0,[],[]
2022-03-02T15:45:00-05:00,2022-03-02,AMZN,24h,0,0.0,0.0,0.0,[],[]
2022-03-03T15:45:00-05:00,2022-03-03,AMZN,24h,0,0.0,0.0,0.0,[],[]
2022-03-04T15:45:00-05:00,2022-03-04,AMZN,24h,0,0.0,0.0,0.0,[],[]
2022-03-07T15:45:00-05:00,2022-03-07,AMZN,24h,0,0.0,0.0,0.0,[],[]
2022-03-08T15:45:00-05:00,2022-03-08,AMZN,24h,0,0.0,0.0,0.0,[],[]
2022-03-09T15:45:00-05:00,2022-03-09,AMZN,24h,0,0.0,0.0,0.0,[],[]
2022-03-10T15:45:00-05:00,2022-03-10,AMZN,24h,1,0.0,0.0,0.0,"[""litigation""]","[""sec_edgar""]"
2022-03-11T15:45:00-05:00,2022-03-11,AMZN,24h,0,0.0,0.0,0.0,[],[]
2022-03-14T15:45:00-04:00,2022-03-14,AMZN,24h,0,0.0,0.0,0.0,[],[]
2022-03-15T15:45:00-04:00,2022-03-15,AMZN,24h,0,0.0,0.0,0.0,[],[]
2022-03-16T15:45:00-04:00,2022-03-16,AMZN,24h,0,0.0,0.0,0.0,[],[]
2022-03-17T15:45:00-04:00,2022-03-17,AMZN,24h,0,0.0,0.0,0.0,[],[]
2022-03-18T15:45:00-04:00,2022-03-18,AMZN,24h,0,0.0,0.0,0.0,[],[]
2022-03-21T15:45:00-04:00,2022-03-21,AMZN,24h,0,0.0,0.0,0.0,[],[]
2022-03-22T15:45:00-04:00,2022-03-22,AMZN,24h,0,0.0,0.0,0.0,[],[]
2022-03-23T15:45:00-04:00,2022-03-23,AMZN,24h,0,0.0,0.0,0.0,[],[]
2022-03-24T15:45:00-04:00,2022-03-24,AMZN,24h,0,0.0,0.0,0.0,[],[]
2022-03-25T15:45:00-04:00,2022-03-25,AMZN,24h,0,0.0,0.0,0.0,[],[]
2022-03-28T15:45:00-04:00,2022-03-28,AMZN,24h,0,0.0,0.0,0.0,[],[]
2022-03-29T15:45:00-04:00,2022-03-29,AMZN,24h,0,0.0,0.0,0.0,[],[]
2022-03-30T15:45:00-04:00,2022-03-30,AMZN,24h,0,0.0,0.0,0.0,[],[]
2022-03-31T15:45:00-04:00,2022-03-31,AMZN,24h,0,0.0,0.0,0.0,[],[]
2022-04-01T15:45:00-04:00,2022-04-01,AMZN,24h,0,0.0,0.0,0.0,[],[]
2022-04-04T15:45:00-04:00,2022-04-04,AMZN,24h,0,0.0,0.0,0.0,[],[]
2022-04-05T15:45:00-04:00,2022-04-05,AMZN,24h,0,0.0,0.0,0.0,[],[]
2022-04-06T15:45:00-04:00,2022-04-06,AMZN,24h,0,0.0,0.0,0.0,[],[]
2022-04-07T15:45:00-04:00,2022-04-07,AMZN,24h,0,0.0,0.0,0.0,[],[]
2022-04-08T15:45:00-04:00,2022-04-08,AMZN,24h,0,0.0,0.0,0.0,[],[]
2022-04-11T15:45:00-04:00,2022-04-11,AMZN,24h,0,0.0,0.0,0.0,[],[]
2022-04-12T15:45:00-04:00,2022-04-12,AMZN,24h,0,0.0,0.0,0.0,[],[]
2022-04-13T15:45:00-04:00,2022-04-13,AMZN,24h,0,0.0,0.0,0.0,[],[]
2022-04-14T15:45:00-04:00,2022-04-14,AMZN,24h,1,0.0,0.0,0.0,"[""litigation""]","[""sec_edgar""]"
2022-04-15T15:45:00-04:00,2022-04-15,AMZN,24h,0,0.0,0.0,0.0,[],[]
2022-04-18T15:45:00-04:00,2022-04-18,AMZN,24h,0,0.0,0.0,0.0,[],[]
2022-04-19T15:45:00-04:00,2022-04-19,AMZN,24h,0,0.0,0.0,0.0,[],[]
2022-04-20T15:45:00-04:00,2022-04-20,AMZN,24h,0,0.0,0.0,0.0,[],[]
2022-04-21T15:45:00-04:00,2022-04-21,AMZN,24h,0,0.0,0.0,0.0,[],[]
2022-04-22T15:45:00-04:00,2022-04-22,AMZN,24h,0,0.0,0.0,0.0,[],[]
2022-04-25T15:45:00-04:00,2022-04-25,AMZN,24h,0,0.0,0.0,0.0,[],[]
2022-04-26T15:45:00-04:00,2022-04-26,AMZN,24h,0,0.0,0.0,0.0,[],[]
2022-04-27T15:45:00-04:00,2022-04-27,AMZN,24h,0,0.0,0.0,0.0,[],[]
2022-04-28T15:45:00-04:00,2022-04-28,AMZN,24h,0,0.0,0.0,0.0,[],[]
2022-04-29T15:45:00-04:00,2022-04-29,AMZN,24h,0,0.0,0.0,0.0,[],[]
2022-05-02T15:45:00-04:00,2022-05-02,AMZN,24h,0,0.0,0.0,0.0,[],[]
2022-05-03T15:45:00-04:00,2022-05-03,AMZN,24h,0,0.0,0.0,0.0,[],[]
2022-05-04T15:45:00-04:00,2022-05-04,AMZN,24h,0,0.0,0.0,0.0,[],[]
2022-05-05T15:45:00-04:00,2022-05-05,AMZN,24h,0,0.0,0.0,0.0,[],[]
2022-05-06T15:45:00-04:00,2022-05-06,AMZN,24h,0,0.0,0.0,0.0,[],[]
2022-05-09T15:45:00-04:00,2022-05-09,AMZN,24h,0,0.0,0.0,0.0,[],[]
2022-05-10T15:45:00-04:00,2022-05-10,AMZN,24h,0,0.0,0.0,0.0,[],[]
2022-05-11T15:45:00-04:00,2022-05-11,AMZN,24h,0,0.0,0.0,0.0,[],[]
2022-05-12T15:45:00-04:00,2022-05-12,AMZN,24h,0,0.0,0.0,0.0,[],[]
2022-05-13T15:45:00-04:00,2022-05-13,AMZN,24h,0,0.0,0.0,0.0,[],[]
2022-05-16T15:45:00-04:00,2022-05-16,AMZN,24h,0,0.0,0.0,0.0,[],[]
2022-05-17T15:45:00-04:00,2022-05-17,AMZN,24h,0,0.0,0.0,0.0,[],[]
2022-05-18T15:45:00-04:00,2022-05-18,AMZN,24h,0,0.0,0.0,0.0,[],[]
2022-05-19T15:45:00-04:00,2022-05-19,AMZN,24h,0,0.0,0.0,0.0,[],[]
2022-05-20T15:45:00-04:00,2022-05-20,AMZN,24h,0,0.0,0.0,0.0,[],[]
2022-05-23T15:45:00-04:00,2022-05-23,AMZN,24h,0,0.0,0.0,0.0,[],[]
2022-05-24T15:45:00-04:00,2022-05-24,AMZN,24h,0,0.0,0.0,0.0,[],[]
2022-05-25T15:45:00-04:00,2022-05-25,AMZN,24h,0,0.0,0.0,0.0,[],[]
2022-05-26T15:45:00-04:00,2022-05-26,AMZN,24h,0,0.0,0.0,0.0,[],[]
2022-05-27T15:45:00-04:00,2022-05-27,AMZN,24h,0,0.0,0.0,0.0,[],[]
2022-05-30T15:45:00-04:00,2022-05-30,AMZN,24h,0,0.0,0.0,0.0,[],[]
2022-05-31T15:45:00-04:00,2022-05-31,AMZN,24h,0,0.0,0.0,0.0,[],[]
2022-06-01T15:45:00-04:00,2022-06-01,AMZN,24h,0,0.0,0.0,0.0,[],[]
2022-06-02T15:45:00-04:00,2022-06-02,AMZN,24h,0,0.0,0.0,0.0,[],[]
2022-06-03T15:45:00-04:00,2022-06-03,AMZN,24h,0,0.0,0.0,0.0,[],[]
2022-06-06T15:45:00-04:00,2022-06-06,AMZN,24h,0,0.0,0.0,0.0,[],[]
2022-06-07T15:45:00-04:00,2022-06-07,AMZN,24h,0,0.0,0.0,0.0,[],[]
2022-06-08T15:45:00-04:00,2022-06-08,AMZN,24h,0,0.0,0.0,0.0,[],[]
2022-06-09T15:45:00-04:00,2022-06-09,AMZN,24h,0,0.0,0.0,0.0,[],[]
2022-06-10T15:45:00-04:00,2022-06-10,AMZN,24h,0,0.0,0.0,0.0,[],[]
2022-06-13T15:45:00-04:00,2022-06-13,AMZN,24h,0,0.0,0.0,0.0,[],[]
2022-06-14T15:45:00-04:00,2022-06-14,AMZN,24h,0,0.0,0.0,0.0,[],[]
2022-06-15T15:45:00-04:00,2022-06-15,AMZN,24h,0,0.0,0.0,0.0,[],[]
2022-06-16T15:45:00-04:00,2022-06-16,AMZN,24h,0,0.0,0.0,0.0,[],[]
2022-06-17T15:45:00-04:00,2022-06-17,AMZN,24h,0,0.0,0.0,0.0,[],[]
2022-06-20T15:45:00-04:00,2022-06-20,AMZN,24h,0,0.0,0.0,0.0,[],[]
2022-06-21T15:45:00-04:00,2022-06-21,AMZN,24h,0,0.0,0.0,0.0,[],[]
2022-06-22T15:45:00-04:00,2022-06-22,AMZN,24h,0,0.0,0.0,0.0,[],[]
2022-06-23T15:45:00-04:00,2022-06-23,AMZN,24h,0,0.0,0.0,0.0,[],[]
2022-06-24T15:45:00-04:00,2022-06-24,AMZN,24h,0,0.0,0.0,0.0,[],[]
2022-06-27T15:45:00-04:00,2022-06-27,AMZN,24h,0,0.0,0.0,0.0,[],[]
2022-06-28T15:45:00-04:00,2022-06-28,AMZN,24h,0,0.0,0.0,0.0,[],[]
2022-06-29T15:45:00-04:00,2022-06-29,AMZN,24h,0,0.0,0.0,0.0,[],[]
2022-06-30T15:45:00-04:00,2022-06-30,AMZN,24h,0,0.0,0.0,0.0,[],[]
2022-07-01T15:45:00-04:00,2022-07-01,AMZN,24h,0,0.0,0.0,0.0,[],[]
2022-07-04T15:45:00-04:00,2022-07-04,AMZN,24h,0,0.0,0.0,0.0,[],[]
2022-07-05T15:45:00-04:00,2022-07-05,AMZN,24h,0,0.0,0.0,0.0,[],[]
2022-07-06T15:45:00-04:00,2022-07-06,AMZN,24h,0,0.0,0.0,0.0,[],[]
2022-07-07T15:45:00-04:00,2022-07-07,AMZN,24h,0,0.0,0.0,0.0,[],[]
2022-07-08T15:45:00-04:00,2022-07-08,AMZN,24h,0,0.0,0.0,0.0,[],[]
2022-07-11T15:45:00-04:00,2022-07-11,AMZN,24h,0,0.0,0.0,0.0,[],[]
2022-07-12T15:45:00-04:00,2022-07-12,AMZN,24h,0,0.0,0.0,0.0,[],[]
2022-07-13T15:45:00-04:00,2022-07-13,AMZN,24h,0,0.0,0.0,0.0,[],[]
2022-07-14T15:45:00-04:00,2022-07-14,AMZN,24h,0,0.0,0.0,0.0,[],[]
2022-07-15T15:45:00-04:00,2022-07-15,AMZN,24h,0,0.0,0.0,0.0,[],[]
2022-07-18T15:45:00-04:00,2022-07-18,AMZN,24h,0,0.0,0.0,0.0,[],[]
2022-07-19T15:45:00-04:00,2022-07-19,AMZN,24h,0,0.0,0.0,0.0,[],[]
2022-07-20T15:45:00-04:00,2022-07-20,AMZN,24h,0,0.0,0.0,0.0,[],[]
2022-07-21T15:45:00-04:00,2022-07-21,AMZN,24h,0,0.0,0.0,0.0,[],[]
2022-07-22T15:45:00-04:00,2022-07-22,AMZN,24h,0,0.0,0.0,0.0,[],[]
2022-07-25T15:45:00-04:00,2022-07-25,AMZN,24h,0,0.0,0.0,0.0,[],[]
2022-07-26T15:45:00-04:00,2022-07-26,AMZN,24h,0,0.0,0.0,0.0,[],[]
2022-07-27T15:45:00-04:00,2022-07-27,AMZN,24h,0,0.0,0.0,0.0,[],[]
2022-07-28T15:45:00-04:00,2022-07-28,AMZN,24h,0,0.0,0.0,0.0,[],[]
2022-07-29T15:45:00-04:00,2022-07-29,AMZN,24h,0,0.0,0.0,0.0,[],[]
2022-08-01T15:45:00-04:00,2022-08-01,AMZN,24h,0,0.0,0.0,0.0,[],[]
2022-08-02T15:45:00-04:00,2022-08-02,AMZN,24h,0,0.0,0.0,0.0,[],[]
2022-08-03T15:45:00-04:00,2022-08-03,AMZN,24h,0,0.0,0.0,0.0,[],[]
2022-08-04T15:45:00-04:00,2022-08-04,AMZN,24h,0,0.0,0.0,0.0,[],[]
2022-08-05T15:45:00-04:00,2022-08-05,AMZN,24h,0,0.0,0.0,0.0,[],[]
2022-08-08T15:45:00-04:00,2022-08-08,AMZN,24h,0,0.0,0.0,0.0,[],[]
2022-08-09T15:45:00-04:00,2022-08-09,AMZN,24h,0,0.0,0.0,0.0,[],[]
2022-08-10T15:45:00-04:00,2022-08-10,AMZN,24h,0,0.0,0.0,0.0,[],[]
2022-08-11T15:45:00-04:00,2022-08-11,AMZN,24h,0,0.0,0.0,0.0,[],[]
2022-08-12T15:45:00-04:00,2022-08-12,AMZN,24h,0,0.0,0.0,0.0,[],[]
2022-08-15T15:45:00-04:00,2022-08-15,AMZN,24h,0,0.0,0.0,0.0,[],[]
2022-08-16T15:45:00-04:00,2022-08-16,AMZN,24h,0,0.0,0.0,0.0,[],[]
2022-08-17T15:45:00-04:00,2022-08-17,AMZN,24h,0,0.0,0.0,0.0,[],[]
2022-08-18T15:45:00-04:00,2022-08-18,AMZN,24h,0,0.0,0.0,0.0,[],[]
2022-08-19T15:45:00-04:00,2022-08-19,AMZN,24h,0,0.0,0.0,0.0,[],[]
2022-08-22T15:45:00-04:00,2022-08-22,AMZN,24h,0,0.0,0.0,0.0,[],[]
2022-08-23T15:45:00-04:00,2022-08-23,AMZN,24h,0,0.0,0.0,0.0,[],[]
2022-08-24T15:45:00-04:00,2022-08-24,AMZN,24h,0,0.0,0.0,0.0,[],[]
2022-08-25T15:45:00-04:00,2022-08-25,AMZN,24h,0,0.0,0.0,0.0,[],[]
2022-08-26T15:45:00-04:00,2022-08-26,AMZN,24h,0,0.0,0.0,0.0,[],[]
2022-08-29T15:45:00-04:00,2022-08-29,AMZN,24h,0,0.0,0.0,0.0,[],[]
2022-08-30T15:45:00-04:00,2022-08-30,AMZN,24h,0,0.0,0.0,0.0,[],[]
2022-08-31T15:45:00-04:00,2022-08-31,AMZN,24h,0,0.0,0.0,0.0,[],[]
2022-09-01T15:45:00-04:00,2022-09-01,AMZN,24h,0,0.0,0.0,0.0,[],[]
2022-09-02T15:45:00-04:00,2022-09-02,AMZN,24h,0,0.0,0.0,0.0,[],[]
2022-09-05T15:45:00-04:00,2022-09-05,AMZN,24h,0,0.0,0.0,0.0,[],[]
2022-09-06T15:45:00-04:00,2022-09-06,AMZN,24h,0,0.0,0.0,0.0,[],[]
2022-09-07T15:45:00-04:00,2022-09-07,AMZN,24h,0,0.0,0.0,0.0,[],[]
2022-09-08T15:45:00-04:00,2022-09-08,AMZN,24h,0,0.0,0.0,0.0,[],[]
2022-09-09T15:45:00-04:00,2022-09-09,AMZN,24h,0,0.0,0.0,0.0,[],[]
2022-09-12T15:45:00-04:00,2022-09-12,AMZN,24h,0,0.0,0.0,0.0,[],[]
2022-09-13T15:45:00-04:00,2022-09-13,AMZN,24h,0,0.0,0.0,0.0,[],[]
2022-09-14T15:45:00-04:00,2022-09-14,AMZN,24h,0,0.0,0.0,0.0,[],[]
2022-09-15T15:45:00-04:00,2022-09-15,AMZN,24h,0,0.0,0.0,0.0,[],[]
2022-09-16T15:45:00-04:00,2022-09-16,AMZN,24h,0,0.0,0.0,0.0,[],[]
2022-09-19T15:45:00-04:00,2022-09-19,AMZN,24h,0,0.0,0.0,0.0,[],[]
2022-09-20T15:45:00-04:00,2022-09-20,AMZN,24h,0,0.0,0.0,0.0,[],[]
2022-09-21T15:45:00-04:00,2022-09-21,AMZN,24h,0,0.0,0.0,0.0,[],[]
2022-09-22T15:45:00-04:00,2022-09-22,AMZN,24h,0,0.0,0.0,0.0,[],[]
2022-09-23T15:45:00-04:00,2022-09-23,AMZN,24h,0,0.0,0.0,0.0,[],[]
2022-09-26T15:45:00-04:00,2022-09-26,AMZN,24h,0,0.0,0.0,0.0,[],[]
2022-09-27T15:45:00-04:00,2022-09-27,AMZN,24h,0,0.0,0.0,0.0,[],[]
2022-09-28T15:45:00-04:00,2022-09-28,AMZN,24h,0,0.0,0.0,0.0,[],[]
2022-09-29T15:45:00-04:00,2022-09-29,AMZN,24h,0,0.0,0.0,0.0,[],[]
2022-09-30T15:45:00-04:00,2022-09-30,AMZN,24h,0,0.0,0.0,0.0,[],[]
2022-10-03T15:45:00-04:00,2022-10-03,AMZN,24h,0,0.0,0.0,0.0,[],[]
2022-10-04T15:45:00-04:00,2022-10-04,AMZN,24h,0,0.0,0.0,0.0,[],[]
2022-10-05T15:45:00-04:00,2022-10-05,AMZN,24h,0,0.0,0.0,0.0,[],[]
2022-10-06T15:45:00-04:00,2022-10-06,AMZN,24h,0,0.0,0.0,0.0,[],[]
2022-10-07T15:45:00-04:00,2022-10-07,AMZN,24h,0,0.0,0.0,0.0,[],[]
2022-10-10T15:45:00-04:00,2022-10-10,AMZN,24h,0,0.0,0.0,0.0,[],[]
2022-10-11T15:45:00-04:00,2022-10-11,AMZN,24h,0,0.0,0.0,0.0,[],[]
2022-10-12T15:45:00-04:00,2022-10-12,AMZN,24h,0,0.0,0.0,0.0,[],[]
2022-10-13T15:45:00-04:00,2022-10-13,AMZN,24h,0,0.0,0.0,0.0,[],[]
2022-10-14T15:45:00-04:00,2022-10-14,AMZN,24h,0,0.0,0.0,0.0,[],[]
2022-10-17T15:45:00-04:00,2022-10-17,AMZN,24h,0,0.0,0.0,0.0,[],[]
2022-10-18T15:45:00-04:00,2022-10-18,AMZN,24h,0,0.0,0.0,0.0,[],[]
2022-10-19T15:45:00-04:00,2022-10-19,AMZN,24h,0,0.0,0.0,0.0,[],[]
2022-10-20T15:45:00-04:00,2022-10-20,AMZN,24h,0,0.0,0.0,0.0,[],[]
2022-10-21T15:45:00-04:00,2022-10-21,AMZN,24h,0,0.0,0.0,0.0,[],[]
2022-10-24T15:45:00-04:00,2022-10-24,AMZN,24h,0,0.0,0.0,0.0,[],[]
2022-10-25T15:45:00-04:00,2022-10-25,AMZN,24h,0,0.0,0.0,0.0,[],[]
2022-10-26T15:45:00-04:00,2022-10-26,AMZN,24h,0,0.0,0.0,0.0,[],[]
2022-10-27T15:45:00-04:00,2022-10-27,AMZN,24h,0,0.0,0.0,0.0,[],[]
2022-10-28T15:45:00-04:00,2022-10-28,AMZN,24h,1,0.0,0.0,0.0,"[""earnings"", ""litigation""]","[""sec_edgar""]"
2022-10-31T15:45:00-04:00,2022-10-31,AMZN,24h,0,0.0,0.0,0.0,[],[]
2022-11-01T15:45:00-04:00,2022-11-01,AMZN,24h,0,0.0,0.0,0.0,[],[]
2022-11-02T15:45:00-04:00,2022-11-02,AMZN,24h,0,0.0,0.0,0.0,[],[]
2022-11-03T15:45:00-04:00,2022-11-03,AMZN,24h,0,0.0,0.0,0.0,[],[]
2022-11-04T15:45:00-04:00,2022-11-04,AMZN,24h,0,0.0,0.0,0.0,[],[]
2022-11-07T15:45:00-05:00,2022-11-07,AMZN,24h,0,0.0,0.0,0.0,[],[]
2022-11-08T15:45:00-05:00,2022-11-08,AMZN,24h,0,0.0,0.0,0.0,[],[]
2022-11-09T15:45:00-05:00,2022-11-09,AMZN,24h,0,0.0,0.0,0.0,[],[]
2022-11-10T15:45:00-05:00,2022-11-10,AMZN,24h,0,0.0,0.0,0.0,[],[]
2022-11-11T15:45:00-05:00,2022-11-11,AMZN,24h,0,0.0,0.0,0.0,[],[]
2022-11-14T15:45:00-05:00,2022-11-14,AMZN,24h,0,0.0,0.0,0.0,[],[]
2022-11-15T15:45:00-05:00,2022-11-15,AMZN,24h,0,0.0,0.0,0.0,[],[]
2022-11-16T15:45:00-05:00,2022-11-16,AMZN,24h,0,0.0,0.0,0.0,[],[]
2022-11-17T15:45:00-05:00,2022-11-17,AMZN,24h,0,0.0,0.0,0.0,[],[]
2022-11-18T15:45:00-05:00,2022-11-18,AMZN,24h,0,0.0,0.0,0.0,[],[]
2022-11-21T15:45:00-05:00,2022-11-21,AMZN,24h,0,0.0,0.0,0.0,[],[]
2022-11-22T15:45:00-05:00,2022-11-22,AMZN,24h,0,0.0,0.0,0.0,[],[]
2022-11-23T15:45:00-05:00,2022-11-23,AMZN,24h,0,0.0,0.0,0.0,[],[]
2022-11-24T15:45:00-05:00,2022-11-24,AMZN,24h,0,0.0,0.0,0.0,[],[]
2022-11-25T15:45:00-05:00,2022-11-25,AMZN,24h,0,0.0,0.0,0.0,[],[]
2022-11-28T15:45:00-05:00,2022-11-28,AMZN,24h,0,0.0,0.0,0.0,[],[]
2022-11-29T15:45:00-05:00,2022-11-29,AMZN,24h,0,0.0,0.0,0.0,[],[]
2022-11-30T15:45:00-05:00,2022-11-30,AMZN,24h,0,0.0,0.0,0.0,[],[]
2022-12-01T15:45:00-05:00,2022-12-01,AMZN,24h,0,0.0,0.0,0.0,[],[]
2022-12-02T15:45:00-05:00,2022-12-02,AMZN,24h,1,0.0,0.0,0.0,"[""litigation""]","[""sec_edgar""]"
2022-12-05T15:45:00-05:00,2022-12-05,AMZN,24h,0,0.0,0.0,0.0,[],[]
2022-12-06T15:45:00-05:00,2022-12-06,AMZN,24h,0,0.0,0.0,0.0,[],[]
2022-12-07T15:45:00-05:00,2022-12-07,AMZN,24h,0,0.0,0.0,0.0,[],[]
2022-12-08T15:45:00-05:00,2022-12-08,AMZN,24h,0,0.0,0.0,0.0,[],[]
2022-12-09T15:45:00-05:00,2022-12-09,AMZN,24h,0,0.0,0.0,0.0,[],[]
2022-12-12T15:45:00-05:00,2022-12-12,AMZN,24h,0,0.0,0.0,0.0,[],[]
2022-12-13T15:45:00-05:00,2022-12-13,AMZN,24h,0,0.0,0.0,0.0,[],[]
2022-12-14T15:45:00-05:00,2022-12-14,AMZN,24h,0,0.0,0.0,0.0,[],[]
2022-12-15T15:45:00-05:00,2022-12-15,AMZN,24h,0,0.0,0.0,0.0,[],[]
2022-12-16T15:45:00-05:00,2022-12-16,AMZN,24h,0,0.0,0.0,0.0,[],[]
2022-12-19T15:45:00-05:00,2022-12-19,AMZN,24h,0,0.0,0.0,0.0,[],[]
2022-12-20T15:45:00-05:00,2022-12-20,AMZN,24h,0,0.0,0.0,0.0,[],[]
2022-12-21T15:45:00-05:00,2022-12-21,AMZN,24h,0,0.0,0.0,0.0,[],[]
2022-12-22T15:45:00-05:00,2022-12-22,AMZN,24h,0,0.0,0.0,0.0,[],[]
2022-12-23T15:45:00-05:00,2022-12-23,AMZN,24h,0,0.0,0.0,0.0,[],[]
2022-12-26T15:45:00-05:00,2022-12-26,AMZN,24h,0,0.0,0.0,0.0,[],[]
2022-12-27T15:45:00-05:00,2022-12-27,AMZN,24h,0,0.0,0.0,0.0,[],[]
2022-12-28T15:45:00-05:00,2022-12-28,AMZN,24h,0,0.0,0.0,0.0,[],[]
2022-12-29T15:45:00-05:00,2022-12-29,AMZN,24h,0,0.0,0.0,0.0,[],[]
2022-12-30T15:45:00-05:00,2022-12-30,AMZN,24h,0,0.0,0.0,0.0,[],[]
2020-01-01T15:45:00-05:00,2020-01-01,META,24h,1,0.9549,0.9549,0.0,"[""earnings"", ""guidance""]","[""benzinga""]"
2020-01-02T15:45:00-05:00,2020-01-02,META,24h,0,0.0,0.0,0.0,[],[]
2020-01-03T15:45:00-05:00,2020-01-03,META,24h,0,0.0,0.0,0.0,[],[]
2020-01-06T15:45:00-05:00,2020-01-06,META,24h,0,0.0,0.0,0.0,[],[]
2020-01-07T15:45:00-05:00,2020-01-07,META,24h,0,0.0,0.0,0.0,[],[]
2020-01-08T15:45:00-05:00,2020-01-08,META,24h,0,0.0,0.0,0.0,[],[]
2020-01-09T15:45:00-05:00,2020-01-09,META,24h,1,0.0,0.0,0.0,[],"[""reuters""]"
2020-01-10T15:45:00-05:00,2020-01-10,META,24h,0,0.0,0.0,0.0,[],[]
2020-01-13T15:45:00-05:00,2020-01-13,META,24h,1,0.7521,0.7521,0.0,[],"[""benzinga""]"
2020-01-14T15:45:00-05:00,2020-01-14,META,24h,0,0.0,0.0,0.0,[],[]
2020-01-15T15:45:00-05:00,2020-01-15,META,24h,0,0.0,0.0,0.0,[],[]
2020-01-16T15:45:00-05:00,2020-01-16,META,24h,0,0.0,0.0,0.0,[],[]
2020-01-17T15:45:00-05:00,2020-01-17,META,24h,1,0.8195,0.8195,0.0,[],"[""businesswire""]"
2020-01-20T15:45:00-05:00,2020-01-20,META,24h,0,0.0,0.0,0.0,[],[]
2020-01-21T15:45:00-05:00,2020-01-21,META,24h,0,0.0,0.0,0.0,[],[]
2020-01-22T15:45:00-05:00,2020-01-22,META,24h,0,0.0,0.0,0.0,[],[]
2020-01-23T15:45:00-05:00,2020-01-23,META,24h,0,0.0,0.0,0.0,[],[]
2020-01-24T15:45:00-05:00,2020-01-24,META,24h,0,0.0,0.0,0.0,[],[]
2020-01-27T15:45:00-05:00,2020-01-27,META,24h,0,0.0,0.0,0.0,[],[]
2020-01-28T15:45:00-05:00,2020-01-28,META,24h,0,0.0,0.0,0.0,[],[]
2020-01-29T15:45:00-05:00,2020-01-29,META,24h,0,0.0,0.0,0.0,[],[]
2020-01-30T15:45:00-05:00,2020-01-30,META,24h,0,0.0,0.0,0.0,[],[]
2020-01-31T15:45:00-05:00,2020-01-31,META,24h,0,0.0,0.0,0.0,[],[]
2020-02-03T15:45:00-05:00,2020-02-03,META,24h,0,0.0,0.0,0.0,[],[]
2020-02-04T15:45:00-05:00,2020-02-04,META,24h,0,0.0,0.0,0.0,[],[]
2020-02-05T15:45:00-05:00,2020-02-05,META,24h,0,0.0,0.0,0.0,[],[]
2020-02-06T15:45:00-05:00,2020-02-06,META,24h,0,0.0,0.0,0.0,[],[]
2020-02-07T15:45:00-05:00,2020-02-07,META,24h,0,0.0,0.0,0.0,[],[]
2020-02-10T15:45:00-05:00,2020-02-10,META,24h,0,0.0,0.0,0.0,[],[]
2020-02-11T15:45:00-05:00,2020-02-11,META,24h,0,0.0,0.0,0.0,[],[]
2020-02-12T15:45:00-05:00,2020-02-12,META,24h,0,0.0,0.0,0.0,[],[]
2020-02-13T15:45:00-05:00,2020-02-13,META,24h,0,0.0,0.0,0.0,[],[]
2020-02-14T15:45:00-05:00,2020-02-14,META,24h,1,0.9048,0.9048,0.0,"[""earnings"", ""guidance""]","[""reuters""]"
2020-02-17T15:45:00-05:00,2020-02-17,META,24h,0,0.0,0.0,0.0,[],[]
2020-02-18T15:45:00-05:00,2020-02-18,META,24h,0,0.0,0.0,0.0,[],[]
2020-02-19T15:45:00-05:00,2020-02-19,META,24h,0,0.0,0.0,0.0,[],[]
2020-02-20T15:45:00-05:00,2020-02-20,META,24h,0,0.0,0.0,0.0,[],[]
2020-02-21T15:45:00-05:00,2020-02-21,META,24h,0,0.0,0.0,0.0,[],[]
2020-02-24T15:45:00-05:00,2020-02-24,META,24h,0,0.0,0.0,0.0,[],[]
2020-02-25T15:45:00-05:00,2020-02-25,META,24h,0,0.0,0.0,0.0,[],[]
2020-02-26T15:45:00-05:00,2020-02-26,META,24h,0,0.0,0.0,0.0,[],[]
2020-02-27T15:45:00-05:00,2020-02-27,META,24h,0,0.0,0.0,0.0,[],[]
2020-02-28T15:45:00-05:00,2020-02-28,META,24h,0,0.0,0.0,0.0,[],[]
2020-03-02T15:45:00-05:00,2020-03-02,META,24h,0,0.0,0.0,0.0,[],[]
2020-03-03T15:45:00-05:00,2020-03-03,META,24h,0,0.0,0.0,0.0,[],[]
2020-03-04T15:45:00-05:00,2020-03-04,META,24h,0,0.0,0.0,0.0,[],[]
2020-03-05T15:45:00-05:00,2020-03-05,META,24h,0,0.0,0.0,0.0,[],[]
2020-03-06T15:45:00-05:00,2020-03-06,META,24h,0,0.0,0.0,0.0,[],[]
2020-03-09T15:45:00-04:00,2020-03-09,META,24h,0,0.0,0.0,0.0,[],[]
2020-03-10T15:45:00-04:00,2020-03-10,META,24h,0,0.0,0.0,0.0,[],[]
2020-03-11T15:45:00-04:00,2020-03-11,META,24h,0,0.0,0.0,0.0,[],[]
2020-03-12T15:45:00-04:00,2020-03-12,META,24h,0,0.0,0.0,0.0,[],[]
2020-03-13T15:45:00-04:00,2020-03-13,META,24h,0,0.0,0.0,0.0,[],[]
2020-03-16T15:45:00-04:00,2020-03-16,META,24h,0,0.0,0.0,0.0,[],[]
2020-03-17T15:45:00-04:00,2020-03-17,META,24h,0,0.0,0.0,0.0,[],[]
2020-03-18T15:45:00-04:00,2020-03-18,META,24h,0,0.0,0.0,0.0,[],[]
2020-03-19T15:45:00-04:00,2020-03-19,META,24h,0,0.0,0.0,0.0,[],[]
2020-03-20T15:45:00-04:00,2020-03-20,META,24h,0,0.0,0.0,0.0,[],[]
2020-03-23T15:45:00-04:00,2020-03-23,META,24h,0,0.0,0.0,0.0,[],[]
2020-03-24T15:45:00-04:00,2020-03-24,META,24h,0,0.0,0.0,0.0,[],[]
2020-03-25T15:45:00-04:00,2020-03-25,META,24h,0,0.0,0.0,0.0,[],[]
2020-03-26T15:45:00-04:00,2020-03-26,META,24h,0,0.0,0.0,0.0,[],[]
2020-03-27T15:45:00-04:00,2020-03-27,META,24h,0,0.0,0.0,0.0,[],[]
2020-03-30T15:45:00-04:00,2020-03-30,META,24h,0,0.0,0.0,0.0,[],[]
2020-03-31T15:45:00-04:00,2020-03-31,META,24h,0,0.0,0.0,0.0,[],[]
2020-04-01T15:45:00-04:00,2020-04-01,META,24h,0,0.0,0.0,0.0,[],[]
2020-04-02T15:45:00-04:00,2020-04-02,META,24h,0,0.0,0.0,0.0,[],[]
2020-04-03T15:45:00-04:00,2020-04-03,META,24h,0,0.0,0.0,0.0,[],[]
2020-04-06T15:45:00-04:00,2020-04-06,META,24h,0,0.0,0.0,0.0,[],[]
2020-04-07T15:45:00-04:00,2020-04-07,META,24h,0,0.0,0.0,0.0,[],[]
2020-04-08T15:45:00-04:00,2020-04-08,META,24h,0,0.0,0.0,0.0,[],[]
2020-04-09T15:45:00-04:00,2020-04-09,META,24h,0,0.0,0.0,0.0,[],[]
2020-04-10T15:45:00-04:00,2020-04-10,META,24h,0,0.0,0.0,0.0,[],[]
2020-04-13T15:45:00-04:00,2020-04-13,META,24h,0,0.0,0.0,0.0,[],[]
2020-04-14T15:45:00-04:00,2020-04-14,META,24h,0,0.0,0.0,0.0,[],[]
2020-04-15T15:45:00-04:00,2020-04-15,META,24h,0,0.0,0.0,0.0,[],[]
2020-04-16T15:45:00-04:00,2020-04-16,META,24h,0,0.0,0.0,0.0,[],[]
2020-04-17T15:45:00-04:00,2020-04-17,META,24h,0,0.0,0.0,0.0,[],[]
2020-04-20T15:45:00-04:00,2020-04-20,META,24h,0,0.0,0.0,0.0,[],[]
2020-04-21T15:45:00-04:00,2020-04-21,META,24h,0,0.0,0.0,0.0,[],[]
2020-04-22T15:45:00-04:00,2020-04-22,META,24h,0,0.0,0.0,0.0,[],[]
2020-04-23T15:45:00-04:00,2020-04-23,META,24h,0,0.0,0.0,0.0,[],[]
2020-04-24T15:45:00-04:00,2020-04-24,META,24h,0,0.0,0.0,0.0,[],[]
2020-04-27T15:45:00-04:00,2020-04-27,META,24h,0,0.0,0.0,0.0,[],[]
2020-04-28T15:45:00-04:00,2020-04-28,META,24h,0,0.0,0.0,0.0,[],[]
2020-04-29T15:45:00-04:00,2020-04-29,META,24h,0,0.0,0.0,0.0,[],[]
2020-04-30T15:45:00-04:00,2020-04-30,META,24h,0,0.0,0.0,0.0,[],[]
2020-05-01T15:45:00-04:00,2020-05-01,META,24h,0,0.0,0.0,0.0,[],[]
2020-05-04T15:45:00-04:00,2020-05-04,META,24h,0,0.0,0.0,0.0,[],[]
2020-05-05T15:45:00-04:00,2020-05-05,META,24h,0,0.0,0.0,0.0,[],[]
2020-05-06T15:45:00-04:00,2020-05-06,META,24h,0,0.0,0.0,0.0,[],[]
2020-05-07T15:45:00-04:00,2020-05-07,META,24h,0,0.0,0.0,0.0,[],[]
2020-05-08T15:45:00-04:00,2020-05-08,META,24h,0,0.0,0.0,0.0,[],[]
2020-05-11T15:45:00-04:00,2020-05-11,META,24h,0,0.0,0.0,0.0,[],[]
2020-05-12T15:45:00-04:00,2020-05-12,META,24h,0,0.0,0.0,0.0,[],[]
2020-05-13T15:45:00-04:00,2020-05-13,META,24h,0,0.0,0.0,0.0,[],[]
2020-05-14T15:45:00-04:00,2020-05-14,META,24h,0,0.0,0.0,0.0,[],[]
2020-05-15T15:45:00-04:00,2020-05-15,META,24h,0,0.0,0.0,0.0,[],[]
2020-05-18T15:45:00-04:00,2020-05-18,META,24h,0,0.0,0.0,0.0,[],[]
2020-05-19T15:45:00-04:00,2020-05-19,META,24h,0,0.0,0.0,0.0,[],[]
2020-05-20T15:45:00-04:00,2020-05-20,META,24h,0,0.0,0.0,0.0,[],[]
2020-05-21T15:45:00-04:00,2020-05-21,META,24h,0,0.0,0.0,0.0,[],[]
2020-05-22T15:45:00-04:00,2020-05-22,META,24h,0,0.0,0.0,0.0,[],[]
2020-05-25T15:45:00-04:00,2020-05-25,META,24h,0,0.0,0.0,0.0,[],[]
2020-05-26T15:45:00-04:00,2020-05-26,META,24h,0,0.0,0.0,0.0,[],[]
2020-05-27T15:45:00-04:00,2020-05-27,META,24h,0,0.0,0.0,0.0,[],[]
2020-05-28T15:45:00-04:00,2020-05-28,META,24h,0,0.0,0.0,0.0,[],[]
2020-05-29T15:45:00-04:00,2020-05-29,META,24h,0,0.0,0.0,0.0,[],[]
2020-06-01T15:45:00-04:00,2020-06-01,META,24h,0,0.0,0.0,0.0,[],[]
2020-06-02T15:45:00-04:00,2020-06-02,META,24h,0,0.0,0.0,0.0,[],[]
2020-06-03T15:45:00-04:00,2020-06-03,META,24h,0,0.0,0.0,0.0,[],[]
2020-06-04T15:45:00-04:00,2020-06-04,META,24h,0,0.0,0.0,0.0,[],[]
2020-06-05T15:45:00-04:00,2020-06-05,META,24h,0,0.0,0.0,0.0,[],[]
2020-06-08T15:45:00-04:00,2020-06-08,META,24h,0,0.0,0.0,0.0,[],[]
2020-06-09T15:45:00-04:00,2020-06-09,META,24h,0,0.0,0.0,0.0,[],[]
2020-06-10T15:45:00-04:00,2020-06-10,META,24h,0,0.0,0.0,0.0,[],[]
2020-06-11T15:45:00-04:00,2020-06-11,META,24h,0,0.0,0.0,0.0,[],[]
2020-06-12T15:45:00-04:00,2020-06-12,META,24h,0,0.0,0.0,0.0,[],[]
2020-06-15T15:45:00-04:00,2020-06-15,META,24h,0,0.0,0.0,0.0,[],[]
2020-06-16T15:45:00-04:00,2020-06-16,META,24h,0,0.0,0.0,0.0,[],[]
2020-06-17T15:45:00-04:00,2020-06-17,META,24h,0,0.0,0.0,0.0,[],[]
2020-06-18T15:45:00-04:00,2020-06-18,META,24h,0,0.0,0.0,0.0,[],[]
2020-06-19T15:45:00-04:00,2020-06-19,META,24h,0,0.0,0.0,0.0,[],[]
2020-06-22T15:45:00-04:00,2020-06-22,META,24h,0,0.0,0.0,0.0,[],[]
2020-06-23T15:45:00-04:00,2020-06-23,META,24h,0,0.0,0.0,0.0,[],[]
2020-06-24T15:45:00-04:00,2020-06-24,META,24h,0,0.0,0.0,0.0,[],[]
2020-06-25T15:45:00-04:00,2020-06-25,META,24h,0,0.0,0.0,0.0,[],[]
2020-06-26T15:45:00-04:00,2020-06-26,META,24h,0,0.0,0.0,0.0,[],[]
2020-06-29T15:45:00-04:00,2020-06-29,META,24h,0,0.0,0.0,0.0,[],[]
2020-06-30T15:45:00-04:00,2020-06-30,META,24h,0,0.0,0.0,0.0,[],[]
2020-07-01T15:45:00-04:00,2020-07-01,META,24h,0,0.0,0.0,0.0,[],[]
2020-07-02T15:45:00-04:00,2020-07-02,META,24h,0,0.0,0.0,0.0,[],[]
2020-07-03T15:45:00-04:00,2020-07-03,META,24h,0,0.0,0.0,0.0,[],[]
2020-07-06T15:45:00-04:00,2020-07-06,META,24h,0,0.0,0.0,0.0,[],[]
2020-07-07T15:45:00-04:00,2020-07-07,META,24h,0,0.0,0.0,0.0,[],[]
2020-07-08T15:45:00-04:00,2020-07-08,META,24h,0,0.0,0.0,0.0,[],[]
2020-07-09T15:45:00-04:00,2020-07-09,META,24h,0,0.0,0.0,0.0,[],[]
2020-07-10T15:45:00-04:00,2020-07-10,META,24h,0,0.0,0.0,0.0,[],[]
2020-07-13T15:45:00-04:00,2020-07-13,META,24h,0,0.0,0.0,0.0,[],[]
2020-07-14T15:45:00-04:00,2020-07-14,META,24h,0,0.0,0.0,0.0,[],[]
2020-07-15T15:45:00-04:00,2020-07-15,META,24h,0,0.0,0.0,0.0,[],[]
2020-07-16T15:45:00-04:00,2020-07-16,META,24h,0,0.0,0.0,0.0,[],[]
2020-07-17T15:45:00-04:00,2020-07-17,META,24h,0,0.0,0.0,0.0,[],[]
2020-07-20T15:45:00-04:00,2020-07-20,META,24h,0,0.0,0.0,0.0,[],[]
2020-07-21T15:45:00-04:00,2020-07-21,META,24h,0,0.0,0.0,0.0,[],[]
2020-07-22T15:45:00-04:00,2020-07-22,META,24h,0,0.0,0.0,0.0,[],[]
2020-07-23T15:45:00-04:00,2020-07-23,META,24h,0,0.0,0.0,0.0,[],[]
2020-07-24T15:45:00-04:00,2020-07-24,META,24h,0,0.0,0.0,0.0,[],[]
2020-07-27T15:45:00-04:00,2020-07-27,META,24h,0,0.0,0.0,0.0,[],[]
2020-07-28T15:45:00-04:00,2020-07-28,META,24h,0,0.0,0.0,0.0,[],[]
2020-07-29T15:45:00-04:00,2020-07-29,META,24h,0,0.0,0.0,0.0,[],[]
2020-07-30T15:45:00-04:00,2020-07-30,META,24h,0,0.0,0.0,0.0,[],[]
2020-07-31T15:45:00-04:00,2020-07-31,META,24h,0,0.0,0.0,0.0,[],[]
2020-08-03T15:45:00-04:00,2020-08-03,META,24h,0,0.0,0.0,0.0,[],[]
2020-08-04T15:45:00-04:00,2020-08-04,META,24h,0,0.0,0.0,0.0,[],[]
2020-08-05T15:45:00-04:00,2020-08-05,META,24h,0,0.0,0.0,0.0,[],[]
2020-08-06T15:45:00-04:00,2020-08-06,META,24h,0,0.0,0.0,0.0,[],[]
2020-08-07T15:45:00-04:00,2020-08-07,META,24h,0,0.0,0.0,0.0,[],[]
2020-08-10T15:45:00-04:00,2020-08-10,META,24h,0,0.0,0.0,0.0,[],[]
2020-08-11T15:45:00-04:00,2020-08-11,META,24h,0,0.0,0.0,0.0,[],[]
2020-08-12T15:45:00-04:00,2020-08-12,META,24h,0,0.0,0.0,0.0,[],[]
2020-08-13T15:45:00-04:00,2020-08-13,META,24h,0,0.0,0.0,0.0,[],[]
2020-08-14T15:45:00-04:00,2020-08-14,META,24h,0,0.0,0.0,0.0,[],[]
2020-08-17T15:45:00-04:00,2020-08-17,META,24h,0,0.0,0.0,0.0,[],[]
2020-08-18T15:45:00-04:00,2020-08-18,META,24h,0,0.0,0.0,0.0,[],[]
2020-08-19T15:45:00-04:00,2020-08-19,META,24h,0,0.0,0.0,0.0,[],[]
2020-08-20T15:45:00-04:00,2020-08-20,META,24h,0,0.0,0.0,0.0,[],[]
2020-08-21T15:45:00-04:00,2020-08-21,META,24h,0,0.0,0.0,0.0,[],[]
2020-08-24T15:45:00-04:00,2020-08-24,META,24h,0,0.0,0.0,0.0,[],[]
2020-08-25T15:45:00-04:00,2020-08-25,META,24h,0,0.0,0.0,0.0,[],[]
2020-08-26T15:45:00-04:00,2020-08-26,META,24h,0,0.0,0.0,0.0,[],[]
2020-08-27T15:45:00-04:00,2020-08-27,META,24h,0,0.0,0.0,0.0,[],[]
2020-08-28T15:45:00-04:00,2020-08-28,META,24h,0,0.0,0.0,0.0,[],[]
2020-08-31T15:45:00-04:00,2020-08-31,META,24h,0,0.0,0.0,0.0,[],[]
2020-09-01T15:45:00-04:00,2020-09-01,META,24h,0,0.0,0.0,0.0,[],[]
2020-09-02T15:45:00-04:00,2020-09-02,META,24h,0,0.0,0.0,0.0,[],[]
2020-09-03T15:45:00-04:00,2020-09-03,META,24h,0,0.0,0.0,0.0,[],[]
2020-09-04T15:45:00-04:00,2020-09-04,META,24h,0,0.0,0.0,0.0,[],[]
2020-09-07T15:45:00-04:00,2020-09-07,META,24h,0,0.0,0.0,0.0,[],[]
2020-09-08T15:45:00-04:00,2020-09-08,META,24h,0,0.0,0.0,0.0,[],[]
2020-09-09T15:45:00-04:00,2020-09-09,META,24h,0,0.0,0.0,0.0,[],[]
2020-09-10T15:45:00-04:00,2020-09-10,META,24h,0,0.0,0.0,0.0,[],[]
2020-09-11T15:45:00-04:00,2020-09-11,META,24h,0,0.0,0.0,0.0,[],[]
2020-09-14T15:45:00-04:00,2020-09-14,META,24h,0,0.0,0.0,0.0,[],[]
2020-09-15T15:45:00-04:00,2020-09-15,META,24h,0,0.0,0.0,0.0,[],[]
2020-09-16T15:45:00-04:00,2020-09-16,META,24h,0,0.0,0.0,0.0,[],[]
2020-09-17T15:45:00-04:00,2020-09-17,META,24h,0,0.0,0.0,0.0,[],[]
2020-09-18T15:45:00-04:00,2020-09-18,META,24h,0,0.0,0.0,0.0,[],[]
2020-09-21T15:45:00-04:00,2020-09-21,META,24h,0,0.0,0.0,0.0,[],[]
2020-09-22T15:45:00-04:00,2020-09-22,META,24h,0,0.0,0.0,0.0,[],[]
2020-09-23T15:45:00-04:00,2020-09-23,META,24h,0,0.0,0.0,0.0,[],[]
2020-09-24T15:45:00-04:00,2020-09-24,META,24h,0,0.0,0.0,0.0,[],[]
2020-09-25T15:45:00-04:00,2020-09-25,META,24h,0,0.0,0.0,0.0,[],[]
2020-09-28T15:45:00-04:00,2020-09-28,META,24h,0,0.0,0.0,0.0,[],[]
2020-09-29T15:45:00-04:00,2020-09-29,META,24h,0,0.0,0.0,0.0,[],[]
2020-09-30T15:45:00-04:00,2020-09-30,META,24h,0,0.0,0.0,0.0,[],[]
2020-10-01T15:45:00-04:00,2020-10-01,META,24h,0,0.0,0.0,0.0,[],[]
2020-10-02T15:45:00-04:00,2020-10-02,META,24h,0,0.0,0.0,0.0,[],[]
2020-10-05T15:45:00-04:00,2020-10-05,META,24h,0,0.0,0.0,0.0,[],[]
2020-10-06T15:45:00-04:00,2020-10-06,META,24h,0,0.0,0.0,0.0,[],[]
2020-10-07T15:45:00-04:00,2020-10-07,META,24h,0,0.0,0.0,0.0,[],[]
2020-10-08T15:45:00-04:00,2020-10-08,META,24h,0,0.0,0.0,0.0,[],[]
2020-10-09T15:45:00-04:00,2020-10-09,META,24h,0,0.0,0.0,0.0,[],[]
2020-10-12T15:45:00-04:00,2020-10-12,META,24h,0,0.0,0.0,0.0,[],[]
2020-10-13T15:45:00-04:00,2020-10-13,META,24h,0,0.0,0.0,0.0,[],[]
2020-10-14T15:45:00-04:00,2020-10-14,META,24h,0,0.0,0.0,0.0,[],[]
2020-10-15T15:45:00-04:00,2020-10-15,META,24h,0,0.0,0.0,0.0,[],[]
2020-10-16T15:45:00-04:00,2020-10-16,META,24h,0,0.0,0.0,0.0,[],[]
2020-10-19T15:45:00-04:00,2020-10-19,META,24h,0,0.0,0.0,0.0,[],[]
2020-10-20T15:45:00-04:00,2020-10-20,META,24h,0,0.0,0.0,0.0,[],[]
2020-10-21T15:45:00-04:00,2020-10-21,META,24h,0,0.0,0.0,0.0,[],[]
2020-10-22T15:45:00-04:00,2020-10-22,META,24h,0,0.0,0.0,0.0,[],[]
2020-10-23T15:45:00-04:00,2020-10-23,META,24h,0,0.0,0.0,0.0,[],[]
2020-10-26T15:45:00-04:00,2020-10-26,META,24h,0,0.0,0.0,0.0,[],[]
2020-10-27T15:45:00-04:00,2020-10-27,META,24h,0,0.0,0.0,0.0,[],[]
2020-10-28T15:45:00-04:00,2020-10-28,META,24h,0,0.0,0.0,0.0,[],[]
2020-10-29T15:45:00-04:00,2020-10-29,META,24h,0,0.0,0.0,0.0,[],[]
2020-10-30T15:45:00-04:00,2020-10-30,META,24h,0,0.0,0.0,0.0,[],[]
2020-11-02T15:45:00-05:00,2020-11-02,META,24h,0,0.0,0.0,0.0,[],[]
2020-11-03T15:45:00-05:00,2020-11-03,META,24h,0,0.0,0.0,0.0,[],[]
2020-11-04T15:45:00-05:00,2020-11-04,META,24h,0,0.0,0.0,0.0,[],[]
2020-11-05T15:45:00-05:00,2020-11-05,META,24h,0,0.0,0.0,0.0,[],[]
2020-11-06T15:45:00-05:00,2020-11-06,META,24h,0,0.0,0.0,0.0,[],[]
2020-11-09T15:45:00-05:00,2020-11-09,META,24h,0,0.0,0.0,0.0,[],[]
2020-11-10T15:45:00-05:00,2020-11-10,META,24h,0,0.0,0.0,0.0,[],[]
2020-11-11T15:45:00-05:00,2020-11-11,META,24h,0,0.0,0.0,0.0,[],[]
2020-11-12T15:45:00-05:00,2020-11-12,META,24h,0,0.0,0.0,0.0,[],[]
2020-11-13T15:45:00-05:00,2020-11-13,META,24h,0,0.0,0.0,0.0,[],[]
2020-11-16T15:45:00-05:00,2020-11-16,META,24h,0,0.0,0.0,0.0,[],[]
2020-11-17T15:45:00-05:00,2020-11-17,META,24h,0,0.0,0.0,0.0,[],[]
2020-11-18T15:45:00-05:00,2020-11-18,META,24h,0,0.0,0.0,0.0,[],[]
2020-11-19T15:45:00-05:00,2020-11-19,META,24h,0,0.0,0.0,0.0,[],[]
2020-11-20T15:45:00-05:00,2020-11-20,META,24h,0,0.0,0.0,0.0,[],[]
2020-11-23T15:45:00-05:00,2020-11-23,META,24h,0,0.0,0.0,0.0,[],[]
2020-11-24T15:45:00-05:00,2020-11-24,META,24h,0,0.0,0.0,0.0,[],[]
2020-11-25T15:45:00-05:00,2020-11-25,META,24h,0,0.0,0.0,0.0,[],[]
2020-11-26T15:45:00-05:00,2020-11-26,META,24h,0,0.0,0.0,0.0,[],[]
2020-11-27T15:45:00-05:00,2020-11-27,META,24h,0,0.0,0.0,0.0,[],[]
2020-11-30T15:45:00-05:00,2020-11-30,META,24h,0,0.0,0.0,0.0,[],[]
2020-12-01T15:45:00-05:00,2020-12-01,META,24h,0,0.0,0.0,0.0,[],[]
2020-12-02T15:45:00-05:00,2020-12-02,META,24h,0,0.0,0.0,0.0,[],[]
2020-12-03T15:45:00-05:00,2020-12-03,META,24h,0,0.0,0.0,0.0,[],[]
2020-12-04T15:45:00-05:00,2020-12-04,META,24h,0,0.0,0.0,0.0,[],[]
2020-12-07T15:45:00-05:00,2020-12-07,META,24h,0,0.0,0.0,0.0,[],[]
2020-12-08T15:45:00-05:00,2020-12-08,META,24h,0,0.0,0.0,0.0,[],[]
2020-12-09T15:45:00-05:00,2020-12-09,META,24h,0,0.0,0.0,0.0,[],[]
2020-12-10T15:45:00-05:00,2020-12-10,META,24h,0,0.0,0.0,0.0,[],[]
2020-12-11T15:45:00-05:00,2020-12-11,META,24h,0,0.0,0.0,0.0,[],[]
2020-12-14T15:45:00-05:00,2020-12-14,META,24h,0,0.0,0.0,0.0,[],[]
2020-12-15T15:45:00-05:00,2020-12-15,META,24h,0,0.0,0.0,0.0,[],[]
2020-12-16T15:45:00-05:00,2020-12-16,META,24h,0,0.0,0.0,0.0,[],[]
2020-12-17T15:45:00-05:00,2020-12-17,META,24h,0,0.0,0.0,0.0,[],[]
2020-12-18T15:45:00-05:00,2020-12-18,META,24h,0,0.0,0.0,0.0,[],[]
2020-12-21T15:45:00-05:00,2020-12-21,META,24h,0,0.0,0.0,0.0,[],[]
2020-12-22T15:45:00-05:00,2020-12-22,META,24h,0,0.0,0.0,0.0,[],[]
2020-12-23T15:45:00-05:00,2020-12-23,META,24h,0,0.0,0.0,0.0,[],[]
2020-12-24T15:45:00-05:00,2020-12-24,META,24h,0,0.0,0.0,0.0,[],[]
2020-12-25T15:45:00-05:00,2020-12-25,META,24h,0,0.0,0.0,0.0,[],[]
2020-12-28T15:45:00-05:00,2020-12-28,META,24h,0,0.0,0.0,0.0,[],[]
2020-12-29T15:45:00-05:00,2020-12-29,META,24h,0,0.0,0.0,0.0,[],[]
2020-12-30T15:45:00-05:00,2020-12-30,META,24h,0,0.0,0.0,0.0,[],[]
2020-12-31T15:45:00-05:00,2020-12-31,META,24h,0,0.0,0.0,0.0,[],[]
2021-01-01T15:45:00-05:00,2021-01-01,META,24h,0,0.0,0.0,0.0,[],[]
2021-01-04T15:45:00-05:00,2021-01-04,META,24h,0,0.0,0.0,0.0,[],[]
2021-01-05T15:45:00-05:00,2021-01-05,META,24h,0,0.0,0.0,0.0,[],[]
2021-01-06T15:45:00-05:00,2021-01-06,META,24h,0,0.0,0.0,0.0,[],[]
2021-01-07T15:45:00-05:00,2021-01-07,META,24h,0,0.0,0.0,0.0,[],[]
2021-01-08T15:45:00-05:00,2021-01-08,META,24h,0,0.0,0.0,0.0,[],[]
2021-01-11T15:45:00-05:00,2021-01-11,META,24h,0,0.0,0.0,0.0,[],[]
2021-01-12T15:45:00-05:00,2021-01-12,META,24h,0,0.0,0.0,0.0,[],[]
2021-01-13T15:45:00-05:00,2021-01-13,META,24h,0,0.0,0.0,0.0,[],[]
2021-01-14T15:45:00-05:00,2021-01-14,META,24h,0,0.0,0.0,0.0,[],[]
2021-01-15T15:45:00-05:00,2021-01-15,META,24h,0,0.0,0.0,0.0,[],[]
2021-01-18T15:45:00-05:00,2021-01-18,META,24h,0,0.0,0.0,0.0,[],[]
2021-01-19T15:45:00-05:00,2021-01-19,META,24h,0,0.0,0.0,0.0,[],[]
2021-01-20T15:45:00-05:00,2021-01-20,META,24h,0,0.0,0.0,0.0,[],[]
2021-01-21T15:45:00-05:00,2021-01-21,META,24h,0,0.0,0.0,0.0,[],[]
2021-01-22T15:45:00-05:00,2021-01-22,META,24h,0,0.0,0.0,0.0,[],[]
2021-01-25T15:45:00-05:00,2021-01-25,META,24h,0,0.0,0.0,0.0,[],[]
2021-01-26T15:45:00-05:00,2021-01-26,META,24h,0,0.0,0.0,0.0,[],[]
2021-01-27T15:45:00-05:00,2021-01-27,META,24h,0,0.0,0.0,0.0,[],[]
2021-01-28T15:45:00-05:00,2021-01-28,META,24h,0,0.0,0.0,0.0,[],[]
2021-01-29T15:45:00-05:00,2021-01-29,META,24h,0,0.0,0.0,0.0,[],[]
2021-02-01T15:45:00-05:00,2021-02-01,META,24h,0,0.0,0.0,0.0,[],[]
2021-02-02T15:45:00-05:00,2021-02-02,META,24h,0,0.0,0.0,0.0,[],[]
2021-02-03T15:45:00-05:00,2021-02-03,META,24h,0,0.0,0.0,0.0,[],[]
2021-02-04T15:45:00-05:00,2021-02-04,META,24h,0,0.0,0.0,0.0,[],[]
2021-02-05T15:45:00-05:00,2021-02-05,META,24h,0,0.0,0.0,0.0,[],[]
2021-02-08T15:45:00-05:00,2021-02-08,META,24h,0,0.0,0.0,0.0,[],[]
2021-02-09T15:45:00-05:00,2021-02-09,META,24h,0,0.0,0.0,0.0,[],[]
2021-02-10T15:45:00-05:00,2021-02-10,META,24h,0,0.0,0.0,0.0,[],[]
2021-02-11T15:45:00-05:00,2021-02-11,META,24h,0,0.0,0.0,0.0,[],[]
2021-02-12T15:45:00-05:00,2021-02-12,META,24h,0,0.0,0.0,0.0,[],[]
2021-02-15T15:45:00-05:00,2021-02-15,META,24h,0,0.0,0.0,0.0,[],[]
2021-02-16T15:45:00-05:00,2021-02-16,META,24h,0,0.0,0.0,0.0,[],[]
2021-02-17T15:45:00-05:00,2021-02-17,META,24h,0,0.0,0.0,0.0,[],[]
2021-02-18T15:45:00-05:00,2021-02-18,META,24h,0,0.0,0.0,0.0,[],[]
2021-02-19T15:45:00-05:00,2021-02-19,META,24h,0,0.0,0.0,0.0,[],[]
2021-02-22T15:45:00-05:00,2021-02-22,META,24h,0,0.0,0.0,0.0,[],[]
2021-02-23T15:45:00-05:00,2021-02-23,META,24h,0,0.0,0.0,0.0,[],[]
2021-02-24T15:45:00-05:00,2021-02-24,META,24h,0,0.0,0.0,0.0,[],[]
2021-02-25T15:45:00-05:00,2021-02-25,META,24h,0,0.0,0.0,0.0,[],[]
2021-02-26T15:45:00-05:00,2021-02-26,META,24h,0,0.0,0.0,0.0,[],[]
2021-03-01T15:45:00-05:00,2021-03-01,META,24h,0,0.0,0.0,0.0,[],[]
2021-03-02T15:45:00-05:00,2021-03-02,META,24h,0,0.0,0.0,0.0,[],[]
2021-03-03T15:45:00-05:00,2021-03-03,META,24h,0,0.0,0.0,0.0,[],[]
2021-03-04T15:45:00-05:00,2021-03-04,META,24h,0,0.0,0.0,0.0,[],[]
2021-03-05T15:45:00-05:00,2021-03-05,META,24h,0,0.0,0.0,0.0,[],[]
2021-03-08T15:45:00-05:00,2021-03-08,META,24h,0,0.0,0.0,0.0,[],[]
2021-03-09T15:45:00-05:00,2021-03-09,META,24h,0,0.0,0.0,0.0,[],[]
2021-03-10T15:45:00-05:00,2021-03-10,META,24h,0,0.0,0.0,0.0,[],[]
2021-03-11T15:45:00-05:00,2021-03-11,META,24h,0,0.0,0.0,0.0,[],[]
2021-03-12T15:45:00-05:00,2021-03-12,META,24h,0,0.0,0.0,0.0,[],[]
2021-03-15T15:45:00-04:00,2021-03-15,META,24h,0,0.0,0.0,0.0,[],[]
2021-03-16T15:45:00-04:00,2021-03-16,META,24h,0,0.0,0.0,0.0,[],[]
2021-03-17T15:45:00-04:00,2021-03-17,META,24h,0,0.0,0.0,0.0,[],[]
2021-03-18T15:45:00-04:00,2021-03-18,META,24h,0,0.0,0.0,0.0,[],[]
2021-03-19T15:45:00-04:00,2021-03-19,META,24h,0,0.0,0.0,0.0,[],[]
2021-03-22T15:45:00-04:00,2021-03-22,META,24h,0,0.0,0.0,0.0,[],[]
2021-03-23T15:45:00-04:00,2021-03-23,META,24h,0,0.0,0.0,0.0,[],[]
2021-03-24T15:45:00-04:00,2021-03-24,META,24h,0,0.0,0.0,0.0,[],[]
2021-03-25T15:45:00-04:00,2021-03-25,META,24h,0,0.0,0.0,0.0,[],[]
2021-03-26T15:45:00-04:00,2021-03-26,META,24h,0,0.0,0.0,0.0,[],[]
2021-03-29T15:45:00-04:00,2021-03-29,META,24h,0,0.0,0.0,0.0,[],[]
2021-03-30T15:45:00-04:00,2021-03-30,META,24h,0,0.0,0.0,0.0,[],[]
2021-03-31T15:45:00-04:00,2021-03-31,META,24h,0,0.0,0.0,0.0,[],[]
2021-04-01T15:45:00-04:00,2021-04-01,META,24h,0,0.0,0.0,0.0,[],[]
2021-04-02T15:45:00-04:00,2021-04-02,META,24h,0,0.0,0.0,0.0,[],[]
2021-04-05T15:45:00-04:00,2021-04-05,META,24h,0,0.0,0.0,0.0,[],[]
2021-04-06T15:45:00-04:00,2021-04-06,META,24h,0,0.0,0.0,0.0,[],[]
2021-04-07T15:45:00-04:00,2021-04-07,META,24h,0,0.0,0.0,0.0,[],[]
2021-04-08T15:45:00-04:00,2021-04-08,META,24h,0,0.0,0.0,0.0,[],[]
2021-04-09T15:45:00-04:00,2021-04-09,META,24h,0,0.0,0.0,0.0,[],[]
2021-04-12T15:45:00-04:00,2021-04-12,META,24h,0,0.0,0.0,0.0,[],[]
2021-04-13T15:45:00-04:00,2021-04-13,META,24h,0,0.0,0.0,0.0,[],[]
2021-04-14T15:45:00-04:00,2021-04-14,META,24h,0,0.0,0.0,0.0,[],[]
2021-04-15T15:45:00-04:00,2021-04-15,META,24h,0,0.0,0.0,0.0,[],[]
2021-04-16T15:45:00-04:00,2021-04-16,META,24h,0,0.0,0.0,0.0,[],[]
2021-04-19T15:45:00-04:00,2021-04-19,META,24h,0,0.0,0.0,0.0,[],[]
2021-04-20T15:45:00-04:00,2021-04-20,META,24h,0,0.0,0.0,0.0,[],[]
2021-04-21T15:45:00-04:00,2021-04-21,META,24h,0,0.0,0.0,0.0,[],[]
2021-04-22T15:45:00-04:00,2021-04-22,META,24h,0,0.0,0.0,0.0,[],[]
2021-04-23T15:45:00-04:00,2021-04-23,META,24h,0,0.0,0.0,0.0,[],[]
2021-04-26T15:45:00-04:00,2021-04-26,META,24h,0,0.0,0.0,0.0,[],[]
2021-04-27T15:45:00-04:00,2021-04-27,META,24h,0,0.0,0.0,0.0,[],[]
2021-04-28T15:45:00-04:00,2021-04-28,META,24h,0,0.0,0.0,0.0,[],[]
2021-04-29T15:45:00-04:00,2021-04-29,META,24h,0,0.0,0.0,0.0,[],[]
2021-04-30T15:45:00-04:00,2021-04-30,META,24h,0,0.0,0.0,0.0,[],[]
2021-05-03T15:45:00-04:00,2021-05-03,META,24h,0,0.0,0.0,0.0,[],[]
2021-05-04T15:45:00-04:00,2021-05-04,META,24h,0,0.0,0.0,0.0,[],[]
2021-05-05T15:45:00-04:00,2021-05-05,META,24h,0,0.0,0.0,0.0,[],[]
2021-05-06T15:45:00-04:00,2021-05-06,META,24h,0,0.0,0.0,0.0,[],[]
2021-05-07T15:45:00-04:00,2021-05-07,META,24h,0,0.0,0.0,0.0,[],[]
2021-05-10T15:45:00-04:00,2021-05-10,META,24h,0,0.0,0.0,0.0,[],[]
2021-05-11T15:45:00-04:00,2021-05-11,META,24h,0,0.0,0.0,0.0,[],[]
2021-05-12T15:45:00-04:00,2021-05-12,META,24h,0,0.0,0.0,0.0,[],[]
2021-05-13T15:45:00-04:00,2021-05-13,META,24h,0,0.0,0.0,0.0,[],[]
2021-05-14T15:45:00-04:00,2021-05-14,META,24h,0,0.0,0.0,0.0,[],[]
2021-05-17T15:45:00-04:00,2021-05-17,META,24h,0,0.0,0.0,0.0,[],[]
2021-05-18T15:45:00-04:00,2021-05-18,META,24h,0,0.0,0.0,0.0,[],[]
2021-05-19T15:45:00-04:00,2021-05-19,META,24h,0,0.0,0.0,0.0,[],[]
2021-05-20T15:45:00-04:00,2021-05-20,META,24h,0,0.0,0.0,0.0,[],[]
2021-05-21T15:45:00-04:00,2021-05-21,META,24h,0,0.0,0.0,0.0,[],[]
2021-05-24T15:45:00-04:00,2021-05-24,META,24h,0,0.0,0.0,0.0,[],[]
2021-05-25T15:45:00-04:00,2021-05-25,META,24h,0,0.0,0.0,0.0,[],[]
2021-05-26T15:45:00-04:00,2021-05-26,META,24h,0,0.0,0.0,0.0,[],[]
2021-05-27T15:45:00-04:00,2021-05-27,META,24h,0,0.0,0.0,0.0,[],[]
2021-05-28T15:45:00-04:00,2021-05-28,META,24h,0,0.0,0.0,0.0,[],[]
2021-05-31T15:45:00-04:00,2021-05-31,META,24h,0,0.0,0.0,0.0,[],[]
2021-06-01T15:45:00-04:00,2021-06-01,META,24h,0,0.0,0.0,0.0,[],[]
2021-06-02T15:45:00-04:00,2021-06-02,META,24h,0,0.0,0.0,0.0,[],[]
2021-06-03T15:45:00-04:00,2021-06-03,META,24h,0,0.0,0.0,0.0,[],[]
2021-06-04T15:45:00-04:00,2021-06-04,META,24h,0,0.0,0.0,0.0,[],[]
2021-06-07T15:45:00-04:00,2021-06-07,META,24h,0,0.0,0.0,0.0,[],[]
2021-06-08T15:45:00-04:00,2021-06-08,META,24h,0,0.0,0.0,0.0,[],[]
2021-06-09T15:45:00-04:00,2021-06-09,META,24h,0,0.0,0.0,0.0,[],[]
2021-06-10T15:45:00-04:00,2021-06-10,META,24h,0,0.0,0.0,0.0,[],[]
2021-06-11T15:45:00-04:00,2021-06-11,META,24h,0,0.0,0.0,0.0,[],[]
2021-06-14T15:45:00-04:00,2021-06-14,META,24h,0,0.0,0.0,0.0,[],[]
2021-06-15T15:45:00-04:00,2021-06-15,META,24h,0,0.0,0.0,0.0,[],[]
2021-06-16T15:45:00-04:00,2021-06-16,META,24h,0,0.0,0.0,0.0,[],[]
2021-06-17T15:45:00-04:00,2021-06-17,META,24h,0,0.0,0.0,0.0,[],[]
2021-06-18T15:45:00-04:00,2021-06-18,META,24h,0,0.0,0.0,0.0,[],[]
2021-06-21T15:45:00-04:00,2021-06-21,META,24h,0,0.0,0.0,0.0,[],[]
2021-06-22T15:45:00-04:00,2021-06-22,META,24h,0,0.0,0.0,0.0,[],[]
2021-06-23T15:45:00-04:00,2021-06-23,META,24h,0,0.0,0.0,0.0,[],[]
2021-06-24T15:45:00-04:00,2021-06-24,META,24h,0,0.0,0.0,0.0,[],[]
2021-06-25T15:45:00-04:00,2021-06-25,META,24h,0,0.0,0.0,0.0,[],[]
2021-06-28T15:45:00-04:00,2021-06-28,META,24h,0,0.0,0.0,0.0,[],[]
2021-06-29T15:45:00-04:00,2021-06-29,META,24h,0,0.0,0.0,0.0,[],[]
2021-06-30T15:45:00-04:00,2021-06-30,META,24h,0,0.0,0.0,0.0,[],[]
2021-07-01T15:45:00-04:00,2021-07-01,META,24h,0,0.0,0.0,0.0,[],[]
2021-07-02T15:45:00-04:00,2021-07-02,META,24h,0,0.0,0.0,0.0,[],[]
2021-07-05T15:45:00-04:00,2021-07-05,META,24h,0,0.0,0.0,0.0,[],[]
2021-07-06T15:45:00-04:00,2021-07-06,META,24h,0,0.0,0.0,0.0,[],[]
2021-07-07T15:45:00-04:00,2021-07-07,META,24h,0,0.0,0.0,0.0,[],[]
2021-07-08T15:45:00-04:00,2021-07-08,META,24h,0,0.0,0.0,0.0,[],[]
2021-07-09T15:45:00-04:00,2021-07-09,META,24h,0,0.0,0.0,0.0,[],[]
2021-07-12T15:45:00-04:00,2021-07-12,META,24h,0,0.0,0.0,0.0,[],[]
2021-07-13T15:45:00-04:00,2021-07-13,META,24h,0,0.0,0.0,0.0,[],[]
2021-07-14T15:45:00-04:00,2021-07-14,META,24h,0,0.0,0.0,0.0,[],[]
2021-07-15T15:45:00-04:00,2021-07-15,META,24h,0,0.0,0.0,0.0,[],[]
2021-07-16T15:45:00-04:00,2021-07-16,META,24h,0,0.0,0.0,0.0,[],[]
2021-07-19T15:45:00-04:00,2021-07-19,META,24h,0,0.0,0.0,0.0,[],[]
2021-07-20T15:45:00-04:00,2021-07-20,META,24h,0,0.0,0.0,0.0,[],[]
2021-07-21T15:45:00-04:00,2021-07-21,META,24h,0,0.0,0.0,0.0,[],[]
2021-07-22T15:45:00-04:00,2021-07-22,META,24h,0,0.0,0.0,0.0,[],[]
2021-07-23T15:45:00-04:00,2021-07-23,META,24h,0,0.0,0.0,0.0,[],[]
2021-07-26T15:45:00-04:00,2021-07-26,META,24h,0,0.0,0.0,0.0,[],[]
2021-07-27T15:45:00-04:00,2021-07-27,META,24h,0,0.0,0.0,0.0,[],[]
2021-07-28T15:45:00-04:00,2021-07-28,META,24h,0,0.0,0.0,0.0,[],[]
2021-07-29T15:45:00-04:00,2021-07-29,META,24h,0,0.0,0.0,0.0,[],[]
2021-07-30T15:45:00-04:00,2021-07-30,META,24h,0,0.0,0.0,0.0,[],[]
2021-08-02T15:45:00-04:00,2021-08-02,META,24h,0,0.0,0.0,0.0,[],[]
2021-08-03T15:45:00-04:00,2021-08-03,META,24h,0,0.0,0.0,0.0,[],[]
2021-08-04T15:45:00-04:00,2021-08-04,META,24h,0,0.0,0.0,0.0,[],[]
2021-08-05T15:45:00-04:00,2021-08-05,META,24h,0,0.0,0.0,0.0,[],[]
2021-08-06T15:45:00-04:00,2021-08-06,META,24h,0,0.0,0.0,0.0,[],[]
2021-08-09T15:45:00-04:00,2021-08-09,META,24h,0,0.0,0.0,0.0,[],[]
2021-08-10T15:45:00-04:00,2021-08-10,META,24h,0,0.0,0.0,0.0,[],[]
2021-08-11T15:45:00-04:00,2021-08-11,META,24h,0,0.0,0.0,0.0,[],[]
2021-08-12T15:45:00-04:00,2021-08-12,META,24h,0,0.0,0.0,0.0,[],[]
2021-08-13T15:45:00-04:00,2021-08-13,META,24h,0,0.0,0.0,0.0,[],[]
2021-08-16T15:45:00-04:00,2021-08-16,META,24h,0,0.0,0.0,0.0,[],[]
2021-08-17T15:45:00-04:00,2021-08-17,META,24h,0,0.0,0.0,0.0,[],[]
2021-08-18T15:45:00-04:00,2021-08-18,META,24h,0,0.0,0.0,0.0,[],[]
2021-08-19T15:45:00-04:00,2021-08-19,META,24h,0,0.0,0.0,0.0,[],[]
2021-08-20T15:45:00-04:00,2021-08-20,META,24h,0,0.0,0.0,0.0,[],[]
2021-08-23T15:45:00-04:00,2021-08-23,META,24h,0,0.0,0.0,0.0,[],[]
2021-08-24T15:45:00-04:00,2021-08-24,META,24h,0,0.0,0.0,0.0,[],[]
2021-08-25T15:45:00-04:00,2021-08-25,META,24h,0,0.0,0.0,0.0,[],[]
2021-08-26T15:45:00-04:00,2021-08-26,META,24h,0,0.0,0.0,0.0,[],[]
2021-08-27T15:45:00-04:00,2021-08-27,META,24h,0,0.0,0.0,0.0,[],[]
2021-08-30T15:45:00-04:00,2021-08-30,META,24h,0,0.0,0.0,0.0,[],[]
2021-08-31T15:45:00-04:00,2021-08-31,META,24h,0,0.0,0.0,0.0,[],[]
2021-09-01T15:45:00-04:00,2021-09-01,META,24h,0,0.0,0.0,0.0,[],[]
2021-09-02T15:45:00-04:00,2021-09-02,META,24h,0,0.0,0.0,0.0,[],[]
2021-09-03T15:45:00-04:00,2021-09-03,META,24h,0,0.0,0.0,0.0,[],[]
2021-09-06T15:45:00-04:00,2021-09-06,META,24h,0,0.0,0.0,0.0,[],[]
2021-09-07T15:45:00-04:00,2021-09-07,META,24h,0,0.0,0.0,0.0,[],[]
2021-09-08T15:45:00-04:00,2021-09-08,META,24h,0,0.0,0.0,0.0,[],[]
2021-09-09T15:45:00-04:00,2021-09-09,META,24h,0,0.0,0.0,0.0,[],[]
2021-09-10T15:45:00-04:00,2021-09-10,META,24h,0,0.0,0.0,0.0,[],[]
2021-09-13T15:45:00-04:00,2021-09-13,META,24h,0,0.0,0.0,0.0,[],[]
2021-09-14T15:45:00-04:00,2021-09-14,META,24h,0,0.0,0.0,0.0,[],[]
2021-09-15T15:45:00-04:00,2021-09-15,META,24h,0,0.0,0.0,0.0,[],[]
2021-09-16T15:45:00-04:00,2021-09-16,META,24h,0,0.0,0.0,0.0,[],[]
2021-09-17T15:45:00-04:00,2021-09-17,META,24h,0,0.0,0.0,0.0,[],[]
2021-09-20T15:45:00-04:00,2021-09-20,META,24h,0,0.0,0.0,0.0,[],[]
2021-09-21T15:45:00-04:00,2021-09-21,META,24h,0,0.0,0.0,0.0,[],[]
2021-09-22T15:45:00-04:00,2021-09-22,META,24h,0,0.0,0.0,0.0,[],[]
2021-09-23T15:45:00-04:00,2021-09-23,META,24h,0,0.0,0.0,0.0,[],[]
2021-09-24T15:45:00-04:00,2021-09-24,META,24h,0,0.0,0.0,0.0,[],[]
2021-09-27T15:45:00-04:00,2021-09-27,META,24h,0,0.0,0.0,0.0,[],[]
2021-09-28T15:45:00-04:00,2021-09-28,META,24h,0,0.0,0.0,0.0,[],[]
2021-09-29T15:45:00-04:00,2021-09-29,META,24h,0,0.0,0.0,0.0,[],[]
2021-09-30T15:45:00-04:00,2021-09-30,META,24h,0,0.0,0.0,0.0,[],[]
2021-10-01T15:45:00-04:00,2021-10-01,META,24h,0,0.0,0.0,0.0,[],[]
2021-10-04T15:45:00-04:00,2021-10-04,META,24h,0,0.0,0.0,0.0,[],[]
2021-10-05T15:45:00-04:00,2021-10-05,META,24h,0,0.0,0.0,0.0,[],[]
2021-10-06T15:45:00-04:00,2021-10-06,META,24h,0,0.0,0.0,0.0,[],[]
2021-10-07T15:45:00-04:00,2021-10-07,META,24h,0,0.0,0.0,0.0,[],[]
2021-10-08T15:45:00-04:00,2021-10-08,META,24h,0,0.0,0.0,0.0,[],[]
2021-10-11T15:45:00-04:00,2021-10-11,META,24h,0,0.0,0.0,0.0,[],[]
2021-10-12T15:45:00-04:00,2021-10-12,META,24h,0,0.0,0.0,0.0,[],[]
2021-10-13T15:45:00-04:00,2021-10-13,META,24h,0,0.0,0.0,0.0,[],[]
2021-10-14T15:45:00-04:00,2021-10-14,META,24h,0,0.0,0.0,0.0,[],[]
2021-10-15T15:45:00-04:00,2021-10-15,META,24h,0,0.0,0.0,0.0,[],[]
2021-10-18T15:45:00-04:00,2021-10-18,META,24h,0,0.0,0.0,0.0,[],[]
2021-10-19T15:45:00-04:00,2021-10-19,META,24h,0,0.0,0.0,0.0,[],[]
2021-10-20T15:45:00-04:00,2021-10-20,META,24h,0,0.0,0.0,0.0,[],[]
2021-10-21T15:45:00-04:00,2021-10-21,META,24h,0,0.0,0.0,0.0,[],[]
2021-10-22T15:45:00-04:00,2021-10-22,META,24h,0,0.0,0.0,0.0,[],[]
2021-10-25T15:45:00-04:00,2021-10-25,META,24h,0,0.0,0.0,0.0,[],[]
2021-10-26T15:45:00-04:00,2021-10-26,META,24h,0,0.0,0.0,0.0,[],[]
2021-10-27T15:45:00-04:00,2021-10-27,META,24h,0,0.0,0.0,0.0,[],[]
2021-10-28T15:45:00-04:00,2021-10-28,META,24h,0,0.0,0.0,0.0,[],[]
2021-10-29T15:45:00-04:00,2021-10-29,META,24h,0,0.0,0.0,0.0,[],[]
2021-11-01T15:45:00-04:00,2021-11-01,META,24h,0,0.0,0.0,0.0,[],[]
2021-11-02T15:45:00-04:00,2021-11-02,META,24h,0,0.0,0.0,0.0,[],[]
2021-11-03T15:45:00-04:00,2021-11-03,META,24h,0,0.0,0.0,0.0,[],[]
2021-11-04T15:45:00-04:00,2021-11-04,META,24h,0,0.0,0.0,0.0,[],[]
2021-11-05T15:45:00-04:00,2021-11-05,META,24h,0,0.0,0.0,0.0,[],[]
2021-11-08T15:45:00-05:00,2021-11-08,META,24h,0,0.0,0.0,0.0,[],[]
2021-11-09T15:45:00-05:00,2021-11-09,META,24h,0,0.0,0.0,0.0,[],[]
2021-11-10T15:45:00-05:00,2021-11-10,META,24h,0,0.0,0.0,0.0,[],[]
2021-11-11T15:45:00-05:00,2021-11-11,META,24h,0,0.0,0.0,0.0,[],[]
2021-11-12T15:45:00-05:00,2021-11-12,META,24h,0,0.0,0.0,0.0,[],[]
2021-11-15T15:45:00-05:00,2021-11-15,META,24h,0,0.0,0.0,0.0,[],[]
2021-11-16T15:45:00-05:00,2021-11-16,META,24h,0,0.0,0.0,0.0,[],[]
2021-11-17T15:45:00-05:00,2021-11-17,META,24h,0,0.0,0.0,0.0,[],[]
2021-11-18T15:45:00-05:00,2021-11-18,META,24h,0,0.0,0.0,0.0,[],[]
2021-11-19T15:45:00-05:00,2021-11-19,META,24h,0,0.0,0.0,0.0,[],[]
2021-11-22T15:45:00-05:00,2021-11-22,META,24h,0,0.0,0.0,0.0,[],[]
2021-11-23T15:45:00-05:00,2021-11-23,META,24h,0,0.0,0.0,0.0,[],[]
2021-11-24T15:45:00-05:00,2021-11-24,META,24h,0,0.0,0.0,0.0,[],[]
2021-11-25T15:45:00-05:00,2021-11-25,META,24h,0,0.0,0.0,0.0,[],[]
2021-11-26T15:45:00-05:00,2021-11-26,META,24h,0,0.0,0.0,0.0,[],[]
2021-11-29T15:45:00-05:00,2021-11-29,META,24h,0,0.0,0.0,0.0,[],[]
2021-11-30T15:45:00-05:00,2021-11-30,META,24h,0,0.0,0.0,0.0,[],[]
2021-12-01T15:45:00-05:00,2021-12-01,META,24h,0,0.0,0.0,0.0,[],[]
2021-12-02T15:45:00-05:00,2021-12-02,META,24h,0,0.0,0.0,0.0,[],[]
2021-12-03T15:45:00-05:00,2021-12-03,META,24h,0,0.0,0.0,0.0,[],[]
2021-12-06T15:45:00-05:00,2021-12-06,META,24h,0,0.0,0.0,0.0,[],[]
2021-12-07T15:45:00-05:00,2021-12-07,META,24h,0,0.0,0.0,0.0,[],[]
2021-12-08T15:45:00-05:00,2021-12-08,META,24h,0,0.0,0.0,0.0,[],[]
2021-12-09T15:45:00-05:00,2021-12-09,META,24h,0,0.0,0.0,0.0,[],[]
2021-12-10T15:45:00-05:00,2021-12-10,META,24h,0,0.0,0.0,0.0,[],[]
2021-12-13T15:45:00-05:00,2021-12-13,META,24h,0,0.0,0.0,0.0,[],[]
2021-12-14T15:45:00-05:00,2021-12-14,META,24h,0,0.0,0.0,0.0,[],[]
2021-12-15T15:45:00-05:00,2021-12-15,META,24h,0,0.0,0.0,0.0,[],[]
2021-12-16T15:45:00-05:00,2021-12-16,META,24h,0,0.0,0.0,0.0,[],[]
2021-12-17T15:45:00-05:00,2021-12-17,META,24h,0,0.0,0.0,0.0,[],[]
2021-12-20T15:45:00-05:00,2021-12-20,META,24h,0,0.0,0.0,0.0,[],[]
2021-12-21T15:45:00-05:00,2021-12-21,META,24h,0,0.0,0.0,0.0,[],[]
2021-12-22T15:45:00-05:00,2021-12-22,META,24h,0,0.0,0.0,0.0,[],[]
2021-12-23T15:45:00-05:00,2021-12-23,META,24h,0,0.0,0.0,0.0,[],[]
2021-12-24T15:45:00-05:00,2021-12-24,META,24h,0,0.0,0.0,0.0,[],[]
2021-12-27T15:45:00-05:00,2021-12-27,META,24h,0,0.0,0.0,0.0,[],[]
2021-12-28T15:45:00-05:00,2021-12-28,META,24h,0,0.0,0.0,0.0,[],[]
2021-12-29T15:45:00-05:00,2021-12-29,META,24h,0,0.0,0.0,0.0,[],[]
2021-12-30T15:45:00-05:00,2021-12-30,META,24h,0,0.0,0.0,0.0,[],[]
2021-12-31T15:45:00-05:00,2021-12-31,META,24h,0,0.0,0.0,0.0,[],[]
2022-01-03T15:45:00-05:00,2022-01-03,META,24h,0,0.0,0.0,0.0,[],[]
2022-01-04T15:45:00-05:00,2022-01-04,META,24h,0,0.0,0.0,0.0,[],[]
2022-01-05T15:45:00-05:00,2022-01-05,META,24h,0,0.0,0.0,0.0,[],[]
2022-01-06T15:45:00-05:00,2022-01-06,META,24h,0,0.0,0.0,0.0,[],[]
2022-01-07T15:45:00-05:00,2022-01-07,META,24h,0,0.0,0.0,0.0,[],[]
2022-01-10T15:45:00-05:00,2022-01-10,META,24h,0,0.0,0.0,0.0,[],[]
2022-01-11T15:45:00-05:00,2022-01-11,META,24h,0,0.0,0.0,0.0,[],[]
2022-01-12T15:45:00-05:00,2022-01-12,META,24h,0,0.0,0.0,0.0,[],[]
2022-01-13T15:45:00-05:00,2022-01-13,META,24h,0,0.0,0.0,0.0,[],[]
2022-01-14T15:45:00-05:00,2022-01-14,META,24h,0,0.0,0.0,0.0,[],[]
2022-01-17T15:45:00-05:00,2022-01-17,META,24h,0,0.0,0.0,0.0,[],[]
2022-01-18T15:45:00-05:00,2022-01-18,META,24h,0,0.0,0.0,0.0,[],[]
2022-01-19T15:45:00-05:00,2022-01-19,META,24h,0,0.0,0.0,0.0,[],[]
2022-01-20T15:45:00-05:00,2022-01-20,META,24h,0,0.0,0.0,0.0,[],[]
2022-01-21T15:45:00-05:00,2022-01-21,META,24h,0,0.0,0.0,0.0,[],[]
2022-01-24T15:45:00-05:00,2022-01-24,META,24h,0,0.0,0.0,0.0,[],[]
2022-01-25T15:45:00-05:00,2022-01-25,META,24h,0,0.0,0.0,0.0,[],[]
2022-01-26T15:45:00-05:00,2022-01-26,META,24h,0,0.0,0.0,0.0,[],[]
2022-01-27T15:45:00-05:00,2022-01-27,META,24h,0,0.0,0.0,0.0,[],[]
2022-01-28T15:45:00-05:00,2022-01-28,META,24h,0,0.0,0.0,0.0,[],[]
2022-01-31T15:45:00-05:00,2022-01-31,META,24h,0,0.0,0.0,0.0,[],[]
2022-02-01T15:45:00-05:00,2022-02-01,META,24h,0,0.0,0.0,0.0,[],[]
2022-02-02T15:45:00-05:00,2022-02-02,META,24h,0,0.0,0.0,0.0,[],[]
2022-02-03T15:45:00-05:00,2022-02-03,META,24h,0,0.0,0.0,0.0,[],[]
2022-02-04T15:45:00-05:00,2022-02-04,META,24h,0,0.0,0.0,0.0,[],[]
2022-02-07T15:45:00-05:00,2022-02-07,META,24h,0,0.0,0.0,0.0,[],[]
2022-02-08T15:45:00-05:00,2022-02-08,META,24h,0,0.0,0.0,0.0,[],[]
2022-02-09T15:45:00-05:00,2022-02-09,META,24h,0,0.0,0.0,0.0,[],[]
2022-02-10T15:45:00-05:00,2022-02-10,META,24h,0,0.0,0.0,0.0,[],[]
2022-02-11T15:45:00-05:00,2022-02-11,META,24h,0,0.0,0.0,0.0,[],[]
2022-02-14T15:45:00-05:00,2022-02-14,META,24h,0,0.0,0.0,0.0,[],[]
2022-02-15T15:45:00-05:00,2022-02-15,META,24h,0,0.0,0.0,0.0,[],[]
2022-02-16T15:45:00-05:00,2022-02-16,META,24h,0,0.0,0.0,0.0,[],[]
2022-02-17T15:45:00-05:00,2022-02-17,META,24h,0,0.0,0.0,0.0,[],[]
2022-02-18T15:45:00-05:00,2022-02-18,META,24h,0,0.0,0.0,0.0,[],[]
2022-02-21T15:45:00-05:00,2022-02-21,META,24h,0,0.0,0.0,0.0,[],[]
2022-02-22T15:45:00-05:00,2022-02-22,META,24h,0,0.0,0.0,0.0,[],[]
2022-02-23T15:45:00-05:00,2022-02-23,META,24h,0,0.0,0.0,0.0,[],[]
2022-02-24T15:45:00-05:00,2022-02-24,META,24h,0,0.0,0.0,0.0,[],[]
2022-02-25T15:45:00-05:00,2022-02-25,META,24h,0,0.0,0.0,0.0,[],[]
2022-02-28T15:45:00-05:00,2022-02-28,META,24h,0,0.0,0.0,0.0,[],[]
2022-03-01T15:45:00-05:00,2022-03-01,META,24h,0,0.0,0.0,0.0,[],[]
2022-03-02T15:45:00-05:00,2022-03-02,META,24h,0,0.0,0.0,0.0,[],[]
2022-03-03T15:45:00-05:00,2022-03-03,META,24h,0,0.0,0.0,0.0,[],[]
2022-03-04T15:45:00-05:00,2022-03-04,META,24h,0,0.0,0.0,0.0,[],[]
2022-03-07T15:45:00-05:00,2022-03-07,META,24h,0,0.0,0.0,0.0,[],[]
2022-03-08T15:45:00-05:00,2022-03-08,META,24h,0,0.0,0.0,0.0,[],[]
2022-03-09T15:45:00-05:00,2022-03-09,META,24h,0,0.0,0.0,0.0,[],[]
2022-03-10T15:45:00-05:00,2022-03-10,META,24h,0,0.0,0.0,0.0,[],[]
2022-03-11T15:45:00-05:00,2022-03-11,META,24h,0,0.0,0.0,0.0,[],[]
2022-03-14T15:45:00-04:00,2022-03-14,META,24h,0,0.0,0.0,0.0,[],[]
2022-03-15T15:45:00-04:00,2022-03-15,META,24h,0,0.0,0.0,0.0,[],[]
2022-03-16T15:45:00-04:00,2022-03-16,META,24h,0,0.0,0.0,0.0,[],[]
2022-03-17T15:45:00-04:00,2022-03-17,META,24h,0,0.0,0.0,0.0,[],[]
2022-03-18T15:45:00-04:00,2022-03-18,META,24h,0,0.0,0.0,0.0,[],[]
2022-03-21T15:45:00-04:00,2022-03-21,META,24h,0,0.0,0.0,0.0,[],[]
2022-03-22T15:45:00-04:00,2022-03-22,META,24h,0,0.0,0.0,0.0,[],[]
2022-03-23T15:45:00-04:00,2022-03-23,META,24h,0,0.0,0.0,0.0,[],[]
2022-03-24T15:45:00-04:00,2022-03-24,META,24h,0,0.0,0.0,0.0,[],[]
2022-03-25T15:45:00-04:00,2022-03-25,META,24h,0,0.0,0.0,0.0,[],[]
2022-03-28T15:45:00-04:00,2022-03-28,META,24h,0,0.0,0.0,0.0,[],[]
2022-03-29T15:45:00-04:00,2022-03-29,META,24h,0,0.0,0.0,0.0,[],[]
2022-03-30T15:45:00-04:00,2022-03-30,META,24h,0,0.0,0.0,0.0,[],[]
2022-03-31T15:45:00-04:00,2022-03-31,META,24h,0,0.0,0.0,0.0,[],[]
2022-04-01T15:45:00-04:00,2022-04-01,META,24h,0,0.0,0.0,0.0,[],[]
2022-04-04T15:45:00-04:00,2022-04-04,META,24h,0,0.0,0.0,0.0,[],[]
2022-04-05T15:45:00-04:00,2022-04-05,META,24h,0,0.0,0.0,0.0,[],[]
2022-04-06T15:45:00-04:00,2022-04-06,META,24h,0,0.0,0.0,0.0,[],[]
2022-04-07T15:45:00-04:00,2022-04-07,META,24h,0,0.0,0.0,0.0,[],[]
2022-04-08T15:45:00-04:00,2022-04-08,META,24h,0,0.0,0.0,0.0,[],[]
2022-04-11T15:45:00-04:00,2022-04-11,META,24h,0,0.0,0.0,0.0,[],[]
2022-04-12T15:45:00-04:00,2022-04-12,META,24h,0,0.0,0.0,0.0,[],[]
2022-04-13T15:45:00-04:00,2022-04-13,META,24h,0,0.0,0.0,0.0,[],[]
2022-04-14T15:45:00-04:00,2022-04-14,META,24h,0,0.0,0.0,0.0,[],[]
2022-04-15T15:45:00-04:00,2022-04-15,META,24h,0,0.0,0.0,0.0,[],[]
2022-04-18T15:45:00-04:00,2022-04-18,META,24h,0,0.0,0.0,0.0,[],[]
2022-04-19T15:45:00-04:00,2022-04-19,META,24h,0,0.0,0.0,0.0,[],[]
2022-04-20T15:45:00-04:00,2022-04-20,META,24h,0,0.0,0.0,0.0,[],[]
2022-04-21T15:45:00-04:00,2022-04-21,META,24h,0,0.0,0.0,0.0,[],[]
2022-04-22T15:45:00-04:00,2022-04-22,META,24h,0,0.0,0.0,0.0,[],[]
2022-04-25T15:45:00-04:00,2022-04-25,META,24h,0,0.0,0.0,0.0,[],[]
2022-04-26T15:45:00-04:00,2022-04-26,META,24h,0,0.0,0.0,0.0,[],[]
2022-04-27T15:45:00-04:00,2022-04-27,META,24h,0,0.0,0.0,0.0,[],[]
2022-04-28T15:45:00-04:00,2022-04-28,META,24h,0,0.0,0.0,0.0,[],[]
2022-04-29T15:45:00-04:00,2022-04-29,META,24h,0,0.0,0.0,0.0,[],[]
2022-05-02T15:45:00-04:00,2022-05-02,META,24h,0,0.0,0.0,0.0,[],[]
2022-05-03T15:45:00-04:00,2022-05-03,META,24h,0,0.0,0.0,0.0,[],[]
2022-05-04T15:45:00-04:00,2022-05-04,META,24h,0,0.0,0.0,0.0,[],[]
2022-05-05T15:45:00-04:00,2022-05-05,META,24h,0,0.0,0.0,0.0,[],[]
2022-05-06T15:45:00-04:00,2022-05-06,META,24h,0,0.0,0.0,0.0,[],[]
2022-05-09T15:45:00-04:00,2022-05-09,META,24h,0,0.0,0.0,0.0,[],[]
2022-05-10T15:45:00-04:00,2022-05-10,META,24h,0,0.0,0.0,0.0,[],[]
2022-05-11T15:45:00-04:00,2022-05-11,META,24h,0,0.0,0.0,0.0,[],[]
2022-05-12T15:45:00-04:00,2022-05-12,META,24h,0,0.0,0.0,0.0,[],[]
2022-05-13T15:45:00-04:00,2022-05-13,META,24h,0,0.0,0.0,0.0,[],[]
2022-05-16T15:45:00-04:00,2022-05-16,META,24h,0,0.0,0.0,0.0,[],[]
2022-05-17T15:45:00-04:00,2022-05-17,META,24h,0,0.0,0.0,0.0,[],[]
2022-05-18T15:45:00-04:00,2022-05-18,META,24h,0,0.0,0.0,0.0,[],[]
2022-05-19T15:45:00-04:00,2022-05-19,META,24h,0,0.0,0.0,0.0,[],[]
2022-05-20T15:45:00-04:00,2022-05-20,META,24h,0,0.0,0.0,0.0,[],[]
2022-05-23T15:45:00-04:00,2022-05-23,META,24h,0,0.0,0.0,0.0,[],[]
2022-05-24T15:45:00-04:00,2022-05-24,META,24h,0,0.0,0.0,0.0,[],[]
2022-05-25T15:45:00-04:00,2022-05-25,META,24h,0,0.0,0.0,0.0,[],[]
2022-05-26T15:45:00-04:00,2022-05-26,META,24h,0,0.0,0.0,0.0,[],[]
2022-05-27T15:45:00-04:00,2022-05-27,META,24h,0,0.0,0.0,0.0,[],[]
2022-05-30T15:45:00-04:00,2022-05-30,META,24h,0,0.0,0.0,0.0,[],[]
2022-05-31T15:45:00-04:00,2022-05-31,META,24h,0,0.0,0.0,0.0,[],[]
2022-06-01T15:45:00-04:00,2022-06-01,META,24h,0,0.0,0.0,0.0,[],[]
2022-06-02T15:45:00-04:00,2022-06-02,META,24h,0,0.0,0.0,0.0,[],[]
2022-06-03T15:45:00-04:00,2022-06-03,META,24h,0,0.0,0.0,0.0,[],[]
2022-06-06T15:45:00-04:00,2022-06-06,META,24h,0,0.0,0.0,0.0,[],[]
2022-06-07T15:45:00-04:00,2022-06-07,META,24h,0,0.0,0.0,0.0,[],[]
2022-06-08T15:45:00-04:00,2022-06-08,META,24h,0,0.0,0.0,0.0,[],[]
2022-06-09T15:45:00-04:00,2022-06-09,META,24h,0,0.0,0.0,0.0,[],[]
2022-06-10T15:45:00-04:00,2022-06-10,META,24h,0,0.0,0.0,0.0,[],[]
2022-06-13T15:45:00-04:00,2022-06-13,META,24h,0,0.0,0.0,0.0,[],[]
2022-06-14T15:45:00-04:00,2022-06-14,META,24h,0,0.0,0.0,0.0,[],[]
2022-06-15T15:45:00-04:00,2022-06-15,META,24h,0,0.0,0.0,0.0,[],[]
2022-06-16T15:45:00-04:00,2022-06-16,META,24h,0,0.0,0.0,0.0,[],[]
2022-06-17T15:45:00-04:00,2022-06-17,META,24h,0,0.0,0.0,0.0,[],[]
2022-06-20T15:45:00-04:00,2022-06-20,META,24h,0,0.0,0.0,0.0,[],[]
2022-06-21T15:45:00-04:00,2022-06-21,META,24h,0,0.0,0.0,0.0,[],[]
2022-06-22T15:45:00-04:00,2022-06-22,META,24h,0,0.0,0.0,0.0,[],[]
2022-06-23T15:45:00-04:00,2022-06-23,META,24h,0,0.0,0.0,0.0,[],[]
2022-06-24T15:45:00-04:00,2022-06-24,META,24h,0,0.0,0.0,0.0,[],[]
2022-06-27T15:45:00-04:00,2022-06-27,META,24h,0,0.0,0.0,0.0,[],[]
2022-06-28T15:45:00-04:00,2022-06-28,META,24h,0,0.0,0.0,0.0,[],[]
2022-06-29T15:45:00-04:00,2022-06-29,META,24h,0,0.0,0.0,0.0,[],[]
2022-06-30T15:45:00-04:00,2022-06-30,META,24h,0,0.0,0.0,0.0,[],[]
2022-07-01T15:45:00-04:00,2022-07-01,META,24h,0,0.0,0.0,0.0,[],[]
2022-07-04T15:45:00-04:00,2022-07-04,META,24h,0,0.0,0.0,0.0,[],[]
2022-07-05T15:45:00-04:00,2022-07-05,META,24h,0,0.0,0.0,0.0,[],[]
2022-07-06T15:45:00-04:00,2022-07-06,META,24h,0,0.0,0.0,0.0,[],[]
2022-07-07T15:45:00-04:00,2022-07-07,META,24h,0,0.0,0.0,0.0,[],[]
2022-07-08T15:45:00-04:00,2022-07-08,META,24h,0,0.0,0.0,0.0,[],[]
2022-07-11T15:45:00-04:00,2022-07-11,META,24h,0,0.0,0.0,0.0,[],[]
2022-07-12T15:45:00-04:00,2022-07-12,META,24h,0,0.0,0.0,0.0,[],[]
2022-07-13T15:45:00-04:00,2022-07-13,META,24h,0,0.0,0.0,0.0,[],[]
2022-07-14T15:45:00-04:00,2022-07-14,META,24h,0,0.0,0.0,0.0,[],[]
2022-07-15T15:45:00-04:00,2022-07-15,META,24h,0,0.0,0.0,0.0,[],[]
2022-07-18T15:45:00-04:00,2022-07-18,META,24h,0,0.0,0.0,0.0,[],[]
2022-07-19T15:45:00-04:00,2022-07-19,META,24h,0,0.0,0.0,0.0,[],[]
2022-07-20T15:45:00-04:00,2022-07-20,META,24h,0,0.0,0.0,0.0,[],[]
2022-07-21T15:45:00-04:00,2022-07-21,META,24h,0,0.0,0.0,0.0,[],[]
2022-07-22T15:45:00-04:00,2022-07-22,META,24h,0,0.0,0.0,0.0,[],[]
2022-07-25T15:45:00-04:00,2022-07-25,META,24h,0,0.0,0.0,0.0,[],[]
2022-07-26T15:45:00-04:00,2022-07-26,META,24h,0,0.0,0.0,0.0,[],[]
2022-07-27T15:45:00-04:00,2022-07-27,META,24h,0,0.0,0.0,0.0,[],[]
2022-07-28T15:45:00-04:00,2022-07-28,META,24h,0,0.0,0.0,0.0,[],[]
2022-07-29T15:45:00-04:00,2022-07-29,META,24h,0,0.0,0.0,0.0,[],[]
2022-08-01T15:45:00-04:00,2022-08-01,META,24h,0,0.0,0.0,0.0,[],[]
2022-08-02T15:45:00-04:00,2022-08-02,META,24h,0,0.0,0.0,0.0,[],[]
2022-08-03T15:45:00-04:00,2022-08-03,META,24h,0,0.0,0.0,0.0,[],[]
2022-08-04T15:45:00-04:00,2022-08-04,META,24h,0,0.0,0.0,0.0,[],[]
2022-08-05T15:45:00-04:00,2022-08-05,META,24h,0,0.0,0.0,0.0,[],[]
2022-08-08T15:45:00-04:00,2022-08-08,META,24h,0,0.0,0.0,0.0,[],[]
2022-08-09T15:45:00-04:00,2022-08-09,META,24h,0,0.0,0.0,0.0,[],[]
2022-08-10T15:45:00-04:00,2022-08-10,META,24h,0,0.0,0.0,0.0,[],[]
2022-08-11T15:45:00-04:00,2022-08-11,META,24h,0,0.0,0.0,0.0,[],[]
2022-08-12T15:45:00-04:00,2022-08-12,META,24h,0,0.0,0.0,0.0,[],[]
2022-08-15T15:45:00-04:00,2022-08-15,META,24h,0,0.0,0.0,0.0,[],[]
2022-08-16T15:45:00-04:00,2022-08-16,META,24h,0,0.0,0.0,0.0,[],[]
2022-08-17T15:45:00-04:00,2022-08-17,META,24h,0,0.0,0.0,0.0,[],[]
2022-08-18T15:45:00-04:00,2022-08-18,META,24h,0,0.0,0.0,0.0,[],[]
2022-08-19T15:45:00-04:00,2022-08-19,META,24h,0,0.0,0.0,0.0,[],[]
2022-08-22T15:45:00-04:00,2022-08-22,META,24h,0,0.0,0.0,0.0,[],[]
2022-08-23T15:45:00-04:00,2022-08-23,META,24h,0,0.0,0.0,0.0,[],[]
2022-08-24T15:45:00-04:00,2022-08-24,META,24h,0,0.0,0.0,0.0,[],[]
2022-08-25T15:45:00-04:00,2022-08-25,META,24h,0,0.0,0.0,0.0,[],[]
2022-08-26T15:45:00-04:00,2022-08-26,META,24h,0,0.0,0.0,0.0,[],[]
2022-08-29T15:45:00-04:00,2022-08-29,META,24h,0,0.0,0.0,0.0,[],[]
2022-08-30T15:45:00-04:00,2022-08-30,META,24h,0,0.0,0.0,0.0,[],[]
2022-08-31T15:45:00-04:00,2022-08-31,META,24h,0,0.0,0.0,0.0,[],[]
2022-09-01T15:45:00-04:00,2022-09-01,META,24h,0,0.0,0.0,0.0,[],[]
2022-09-02T15:45:00-04:00,2022-09-02,META,24h,0,0.0,0.0,0.0,[],[]
2022-09-05T15:45:00-04:00,2022-09-05,META,24h,0,0.0,0.0,0.0,[],[]
2022-09-06T15:45:00-04:00,2022-09-06,META,24h,0,0.0,0.0,0.0,[],[]
2022-09-07T15:45:00-04:00,2022-09-07,META,24h,0,0.0,0.0,0.0,[],[]
2022-09-08T15:45:00-04:00,2022-09-08,META,24h,0,0.0,0.0,0.0,[],[]
2022-09-09T15:45:00-04:00,2022-09-09,META,24h,0,0.0,0.0,0.0,[],[]
2022-09-12T15:45:00-04:00,2022-09-12,META,24h,0,0.0,0.0,0.0,[],[]
2022-09-13T15:45:00-04:00,2022-09-13,META,24h,0,0.0,0.0,0.0,[],[]
2022-09-14T15:45:00-04:00,2022-09-14,META,24h,0,0.0,0.0,0.0,[],[]
2022-09-15T15:45:00-04:00,2022-09-15,META,24h,0,0.0,0.0,0.0,[],[]
2022-09-16T15:45:00-04:00,2022-09-16,META,24h,0,0.0,0.0,0.0,[],[]
2022-09-19T15:45:00-04:00,2022-09-19,META,24h,0,0.0,0.0,0.0,[],[]
2022-09-20T15:45:00-04:00,2022-09-20,META,24h,0,0.0,0.0,0.0,[],[]
2022-09-21T15:45:00-04:00,2022-09-21,META,24h,0,0.0,0.0,0.0,[],[]
2022-09-22T15:45:00-04:00,2022-09-22,META,24h,0,0.0,0.0,0.0,[],[]
2022-09-23T15:45:00-04:00,2022-09-23,META,24h,0,0.0,0.0,0.0,[],[]
2022-09-26T15:45:00-04:00,2022-09-26,META,24h,0,0.0,0.0,0.0,[],[]
2022-09-27T15:45:00-04:00,2022-09-27,META,24h,0,0.0,0.0,0.0,[],[]
2022-09-28T15:45:00-04:00,2022-09-28,META,24h,0,0.0,0.0,0.0,[],[]
2022-09-29T15:45:00-04:00,2022-09-29,META,24h,0,0.0,0.0,0.0,[],[]
2022-09-30T15:45:00-04:00,2022-09-30,META,24h,0,0.0,0.0,0.0,[],[]
2022-10-03T15:45:00-04:00,2022-10-03,META,24h,0,0.0,0.0,0.0,[],[]
2022-10-04T15:45:00-04:00,2022-10-04,META,24h,0,0.0,0.0,0.0,[],[]
2022-10-05T15:45:00-04:00,2022-10-05,META,24h,0,0.0,0.0,0.0,[],[]
2022-10-06T15:45:00-04:00,2022-10-06,META,24h,0,0.0,0.0,0.0,[],[]
2022-10-07T15:45:00-04:00,2022-10-07,META,24h,0,0.0,0.0,0.0,[],[]
2022-10-10T15:45:00-04:00,2022-10-10,META,24h,0,0.0,0.0,0.0,[],[]
2022-10-11T15:45:00-04:00,2022-10-11,META,24h,0,0.0,0.0,0.0,[],[]
2022-10-12T15:45:00-04:00,2022-10-12,META,24h,0,0.0,0.0,0.0,[],[]
2022-10-13T15:45:00-04:00,2022-10-13,META,24h,0,0.0,0.0,0.0,[],[]
2022-10-14T15:45:00-04:00,2022-10-14,META,24h,0,0.0,0.0,0.0,[],[]
2022-10-17T15:45:00-04:00,2022-10-17,META,24h,0,0.0,0.0,0.0,[],[]
2022-10-18T15:45:00-04:00,2022-10-18,META,24h,0,0.0,0.0,0.0,[],[]
2022-10-19T15:45:00-04:00,2022-10-19,META,24h,0,0.0,0.0,0.0,[],[]
2022-10-20T15:45:00-04:00,2022-10-20,META,24h,0,0.0,0.0,0.0,[],[]
2022-10-21T15:45:00-04:00,2022-10-21,META,24h,0,0.0,0.0,0.0,[],[]
2022-10-24T15:45:00-04:00,2022-10-24,META,24h,0,0.0,0.0,0.0,[],[]
2022-10-25T15:45:00-04:00,2022-10-25,META,24h,0,0.0,0.0,0.0,[],[]
2022-10-26T15:45:00-04:00,2022-10-26,META,24h,0,0.0,0.0,0.0,[],[]
2022-10-27T15:45:00-04:00,2022-10-27,META,24h,0,0.0,0.0,0.0,[],[]
2022-10-28T15:45:00-04:00,2022-10-28,META,24h,0,0.0,0.0,0.0,[],[]
2022-10-31T15:45:00-04:00,2022-10-31,META,24h,0,0.0,0.0,0.0,[],[]
2022-11-01T15:45:00-04:00,2022-11-01,META,24h,0,0.0,0.0,0.0,[],[]
2022-11-02T15:45:00-04:00,2022-11-02,META,24h,0,0.0,0.0,0.0,[],[]
2022-11-03T15:45:00-04:00,2022-11-03,META,24h,0,0.0,0.0,0.0,[],[]
2022-11-04T15:45:00-04:00,2022-11-04,META,24h,0,0.0,0.0,0.0,[],[]
2022-11-07T15:45:00-05:00,2022-11-07,META,24h,0,0.0,0.0,0.0,[],[]
2022-11-08T15:45:00-05:00,2022-11-08,META,24h,0,0.0,0.0,0.0,[],[]
2022-11-09T15:45:00-05:00,2022-11-09,META,24h,0,0.0,0.0,0.0,[],[]
2022-11-10T15:45:00-05:00,2022-11-10,META,24h,0,0.0,0.0,0.0,[],[]
2022-11-11T15:45:00-05:00,2022-11-11,META,24h,0,0.0,0.0,0.0,[],[]
2022-11-14T15:45:00-05:00,2022-11-14,META,24h,0,0.0,0.0,0.0,[],[]
2022-11-15T15:45:00-05:00,2022-11-15,META,24h,0,0.0,0.0,0.0,[],[]
2022-11-16T15:45:00-05:00,2022-11-16,META,24h,0,0.0,0.0,0.0,[],[]
2022-11-17T15:45:00-05:00,2022-11-17,META,24h,0,0.0,0.0,0.0,[],[]
2022-11-18T15:45:00-05:00,2022-11-18,META,24h,0,0.0,0.0,0.0,[],[]
2022-11-21T15:45:00-05:00,2022-11-21,META,24h,0,0.0,0.0,0.0,[],[]
2022-11-22T15:45:00-05:00,2022-11-22,META,24h,0,0.0,0.0,0.0,[],[]
2022-11-23T15:45:00-05:00,2022-11-23,META,24h,0,0.0,0.0,0.0,[],[]
2022-11-24T15:45:00-05:00,2022-11-24,META,24h,0,0.0,0.0,0.0,[],[]
2022-11-25T15:45:00-05:00,2022-11-25,META,24h,0,0.0,0.0,0.0,[],[]
2022-11-28T15:45:00-05:00,2022-11-28,META,24h,0,0.0,0.0,0.0,[],[]
2022-11-29T15:45:00-05:00,2022-11-29,META,24h,0,0.0,0.0,0.0,[],[]
2022-11-30T15:45:00-05:00,2022-11-30,META,24h,0,0.0,0.0,0.0,[],[]
2022-12-01T15:45:00-05:00,2022-12-01,META,24h,0,0.0,0.0,0.0,[],[]
2022-12-02T15:45:00-05:00,2022-12-02,META,24h,0,0.0,0.0,0.0,[],[]
2022-12-05T15:45:00-05:00,2022-12-05,META,24h,0,0.0,0.0,0.0,[],[]
2022-12-06T15:45:00-05:00,2022-12-06,META,24h,0,0.0,0.0,0.0,[],[]
2022-12-07T15:45:00-05:00,2022-12-07,META,24h,0,0.0,0.0,0.0,[],[]
2022-12-08T15:45:00-05:00,2022-12-08,META,24h,0,0.0,0.0,0.0,[],[]
2022-12-09T15:45:00-05:00,2022-12-09,META,24h,0,0.0,0.0,0.0,[],[]
2022-12-12T15:45:00-05:00,2022-12-12,META,24h,0,0.0,0.0,0.0,[],[]
2022-12-13T15:45:00-05:00,2022-12-13,META,24h,0,0.0,0.0,0.0,[],[]
2022-12-14T15:45:00-05:00,2022-12-14,META,24h,0,0.0,0.0,0.0,[],[]
2022-12-15T15:45:00-05:00,2022-12-15,META,24h,0,0.0,0.0,0.0,[],[]
2022-12-16T15:45:00-05:00,2022-12-16,META,24h,0,0.0,0.0,0.0,[],[]
2022-12-19T15:45:00-05:00,2022-12-19,META,24h,0,0.0,0.0,0.0,[],[]
2022-12-20T15:45:00-05:00,2022-12-20,META,24h,0,0.0,0.0,0.0,[],[]
2022-12-21T15:45:00-05:00,2022-12-21,META,24h,0,0.0,0.0,0.0,[],[]
2022-12-22T15:45:00-05:00,2022-12-22,META,24h,0,0.0,0.0,0.0,[],[]
2022-12-23T15:45:00-05:00,2022-12-23,META,24h,0,0.0,0.0,0.0,[],[]
2022-12-26T15:45:00-05:00,2022-12-26,META,24h,0,0.0,0.0,0.0,[],[]
2022-12-27T15:45:00-05:00,2022-12-27,META,24h,0,0.0,0.0,0.0,[],[]
2022-12-28T15:45:00-05:00,2022-12-28,META,24h,0,0.0,0.0,0.0,[],[]
2022-12-29T15:45:00-05:00,2022-12-29,META,24h,0,0.0,0.0,0.0,[],[]
2022-12-30T15:45:00-05:00,2022-12-30,META,24h,0,0.0,0.0,0.0,[],[]
2020-01-01T15:45:00-05:00,2020-01-01,GOOGL,24h,1,0.9547,0.9547,0.0,"[""earnings"", ""guidance""]","[""benzinga""]"
2020-01-02T15:45:00-05:00,2020-01-02,GOOGL,24h,0,0.0,0.0,0.0,[],[]
2020-01-03T15:45:00-05:00,2020-01-03,GOOGL,24h,0,0.0,0.0,0.0,[],[]
2020-01-06T15:45:00-05:00,2020-01-06,GOOGL,24h,0,0.0,0.0,0.0,[],[]
2020-01-07T15:45:00-05:00,2020-01-07,GOOGL,24h,0,0.0,0.0,0.0,[],[]
2020-01-08T15:45:00-05:00,2020-01-08,GOOGL,24h,0,0.0,0.0,0.0,[],[]
2020-01-09T15:45:00-05:00,2020-01-09,GOOGL,24h,1,0.0,0.0,0.0,[],"[""reuters""]"
2020-01-10T15:45:00-05:00,2020-01-10,GOOGL,24h,0,0.0,0.0,0.0,[],[]
2020-01-13T15:45:00-05:00,2020-01-13,GOOGL,24h,1,0.7856,0.7856,0.0,[],"[""benzinga""]"
2020-01-14T15:45:00-05:00,2020-01-14,GOOGL,24h,0,0.0,0.0,0.0,[],[]
2020-01-15T15:45:00-05:00,2020-01-15,GOOGL,24h,0,0.0,0.0,0.0,[],[]
2020-01-16T15:45:00-05:00,2020-01-16,GOOGL,24h,0,0.0,0.0,0.0,[],[]
2020-01-17T15:45:00-05:00,2020-01-17,GOOGL,24h,1,0.91,0.91,0.0,[],"[""businesswire""]"
2020-01-20T15:45:00-05:00,2020-01-20,GOOGL,24h,0,0.0,0.0,0.0,[],[]
2020-01-21T15:45:00-05:00,2020-01-21,GOOGL,24h,0,0.0,0.0,0.0,[],[]
2020-01-22T15:45:00-05:00,2020-01-22,GOOGL,24h,0,0.0,0.0,0.0,[],[]
2020-01-23T15:45:00-05:00,2020-01-23,GOOGL,24h,0,0.0,0.0,0.0,[],[]
2020-01-24T15:45:00-05:00,2020-01-24,GOOGL,24h,0,0.0,0.0,0.0,[],[]
2020-01-27T15:45:00-05:00,2020-01-27,GOOGL,24h,0,0.0,0.0,0.0,[],[]
2020-01-28T15:45:00-05:00,2020-01-28,GOOGL,24h,0,0.0,0.0,0.0,[],[]
2020-01-29T15:45:00-05:00,2020-01-29,GOOGL,24h,0,0.0,0.0,0.0,[],[]
2020-01-30T15:45:00-05:00,2020-01-30,GOOGL,24h,0,0.0,0.0,0.0,[],[]
2020-01-31T15:45:00-05:00,2020-01-31,GOOGL,24h,0,0.0,0.0,0.0,[],[]
2020-02-03T15:45:00-05:00,2020-02-03,GOOGL,24h,0,0.0,0.0,0.0,[],[]
2020-02-04T15:45:00-05:00,2020-02-04,GOOGL,24h,0,0.0,0.0,0.0,[],[]
2020-02-05T15:45:00-05:00,2020-02-05,GOOGL,24h,0,0.0,0.0,0.0,[],[]
2020-02-06T15:45:00-05:00,2020-02-06,GOOGL,24h,0,0.0,0.0,0.0,[],[]
2020-02-07T15:45:00-05:00,2020-02-07,GOOGL,24h,0,0.0,0.0,0.0,[],[]
2020-02-10T15:45:00-05:00,2020-02-10,GOOGL,24h,0,0.0,0.0,0.0,[],[]
2020-02-11T15:45:00-05:00,2020-02-11,GOOGL,24h,0,0.0,0.0,0.0,[],[]
2020-02-12T15:45:00-05:00,2020-02-12,GOOGL,24h,0,0.0,0.0,0.0,[],[]
2020-02-13T15:45:00-05:00,2020-02-13,GOOGL,24h,0,0.0,0.0,0.0,[],[]
2020-02-14T15:45:00-05:00,2020-02-14,GOOGL,24h,1,0.9089,0.9089,0.0,"[""earnings"", ""guidance""]","[""reuters""]"
2020-02-17T15:45:00-05:00,2020-02-17,GOOGL,24h,0,0.0,0.0,0.0,[],[]
2020-02-18T15:45:00-05:00,2020-02-18,GOOGL,24h,0,0.0,0.0,0.0,[],[]
2020-02-19T15:45:00-05:00,2020-02-19,GOOGL,24h,0,0.0,0.0,0.0,[],[]
2020-02-20T15:45:00-05:00,2020-02-20,GOOGL,24h,0,0.0,0.0,0.0,[],[]
2020-02-21T15:45:00-05:00,2020-02-21,GOOGL,24h,0,0.0,0.0,0.0,[],[]
2020-02-24T15:45:00-05:00,2020-02-24,GOOGL,24h,0,0.0,0.0,0.0,[],[]
2020-02-25T15:45:00-05:00,2020-02-25,GOOGL,24h,0,0.0,0.0,0.0,[],[]
2020-02-26T15:45:00-05:00,2020-02-26,GOOGL,24h,0,0.0,0.0,0.0,[],[]
2020-02-27T15:45:00-05:00,2020-02-27,GOOGL,24h,0,0.0,0.0,0.0,[],[]
2020-02-28T15:45:00-05:00,2020-02-28,GOOGL,24h,0,0.0,0.0,0.0,[],[]
2020-03-02T15:45:00-05:00,2020-03-02,GOOGL,24h,0,0.0,0.0,0.0,[],[]
2020-03-03T15:45:00-05:00,2020-03-03,GOOGL,24h,0,0.0,0.0,0.0,[],[]
2020-03-04T15:45:00-05:00,2020-03-04,GOOGL,24h,0,0.0,0.0,0.0,[],[]
2020-03-05T15:45:00-05:00,2020-03-05,GOOGL,24h,0,0.0,0.0,0.0,[],[]
2020-03-06T15:45:00-05:00,2020-03-06,GOOGL,24h,0,0.0,0.0,0.0,[],[]
2020-03-09T15:45:00-04:00,2020-03-09,GOOGL,24h,0,0.0,0.0,0.0,[],[]
2020-03-10T15:45:00-04:00,2020-03-10,GOOGL,24h,0,0.0,0.0,0.0,[],[]
2020-03-11T15:45:00-04:00,2020-03-11,GOOGL,24h,0,0.0,0.0,0.0,[],[]
2020-03-12T15:45:00-04:00,2020-03-12,GOOGL,24h,0,0.0,0.0,0.0,[],[]
2020-03-13T15:45:00-04:00,2020-03-13,GOOGL,24h,0,0.0,0.0,0.0,[],[]
2020-03-16T15:45:00-04:00,2020-03-16,GOOGL,24h,0,0.0,0.0,0.0,[],[]
2020-03-17T15:45:00-04:00,2020-03-17,GOOGL,24h,0,0.0,0.0,0.0,[],[]
2020-03-18T15:45:00-04:00,2020-03-18,GOOGL,24h,0,0.0,0.0,0.0,[],[]
2020-03-19T15:45:00-04:00,2020-03-19,GOOGL,24h,0,0.0,0.0,0.0,[],[]
2020-03-20T15:45:00-04:00,2020-03-20,GOOGL,24h,0,0.0,0.0,0.0,[],[]
2020-03-23T15:45:00-04:00,2020-03-23,GOOGL,24h,0,0.0,0.0,0.0,[],[]
2020-03-24T15:45:00-04:00,2020-03-24,GOOGL,24h,0,0.0,0.0,0.0,[],[]
2020-03-25T15:45:00-04:00,2020-03-25,GOOGL,24h,0,0.0,0.0,0.0,[],[]
2020-03-26T15:45:00-04:00,2020-03-26,GOOGL,24h,0,0.0,0.0,0.0,[],[]
2020-03-27T15:45:00-04:00,2020-03-27,GOOGL,24h,0,0.0,0.0,0.0,[],[]
2020-03-30T15:45:00-04:00,2020-03-30,GOOGL,24h,0,0.0,0.0,0.0,[],[]
2020-03-31T15:45:00-04:00,2020-03-31,GOOGL,24h,0,0.0,0.0,0.0,[],[]
2020-04-01T15:45:00-04:00,2020-04-01,GOOGL,24h,0,0.0,0.0,0.0,[],[]
2020-04-02T15:45:00-04:00,2020-04-02,GOOGL,24h,0,0.0,0.0,0.0,[],[]
2020-04-03T15:45:00-04:00,2020-04-03,GOOGL,24h,0,0.0,0.0,0.0,[],[]
2020-04-06T15:45:00-04:00,2020-04-06,GOOGL,24h,0,0.0,0.0,0.0,[],[]
2020-04-07T15:45:00-04:00,2020-04-07,GOOGL,24h,0,0.0,0.0,0.0,[],[]
2020-04-08T15:45:00-04:00,2020-04-08,GOOGL,24h,0,0.0,0.0,0.0,[],[]
2020-04-09T15:45:00-04:00,2020-04-09,GOOGL,24h,0,0.0,0.0,0.0,[],[]
2020-04-10T15:45:00-04:00,2020-04-10,GOOGL,24h,0,0.0,0.0,0.0,[],[]
2020-04-13T15:45:00-04:00,2020-04-13,GOOGL,24h,0,0.0,0.0,0.0,[],[]
2020-04-14T15:45:00-04:00,2020-04-14,GOOGL,24h,0,0.0,0.0,0.0,[],[]
2020-04-15T15:45:00-04:00,2020-04-15,GOOGL,24h,0,0.0,0.0,0.0,[],[]
2020-04-16T15:45:00-04:00,2020-04-16,GOOGL,24h,0,0.0,0.0,0.0,[],[]
2020-04-17T15:45:00-04:00,2020-04-17,GOOGL,24h,0,0.0,0.0,0.0,[],[]
2020-04-20T15:45:00-04:00,2020-04-20,GOOGL,24h,0,0.0,0.0,0.0,[],[]
2020-04-21T15:45:00-04:00,2020-04-21,GOOGL,24h,0,0.0,0.0,0.0,[],[]
2020-04-22T15:45:00-04:00,2020-04-22,GOOGL,24h,0,0.0,0.0,0.0,[],[]
2020-04-23T15:45:00-04:00,2020-04-23,GOOGL,24h,0,0.0,0.0,0.0,[],[]
2020-04-24T15:45:00-04:00,2020-04-24,GOOGL,24h,0,0.0,0.0,0.0,[],[]
2020-04-27T15:45:00-04:00,2020-04-27,GOOGL,24h,0,0.0,0.0,0.0,[],[]
2020-04-28T15:45:00-04:00,2020-04-28,GOOGL,24h,0,0.0,0.0,0.0,[],[]
2020-04-29T15:45:00-04:00,2020-04-29,GOOGL,24h,0,0.0,0.0,0.0,[],[]
2020-04-30T15:45:00-04:00,2020-04-30,GOOGL,24h,0,0.0,0.0,0.0,[],[]
2020-05-01T15:45:00-04:00,2020-05-01,GOOGL,24h,0,0.0,0.0,0.0,[],[]
2020-05-04T15:45:00-04:00,2020-05-04,GOOGL,24h,0,0.0,0.0,0.0,[],[]
2020-05-05T15:45:00-04:00,2020-05-05,GOOGL,24h,0,0.0,0.0,0.0,[],[]
2020-05-06T15:45:00-04:00,2020-05-06,GOOGL,24h,0,0.0,0.0,0.0,[],[]
2020-05-07T15:45:00-04:00,2020-05-07,GOOGL,24h,0,0.0,0.0,0.0,[],[]
2020-05-08T15:45:00-04:00,2020-05-08,GOOGL,24h,0,0.0,0.0,0.0,[],[]
2020-05-11T15:45:00-04:00,2020-05-11,GOOGL,24h,0,0.0,0.0,0.0,[],[]
2020-05-12T15:45:00-04:00,2020-05-12,GOOGL,24h,0,0.0,0.0,0.0,[],[]
2020-05-13T15:45:00-04:00,2020-05-13,GOOGL,24h,0,0.0,0.0,0.0,[],[]
2020-05-14T15:45:00-04:00,2020-05-14,GOOGL,24h,0,0.0,0.0,0.0,[],[]
2020-05-15T15:45:00-04:00,2020-05-15,GOOGL,24h,0,0.0,0.0,0.0,[],[]
2020-05-18T15:45:00-04:00,2020-05-18,GOOGL,24h,0,0.0,0.0,0.0,[],[]
2020-05-19T15:45:00-04:00,2020-05-19,GOOGL,24h,0,0.0,0.0,0.0,[],[]
2020-05-20T15:45:00-04:00,2020-05-20,GOOGL,24h,0,0.0,0.0,0.0,[],[]
2020-05-21T15:45:00-04:00,2020-05-21,GOOGL,24h,0,0.0,0.0,0.0,[],[]
2020-05-22T15:45:00-04:00,2020-05-22,GOOGL,24h,0,0.0,0.0,0.0,[],[]
2020-05-25T15:45:00-04:00,2020-05-25,GOOGL,24h,0,0.0,0.0,0.0,[],[]
2020-05-26T15:45:00-04:00,2020-05-26,GOOGL,24h,0,0.0,0.0,0.0,[],[]
2020-05-27T15:45:00-04:00,2020-05-27,GOOGL,24h,0,0.0,0.0,0.0,[],[]
2020-05-28T15:45:00-04:00,2020-05-28,GOOGL,24h,0,0.0,0.0,0.0,[],[]
2020-05-29T15:45:00-04:00,2020-05-29,GOOGL,24h,0,0.0,0.0,0.0,[],[]
2020-06-01T15:45:00-04:00,2020-06-01,GOOGL,24h,0,0.0,0.0,0.0,[],[]
2020-06-02T15:45:00-04:00,2020-06-02,GOOGL,24h,0,0.0,0.0,0.0,[],[]
2020-06-03T15:45:00-04:00,2020-06-03,GOOGL,24h,0,0.0,0.0,0.0,[],[]
2020-06-04T15:45:00-04:00,2020-06-04,GOOGL,24h,0,0.0,0.0,0.0,[],[]
2020-06-05T15:45:00-04:00,2020-06-05,GOOGL,24h,0,0.0,0.0,0.0,[],[]
2020-06-08T15:45:00-04:00,2020-06-08,GOOGL,24h,0,0.0,0.0,0.0,[],[]
2020-06-09T15:45:00-04:00,2020-06-09,GOOGL,24h,0,0.0,0.0,0.0,[],[]
2020-06-10T15:45:00-04:00,2020-06-10,GOOGL,24h,0,0.0,0.0,0.0,[],[]
2020-06-11T15:45:00-04:00,2020-06-11,GOOGL,24h,0,0.0,0.0,0.0,[],[]
2020-06-12T15:45:00-04:00,2020-06-12,GOOGL,24h,0,0.0,0.0,0.0,[],[]
2020-06-15T15:45:00-04:00,2020-06-15,GOOGL,24h,0,0.0,0.0,0.0,[],[]
2020-06-16T15:45:00-04:00,2020-06-16,GOOGL,24h,0,0.0,0.0,0.0,[],[]
2020-06-17T15:45:00-04:00,2020-06-17,GOOGL,24h,0,0.0,0.0,0.0,[],[]
2020-06-18T15:45:00-04:00,2020-06-18,GOOGL,24h,0,0.0,0.0,0.0,[],[]
2020-06-19T15:45:00-04:00,2020-06-19,GOOGL,24h,0,0.0,0.0,0.0,[],[]
2020-06-22T15:45:00-04:00,2020-06-22,GOOGL,24h,0,0.0,0.0,0.0,[],[]
2020-06-23T15:45:00-04:00,2020-06-23,GOOGL,24h,0,0.0,0.0,0.0,[],[]
2020-06-24T15:45:00-04:00,2020-06-24,GOOGL,24h,0,0.0,0.0,0.0,[],[]
2020-06-25T15:45:00-04:00,2020-06-25,GOOGL,24h,0,0.0,0.0,0.0,[],[]
2020-06-26T15:45:00-04:00,2020-06-26,GOOGL,24h,0,0.0,0.0,0.0,[],[]
2020-06-29T15:45:00-04:00,2020-06-29,GOOGL,24h,0,0.0,0.0,0.0,[],[]
2020-06-30T15:45:00-04:00,2020-06-30,GOOGL,24h,0,0.0,0.0,0.0,[],[]
2020-07-01T15:45:00-04:00,2020-07-01,GOOGL,24h,0,0.0,0.0,0.0,[],[]
2020-07-02T15:45:00-04:00,2020-07-02,GOOGL,24h,0,0.0,0.0,0.0,[],[]
2020-07-03T15:45:00-04:00,2020-07-03,GOOGL,24h,0,0.0,0.0,0.0,[],[]
2020-07-06T15:45:00-04:00,2020-07-06,GOOGL,24h,0,0.0,0.0,0.0,[],[]
2020-07-07T15:45:00-04:00,2020-07-07,GOOGL,24h,0,0.0,0.0,0.0,[],[]
2020-07-08T15:45:00-04:00,2020-07-08,GOOGL,24h,0,0.0,0.0,0.0,[],[]
2020-07-09T15:45:00-04:00,2020-07-09,GOOGL,24h,0,0.0,0.0,0.0,[],[]
2020-07-10T15:45:00-04:00,2020-07-10,GOOGL,24h,0,0.0,0.0,0.0,[],[]
2020-07-13T15:45:00-04:00,2020-07-13,GOOGL,24h,0,0.0,0.0,0.0,[],[]
2020-07-14T15:45:00-04:00,2020-07-14,GOOGL,24h,0,0.0,0.0,0.0,[],[]
2020-07-15T15:45:00-04:00,2020-07-15,GOOGL,24h,0,0.0,0.0,0.0,[],[]
2020-07-16T15:45:00-04:00,2020-07-16,GOOGL,24h,0,0.0,0.0,0.0,[],[]
2020-07-17T15:45:00-04:00,2020-07-17,GOOGL,24h,0,0.0,0.0,0.0,[],[]
2020-07-20T15:45:00-04:00,2020-07-20,GOOGL,24h,0,0.0,0.0,0.0,[],[]
2020-07-21T15:45:00-04:00,2020-07-21,GOOGL,24h,0,0.0,0.0,0.0,[],[]
2020-07-22T15:45:00-04:00,2020-07-22,GOOGL,24h,0,0.0,0.0,0.0,[],[]
2020-07-23T15:45:00-04:00,2020-07-23,GOOGL,24h,0,0.0,0.0,0.0,[],[]
2020-07-24T15:45:00-04:00,2020-07-24,GOOGL,24h,0,0.0,0.0,0.0,[],[]
2020-07-27T15:45:00-04:00,2020-07-27,GOOGL,24h,0,0.0,0.0,0.0,[],[]
2020-07-28T15:45:00-04:00,2020-07-28,GOOGL,24h,0,0.0,0.0,0.0,[],[]
2020-07-29T15:45:00-04:00,2020-07-29,GOOGL,24h,0,0.0,0.0,0.0,[],[]
2020-07-30T15:45:00-04:00,2020-07-30,GOOGL,24h,0,0.0,0.0,0.0,[],[]
2020-07-31T15:45:00-04:00,2020-07-31,GOOGL,24h,0,0.0,0.0,0.0,[],[]
2020-08-03T15:45:00-04:00,2020-08-03,GOOGL,24h,0,0.0,0.0,0.0,[],[]
2020-08-04T15:45:00-04:00,2020-08-04,GOOGL,24h,0,0.0,0.0,0.0,[],[]
2020-08-05T15:45:00-04:00,2020-08-05,GOOGL,24h,0,0.0,0.0,0.0,[],[]
2020-08-06T15:45:00-04:00,2020-08-06,GOOGL,24h,0,0.0,0.0,0.0,[],[]
2020-08-07T15:45:00-04:00,2020-08-07,GOOGL,24h,0,0.0,0.0,0.0,[],[]
2020-08-10T15:45:00-04:00,2020-08-10,GOOGL,24h,0,0.0,0.0,0.0,[],[]
2020-08-11T15:45:00-04:00,2020-08-11,GOOGL,24h,0,0.0,0.0,0.0,[],[]
2020-08-12T15:45:00-04:00,2020-08-12,GOOGL,24h,0,0.0,0.0,0.0,[],[]
2020-08-13T15:45:00-04:00,2020-08-13,GOOGL,24h,0,0.0,0.0,0.0,[],[]
2020-08-14T15:45:00-04:00,2020-08-14,GOOGL,24h,0,0.0,0.0,0.0,[],[]
2020-08-17T15:45:00-04:00,2020-08-17,GOOGL,24h,0,0.0,0.0,0.0,[],[]
2020-08-18T15:45:00-04:00,2020-08-18,GOOGL,24h,0,0.0,0.0,0.0,[],[]
2020-08-19T15:45:00-04:00,2020-08-19,GOOGL,24h,0,0.0,0.0,0.0,[],[]
2020-08-20T15:45:00-04:00,2020-08-20,GOOGL,24h,0,0.0,0.0,0.0,[],[]
2020-08-21T15:45:00-04:00,2020-08-21,GOOGL,24h,0,0.0,0.0,0.0,[],[]
2020-08-24T15:45:00-04:00,2020-08-24,GOOGL,24h,0,0.0,0.0,0.0,[],[]
2020-08-25T15:45:00-04:00,2020-08-25,GOOGL,24h,0,0.0,0.0,0.0,[],[]
2020-08-26T15:45:00-04:00,2020-08-26,GOOGL,24h,0,0.0,0.0,0.0,[],[]
2020-08-27T15:45:00-04:00,2020-08-27,GOOGL,24h,0,0.0,0.0,0.0,[],[]
2020-08-28T15:45:00-04:00,2020-08-28,GOOGL,24h,0,0.0,0.0,0.0,[],[]
2020-08-31T15:45:00-04:00,2020-08-31,GOOGL,24h,0,0.0,0.0,0.0,[],[]
2020-09-01T15:45:00-04:00,2020-09-01,GOOGL,24h,0,0.0,0.0,0.0,[],[]
2020-09-02T15:45:00-04:00,2020-09-02,GOOGL,24h,0,0.0,0.0,0.0,[],[]
2020-09-03T15:45:00-04:00,2020-09-03,GOOGL,24h,0,0.0,0.0,0.0,[],[]
2020-09-04T15:45:00-04:00,2020-09-04,GOOGL,24h,0,0.0,0.0,0.0,[],[]
2020-09-07T15:45:00-04:00,2020-09-07,GOOGL,24h,0,0.0,0.0,0.0,[],[]
2020-09-08T15:45:00-04:00,2020-09-08,GOOGL,24h,0,0.0,0.0,0.0,[],[]
2020-09-09T15:45:00-04:00,2020-09-09,GOOGL,24h,0,0.0,0.0,0.0,[],[]
2020-09-10T15:45:00-04:00,2020-09-10,GOOGL,24h,0,0.0,0.0,0.0,[],[]
2020-09-11T15:45:00-04:00,2020-09-11,GOOGL,24h,0,0.0,0.0,0.0,[],[]
2020-09-14T15:45:00-04:00,2020-09-14,GOOGL,24h,0,0.0,0.0,0.0,[],[]
2020-09-15T15:45:00-04:00,2020-09-15,GOOGL,24h,0,0.0,0.0,0.0,[],[]
2020-09-16T15:45:00-04:00,2020-09-16,GOOGL,24h,0,0.0,0.0,0.0,[],[]
2020-09-17T15:45:00-04:00,2020-09-17,GOOGL,24h,0,0.0,0.0,0.0,[],[]
2020-09-18T15:45:00-04:00,2020-09-18,GOOGL,24h,0,0.0,0.0,0.0,[],[]
2020-09-21T15:45:00-04:00,2020-09-21,GOOGL,24h,0,0.0,0.0,0.0,[],[]
2020-09-22T15:45:00-04:00,2020-09-22,GOOGL,24h,0,0.0,0.0,0.0,[],[]
2020-09-23T15:45:00-04:00,2020-09-23,GOOGL,24h,0,0.0,0.0,0.0,[],[]
2020-09-24T15:45:00-04:00,2020-09-24,GOOGL,24h,0,0.0,0.0,0.0,[],[]
2020-09-25T15:45:00-04:00,2020-09-25,GOOGL,24h,0,0.0,0.0,0.0,[],[]
2020-09-28T15:45:00-04:00,2020-09-28,GOOGL,24h,0,0.0,0.0,0.0,[],[]
2020-09-29T15:45:00-04:00,2020-09-29,GOOGL,24h,0,0.0,0.0,0.0,[],[]
2020-09-30T15:45:00-04:00,2020-09-30,GOOGL,24h,0,0.0,0.0,0.0,[],[]
2020-10-01T15:45:00-04:00,2020-10-01,GOOGL,24h,0,0.0,0.0,0.0,[],[]
2020-10-02T15:45:00-04:00,2020-10-02,GOOGL,24h,0,0.0,0.0,0.0,[],[]
2020-10-05T15:45:00-04:00,2020-10-05,GOOGL,24h,0,0.0,0.0,0.0,[],[]
2020-10-06T15:45:00-04:00,2020-10-06,GOOGL,24h,0,0.0,0.0,0.0,[],[]
2020-10-07T15:45:00-04:00,2020-10-07,GOOGL,24h,0,0.0,0.0,0.0,[],[]
2020-10-08T15:45:00-04:00,2020-10-08,GOOGL,24h,0,0.0,0.0,0.0,[],[]
2020-10-09T15:45:00-04:00,2020-10-09,GOOGL,24h,0,0.0,0.0,0.0,[],[]
2020-10-12T15:45:00-04:00,2020-10-12,GOOGL,24h,0,0.0,0.0,0.0,[],[]
2020-10-13T15:45:00-04:00,2020-10-13,GOOGL,24h,0,0.0,0.0,0.0,[],[]
2020-10-14T15:45:00-04:00,2020-10-14,GOOGL,24h,0,0.0,0.0,0.0,[],[]
2020-10-15T15:45:00-04:00,2020-10-15,GOOGL,24h,0,0.0,0.0,0.0,[],[]
2020-10-16T15:45:00-04:00,2020-10-16,GOOGL,24h,0,0.0,0.0,0.0,[],[]
2020-10-19T15:45:00-04:00,2020-10-19,GOOGL,24h,0,0.0,0.0,0.0,[],[]
2020-10-20T15:45:00-04:00,2020-10-20,GOOGL,24h,0,0.0,0.0,0.0,[],[]
2020-10-21T15:45:00-04:00,2020-10-21,GOOGL,24h,0,0.0,0.0,0.0,[],[]
2020-10-22T15:45:00-04:00,2020-10-22,GOOGL,24h,0,0.0,0.0,0.0,[],[]
2020-10-23T15:45:00-04:00,2020-10-23,GOOGL,24h,0,0.0,0.0,0.0,[],[]
2020-10-26T15:45:00-04:00,2020-10-26,GOOGL,24h,0,0.0,0.0,0.0,[],[]
2020-10-27T15:45:00-04:00,2020-10-27,GOOGL,24h,0,0.0,0.0,0.0,[],[]
2020-10-28T15:45:00-04:00,2020-10-28,GOOGL,24h,0,0.0,0.0,0.0,[],[]
2020-10-29T15:45:00-04:00,2020-10-29,GOOGL,24h,0,0.0,0.0,0.0,[],[]
2020-10-30T15:45:00-04:00,2020-10-30,GOOGL,24h,0,0.0,0.0,0.0,[],[]
2020-11-02T15:45:00-05:00,2020-11-02,GOOGL,24h,0,0.0,0.0,0.0,[],[]
2020-11-03T15:45:00-05:00,2020-11-03,GOOGL,24h,0,0.0,0.0,0.0,[],[]
2020-11-04T15:45:00-05:00,2020-11-04,GOOGL,24h,0,0.0,0.0,0.0,[],[]
2020-11-05T15:45:00-05:00,2020-11-05,GOOGL,24h,0,0.0,0.0,0.0,[],[]
2020-11-06T15:45:00-05:00,2020-11-06,GOOGL,24h,0,0.0,0.0,0.0,[],[]
2020-11-09T15:45:00-05:00,2020-11-09,GOOGL,24h,0,0.0,0.0,0.0,[],[]
2020-11-10T15:45:00-05:00,2020-11-10,GOOGL,24h,0,0.0,0.0,0.0,[],[]
2020-11-11T15:45:00-05:00,2020-11-11,GOOGL,24h,0,0.0,0.0,0.0,[],[]
2020-11-12T15:45:00-05:00,2020-11-12,GOOGL,24h,0,0.0,0.0,0.0,[],[]
2020-11-13T15:45:00-05:00,2020-11-13,GOOGL,24h,0,0.0,0.0,0.0,[],[]
2020-11-16T15:45:00-05:00,2020-11-16,GOOGL,24h,0,0.0,0.0,0.0,[],[]
2020-11-17T15:45:00-05:00,2020-11-17,GOOGL,24h,0,0.0,0.0,0.0,[],[]
2020-11-18T15:45:00-05:00,2020-11-18,GOOGL,24h,0,0.0,0.0,0.0,[],[]
2020-11-19T15:45:00-05:00,2020-11-19,GOOGL,24h,0,0.0,0.0,0.0,[],[]
2020-11-20T15:45:00-05:00,2020-11-20,GOOGL,24h,0,0.0,0.0,0.0,[],[]
2020-11-23T15:45:00-05:00,2020-11-23,GOOGL,24h,0,0.0,0.0,0.0,[],[]
2020-11-24T15:45:00-05:00,2020-11-24,GOOGL,24h,0,0.0,0.0,0.0,[],[]
2020-11-25T15:45:00-05:00,2020-11-25,GOOGL,24h,0,0.0,0.0,0.0,[],[]
2020-11-26T15:45:00-05:00,2020-11-26,GOOGL,24h,0,0.0,0.0,0.0,[],[]
2020-11-27T15:45:00-05:00,2020-11-27,GOOGL,24h,0,0.0,0.0,0.0,[],[]
2020-11-30T15:45:00-05:00,2020-11-30,GOOGL,24h,0,0.0,0.0,0.0,[],[]
2020-12-01T15:45:00-05:00,2020-12-01,GOOGL,24h,0,0.0,0.0,0.0,[],[]
2020-12-02T15:45:00-05:00,2020-12-02,GOOGL,24h,0,0.0,0.0,0.0,[],[]
2020-12-03T15:45:00-05:00,2020-12-03,GOOGL,24h,0,0.0,0.0,0.0,[],[]
2020-12-04T15:45:00-05:00,2020-12-04,GOOGL,24h,0,0.0,0.0,0.0,[],[]
2020-12-07T15:45:00-05:00,2020-12-07,GOOGL,24h,0,0.0,0.0,0.0,[],[]
2020-12-08T15:45:00-05:00,2020-12-08,GOOGL,24h,0,0.0,0.0,0.0,[],[]
2020-12-09T15:45:00-05:00,2020-12-09,GOOGL,24h,0,0.0,0.0,0.0,[],[]
2020-12-10T15:45:00-05:00,2020-12-10,GOOGL,24h,0,0.0,0.0,0.0,[],[]
2020-12-11T15:45:00-05:00,2020-12-11,GOOGL,24h,0,0.0,0.0,0.0,[],[]
2020-12-14T15:45:00-05:00,2020-12-14,GOOGL,24h,0,0.0,0.0,0.0,[],[]
2020-12-15T15:45:00-05:00,2020-12-15,GOOGL,24h,0,0.0,0.0,0.0,[],[]
2020-12-16T15:45:00-05:00,2020-12-16,GOOGL,24h,0,0.0,0.0,0.0,[],[]
2020-12-17T15:45:00-05:00,2020-12-17,GOOGL,24h,0,0.0,0.0,0.0,[],[]
2020-12-18T15:45:00-05:00,2020-12-18,GOOGL,24h,0,0.0,0.0,0.0,[],[]
2020-12-21T15:45:00-05:00,2020-12-21,GOOGL,24h,0,0.0,0.0,0.0,[],[]
2020-12-22T15:45:00-05:00,2020-12-22,GOOGL,24h,0,0.0,0.0,0.0,[],[]
2020-12-23T15:45:00-05:00,2020-12-23,GOOGL,24h,0,0.0,0.0,0.0,[],[]
2020-12-24T15:45:00-05:00,2020-12-24,GOOGL,24h,0,0.0,0.0,0.0,[],[]
2020-12-25T15:45:00-05:00,2020-12-25,GOOGL,24h,0,0.0,0.0,0.0,[],[]
2020-12-28T15:45:00-05:00,2020-12-28,GOOGL,24h,0,0.0,0.0,0.0,[],[]
2020-12-29T15:45:00-05:00,2020-12-29,GOOGL,24h,0,0.0,0.0,0.0,[],[]
2020-12-30T15:45:00-05:00,2020-12-30,GOOGL,24h,0,0.0,0.0,0.0,[],[]
2020-12-31T15:45:00-05:00,2020-12-31,GOOGL,24h,0,0.0,0.0,0.0,[],[]
2021-01-01T15:45:00-05:00,2021-01-01,GOOGL,24h,0,0.0,0.0,0.0,[],[]
2021-01-04T15:45:00-05:00,2021-01-04,GOOGL,24h,0,0.0,0.0,0.0,[],[]
2021-01-05T15:45:00-05:00,2021-01-05,GOOGL,24h,0,0.0,0.0,0.0,[],[]
2021-01-06T15:45:00-05:00,2021-01-06,GOOGL,24h,0,0.0,0.0,0.0,[],[]
2021-01-07T15:45:00-05:00,2021-01-07,GOOGL,24h,0,0.0,0.0,0.0,[],[]
2021-01-08T15:45:00-05:00,2021-01-08,GOOGL,24h,0,0.0,0.0,0.0,[],[]
2021-01-11T15:45:00-05:00,2021-01-11,GOOGL,24h,0,0.0,0.0,0.0,[],[]
2021-01-12T15:45:00-05:00,2021-01-12,GOOGL,24h,0,0.0,0.0,0.0,[],[]
2021-01-13T15:45:00-05:00,2021-01-13,GOOGL,24h,0,0.0,0.0,0.0,[],[]
2021-01-14T15:45:00-05:00,2021-01-14,GOOGL,24h,0,0.0,0.0,0.0,[],[]
2021-01-15T15:45:00-05:00,2021-01-15,GOOGL,24h,0,0.0,0.0,0.0,[],[]
2021-01-18T15:45:00-05:00,2021-01-18,GOOGL,24h,0,0.0,0.0,0.0,[],[]
2021-01-19T15:45:00-05:00,2021-01-19,GOOGL,24h,0,0.0,0.0,0.0,[],[]
2021-01-20T15:45:00-05:00,2021-01-20,GOOGL,24h,0,0.0,0.0,0.0,[],[]
2021-01-21T15:45:00-05:00,2021-01-21,GOOGL,24h,0,0.0,0.0,0.0,[],[]
2021-01-22T15:45:00-05:00,2021-01-22,GOOGL,24h,0,0.0,0.0,0.0,[],[]
2021-01-25T15:45:00-05:00,2021-01-25,GOOGL,24h,0,0.0,0.0,0.0,[],[]
2021-01-26T15:45:00-05:00,2021-01-26,GOOGL,24h,0,0.0,0.0,0.0,[],[]
2021-01-27T15:45:00-05:00,2021-01-27,GOOGL,24h,0,0.0,0.0,0.0,[],[]
2021-01-28T15:45:00-05:00,2021-01-28,GOOGL,24h,0,0.0,0.0,0.0,[],[]
2021-01-29T15:45:00-05:00,2021-01-29,GOOGL,24h,0,0.0,0.0,0.0,[],[]
2021-02-01T15:45:00-05:00,2021-02-01,GOOGL,24h,0,0.0,0.0,0.0,[],[]
2021-02-02T15:45:00-05:00,2021-02-02,GOOGL,24h,0,0.0,0.0,0.0,[],[]
2021-02-03T15:45:00-05:00,2021-02-03,GOOGL,24h,0,0.0,0.0,0.0,[],[]
2021-02-04T15:45:00-05:00,2021-02-04,GOOGL,24h,0,0.0,0.0,0.0,[],[]
2021-02-05T15:45:00-05:00,2021-02-05,GOOGL,24h,0,0.0,0.0,0.0,[],[]
2021-02-08T15:45:00-05:00,2021-02-08,GOOGL,24h,0,0.0,0.0,0.0,[],[]
2021-02-09T15:45:00-05:00,2021-02-09,GOOGL,24h,0,0.0,0.0,0.0,[],[]
2021-02-10T15:45:00-05:00,2021-02-10,GOOGL,24h,0,0.0,0.0,0.0,[],[]
2021-02-11T15:45:00-05:00,2021-02-11,GOOGL,24h,0,0.0,0.0,0.0,[],[]
2021-02-12T15:45:00-05:00,2021-02-12,GOOGL,24h,0,0.0,0.0,0.0,[],[]
2021-02-15T15:45:00-05:00,2021-02-15,GOOGL,24h,0,0.0,0.0,0.0,[],[]
2021-02-16T15:45:00-05:00,2021-02-16,GOOGL,24h,0,0.0,0.0,0.0,[],[]
2021-02-17T15:45:00-05:00,2021-02-17,GOOGL,24h,0,0.0,0.0,0.0,[],[]
2021-02-18T15:45:00-05:00,2021-02-18,GOOGL,24h,0,0.0,0.0,0.0,[],[]
2021-02-19T15:45:00-05:00,2021-02-19,GOOGL,24h,0,0.0,0.0,0.0,[],[]
2021-02-22T15:45:00-05:00,2021-02-22,GOOGL,24h,0,0.0,0.0,0.0,[],[]
2021-02-23T15:45:00-05:00,2021-02-23,GOOGL,24h,0,0.0,0.0,0.0,[],[]
2021-02-24T15:45:00-05:00,2021-02-24,GOOGL,24h,0,0.0,0.0,0.0,[],[]
2021-02-25T15:45:00-05:00,2021-02-25,GOOGL,24h,0,0.0,0.0,0.0,[],[]
2021-02-26T15:45:00-05:00,2021-02-26,GOOGL,24h,0,0.0,0.0,0.0,[],[]
2021-03-01T15:45:00-05:00,2021-03-01,GOOGL,24h,0,0.0,0.0,0.0,[],[]
2021-03-02T15:45:00-05:00,2021-03-02,GOOGL,24h,0,0.0,0.0,0.0,[],[]
2021-03-03T15:45:00-05:00,2021-03-03,GOOGL,24h,0,0.0,0.0,0.0,[],[]
2021-03-04T15:45:00-05:00,2021-03-04,GOOGL,24h,0,0.0,0.0,0.0,[],[]
2021-03-05T15:45:00-05:00,2021-03-05,GOOGL,24h,0,0.0,0.0,0.0,[],[]
2021-03-08T15:45:00-05:00,2021-03-08,GOOGL,24h,0,0.0,0.0,0.0,[],[]
2021-03-09T15:45:00-05:00,2021-03-09,GOOGL,24h,0,0.0,0.0,0.0,[],[]
2021-03-10T15:45:00-05:00,2021-03-10,GOOGL,24h,0,0.0,0.0,0.0,[],[]
2021-03-11T15:45:00-05:00,2021-03-11,GOOGL,24h,0,0.0,0.0,0.0,[],[]
2021-03-12T15:45:00-05:00,2021-03-12,GOOGL,24h,0,0.0,0.0,0.0,[],[]
2021-03-15T15:45:00-04:00,2021-03-15,GOOGL,24h,0,0.0,0.0,0.0,[],[]
2021-03-16T15:45:00-04:00,2021-03-16,GOOGL,24h,0,0.0,0.0,0.0,[],[]
2021-03-17T15:45:00-04:00,2021-03-17,GOOGL,24h,0,0.0,0.0,0.0,[],[]
2021-03-18T15:45:00-04:00,2021-03-18,GOOGL,24h,0,0.0,0.0,0.0,[],[]
2021-03-19T15:45:00-04:00,2021-03-19,GOOGL,24h,0,0.0,0.0,0.0,[],[]
2021-03-22T15:45:00-04:00,2021-03-22,GOOGL,24h,0,0.0,0.0,0.0,[],[]
2021-03-23T15:45:00-04:00,2021-03-23,GOOGL,24h,0,0.0,0.0,0.0,[],[]
2021-03-24T15:45:00-04:00,2021-03-24,GOOGL,24h,0,0.0,0.0,0.0,[],[]
2021-03-25T15:45:00-04:00,2021-03-25,GOOGL,24h,0,0.0,0.0,0.0,[],[]
2021-03-26T15:45:00-04:00,2021-03-26,GOOGL,24h,0,0.0,0.0,0.0,[],[]
2021-03-29T15:45:00-04:00,2021-03-29,GOOGL,24h,0,0.0,0.0,0.0,[],[]
2021-03-30T15:45:00-04:00,2021-03-30,GOOGL,24h,0,0.0,0.0,0.0,[],[]
2021-03-31T15:45:00-04:00,2021-03-31,GOOGL,24h,0,0.0,0.0,0.0,[],[]
2021-04-01T15:45:00-04:00,2021-04-01,GOOGL,24h,0,0.0,0.0,0.0,[],[]
2021-04-02T15:45:00-04:00,2021-04-02,GOOGL,24h,0,0.0,0.0,0.0,[],[]
2021-04-05T15:45:00-04:00,2021-04-05,GOOGL,24h,0,0.0,0.0,0.0,[],[]
2021-04-06T15:45:00-04:00,2021-04-06,GOOGL,24h,0,0.0,0.0,0.0,[],[]
2021-04-07T15:45:00-04:00,2021-04-07,GOOGL,24h,0,0.0,0.0,0.0,[],[]
2021-04-08T15:45:00-04:00,2021-04-08,GOOGL,24h,0,0.0,0.0,0.0,[],[]
2021-04-09T15:45:00-04:00,2021-04-09,GOOGL,24h,0,0.0,0.0,0.0,[],[]
2021-04-12T15:45:00-04:00,2021-04-12,GOOGL,24h,0,0.0,0.0,0.0,[],[]
2021-04-13T15:45:00-04:00,2021-04-13,GOOGL,24h,0,0.0,0.0,0.0,[],[]
2021-04-14T15:45:00-04:00,2021-04-14,GOOGL,24h,0,0.0,0.0,0.0,[],[]
2021-04-15T15:45:00-04:00,2021-04-15,GOOGL,24h,0,0.0,0.0,0.0,[],[]
2021-04-16T15:45:00-04:00,2021-04-16,GOOGL,24h,0,0.0,0.0,0.0,[],[]
2021-04-19T15:45:00-04:00,2021-04-19,GOOGL,24h,0,0.0,0.0,0.0,[],[]
2021-04-20T15:45:00-04:00,2021-04-20,GOOGL,24h,0,0.0,0.0,0.0,[],[]
2021-04-21T15:45:00-04:00,2021-04-21,GOOGL,24h,0,0.0,0.0,0.0,[],[]
2021-04-22T15:45:00-04:00,2021-04-22,GOOGL,24h,0,0.0,0.0,0.0,[],[]
2021-04-23T15:45:00-04:00,2021-04-23,GOOGL,24h,0,0.0,0.0,0.0,[],[]
2021-04-26T15:45:00-04:00,2021-04-26,GOOGL,24h,0,0.0,0.0,0.0,[],[]
2021-04-27T15:45:00-04:00,2021-04-27,GOOGL,24h,0,0.0,0.0,0.0,[],[]
2021-04-28T15:45:00-04:00,2021-04-28,GOOGL,24h,0,0.0,0.0,0.0,[],[]
2021-04-29T15:45:00-04:00,2021-04-29,GOOGL,24h,0,0.0,0.0,0.0,[],[]
2021-04-30T15:45:00-04:00,2021-04-30,GOOGL,24h,0,0.0,0.0,0.0,[],[]
2021-05-03T15:45:00-04:00,2021-05-03,GOOGL,24h,0,0.0,0.0,0.0,[],[]
2021-05-04T15:45:00-04:00,2021-05-04,GOOGL,24h,0,0.0,0.0,0.0,[],[]
2021-05-05T15:45:00-04:00,2021-05-05,GOOGL,24h,0,0.0,0.0,0.0,[],[]
2021-05-06T15:45:00-04:00,2021-05-06,GOOGL,24h,0,0.0,0.0,0.0,[],[]
2021-05-07T15:45:00-04:00,2021-05-07,GOOGL,24h,0,0.0,0.0,0.0,[],[]
2021-05-10T15:45:00-04:00,2021-05-10,GOOGL,24h,0,0.0,0.0,0.0,[],[]
2021-05-11T15:45:00-04:00,2021-05-11,GOOGL,24h,0,0.0,0.0,0.0,[],[]
2021-05-12T15:45:00-04:00,2021-05-12,GOOGL,24h,0,0.0,0.0,0.0,[],[]
2021-05-13T15:45:00-04:00,2021-05-13,GOOGL,24h,0,0.0,0.0,0.0,[],[]
2021-05-14T15:45:00-04:00,2021-05-14,GOOGL,24h,0,0.0,0.0,0.0,[],[]
2021-05-17T15:45:00-04:00,2021-05-17,GOOGL,24h,0,0.0,0.0,0.0,[],[]
2021-05-18T15:45:00-04:00,2021-05-18,GOOGL,24h,0,0.0,0.0,0.0,[],[]
2021-05-19T15:45:00-04:00,2021-05-19,GOOGL,24h,0,0.0,0.0,0.0,[],[]
2021-05-20T15:45:00-04:00,2021-05-20,GOOGL,24h,0,0.0,0.0,0.0,[],[]
2021-05-21T15:45:00-04:00,2021-05-21,GOOGL,24h,0,0.0,0.0,0.0,[],[]
2021-05-24T15:45:00-04:00,2021-05-24,GOOGL,24h,0,0.0,0.0,0.0,[],[]
2021-05-25T15:45:00-04:00,2021-05-25,GOOGL,24h,0,0.0,0.0,0.0,[],[]
2021-05-26T15:45:00-04:00,2021-05-26,GOOGL,24h,0,0.0,0.0,0.0,[],[]
2021-05-27T15:45:00-04:00,2021-05-27,GOOGL,24h,0,0.0,0.0,0.0,[],[]
2021-05-28T15:45:00-04:00,2021-05-28,GOOGL,24h,0,0.0,0.0,0.0,[],[]
2021-05-31T15:45:00-04:00,2021-05-31,GOOGL,24h,0,0.0,0.0,0.0,[],[]
2021-06-01T15:45:00-04:00,2021-06-01,GOOGL,24h,0,0.0,0.0,0.0,[],[]
2021-06-02T15:45:00-04:00,2021-06-02,GOOGL,24h,0,0.0,0.0,0.0,[],[]
2021-06-03T15:45:00-04:00,2021-06-03,GOOGL,24h,0,0.0,0.0,0.0,[],[]
2021-06-04T15:45:00-04:00,2021-06-04,GOOGL,24h,0,0.0,0.0,0.0,[],[]
2021-06-07T15:45:00-04:00,2021-06-07,GOOGL,24h,0,0.0,0.0,0.0,[],[]
2021-06-08T15:45:00-04:00,2021-06-08,GOOGL,24h,0,0.0,0.0,0.0,[],[]
2021-06-09T15:45:00-04:00,2021-06-09,GOOGL,24h,0,0.0,0.0,0.0,[],[]
2021-06-10T15:45:00-04:00,2021-06-10,GOOGL,24h,0,0.0,0.0,0.0,[],[]
2021-06-11T15:45:00-04:00,2021-06-11,GOOGL,24h,0,0.0,0.0,0.0,[],[]
2021-06-14T15:45:00-04:00,2021-06-14,GOOGL,24h,0,0.0,0.0,0.0,[],[]
2021-06-15T15:45:00-04:00,2021-06-15,GOOGL,24h,0,0.0,0.0,0.0,[],[]
2021-06-16T15:45:00-04:00,2021-06-16,GOOGL,24h,0,0.0,0.0,0.0,[],[]
2021-06-17T15:45:00-04:00,2021-06-17,GOOGL,24h,0,0.0,0.0,0.0,[],[]
2021-06-18T15:45:00-04:00,2021-06-18,GOOGL,24h,0,0.0,0.0,0.0,[],[]
2021-06-21T15:45:00-04:00,2021-06-21,GOOGL,24h,0,0.0,0.0,0.0,[],[]
2021-06-22T15:45:00-04:00,2021-06-22,GOOGL,24h,0,0.0,0.0,0.0,[],[]
2021-06-23T15:45:00-04:00,2021-06-23,GOOGL,24h,0,0.0,0.0,0.0,[],[]
2021-06-24T15:45:00-04:00,2021-06-24,GOOGL,24h,0,0.0,0.0,0.0,[],[]
2021-06-25T15:45:00-04:00,2021-06-25,GOOGL,24h,0,0.0,0.0,0.0,[],[]
2021-06-28T15:45:00-04:00,2021-06-28,GOOGL,24h,0,0.0,0.0,0.0,[],[]
2021-06-29T15:45:00-04:00,2021-06-29,GOOGL,24h,0,0.0,0.0,0.0,[],[]
2021-06-30T15:45:00-04:00,2021-06-30,GOOGL,24h,0,0.0,0.0,0.0,[],[]
2021-07-01T15:45:00-04:00,2021-07-01,GOOGL,24h,0,0.0,0.0,0.0,[],[]
2021-07-02T15:45:00-04:00,2021-07-02,GOOGL,24h,0,0.0,0.0,0.0,[],[]
2021-07-05T15:45:00-04:00,2021-07-05,GOOGL,24h,0,0.0,0.0,0.0,[],[]
2021-07-06T15:45:00-04:00,2021-07-06,GOOGL,24h,0,0.0,0.0,0.0,[],[]
2021-07-07T15:45:00-04:00,2021-07-07,GOOGL,24h,0,0.0,0.0,0.0,[],[]
2021-07-08T15:45:00-04:00,2021-07-08,GOOGL,24h,0,0.0,0.0,0.0,[],[]
2021-07-09T15:45:00-04:00,2021-07-09,GOOGL,24h,0,0.0,0.0,0.0,[],[]
2021-07-12T15:45:00-04:00,2021-07-12,GOOGL,24h,0,0.0,0.0,0.0,[],[]
2021-07-13T15:45:00-04:00,2021-07-13,GOOGL,24h,0,0.0,0.0,0.0,[],[]
2021-07-14T15:45:00-04:00,2021-07-14,GOOGL,24h,0,0.0,0.0,0.0,[],[]
2021-07-15T15:45:00-04:00,2021-07-15,GOOGL,24h,0,0.0,0.0,0.0,[],[]
2021-07-16T15:45:00-04:00,2021-07-16,GOOGL,24h,0,0.0,0.0,0.0,[],[]
2021-07-19T15:45:00-04:00,2021-07-19,GOOGL,24h,0,0.0,0.0,0.0,[],[]
2021-07-20T15:45:00-04:00,2021-07-20,GOOGL,24h,0,0.0,0.0,0.0,[],[]
2021-07-21T15:45:00-04:00,2021-07-21,GOOGL,24h,0,0.0,0.0,0.0,[],[]
2021-07-22T15:45:00-04:00,2021-07-22,GOOGL,24h,0,0.0,0.0,0.0,[],[]
2021-07-23T15:45:00-04:00,2021-07-23,GOOGL,24h,0,0.0,0.0,0.0,[],[]
2021-07-26T15:45:00-04:00,2021-07-26,GOOGL,24h,0,0.0,0.0,0.0,[],[]
2021-07-27T15:45:00-04:00,2021-07-27,GOOGL,24h,0,0.0,0.0,0.0,[],[]
2021-07-28T15:45:00-04:00,2021-07-28,GOOGL,24h,0,0.0,0.0,0.0,[],[]
2021-07-29T15:45:00-04:00,2021-07-29,GOOGL,24h,0,0.0,0.0,0.0,[],[]
2021-07-30T15:45:00-04:00,2021-07-30,GOOGL,24h,0,0.0,0.0,0.0,[],[]
2021-08-02T15:45:00-04:00,2021-08-02,GOOGL,24h,0,0.0,0.0,0.0,[],[]
2021-08-03T15:45:00-04:00,2021-08-03,GOOGL,24h,0,0.0,0.0,0.0,[],[]
2021-08-04T15:45:00-04:00,2021-08-04,GOOGL,24h,0,0.0,0.0,0.0,[],[]
2021-08-05T15:45:00-04:00,2021-08-05,GOOGL,24h,0,0.0,0.0,0.0,[],[]
2021-08-06T15:45:00-04:00,2021-08-06,GOOGL,24h,0,0.0,0.0,0.0,[],[]
2021-08-09T15:45:00-04:00,2021-08-09,GOOGL,24h,0,0.0,0.0,0.0,[],[]
2021-08-10T15:45:00-04:00,2021-08-10,GOOGL,24h,0,0.0,0.0,0.0,[],[]
2021-08-11T15:45:00-04:00,2021-08-11,GOOGL,24h,0,0.0,0.0,0.0,[],[]
2021-08-12T15:45:00-04:00,2021-08-12,GOOGL,24h,0,0.0,0.0,0.0,[],[]
2021-08-13T15:45:00-04:00,2021-08-13,GOOGL,24h,0,0.0,0.0,0.0,[],[]
2021-08-16T15:45:00-04:00,2021-08-16,GOOGL,24h,0,0.0,0.0,0.0,[],[]
2021-08-17T15:45:00-04:00,2021-08-17,GOOGL,24h,0,0.0,0.0,0.0,[],[]
2021-08-18T15:45:00-04:00,2021-08-18,GOOGL,24h,0,0.0,0.0,0.0,[],[]
2021-08-19T15:45:00-04:00,2021-08-19,GOOGL,24h,0,0.0,0.0,0.0,[],[]
2021-08-20T15:45:00-04:00,2021-08-20,GOOGL,24h,0,0.0,0.0,0.0,[],[]
2021-08-23T15:45:00-04:00,2021-08-23,GOOGL,24h,0,0.0,0.0,0.0,[],[]
2021-08-24T15:45:00-04:00,2021-08-24,GOOGL,24h,0,0.0,0.0,0.0,[],[]
2021-08-25T15:45:00-04:00,2021-08-25,GOOGL,24h,0,0.0,0.0,0.0,[],[]
2021-08-26T15:45:00-04:00,2021-08-26,GOOGL,24h,0,0.0,0.0,0.0,[],[]
2021-08-27T15:45:00-04:00,2021-08-27,GOOGL,24h,0,0.0,0.0,0.0,[],[]
2021-08-30T15:45:00-04:00,2021-08-30,GOOGL,24h,0,0.0,0.0,0.0,[],[]
2021-08-31T15:45:00-04:00,2021-08-31,GOOGL,24h,0,0.0,0.0,0.0,[],[]
2021-09-01T15:45:00-04:00,2021-09-01,GOOGL,24h,0,0.0,0.0,0.0,[],[]
2021-09-02T15:45:00-04:00,2021-09-02,GOOGL,24h,0,0.0,0.0,0.0,[],[]
2021-09-03T15:45:00-04:00,2021-09-03,GOOGL,24h,0,0.0,0.0,0.0,[],[]
2021-09-06T15:45:00-04:00,2021-09-06,GOOGL,24h,0,0.0,0.0,0.0,[],[]
2021-09-07T15:45:00-04:00,2021-09-07,GOOGL,24h,0,0.0,0.0,0.0,[],[]
2021-09-08T15:45:00-04:00,2021-09-08,GOOGL,24h,0,0.0,0.0,0.0,[],[]
2021-09-09T15:45:00-04:00,2021-09-09,GOOGL,24h,0,0.0,0.0,0.0,[],[]
2021-09-10T15:45:00-04:00,2021-09-10,GOOGL,24h,0,0.0,0.0,0.0,[],[]
2021-09-13T15:45:00-04:00,2021-09-13,GOOGL,24h,0,0.0,0.0,0.0,[],[]
2021-09-14T15:45:00-04:00,2021-09-14,GOOGL,24h,0,0.0,0.0,0.0,[],[]
2021-09-15T15:45:00-04:00,2021-09-15,GOOGL,24h,0,0.0,0.0,0.0,[],[]
2021-09-16T15:45:00-04:00,2021-09-16,GOOGL,24h,0,0.0,0.0,0.0,[],[]
2021-09-17T15:45:00-04:00,2021-09-17,GOOGL,24h,0,0.0,0.0,0.0,[],[]
2021-09-20T15:45:00-04:00,2021-09-20,GOOGL,24h,0,0.0,0.0,0.0,[],[]
2021-09-21T15:45:00-04:00,2021-09-21,GOOGL,24h,0,0.0,0.0,0.0,[],[]
2021-09-22T15:45:00-04:00,2021-09-22,GOOGL,24h,0,0.0,0.0,0.0,[],[]
2021-09-23T15:45:00-04:00,2021-09-23,GOOGL,24h,0,0.0,0.0,0.0,[],[]
2021-09-24T15:45:00-04:00,2021-09-24,GOOGL,24h,0,0.0,0.0,0.0,[],[]
2021-09-27T15:45:00-04:00,2021-09-27,GOOGL,24h,0,0.0,0.0,0.0,[],[]
2021-09-28T15:45:00-04:00,2021-09-28,GOOGL,24h,0,0.0,0.0,0.0,[],[]
2021-09-29T15:45:00-04:00,2021-09-29,GOOGL,24h,0,0.0,0.0,0.0,[],[]
2021-09-30T15:45:00-04:00,2021-09-30,GOOGL,24h,0,0.0,0.0,0.0,[],[]
2021-10-01T15:45:00-04:00,2021-10-01,GOOGL,24h,0,0.0,0.0,0.0,[],[]
2021-10-04T15:45:00-04:00,2021-10-04,GOOGL,24h,0,0.0,0.0,0.0,[],[]
2021-10-05T15:45:00-04:00,2021-10-05,GOOGL,24h,0,0.0,0.0,0.0,[],[]
2021-10-06T15:45:00-04:00,2021-10-06,GOOGL,24h,0,0.0,0.0,0.0,[],[]
2021-10-07T15:45:00-04:00,2021-10-07,GOOGL,24h,0,0.0,0.0,0.0,[],[]
2021-10-08T15:45:00-04:00,2021-10-08,GOOGL,24h,0,0.0,0.0,0.0,[],[]
2021-10-11T15:45:00-04:00,2021-10-11,GOOGL,24h,0,0.0,0.0,0.0,[],[]
2021-10-12T15:45:00-04:00,2021-10-12,GOOGL,24h,0,0.0,0.0,0.0,[],[]
2021-10-13T15:45:00-04:00,2021-10-13,GOOGL,24h,0,0.0,0.0,0.0,[],[]
2021-10-14T15:45:00-04:00,2021-10-14,GOOGL,24h,0,0.0,0.0,0.0,[],[]
2021-10-15T15:45:00-04:00,2021-10-15,GOOGL,24h,0,0.0,0.0,0.0,[],[]
2021-10-18T15:45:00-04:00,2021-10-18,GOOGL,24h,0,0.0,0.0,0.0,[],[]
2021-10-19T15:45:00-04:00,2021-10-19,GOOGL,24h,0,0.0,0.0,0.0,[],[]
2021-10-20T15:45:00-04:00,2021-10-20,GOOGL,24h,0,0.0,0.0,0.0,[],[]
2021-10-21T15:45:00-04:00,2021-10-21,GOOGL,24h,0,0.0,0.0,0.0,[],[]
2021-10-22T15:45:00-04:00,2021-10-22,GOOGL,24h,0,0.0,0.0,0.0,[],[]
2021-10-25T15:45:00-04:00,2021-10-25,GOOGL,24h,0,0.0,0.0,0.0,[],[]
2021-10-26T15:45:00-04:00,2021-10-26,GOOGL,24h,0,0.0,0.0,0.0,[],[]
2021-10-27T15:45:00-04:00,2021-10-27,GOOGL,24h,0,0.0,0.0,0.0,[],[]
2021-10-28T15:45:00-04:00,2021-10-28,GOOGL,24h,0,0.0,0.0,0.0,[],[]
2021-10-29T15:45:00-04:00,2021-10-29,GOOGL,24h,0,0.0,0.0,0.0,[],[]
2021-11-01T15:45:00-04:00,2021-11-01,GOOGL,24h,0,0.0,0.0,0.0,[],[]
2021-11-02T15:45:00-04:00,2021-11-02,GOOGL,24h,0,0.0,0.0,0.0,[],[]
2021-11-03T15:45:00-04:00,2021-11-03,GOOGL,24h,0,0.0,0.0,0.0,[],[]
2021-11-04T15:45:00-04:00,2021-11-04,GOOGL,24h,0,0.0,0.0,0.0,[],[]
2021-11-05T15:45:00-04:00,2021-11-05,GOOGL,24h,0,0.0,0.0,0.0,[],[]
2021-11-08T15:45:00-05:00,2021-11-08,GOOGL,24h,0,0.0,0.0,0.0,[],[]
2021-11-09T15:45:00-05:00,2021-11-09,GOOGL,24h,0,0.0,0.0,0.0,[],[]
2021-11-10T15:45:00-05:00,2021-11-10,GOOGL,24h,0,0.0,0.0,0.0,[],[]
2021-11-11T15:45:00-05:00,2021-11-11,GOOGL,24h,0,0.0,0.0,0.0,[],[]
2021-11-12T15:45:00-05:00,2021-11-12,GOOGL,24h,0,0.0,0.0,0.0,[],[]
2021-11-15T15:45:00-05:00,2021-11-15,GOOGL,24h,0,0.0,0.0,0.0,[],[]
2021-11-16T15:45:00-05:00,2021-11-16,GOOGL,24h,0,0.0,0.0,0.0,[],[]
2021-11-17T15:45:00-05:00,2021-11-17,GOOGL,24h,0,0.0,0.0,0.0,[],[]
2021-11-18T15:45:00-05:00,2021-11-18,GOOGL,24h,0,0.0,0.0,0.0,[],[]
2021-11-19T15:45:00-05:00,2021-11-19,GOOGL,24h,0,0.0,0.0,0.0,[],[]
2021-11-22T15:45:00-05:00,2021-11-22,GOOGL,24h,0,0.0,0.0,0.0,[],[]
2021-11-23T15:45:00-05:00,2021-11-23,GOOGL,24h,0,0.0,0.0,0.0,[],[]
2021-11-24T15:45:00-05:00,2021-11-24,GOOGL,24h,0,0.0,0.0,0.0,[],[]
2021-11-25T15:45:00-05:00,2021-11-25,GOOGL,24h,0,0.0,0.0,0.0,[],[]
2021-11-26T15:45:00-05:00,2021-11-26,GOOGL,24h,0,0.0,0.0,0.0,[],[]
2021-11-29T15:45:00-05:00,2021-11-29,GOOGL,24h,0,0.0,0.0,0.0,[],[]
2021-11-30T15:45:00-05:00,2021-11-30,GOOGL,24h,0,0.0,0.0,0.0,[],[]
2021-12-01T15:45:00-05:00,2021-12-01,GOOGL,24h,0,0.0,0.0,0.0,[],[]
2021-12-02T15:45:00-05:00,2021-12-02,GOOGL,24h,0,0.0,0.0,0.0,[],[]
2021-12-03T15:45:00-05:00,2021-12-03,GOOGL,24h,0,0.0,0.0,0.0,[],[]
2021-12-06T15:45:00-05:00,2021-12-06,GOOGL,24h,0,0.0,0.0,0.0,[],[]
2021-12-07T15:45:00-05:00,2021-12-07,GOOGL,24h,0,0.0,0.0,0.0,[],[]
2021-12-08T15:45:00-05:00,2021-12-08,GOOGL,24h,0,0.0,0.0,0.0,[],[]
2021-12-09T15:45:00-05:00,2021-12-09,GOOGL,24h,0,0.0,0.0,0.0,[],[]
2021-12-10T15:45:00-05:00,2021-12-10,GOOGL,24h,0,0.0,0.0,0.0,[],[]
2021-12-13T15:45:00-05:00,2021-12-13,GOOGL,24h,0,0.0,0.0,0.0,[],[]
2021-12-14T15:45:00-05:00,2021-12-14,GOOGL,24h,0,0.0,0.0,0.0,[],[]
2021-12-15T15:45:00-05:00,2021-12-15,GOOGL,24h,0,0.0,0.0,0.0,[],[]
2021-12-16T15:45:00-05:00,2021-12-16,GOOGL,24h,0,0.0,0.0,0.0,[],[]
2021-12-17T15:45:00-05:00,2021-12-17,GOOGL,24h,0,0.0,0.0,0.0,[],[]
2021-12-20T15:45:00-05:00,2021-12-20,GOOGL,24h,0,0.0,0.0,0.0,[],[]
2021-12-21T15:45:00-05:00,2021-12-21,GOOGL,24h,0,0.0,0.0,0.0,[],[]
2021-12-22T15:45:00-05:00,2021-12-22,GOOGL,24h,0,0.0,0.0,0.0,[],[]
2021-12-23T15:45:00-05:00,2021-12-23,GOOGL,24h,0,0.0,0.0,0.0,[],[]
2021-12-24T15:45:00-05:00,2021-12-24,GOOGL,24h,0,0.0,0.0,0.0,[],[]
2021-12-27T15:45:00-05:00,2021-12-27,GOOGL,24h,0,0.0,0.0,0.0,[],[]
2021-12-28T15:45:00-05:00,2021-12-28,GOOGL,24h,0,0.0,0.0,0.0,[],[]
2021-12-29T15:45:00-05:00,2021-12-29,GOOGL,24h,0,0.0,0.0,0.0,[],[]
2021-12-30T15:45:00-05:00,2021-12-30,GOOGL,24h,0,0.0,0.0,0.0,[],[]
2021-12-31T15:45:00-05:00,2021-12-31,GOOGL,24h,0,0.0,0.0,0.0,[],[]
2022-01-03T15:45:00-05:00,2022-01-03,GOOGL,24h,0,0.0,0.0,0.0,[],[]
2022-01-04T15:45:00-05:00,2022-01-04,GOOGL,24h,0,0.0,0.0,0.0,[],[]
2022-01-05T15:45:00-05:00,2022-01-05,GOOGL,24h,0,0.0,0.0,0.0,[],[]
2022-01-06T15:45:00-05:00,2022-01-06,GOOGL,24h,0,0.0,0.0,0.0,[],[]
2022-01-07T15:45:00-05:00,2022-01-07,GOOGL,24h,0,0.0,0.0,0.0,[],[]
2022-01-10T15:45:00-05:00,2022-01-10,GOOGL,24h,0,0.0,0.0,0.0,[],[]
2022-01-11T15:45:00-05:00,2022-01-11,GOOGL,24h,0,0.0,0.0,0.0,[],[]
2022-01-12T15:45:00-05:00,2022-01-12,GOOGL,24h,0,0.0,0.0,0.0,[],[]
2022-01-13T15:45:00-05:00,2022-01-13,GOOGL,24h,0,0.0,0.0,0.0,[],[]
2022-01-14T15:45:00-05:00,2022-01-14,GOOGL,24h,0,0.0,0.0,0.0,[],[]
2022-01-17T15:45:00-05:00,2022-01-17,GOOGL,24h,0,0.0,0.0,0.0,[],[]
2022-01-18T15:45:00-05:00,2022-01-18,GOOGL,24h,0,0.0,0.0,0.0,[],[]
2022-01-19T15:45:00-05:00,2022-01-19,GOOGL,24h,0,0.0,0.0,0.0,[],[]
2022-01-20T15:45:00-05:00,2022-01-20,GOOGL,24h,0,0.0,0.0,0.0,[],[]
2022-01-21T15:45:00-05:00,2022-01-21,GOOGL,24h,0,0.0,0.0,0.0,[],[]
2022-01-24T15:45:00-05:00,2022-01-24,GOOGL,24h,0,0.0,0.0,0.0,[],[]
2022-01-25T15:45:00-05:00,2022-01-25,GOOGL,24h,0,0.0,0.0,0.0,[],[]
2022-01-26T15:45:00-05:00,2022-01-26,GOOGL,24h,0,0.0,0.0,0.0,[],[]
2022-01-27T15:45:00-05:00,2022-01-27,GOOGL,24h,0,0.0,0.0,0.0,[],[]
2022-01-28T15:45:00-05:00,2022-01-28,GOOGL,24h,0,0.0,0.0,0.0,[],[]
2022-01-31T15:45:00-05:00,2022-01-31,GOOGL,24h,0,0.0,0.0,0.0,[],[]
2022-02-01T15:45:00-05:00,2022-02-01,GOOGL,24h,0,0.0,0.0,0.0,[],[]
2022-02-02T15:45:00-05:00,2022-02-02,GOOGL,24h,0,0.0,0.0,0.0,[],[]
2022-02-03T15:45:00-05:00,2022-02-03,GOOGL,24h,0,0.0,0.0,0.0,[],[]
2022-02-04T15:45:00-05:00,2022-02-04,GOOGL,24h,0,0.0,0.0,0.0,[],[]
2022-02-07T15:45:00-05:00,2022-02-07,GOOGL,24h,0,0.0,0.0,0.0,[],[]
2022-02-08T15:45:00-05:00,2022-02-08,GOOGL,24h,0,0.0,0.0,0.0,[],[]
2022-02-09T15:45:00-05:00,2022-02-09,GOOGL,24h,0,0.0,0.0,0.0,[],[]
2022-02-10T15:45:00-05:00,2022-02-10,GOOGL,24h,0,0.0,0.0,0.0,[],[]
2022-02-11T15:45:00-05:00,2022-02-11,GOOGL,24h,0,0.0,0.0,0.0,[],[]
2022-02-14T15:45:00-05:00,2022-02-14,GOOGL,24h,0,0.0,0.0,0.0,[],[]
2022-02-15T15:45:00-05:00,2022-02-15,GOOGL,24h,0,0.0,0.0,0.0,[],[]
2022-02-16T15:45:00-05:00,2022-02-16,GOOGL,24h,0,0.0,0.0,0.0,[],[]
2022-02-17T15:45:00-05:00,2022-02-17,GOOGL,24h,0,0.0,0.0,0.0,[],[]
2022-02-18T15:45:00-05:00,2022-02-18,GOOGL,24h,0,0.0,0.0,0.0,[],[]
2022-02-21T15:45:00-05:00,2022-02-21,GOOGL,24h,0,0.0,0.0,0.0,[],[]
2022-02-22T15:45:00-05:00,2022-02-22,GOOGL,24h,0,0.0,0.0,0.0,[],[]
2022-02-23T15:45:00-05:00,2022-02-23,GOOGL,24h,0,0.0,0.0,0.0,[],[]
2022-02-24T15:45:00-05:00,2022-02-24,GOOGL,24h,0,0.0,0.0,0.0,[],[]
2022-02-25T15:45:00-05:00,2022-02-25,GOOGL,24h,0,0.0,0.0,0.0,[],[]
2022-02-28T15:45:00-05:00,2022-02-28,GOOGL,24h,0,0.0,0.0,0.0,[],[]
2022-03-01T15:45:00-05:00,2022-03-01,GOOGL,24h,0,0.0,0.0,0.0,[],[]
2022-03-02T15:45:00-05:00,2022-03-02,GOOGL,24h,0,0.0,0.0,0.0,[],[]
2022-03-03T15:45:00-05:00,2022-03-03,GOOGL,24h,0,0.0,0.0,0.0,[],[]
2022-03-04T15:45:00-05:00,2022-03-04,GOOGL,24h,0,0.0,0.0,0.0,[],[]
2022-03-07T15:45:00-05:00,2022-03-07,GOOGL,24h,0,0.0,0.0,0.0,[],[]
2022-03-08T15:45:00-05:00,2022-03-08,GOOGL,24h,0,0.0,0.0,0.0,[],[]
2022-03-09T15:45:00-05:00,2022-03-09,GOOGL,24h,0,0.0,0.0,0.0,[],[]
2022-03-10T15:45:00-05:00,2022-03-10,GOOGL,24h,0,0.0,0.0,0.0,[],[]
2022-03-11T15:45:00-05:00,2022-03-11,GOOGL,24h,0,0.0,0.0,0.0,[],[]
2022-03-14T15:45:00-04:00,2022-03-14,GOOGL,24h,0,0.0,0.0,0.0,[],[]
2022-03-15T15:45:00-04:00,2022-03-15,GOOGL,24h,0,0.0,0.0,0.0,[],[]
2022-03-16T15:45:00-04:00,2022-03-16,GOOGL,24h,0,0.0,0.0,0.0,[],[]
2022-03-17T15:45:00-04:00,2022-03-17,GOOGL,24h,0,0.0,0.0,0.0,[],[]
2022-03-18T15:45:00-04:00,2022-03-18,GOOGL,24h,0,0.0,0.0,0.0,[],[]
2022-03-21T15:45:00-04:00,2022-03-21,GOOGL,24h,0,0.0,0.0,0.0,[],[]
2022-03-22T15:45:00-04:00,2022-03-22,GOOGL,24h,0,0.0,0.0,0.0,[],[]
2022-03-23T15:45:00-04:00,2022-03-23,GOOGL,24h,0,0.0,0.0,0.0,[],[]
2022-03-24T15:45:00-04:00,2022-03-24,GOOGL,24h,0,0.0,0.0,0.0,[],[]
2022-03-25T15:45:00-04:00,2022-03-25,GOOGL,24h,0,0.0,0.0,0.0,[],[]
2022-03-28T15:45:00-04:00,2022-03-28,GOOGL,24h,0,0.0,0.0,0.0,[],[]
2022-03-29T15:45:00-04:00,2022-03-29,GOOGL,24h,0,0.0,0.0,0.0,[],[]
2022-03-30T15:45:00-04:00,2022-03-30,GOOGL,24h,0,0.0,0.0,0.0,[],[]
2022-03-31T15:45:00-04:00,2022-03-31,GOOGL,24h,0,0.0,0.0,0.0,[],[]
2022-04-01T15:45:00-04:00,2022-04-01,GOOGL,24h,0,0.0,0.0,0.0,[],[]
2022-04-04T15:45:00-04:00,2022-04-04,GOOGL,24h,0,0.0,0.0,0.0,[],[]
2022-04-05T15:45:00-04:00,2022-04-05,GOOGL,24h,0,0.0,0.0,0.0,[],[]
2022-04-06T15:45:00-04:00,2022-04-06,GOOGL,24h,0,0.0,0.0,0.0,[],[]
2022-04-07T15:45:00-04:00,2022-04-07,GOOGL,24h,0,0.0,0.0,0.0,[],[]
2022-04-08T15:45:00-04:00,2022-04-08,GOOGL,24h,0,0.0,0.0,0.0,[],[]
2022-04-11T15:45:00-04:00,2022-04-11,GOOGL,24h,0,0.0,0.0,0.0,[],[]
2022-04-12T15:45:00-04:00,2022-04-12,GOOGL,24h,0,0.0,0.0,0.0,[],[]
2022-04-13T15:45:00-04:00,2022-04-13,GOOGL,24h,0,0.0,0.0,0.0,[],[]
2022-04-14T15:45:00-04:00,2022-04-14,GOOGL,24h,0,0.0,0.0,0.0,[],[]
2022-04-15T15:45:00-04:00,2022-04-15,GOOGL,24h,0,0.0,0.0,0.0,[],[]
2022-04-18T15:45:00-04:00,2022-04-18,GOOGL,24h,0,0.0,0.0,0.0,[],[]
2022-04-19T15:45:00-04:00,2022-04-19,GOOGL,24h,0,0.0,0.0,0.0,[],[]
2022-04-20T15:45:00-04:00,2022-04-20,GOOGL,24h,0,0.0,0.0,0.0,[],[]
2022-04-21T15:45:00-04:00,2022-04-21,GOOGL,24h,0,0.0,0.0,0.0,[],[]
2022-04-22T15:45:00-04:00,2022-04-22,GOOGL,24h,0,0.0,0.0,0.0,[],[]
2022-04-25T15:45:00-04:00,2022-04-25,GOOGL,24h,0,0.0,0.0,0.0,[],[]
2022-04-26T15:45:00-04:00,2022-04-26,GOOGL,24h,0,0.0,0.0,0.0,[],[]
2022-04-27T15:45:00-04:00,2022-04-27,GOOGL,24h,0,0.0,0.0,0.0,[],[]
2022-04-28T15:45:00-04:00,2022-04-28,GOOGL,24h,0,0.0,0.0,0.0,[],[]
2022-04-29T15:45:00-04:00,2022-04-29,GOOGL,24h,0,0.0,0.0,0.0,[],[]
2022-05-02T15:45:00-04:00,2022-05-02,GOOGL,24h,0,0.0,0.0,0.0,[],[]
2022-05-03T15:45:00-04:00,2022-05-03,GOOGL,24h,0,0.0,0.0,0.0,[],[]
2022-05-04T15:45:00-04:00,2022-05-04,GOOGL,24h,0,0.0,0.0,0.0,[],[]
2022-05-05T15:45:00-04:00,2022-05-05,GOOGL,24h,0,0.0,0.0,0.0,[],[]
2022-05-06T15:45:00-04:00,2022-05-06,GOOGL,24h,0,0.0,0.0,0.0,[],[]
2022-05-09T15:45:00-04:00,2022-05-09,GOOGL,24h,0,0.0,0.0,0.0,[],[]
2022-05-10T15:45:00-04:00,2022-05-10,GOOGL,24h,0,0.0,0.0,0.0,[],[]
2022-05-11T15:45:00-04:00,2022-05-11,GOOGL,24h,0,0.0,0.0,0.0,[],[]
2022-05-12T15:45:00-04:00,2022-05-12,GOOGL,24h,0,0.0,0.0,0.0,[],[]
2022-05-13T15:45:00-04:00,2022-05-13,GOOGL,24h,0,0.0,0.0,0.0,[],[]
2022-05-16T15:45:00-04:00,2022-05-16,GOOGL,24h,0,0.0,0.0,0.0,[],[]
2022-05-17T15:45:00-04:00,2022-05-17,GOOGL,24h,0,0.0,0.0,0.0,[],[]
2022-05-18T15:45:00-04:00,2022-05-18,GOOGL,24h,0,0.0,0.0,0.0,[],[]
2022-05-19T15:45:00-04:00,2022-05-19,GOOGL,24h,0,0.0,0.0,0.0,[],[]
2022-05-20T15:45:00-04:00,2022-05-20,GOOGL,24h,0,0.0,0.0,0.0,[],[]
2022-05-23T15:45:00-04:00,2022-05-23,GOOGL,24h,0,0.0,0.0,0.0,[],[]
2022-05-24T15:45:00-04:00,2022-05-24,GOOGL,24h,0,0.0,0.0,0.0,[],[]
2022-05-25T15:45:00-04:00,2022-05-25,GOOGL,24h,0,0.0,0.0,0.0,[],[]
2022-05-26T15:45:00-04:00,2022-05-26,GOOGL,24h,0,0.0,0.0,0.0,[],[]
2022-05-27T15:45:00-04:00,2022-05-27,GOOGL,24h,0,0.0,0.0,0.0,[],[]
2022-05-30T15:45:00-04:00,2022-05-30,GOOGL,24h,0,0.0,0.0,0.0,[],[]
2022-05-31T15:45:00-04:00,2022-05-31,GOOGL,24h,0,0.0,0.0,0.0,[],[]
2022-06-01T15:45:00-04:00,2022-06-01,GOOGL,24h,0,0.0,0.0,0.0,[],[]
2022-06-02T15:45:00-04:00,2022-06-02,GOOGL,24h,0,0.0,0.0,0.0,[],[]
2022-06-03T15:45:00-04:00,2022-06-03,GOOGL,24h,0,0.0,0.0,0.0,[],[]
2022-06-06T15:45:00-04:00,2022-06-06,GOOGL,24h,0,0.0,0.0,0.0,[],[]
2022-06-07T15:45:00-04:00,2022-06-07,GOOGL,24h,0,0.0,0.0,0.0,[],[]
2022-06-08T15:45:00-04:00,2022-06-08,GOOGL,24h,0,0.0,0.0,0.0,[],[]
2022-06-09T15:45:00-04:00,2022-06-09,GOOGL,24h,0,0.0,0.0,0.0,[],[]
2022-06-10T15:45:00-04:00,2022-06-10,GOOGL,24h,0,0.0,0.0,0.0,[],[]
2022-06-13T15:45:00-04:00,2022-06-13,GOOGL,24h,0,0.0,0.0,0.0,[],[]
2022-06-14T15:45:00-04:00,2022-06-14,GOOGL,24h,0,0.0,0.0,0.0,[],[]
2022-06-15T15:45:00-04:00,2022-06-15,GOOGL,24h,0,0.0,0.0,0.0,[],[]
2022-06-16T15:45:00-04:00,2022-06-16,GOOGL,24h,0,0.0,0.0,0.0,[],[]
2022-06-17T15:45:00-04:00,2022-06-17,GOOGL,24h,0,0.0,0.0,0.0,[],[]
2022-06-20T15:45:00-04:00,2022-06-20,GOOGL,24h,0,0.0,0.0,0.0,[],[]
2022-06-21T15:45:00-04:00,2022-06-21,GOOGL,24h,0,0.0,0.0,0.0,[],[]
2022-06-22T15:45:00-04:00,2022-06-22,GOOGL,24h,0,0.0,0.0,0.0,[],[]
2022-06-23T15:45:00-04:00,2022-06-23,GOOGL,24h,0,0.0,0.0,0.0,[],[]
2022-06-24T15:45:00-04:00,2022-06-24,GOOGL,24h,0,0.0,0.0,0.0,[],[]
2022-06-27T15:45:00-04:00,2022-06-27,GOOGL,24h,0,0.0,0.0,0.0,[],[]
2022-06-28T15:45:00-04:00,2022-06-28,GOOGL,24h,0,0.0,0.0,0.0,[],[]
2022-06-29T15:45:00-04:00,2022-06-29,GOOGL,24h,0,0.0,0.0,0.0,[],[]
2022-06-30T15:45:00-04:00,2022-06-30,GOOGL,24h,0,0.0,0.0,0.0,[],[]
2022-07-01T15:45:00-04:00,2022-07-01,GOOGL,24h,0,0.0,0.0,0.0,[],[]
2022-07-04T15:45:00-04:00,2022-07-04,GOOGL,24h,0,0.0,0.0,0.0,[],[]
2022-07-05T15:45:00-04:00,2022-07-05,GOOGL,24h,0,0.0,0.0,0.0,[],[]
2022-07-06T15:45:00-04:00,2022-07-06,GOOGL,24h,0,0.0,0.0,0.0,[],[]
2022-07-07T15:45:00-04:00,2022-07-07,GOOGL,24h,0,0.0,0.0,0.0,[],[]
2022-07-08T15:45:00-04:00,2022-07-08,GOOGL,24h,0,0.0,0.0,0.0,[],[]
2022-07-11T15:45:00-04:00,2022-07-11,GOOGL,24h,0,0.0,0.0,0.0,[],[]
2022-07-12T15:45:00-04:00,2022-07-12,GOOGL,24h,0,0.0,0.0,0.0,[],[]
2022-07-13T15:45:00-04:00,2022-07-13,GOOGL,24h,0,0.0,0.0,0.0,[],[]
2022-07-14T15:45:00-04:00,2022-07-14,GOOGL,24h,0,0.0,0.0,0.0,[],[]
2022-07-15T15:45:00-04:00,2022-07-15,GOOGL,24h,0,0.0,0.0,0.0,[],[]
2022-07-18T15:45:00-04:00,2022-07-18,GOOGL,24h,0,0.0,0.0,0.0,[],[]
2022-07-19T15:45:00-04:00,2022-07-19,GOOGL,24h,0,0.0,0.0,0.0,[],[]
2022-07-20T15:45:00-04:00,2022-07-20,GOOGL,24h,0,0.0,0.0,0.0,[],[]
2022-07-21T15:45:00-04:00,2022-07-21,GOOGL,24h,0,0.0,0.0,0.0,[],[]
2022-07-22T15:45:00-04:00,2022-07-22,GOOGL,24h,0,0.0,0.0,0.0,[],[]
2022-07-25T15:45:00-04:00,2022-07-25,GOOGL,24h,0,0.0,0.0,0.0,[],[]
2022-07-26T15:45:00-04:00,2022-07-26,GOOGL,24h,0,0.0,0.0,0.0,[],[]
2022-07-27T15:45:00-04:00,2022-07-27,GOOGL,24h,0,0.0,0.0,0.0,[],[]
2022-07-28T15:45:00-04:00,2022-07-28,GOOGL,24h,0,0.0,0.0,0.0,[],[]
2022-07-29T15:45:00-04:00,2022-07-29,GOOGL,24h,0,0.0,0.0,0.0,[],[]
2022-08-01T15:45:00-04:00,2022-08-01,GOOGL,24h,0,0.0,0.0,0.0,[],[]
2022-08-02T15:45:00-04:00,2022-08-02,GOOGL,24h,0,0.0,0.0,0.0,[],[]
2022-08-03T15:45:00-04:00,2022-08-03,GOOGL,24h,0,0.0,0.0,0.0,[],[]
2022-08-04T15:45:00-04:00,2022-08-04,GOOGL,24h,0,0.0,0.0,0.0,[],[]
2022-08-05T15:45:00-04:00,2022-08-05,GOOGL,24h,0,0.0,0.0,0.0,[],[]
2022-08-08T15:45:00-04:00,2022-08-08,GOOGL,24h,0,0.0,0.0,0.0,[],[]
2022-08-09T15:45:00-04:00,2022-08-09,GOOGL,24h,0,0.0,0.0,0.0,[],[]
2022-08-10T15:45:00-04:00,2022-08-10,GOOGL,24h,0,0.0,0.0,0.0,[],[]
2022-08-11T15:45:00-04:00,2022-08-11,GOOGL,24h,0,0.0,0.0,0.0,[],[]
2022-08-12T15:45:00-04:00,2022-08-12,GOOGL,24h,0,0.0,0.0,0.0,[],[]
2022-08-15T15:45:00-04:00,2022-08-15,GOOGL,24h,0,0.0,0.0,0.0,[],[]
2022-08-16T15:45:00-04:00,2022-08-16,GOOGL,24h,0,0.0,0.0,0.0,[],[]
2022-08-17T15:45:00-04:00,2022-08-17,GOOGL,24h,0,0.0,0.0,0.0,[],[]
2022-08-18T15:45:00-04:00,2022-08-18,GOOGL,24h,0,0.0,0.0,0.0,[],[]
2022-08-19T15:45:00-04:00,2022-08-19,GOOGL,24h,0,0.0,0.0,0.0,[],[]
2022-08-22T15:45:00-04:00,2022-08-22,GOOGL,24h,0,0.0,0.0,0.0,[],[]
2022-08-23T15:45:00-04:00,2022-08-23,GOOGL,24h,0,0.0,0.0,0.0,[],[]
2022-08-24T15:45:00-04:00,2022-08-24,GOOGL,24h,0,0.0,0.0,0.0,[],[]
2022-08-25T15:45:00-04:00,2022-08-25,GOOGL,24h,0,0.0,0.0,0.0,[],[]
2022-08-26T15:45:00-04:00,2022-08-26,GOOGL,24h,0,0.0,0.0,0.0,[],[]
2022-08-29T15:45:00-04:00,2022-08-29,GOOGL,24h,0,0.0,0.0,0.0,[],[]
2022-08-30T15:45:00-04:00,2022-08-30,GOOGL,24h,0,0.0,0.0,0.0,[],[]
2022-08-31T15:45:00-04:00,2022-08-31,GOOGL,24h,0,0.0,0.0,0.0,[],[]
2022-09-01T15:45:00-04:00,2022-09-01,GOOGL,24h,0,0.0,0.0,0.0,[],[]
2022-09-02T15:45:00-04:00,2022-09-02,GOOGL,24h,0,0.0,0.0,0.0,[],[]
2022-09-05T15:45:00-04:00,2022-09-05,GOOGL,24h,0,0.0,0.0,0.0,[],[]
2022-09-06T15:45:00-04:00,2022-09-06,GOOGL,24h,0,0.0,0.0,0.0,[],[]
2022-09-07T15:45:00-04:00,2022-09-07,GOOGL,24h,0,0.0,0.0,0.0,[],[]
2022-09-08T15:45:00-04:00,2022-09-08,GOOGL,24h,0,0.0,0.0,0.0,[],[]
2022-09-09T15:45:00-04:00,2022-09-09,GOOGL,24h,0,0.0,0.0,0.0,[],[]
2022-09-12T15:45:00-04:00,2022-09-12,GOOGL,24h,0,0.0,0.0,0.0,[],[]
2022-09-13T15:45:00-04:00,2022-09-13,GOOGL,24h,0,0.0,0.0,0.0,[],[]
2022-09-14T15:45:00-04:00,2022-09-14,GOOGL,24h,0,0.0,0.0,0.0,[],[]
2022-09-15T15:45:00-04:00,2022-09-15,GOOGL,24h,0,0.0,0.0,0.0,[],[]
2022-09-16T15:45:00-04:00,2022-09-16,GOOGL,24h,0,0.0,0.0,0.0,[],[]
2022-09-19T15:45:00-04:00,2022-09-19,GOOGL,24h,0,0.0,0.0,0.0,[],[]
2022-09-20T15:45:00-04:00,2022-09-20,GOOGL,24h,0,0.0,0.0,0.0,[],[]
2022-09-21T15:45:00-04:00,2022-09-21,GOOGL,24h,0,0.0,0.0,0.0,[],[]
2022-09-22T15:45:00-04:00,2022-09-22,GOOGL,24h,0,0.0,0.0,0.0,[],[]
2022-09-23T15:45:00-04:00,2022-09-23,GOOGL,24h,0,0.0,0.0,0.0,[],[]
2022-09-26T15:45:00-04:00,2022-09-26,GOOGL,24h,0,0.0,0.0,0.0,[],[]
2022-09-27T15:45:00-04:00,2022-09-27,GOOGL,24h,0,0.0,0.0,0.0,[],[]
2022-09-28T15:45:00-04:00,2022-09-28,GOOGL,24h,0,0.0,0.0,0.0,[],[]
2022-09-29T15:45:00-04:00,2022-09-29,GOOGL,24h,0,0.0,0.0,0.0,[],[]
2022-09-30T15:45:00-04:00,2022-09-30,GOOGL,24h,0,0.0,0.0,0.0,[],[]
2022-10-03T15:45:00-04:00,2022-10-03,GOOGL,24h,0,0.0,0.0,0.0,[],[]
2022-10-04T15:45:00-04:00,2022-10-04,GOOGL,24h,0,0.0,0.0,0.0,[],[]
2022-10-05T15:45:00-04:00,2022-10-05,GOOGL,24h,0,0.0,0.0,0.0,[],[]
2022-10-06T15:45:00-04:00,2022-10-06,GOOGL,24h,0,0.0,0.0,0.0,[],[]
2022-10-07T15:45:00-04:00,2022-10-07,GOOGL,24h,0,0.0,0.0,0.0,[],[]
2022-10-10T15:45:00-04:00,2022-10-10,GOOGL,24h,0,0.0,0.0,0.0,[],[]
2022-10-11T15:45:00-04:00,2022-10-11,GOOGL,24h,0,0.0,0.0,0.0,[],[]
2022-10-12T15:45:00-04:00,2022-10-12,GOOGL,24h,0,0.0,0.0,0.0,[],[]
2022-10-13T15:45:00-04:00,2022-10-13,GOOGL,24h,0,0.0,0.0,0.0,[],[]
2022-10-14T15:45:00-04:00,2022-10-14,GOOGL,24h,0,0.0,0.0,0.0,[],[]
2022-10-17T15:45:00-04:00,2022-10-17,GOOGL,24h,0,0.0,0.0,0.0,[],[]
2022-10-18T15:45:00-04:00,2022-10-18,GOOGL,24h,0,0.0,0.0,0.0,[],[]
2022-10-19T15:45:00-04:00,2022-10-19,GOOGL,24h,0,0.0,0.0,0.0,[],[]
2022-10-20T15:45:00-04:00,2022-10-20,GOOGL,24h,0,0.0,0.0,0.0,[],[]
2022-10-21T15:45:00-04:00,2022-10-21,GOOGL,24h,0,0.0,0.0,0.0,[],[]
2022-10-24T15:45:00-04:00,2022-10-24,GOOGL,24h,0,0.0,0.0,0.0,[],[]
2022-10-25T15:45:00-04:00,2022-10-25,GOOGL,24h,0,0.0,0.0,0.0,[],[]
2022-10-26T15:45:00-04:00,2022-10-26,GOOGL,24h,0,0.0,0.0,0.0,[],[]
2022-10-27T15:45:00-04:00,2022-10-27,GOOGL,24h,0,0.0,0.0,0.0,[],[]
2022-10-28T15:45:00-04:00,2022-10-28,GOOGL,24h,0,0.0,0.0,0.0,[],[]
2022-10-31T15:45:00-04:00,2022-10-31,GOOGL,24h,0,0.0,0.0,0.0,[],[]
2022-11-01T15:45:00-04:00,2022-11-01,GOOGL,24h,0,0.0,0.0,0.0,[],[]
2022-11-02T15:45:00-04:00,2022-11-02,GOOGL,24h,0,0.0,0.0,0.0,[],[]
2022-11-03T15:45:00-04:00,2022-11-03,GOOGL,24h,0,0.0,0.0,0.0,[],[]
2022-11-04T15:45:00-04:00,2022-11-04,GOOGL,24h,0,0.0,0.0,0.0,[],[]
2022-11-07T15:45:00-05:00,2022-11-07,GOOGL,24h,0,0.0,0.0,0.0,[],[]
2022-11-08T15:45:00-05:00,2022-11-08,GOOGL,24h,0,0.0,0.0,0.0,[],[]
2022-11-09T15:45:00-05:00,2022-11-09,GOOGL,24h,0,0.0,0.0,0.0,[],[]
2022-11-10T15:45:00-05:00,2022-11-10,GOOGL,24h,0,0.0,0.0,0.0,[],[]
2022-11-11T15:45:00-05:00,2022-11-11,GOOGL,24h,0,0.0,0.0,0.0,[],[]
2022-11-14T15:45:00-05:00,2022-11-14,GOOGL,24h,0,0.0,0.0,0.0,[],[]
2022-11-15T15:45:00-05:00,2022-11-15,GOOGL,24h,0,0.0,0.0,0.0,[],[]
2022-11-16T15:45:00-05:00,2022-11-16,GOOGL,24h,0,0.0,0.0,0.0,[],[]
2022-11-17T15:45:00-05:00,2022-11-17,GOOGL,24h,0,0.0,0.0,0.0,[],[]
2022-11-18T15:45:00-05:00,2022-11-18,GOOGL,24h,0,0.0,0.0,0.0,[],[]
2022-11-21T15:45:00-05:00,2022-11-21,GOOGL,24h,0,0.0,0.0,0.0,[],[]
2022-11-22T15:45:00-05:00,2022-11-22,GOOGL,24h,0,0.0,0.0,0.0,[],[]
2022-11-23T15:45:00-05:00,2022-11-23,GOOGL,24h,0,0.0,0.0,0.0,[],[]
2022-11-24T15:45:00-05:00,2022-11-24,GOOGL,24h,0,0.0,0.0,0.0,[],[]
2022-11-25T15:45:00-05:00,2022-11-25,GOOGL,24h,0,0.0,0.0,0.0,[],[]
2022-11-28T15:45:00-05:00,2022-11-28,GOOGL,24h,0,0.0,0.0,0.0,[],[]
2022-11-29T15:45:00-05:00,2022-11-29,GOOGL,24h,0,0.0,0.0,0.0,[],[]
2022-11-30T15:45:00-05:00,2022-11-30,GOOGL,24h,0,0.0,0.0,0.0,[],[]
2022-12-01T15:45:00-05:00,2022-12-01,GOOGL,24h,0,0.0,0.0,0.0,[],[]
2022-12-02T15:45:00-05:00,2022-12-02,GOOGL,24h,0,0.0,0.0,0.0,[],[]
2022-12-05T15:45:00-05:00,2022-12-05,GOOGL,24h,0,0.0,0.0,0.0,[],[]
2022-12-06T15:45:00-05:00,2022-12-06,GOOGL,24h,0,0.0,0.0,0.0,[],[]
2022-12-07T15:45:00-05:00,2022-12-07,GOOGL,24h,0,0.0,0.0,0.0,[],[]
2022-12-08T15:45:00-05:00,2022-12-08,GOOGL,24h,0,0.0,0.0,0.0,[],[]
2022-12-09T15:45:00-05:00,2022-12-09,GOOGL,24h,0,0.0,0.0,0.0,[],[]
2022-12-12T15:45:00-05:00,2022-12-12,GOOGL,24h,0,0.0,0.0,0.0,[],[]
2022-12-13T15:45:00-05:00,2022-12-13,GOOGL,24h,0,0.0,0.0,0.0,[],[]
2022-12-14T15:45:00-05:00,2022-12-14,GOOGL,24h,0,0.0,0.0,0.0,[],[]
2022-12-15T15:45:00-05:00,2022-12-15,GOOGL,24h,0,0.0,0.0,0.0,[],[]
2022-12-16T15:45:00-05:00,2022-12-16,GOOGL,24h,0,0.0,0.0,0.0,[],[]
2022-12-19T15:45:00-05:00,2022-12-19,GOOGL,24h,0,0.0,0.0,0.0,[],[]
2022-12-20T15:45:00-05:00,2022-12-20,GOOGL,24h,0,0.0,0.0,0.0,[],[]
2022-12-21T15:45:00-05:00,2022-12-21,GOOGL,24h,0,0.0,0.0,0.0,[],[]
2022-12-22T15:45:00-05:00,2022-12-22,GOOGL,24h,0,0.0,0.0,0.0,[],[]
2022-12-23T15:45:00-05:00,2022-12-23,GOOGL,24h,0,0.0,0.0,0.0,[],[]
2022-12-26T15:45:00-05:00,2022-12-26,GOOGL,24h,0,0.0,0.0,0.0,[],[]
2022-12-27T15:45:00-05:00,2022-12-27,GOOGL,24h,0,0.0,0.0,0.0,[],[]
2022-12-28T15:45:00-05:00,2022-12-28,GOOGL,24h,0,0.0,0.0,0.0,[],[]
2022-12-29T15:45:00-05:00,2022-12-29,GOOGL,24h,0,0.0,0.0,0.0,[],[]
2022-12-30T15:45:00-05:00,2022-12-30,GOOGL,24h,0,0.0,0.0,0.0,[],[]
2020-01-01T15:45:00-05:00,2020-01-01,JPM,24h,1,0.9378,0.9378,0.0,"[""earnings""]","[""benzinga""]"
2020-01-02T15:45:00-05:00,2020-01-02,JPM,24h,0,0.0,0.0,0.0,[],[]
2020-01-03T15:45:00-05:00,2020-01-03,JPM,24h,0,0.0,0.0,0.0,[],[]
2020-01-06T15:45:00-05:00,2020-01-06,JPM,24h,0,0.0,0.0,0.0,[],[]
2020-01-07T15:45:00-05:00,2020-01-07,JPM,24h,0,0.0,0.0,0.0,[],[]
2020-01-08T15:45:00-05:00,2020-01-08,JPM,24h,0,0.0,0.0,0.0,[],[]
2020-01-09T15:45:00-05:00,2020-01-09,JPM,24h,1,0.0,0.0,0.0,[],"[""reuters""]"
2020-01-10T15:45:00-05:00,2020-01-10,JPM,24h,0,0.0,0.0,0.0,[],[]
2020-01-13T15:45:00-05:00,2020-01-13,JPM,24h,0,0.0,0.0,0.0,[],[]
2020-01-14T15:45:00-05:00,2020-01-14,JPM,24h,0,0.0,0.0,0.0,[],[]
2020-01-15T15:45:00-05:00,2020-01-15,JPM,24h,0,0.0,0.0,0.0,[],[]
2020-01-16T15:45:00-05:00,2020-01-16,JPM,24h,0,0.0,0.0,0.0,[],[]
2020-01-17T15:45:00-05:00,2020-01-17,JPM,24h,1,0.9058,0.9058,0.0,"[""m&a""]","[""businesswire""]"
2020-01-20T15:45:00-05:00,2020-01-20,JPM,24h,0,0.0,0.0,0.0,[],[]
2020-01-21T15:45:00-05:00,2020-01-21,JPM,24h,0,0.0,0.0,0.0,[],[]
2020-01-22T15:45:00-05:00,2020-01-22,JPM,24h,0,0.0,0.0,0.0,[],[]
2020-01-23T15:45:00-05:00,2020-01-23,JPM,24h,0,0.0,0.0,0.0,[],[]
2020-01-24T15:45:00-05:00,2020-01-24,JPM,24h,0,0.0,0.0,0.0,[],[]
2020-01-27T15:45:00-05:00,2020-01-27,JPM,24h,0,0.0,0.0,0.0,[],[]
2020-01-28T15:45:00-05:00,2020-01-28,JPM,24h,0,0.0,0.0,0.0,[],[]
2020-01-29T15:45:00-05:00,2020-01-29,JPM,24h,0,0.0,0.0,0.0,[],[]
2020-01-30T15:45:00-05:00,2020-01-30,JPM,24h,0,0.0,0.0,0.0,[],[]
2020-01-31T15:45:00-05:00,2020-01-31,JPM,24h,0,0.0,0.0,0.0,[],[]
2020-02-03T15:45:00-05:00,2020-02-03,JPM,24h,0,0.0,0.0,0.0,[],[]
2020-02-04T15:45:00-05:00,2020-02-04,JPM,24h,0,0.0,0.0,0.0,[],[]
2020-02-05T15:45:00-05:00,2020-02-05,JPM,24h,0,0.0,0.0,0.0,[],[]
2020-02-06T15:45:00-05:00,2020-02-06,JPM,24h,0,0.0,0.0,0.0,[],[]
2020-02-07T15:45:00-05:00,2020-02-07,JPM,24h,0,0.0,0.0,0.0,[],[]
2020-02-10T15:45:00-05:00,2020-02-10,JPM,24h,0,0.0,0.0,0.0,[],[]
2020-02-11T15:45:00-05:00,2020-02-11,JPM,24h,0,0.0,0.0,0.0,[],[]
2020-02-12T15:45:00-05:00,2020-02-12,JPM,24h,0,0.0,0.0,0.0,[],[]
2020-02-13T15:45:00-05:00,2020-02-13,JPM,24h,0,0.0,0.0,0.0,[],[]
2020-02-14T15:45:00-05:00,2020-02-14,JPM,24h,0,0.0,0.0,0.0,[],[]
2020-02-17T15:45:00-05:00,2020-02-17,JPM,24h,0,0.0,0.0,0.0,[],[]
2020-02-18T15:45:00-05:00,2020-02-18,JPM,24h,0,0.0,0.0,0.0,[],[]
2020-02-19T15:45:00-05:00,2020-02-19,JPM,24h,0,0.0,0.0,0.0,[],[]
2020-02-20T15:45:00-05:00,2020-02-20,JPM,24h,0,0.0,0.0,0.0,[],[]
2020-02-21T15:45:00-05:00,2020-02-21,JPM,24h,0,0.0,0.0,0.0,[],[]
2020-02-24T15:45:00-05:00,2020-02-24,JPM,24h,0,0.0,0.0,0.0,[],[]
2020-02-25T15:45:00-05:00,2020-02-25,JPM,24h,0,0.0,0.0,0.0,[],[]
2020-02-26T15:45:00-05:00,2020-02-26,JPM,24h,0,0.0,0.0,0.0,[],[]
2020-02-27T15:45:00-05:00,2020-02-27,JPM,24h,0,0.0,0.0,0.0,[],[]
2020-02-28T15:45:00-05:00,2020-02-28,JPM,24h,0,0.0,0.0,0.0,[],[]
2020-03-02T15:45:00-05:00,2020-03-02,JPM,24h,0,0.0,0.0,0.0,[],[]
2020-03-03T15:45:00-05:00,2020-03-03,JPM,24h,0,0.0,0.0,0.0,[],[]
2020-03-04T15:45:00-05:00,2020-03-04,JPM,24h,0,0.0,0.0,0.0,[],[]
2020-03-05T15:45:00-05:00,2020-03-05,JPM,24h,0,0.0,0.0,0.0,[],[]
2020-03-06T15:45:00-05:00,2020-03-06,JPM,24h,0,0.0,0.0,0.0,[],[]
2020-03-09T15:45:00-04:00,2020-03-09,JPM,24h,0,0.0,0.0,0.0,[],[]
2020-03-10T15:45:00-04:00,2020-03-10,JPM,24h,0,0.0,0.0,0.0,[],[]
2020-03-11T15:45:00-04:00,2020-03-11,JPM,24h,0,0.0,0.0,0.0,[],[]
2020-03-12T15:45:00-04:00,2020-03-12,JPM,24h,0,0.0,0.0,0.0,[],[]
2020-03-13T15:45:00-04:00,2020-03-13,JPM,24h,0,0.0,0.0,0.0,[],[]
2020-03-16T15:45:00-04:00,2020-03-16,JPM,24h,0,0.0,0.0,0.0,[],[]
2020-03-17T15:45:00-04:00,2020-03-17,JPM,24h,0,0.0,0.0,0.0,[],[]
2020-03-18T15:45:00-04:00,2020-03-18,JPM,24h,0,0.0,0.0,0.0,[],[]
2020-03-19T15:45:00-04:00,2020-03-19,JPM,24h,0,0.0,0.0,0.0,[],[]
2020-03-20T15:45:00-04:00,2020-03-20,JPM,24h,0,0.0,0.0,0.0,[],[]
2020-03-23T15:45:00-04:00,2020-03-23,JPM,24h,0,0.0,0.0,0.0,[],[]
2020-03-24T15:45:00-04:00,2020-03-24,JPM,24h,0,0.0,0.0,0.0,[],[]
2020-03-25T15:45:00-04:00,2020-03-25,JPM,24h,0,0.0,0.0,0.0,[],[]
2020-03-26T15:45:00-04:00,2020-03-26,JPM,24h,0,0.0,0.0,0.0,[],[]
2020-03-27T15:45:00-04:00,2020-03-27,JPM,24h,0,0.0,0.0,0.0,[],[]
2020-03-30T15:45:00-04:00,2020-03-30,JPM,24h,0,0.0,0.0,0.0,[],[]
2020-03-31T15:45:00-04:00,2020-03-31,JPM,24h,0,0.0,0.0,0.0,[],[]
2020-04-01T15:45:00-04:00,2020-04-01,JPM,24h,0,0.0,0.0,0.0,[],[]
2020-04-02T15:45:00-04:00,2020-04-02,JPM,24h,0,0.0,0.0,0.0,[],[]
2020-04-03T15:45:00-04:00,2020-04-03,JPM,24h,0,0.0,0.0,0.0,[],[]
2020-04-06T15:45:00-04:00,2020-04-06,JPM,24h,0,0.0,0.0,0.0,[],[]
2020-04-07T15:45:00-04:00,2020-04-07,JPM,24h,0,0.0,0.0,0.0,[],[]
2020-04-08T15:45:00-04:00,2020-04-08,JPM,24h,0,0.0,0.0,0.0,[],[]
2020-04-09T15:45:00-04:00,2020-04-09,JPM,24h,0,0.0,0.0,0.0,[],[]
2020-04-10T15:45:00-04:00,2020-04-10,JPM,24h,0,0.0,0.0,0.0,[],[]
2020-04-13T15:45:00-04:00,2020-04-13,JPM,24h,0,0.0,0.0,0.0,[],[]
2020-04-14T15:45:00-04:00,2020-04-14,JPM,24h,0,0.0,0.0,0.0,[],[]
2020-04-15T15:45:00-04:00,2020-04-15,JPM,24h,0,0.0,0.0,0.0,[],[]
2020-04-16T15:45:00-04:00,2020-04-16,JPM,24h,0,0.0,0.0,0.0,[],[]
2020-04-17T15:45:00-04:00,2020-04-17,JPM,24h,0,0.0,0.0,0.0,[],[]
2020-04-20T15:45:00-04:00,2020-04-20,JPM,24h,0,0.0,0.0,0.0,[],[]
2020-04-21T15:45:00-04:00,2020-04-21,JPM,24h,0,0.0,0.0,0.0,[],[]
2020-04-22T15:45:00-04:00,2020-04-22,JPM,24h,0,0.0,0.0,0.0,[],[]
2020-04-23T15:45:00-04:00,2020-04-23,JPM,24h,0,0.0,0.0,0.0,[],[]
2020-04-24T15:45:00-04:00,2020-04-24,JPM,24h,0,0.0,0.0,0.0,[],[]
2020-04-27T15:45:00-04:00,2020-04-27,JPM,24h,0,0.0,0.0,0.0,[],[]
2020-04-28T15:45:00-04:00,2020-04-28,JPM,24h,0,0.0,0.0,0.0,[],[]
2020-04-29T15:45:00-04:00,2020-04-29,JPM,24h,0,0.0,0.0,0.0,[],[]
2020-04-30T15:45:00-04:00,2020-04-30,JPM,24h,0,0.0,0.0,0.0,[],[]
2020-05-01T15:45:00-04:00,2020-05-01,JPM,24h,0,0.0,0.0,0.0,[],[]
2020-05-04T15:45:00-04:00,2020-05-04,JPM,24h,0,0.0,0.0,0.0,[],[]
2020-05-05T15:45:00-04:00,2020-05-05,JPM,24h,0,0.0,0.0,0.0,[],[]
2020-05-06T15:45:00-04:00,2020-05-06,JPM,24h,0,0.0,0.0,0.0,[],[]
2020-05-07T15:45:00-04:00,2020-05-07,JPM,24h,0,0.0,0.0,0.0,[],[]
2020-05-08T15:45:00-04:00,2020-05-08,JPM,24h,0,0.0,0.0,0.0,[],[]
2020-05-11T15:45:00-04:00,2020-05-11,JPM,24h,0,0.0,0.0,0.0,[],[]
2020-05-12T15:45:00-04:00,2020-05-12,JPM,24h,0,0.0,0.0,0.0,[],[]
2020-05-13T15:45:00-04:00,2020-05-13,JPM,24h,0,0.0,0.0,0.0,[],[]
2020-05-14T15:45:00-04:00,2020-05-14,JPM,24h,0,0.0,0.0,0.0,[],[]
2020-05-15T15:45:00-04:00,2020-05-15,JPM,24h,0,0.0,0.0,0.0,[],[]
2020-05-18T15:45:00-04:00,2020-05-18,JPM,24h,0,0.0,0.0,0.0,[],[]
2020-05-19T15:45:00-04:00,2020-05-19,JPM,24h,0,0.0,0.0,0.0,[],[]
2020-05-20T15:45:00-04:00,2020-05-20,JPM,24h,0,0.0,0.0,0.0,[],[]
2020-05-21T15:45:00-04:00,2020-05-21,JPM,24h,0,0.0,0.0,0.0,[],[]
2020-05-22T15:45:00-04:00,2020-05-22,JPM,24h,0,0.0,0.0,0.0,[],[]
2020-05-25T15:45:00-04:00,2020-05-25,JPM,24h,0,0.0,0.0,0.0,[],[]
2020-05-26T15:45:00-04:00,2020-05-26,JPM,24h,0,0.0,0.0,0.0,[],[]
2020-05-27T15:45:00-04:00,2020-05-27,JPM,24h,0,0.0,0.0,0.0,[],[]
2020-05-28T15:45:00-04:00,2020-05-28,JPM,24h,0,0.0,0.0,0.0,[],[]
2020-05-29T15:45:00-04:00,2020-05-29,JPM,24h,0,0.0,0.0,0.0,[],[]
2020-06-01T15:45:00-04:00,2020-06-01,JPM,24h,0,0.0,0.0,0.0,[],[]
2020-06-02T15:45:00-04:00,2020-06-02,JPM,24h,0,0.0,0.0,0.0,[],[]
2020-06-03T15:45:00-04:00,2020-06-03,JPM,24h,0,0.0,0.0,0.0,[],[]
2020-06-04T15:45:00-04:00,2020-06-04,JPM,24h,0,0.0,0.0,0.0,[],[]
2020-06-05T15:45:00-04:00,2020-06-05,JPM,24h,0,0.0,0.0,0.0,[],[]
2020-06-08T15:45:00-04:00,2020-06-08,JPM,24h,0,0.0,0.0,0.0,[],[]
2020-06-09T15:45:00-04:00,2020-06-09,JPM,24h,0,0.0,0.0,0.0,[],[]
2020-06-10T15:45:00-04:00,2020-06-10,JPM,24h,0,0.0,0.0,0.0,[],[]
2020-06-11T15:45:00-04:00,2020-06-11,JPM,24h,0,0.0,0.0,0.0,[],[]
2020-06-12T15:45:00-04:00,2020-06-12,JPM,24h,0,0.0,0.0,0.0,[],[]
2020-06-15T15:45:00-04:00,2020-06-15,JPM,24h,0,0.0,0.0,0.0,[],[]
2020-06-16T15:45:00-04:00,2020-06-16,JPM,24h,0,0.0,0.0,0.0,[],[]
2020-06-17T15:45:00-04:00,2020-06-17,JPM,24h,0,0.0,0.0,0.0,[],[]
2020-06-18T15:45:00-04:00,2020-06-18,JPM,24h,0,0.0,0.0,0.0,[],[]
2020-06-19T15:45:00-04:00,2020-06-19,JPM,24h,0,0.0,0.0,0.0,[],[]
2020-06-22T15:45:00-04:00,2020-06-22,JPM,24h,0,0.0,0.0,0.0,[],[]
2020-06-23T15:45:00-04:00,2020-06-23,JPM,24h,0,0.0,0.0,0.0,[],[]
2020-06-24T15:45:00-04:00,2020-06-24,JPM,24h,0,0.0,0.0,0.0,[],[]
2020-06-25T15:45:00-04:00,2020-06-25,JPM,24h,0,0.0,0.0,0.0,[],[]
2020-06-26T15:45:00-04:00,2020-06-26,JPM,24h,0,0.0,0.0,0.0,[],[]
2020-06-29T15:45:00-04:00,2020-06-29,JPM,24h,0,0.0,0.0,0.0,[],[]
2020-06-30T15:45:00-04:00,2020-06-30,JPM,24h,0,0.0,0.0,0.0,[],[]
2020-07-01T15:45:00-04:00,2020-07-01,JPM,24h,0,0.0,0.0,0.0,[],[]
2020-07-02T15:45:00-04:00,2020-07-02,JPM,24h,0,0.0,0.0,0.0,[],[]
2020-07-03T15:45:00-04:00,2020-07-03,JPM,24h,0,0.0,0.0,0.0,[],[]
2020-07-06T15:45:00-04:00,2020-07-06,JPM,24h,0,0.0,0.0,0.0,[],[]
2020-07-07T15:45:00-04:00,2020-07-07,JPM,24h,0,0.0,0.0,0.0,[],[]
2020-07-08T15:45:00-04:00,2020-07-08,JPM,24h,0,0.0,0.0,0.0,[],[]
2020-07-09T15:45:00-04:00,2020-07-09,JPM,24h,0,0.0,0.0,0.0,[],[]
2020-07-10T15:45:00-04:00,2020-07-10,JPM,24h,0,0.0,0.0,0.0,[],[]
2020-07-13T15:45:00-04:00,2020-07-13,JPM,24h,0,0.0,0.0,0.0,[],[]
2020-07-14T15:45:00-04:00,2020-07-14,JPM,24h,0,0.0,0.0,0.0,[],[]
2020-07-15T15:45:00-04:00,2020-07-15,JPM,24h,0,0.0,0.0,0.0,[],[]
2020-07-16T15:45:00-04:00,2020-07-16,JPM,24h,0,0.0,0.0,0.0,[],[]
2020-07-17T15:45:00-04:00,2020-07-17,JPM,24h,0,0.0,0.0,0.0,[],[]
2020-07-20T15:45:00-04:00,2020-07-20,JPM,24h,0,0.0,0.0,0.0,[],[]
2020-07-21T15:45:00-04:00,2020-07-21,JPM,24h,0,0.0,0.0,0.0,[],[]
2020-07-22T15:45:00-04:00,2020-07-22,JPM,24h,0,0.0,0.0,0.0,[],[]
2020-07-23T15:45:00-04:00,2020-07-23,JPM,24h,0,0.0,0.0,0.0,[],[]
2020-07-24T15:45:00-04:00,2020-07-24,JPM,24h,0,0.0,0.0,0.0,[],[]
2020-07-27T15:45:00-04:00,2020-07-27,JPM,24h,0,0.0,0.0,0.0,[],[]
2020-07-28T15:45:00-04:00,2020-07-28,JPM,24h,0,0.0,0.0,0.0,[],[]
2020-07-29T15:45:00-04:00,2020-07-29,JPM,24h,0,0.0,0.0,0.0,[],[]
2020-07-30T15:45:00-04:00,2020-07-30,JPM,24h,0,0.0,0.0,0.0,[],[]
2020-07-31T15:45:00-04:00,2020-07-31,JPM,24h,0,0.0,0.0,0.0,[],[]
2020-08-03T15:45:00-04:00,2020-08-03,JPM,24h,0,0.0,0.0,0.0,[],[]
2020-08-04T15:45:00-04:00,2020-08-04,JPM,24h,0,0.0,0.0,0.0,[],[]
2020-08-05T15:45:00-04:00,2020-08-05,JPM,24h,0,0.0,0.0,0.0,[],[]
2020-08-06T15:45:00-04:00,2020-08-06,JPM,24h,0,0.0,0.0,0.0,[],[]
2020-08-07T15:45:00-04:00,2020-08-07,JPM,24h,0,0.0,0.0,0.0,[],[]
2020-08-10T15:45:00-04:00,2020-08-10,JPM,24h,0,0.0,0.0,0.0,[],[]
2020-08-11T15:45:00-04:00,2020-08-11,JPM,24h,0,0.0,0.0,0.0,[],[]
2020-08-12T15:45:00-04:00,2020-08-12,JPM,24h,0,0.0,0.0,0.0,[],[]
2020-08-13T15:45:00-04:00,2020-08-13,JPM,24h,0,0.0,0.0,0.0,[],[]
2020-08-14T15:45:00-04:00,2020-08-14,JPM,24h,0,0.0,0.0,0.0,[],[]
2020-08-17T15:45:00-04:00,2020-08-17,JPM,24h,0,0.0,0.0,0.0,[],[]
2020-08-18T15:45:00-04:00,2020-08-18,JPM,24h,0,0.0,0.0,0.0,[],[]
2020-08-19T15:45:00-04:00,2020-08-19,JPM,24h,0,0.0,0.0,0.0,[],[]
2020-08-20T15:45:00-04:00,2020-08-20,JPM,24h,0,0.0,0.0,0.0,[],[]
2020-08-21T15:45:00-04:00,2020-08-21,JPM,24h,0,0.0,0.0,0.0,[],[]
2020-08-24T15:45:00-04:00,2020-08-24,JPM,24h,0,0.0,0.0,0.0,[],[]
2020-08-25T15:45:00-04:00,2020-08-25,JPM,24h,0,0.0,0.0,0.0,[],[]
2020-08-26T15:45:00-04:00,2020-08-26,JPM,24h,0,0.0,0.0,0.0,[],[]
2020-08-27T15:45:00-04:00,2020-08-27,JPM,24h,0,0.0,0.0,0.0,[],[]
2020-08-28T15:45:00-04:00,2020-08-28,JPM,24h,0,0.0,0.0,0.0,[],[]
2020-08-31T15:45:00-04:00,2020-08-31,JPM,24h,0,0.0,0.0,0.0,[],[]
2020-09-01T15:45:00-04:00,2020-09-01,JPM,24h,0,0.0,0.0,0.0,[],[]
2020-09-02T15:45:00-04:00,2020-09-02,JPM,24h,0,0.0,0.0,0.0,[],[]
2020-09-03T15:45:00-04:00,2020-09-03,JPM,24h,0,0.0,0.0,0.0,[],[]
2020-09-04T15:45:00-04:00,2020-09-04,JPM,24h,0,0.0,0.0,0.0,[],[]
2020-09-07T15:45:00-04:00,2020-09-07,JPM,24h,0,0.0,0.0,0.0,[],[]
2020-09-08T15:45:00-04:00,2020-09-08,JPM,24h,0,0.0,0.0,0.0,[],[]
2020-09-09T15:45:00-04:00,2020-09-09,JPM,24h,0,0.0,0.0,0.0,[],[]
2020-09-10T15:45:00-04:00,2020-09-10,JPM,24h,0,0.0,0.0,0.0,[],[]
2020-09-11T15:45:00-04:00,2020-09-11,JPM,24h,0,0.0,0.0,0.0,[],[]
2020-09-14T15:45:00-04:00,2020-09-14,JPM,24h,0,0.0,0.0,0.0,[],[]
2020-09-15T15:45:00-04:00,2020-09-15,JPM,24h,0,0.0,0.0,0.0,[],[]
2020-09-16T15:45:00-04:00,2020-09-16,JPM,24h,0,0.0,0.0,0.0,[],[]
2020-09-17T15:45:00-04:00,2020-09-17,JPM,24h,0,0.0,0.0,0.0,[],[]
2020-09-18T15:45:00-04:00,2020-09-18,JPM,24h,0,0.0,0.0,0.0,[],[]
2020-09-21T15:45:00-04:00,2020-09-21,JPM,24h,0,0.0,0.0,0.0,[],[]
2020-09-22T15:45:00-04:00,2020-09-22,JPM,24h,0,0.0,0.0,0.0,[],[]
2020-09-23T15:45:00-04:00,2020-09-23,JPM,24h,0,0.0,0.0,0.0,[],[]
2020-09-24T15:45:00-04:00,2020-09-24,JPM,24h,0,0.0,0.0,0.0,[],[]
2020-09-25T15:45:00-04:00,2020-09-25,JPM,24h,0,0.0,0.0,0.0,[],[]
2020-09-28T15:45:00-04:00,2020-09-28,JPM,24h,0,0.0,0.0,0.0,[],[]
2020-09-29T15:45:00-04:00,2020-09-29,JPM,24h,0,0.0,0.0,0.0,[],[]
2020-09-30T15:45:00-04:00,2020-09-30,JPM,24h,0,0.0,0.0,0.0,[],[]
2020-10-01T15:45:00-04:00,2020-10-01,JPM,24h,0,0.0,0.0,0.0,[],[]
2020-10-02T15:45:00-04:00,2020-10-02,JPM,24h,0,0.0,0.0,0.0,[],[]
2020-10-05T15:45:00-04:00,2020-10-05,JPM,24h,0,0.0,0.0,0.0,[],[]
2020-10-06T15:45:00-04:00,2020-10-06,JPM,24h,0,0.0,0.0,0.0,[],[]
2020-10-07T15:45:00-04:00,2020-10-07,JPM,24h,0,0.0,0.0,0.0,[],[]
2020-10-08T15:45:00-04:00,2020-10-08,JPM,24h,0,0.0,0.0,0.0,[],[]
2020-10-09T15:45:00-04:00,2020-10-09,JPM,24h,0,0.0,0.0,0.0,[],[]
2020-10-12T15:45:00-04:00,2020-10-12,JPM,24h,0,0.0,0.0,0.0,[],[]
2020-10-13T15:45:00-04:00,2020-10-13,JPM,24h,0,0.0,0.0,0.0,[],[]
2020-10-14T15:45:00-04:00,2020-10-14,JPM,24h,0,0.0,0.0,0.0,[],[]
2020-10-15T15:45:00-04:00,2020-10-15,JPM,24h,0,0.0,0.0,0.0,[],[]
2020-10-16T15:45:00-04:00,2020-10-16,JPM,24h,0,0.0,0.0,0.0,[],[]
2020-10-19T15:45:00-04:00,2020-10-19,JPM,24h,0,0.0,0.0,0.0,[],[]
2020-10-20T15:45:00-04:00,2020-10-20,JPM,24h,0,0.0,0.0,0.0,[],[]
2020-10-21T15:45:00-04:00,2020-10-21,JPM,24h,0,0.0,0.0,0.0,[],[]
2020-10-22T15:45:00-04:00,2020-10-22,JPM,24h,0,0.0,0.0,0.0,[],[]
2020-10-23T15:45:00-04:00,2020-10-23,JPM,24h,0,0.0,0.0,0.0,[],[]
2020-10-26T15:45:00-04:00,2020-10-26,JPM,24h,0,0.0,0.0,0.0,[],[]
2020-10-27T15:45:00-04:00,2020-10-27,JPM,24h,0,0.0,0.0,0.0,[],[]
2020-10-28T15:45:00-04:00,2020-10-28,JPM,24h,0,0.0,0.0,0.0,[],[]
2020-10-29T15:45:00-04:00,2020-10-29,JPM,24h,0,0.0,0.0,0.0,[],[]
2020-10-30T15:45:00-04:00,2020-10-30,JPM,24h,0,0.0,0.0,0.0,[],[]
2020-11-02T15:45:00-05:00,2020-11-02,JPM,24h,0,0.0,0.0,0.0,[],[]
2020-11-03T15:45:00-05:00,2020-11-03,JPM,24h,0,0.0,0.0,0.0,[],[]
2020-11-04T15:45:00-05:00,2020-11-04,JPM,24h,0,0.0,0.0,0.0,[],[]
2020-11-05T15:45:00-05:00,2020-11-05,JPM,24h,0,0.0,0.0,0.0,[],[]
2020-11-06T15:45:00-05:00,2020-11-06,JPM,24h,0,0.0,0.0,0.0,[],[]
2020-11-09T15:45:00-05:00,2020-11-09,JPM,24h,0,0.0,0.0,0.0,[],[]
2020-11-10T15:45:00-05:00,2020-11-10,JPM,24h,0,0.0,0.0,0.0,[],[]
2020-11-11T15:45:00-05:00,2020-11-11,JPM,24h,0,0.0,0.0,0.0,[],[]
2020-11-12T15:45:00-05:00,2020-11-12,JPM,24h,0,0.0,0.0,0.0,[],[]
2020-11-13T15:45:00-05:00,2020-11-13,JPM,24h,0,0.0,0.0,0.0,[],[]
2020-11-16T15:45:00-05:00,2020-11-16,JPM,24h,0,0.0,0.0,0.0,[],[]
2020-11-17T15:45:00-05:00,2020-11-17,JPM,24h,0,0.0,0.0,0.0,[],[]
2020-11-18T15:45:00-05:00,2020-11-18,JPM,24h,0,0.0,0.0,0.0,[],[]
2020-11-19T15:45:00-05:00,2020-11-19,JPM,24h,0,0.0,0.0,0.0,[],[]
2020-11-20T15:45:00-05:00,2020-11-20,JPM,24h,0,0.0,0.0,0.0,[],[]
2020-11-23T15:45:00-05:00,2020-11-23,JPM,24h,0,0.0,0.0,0.0,[],[]
2020-11-24T15:45:00-05:00,2020-11-24,JPM,24h,0,0.0,0.0,0.0,[],[]
2020-11-25T15:45:00-05:00,2020-11-25,JPM,24h,0,0.0,0.0,0.0,[],[]
2020-11-26T15:45:00-05:00,2020-11-26,JPM,24h,0,0.0,0.0,0.0,[],[]
2020-11-27T15:45:00-05:00,2020-11-27,JPM,24h,0,0.0,0.0,0.0,[],[]
2020-11-30T15:45:00-05:00,2020-11-30,JPM,24h,0,0.0,0.0,0.0,[],[]
2020-12-01T15:45:00-05:00,2020-12-01,JPM,24h,0,0.0,0.0,0.0,[],[]
2020-12-02T15:45:00-05:00,2020-12-02,JPM,24h,0,0.0,0.0,0.0,[],[]
2020-12-03T15:45:00-05:00,2020-12-03,JPM,24h,0,0.0,0.0,0.0,[],[]
2020-12-04T15:45:00-05:00,2020-12-04,JPM,24h,0,0.0,0.0,0.0,[],[]
2020-12-07T15:45:00-05:00,2020-12-07,JPM,24h,0,0.0,0.0,0.0,[],[]
2020-12-08T15:45:00-05:00,2020-12-08,JPM,24h,0,0.0,0.0,0.0,[],[]
2020-12-09T15:45:00-05:00,2020-12-09,JPM,24h,0,0.0,0.0,0.0,[],[]
2020-12-10T15:45:00-05:00,2020-12-10,JPM,24h,0,0.0,0.0,0.0,[],[]
2020-12-11T15:45:00-05:00,2020-12-11,JPM,24h,0,0.0,0.0,0.0,[],[]
2020-12-14T15:45:00-05:00,2020-12-14,JPM,24h,0,0.0,0.0,0.0,[],[]
2020-12-15T15:45:00-05:00,2020-12-15,JPM,24h,0,0.0,0.0,0.0,[],[]
2020-12-16T15:45:00-05:00,2020-12-16,JPM,24h,0,0.0,0.0,0.0,[],[]
2020-12-17T15:45:00-05:00,2020-12-17,JPM,24h,0,0.0,0.0,0.0,[],[]
2020-12-18T15:45:00-05:00,2020-12-18,JPM,24h,0,0.0,0.0,0.0,[],[]
2020-12-21T15:45:00-05:00,2020-12-21,JPM,24h,0,0.0,0.0,0.0,[],[]
2020-12-22T15:45:00-05:00,2020-12-22,JPM,24h,0,0.0,0.0,0.0,[],[]
2020-12-23T15:45:00-05:00,2020-12-23,JPM,24h,0,0.0,0.0,0.0,[],[]
2020-12-24T15:45:00-05:00,2020-12-24,JPM,24h,0,0.0,0.0,0.0,[],[]
2020-12-25T15:45:00-05:00,2020-12-25,JPM,24h,0,0.0,0.0,0.0,[],[]
2020-12-28T15:45:00-05:00,2020-12-28,JPM,24h,0,0.0,0.0,0.0,[],[]
2020-12-29T15:45:00-05:00,2020-12-29,JPM,24h,0,0.0,0.0,0.0,[],[]
2020-12-30T15:45:00-05:00,2020-12-30,JPM,24h,0,0.0,0.0,0.0,[],[]
2020-12-31T15:45:00-05:00,2020-12-31,JPM,24h,0,0.0,0.0,0.0,[],[]
2021-01-01T15:45:00-05:00,2021-01-01,JPM,24h,0,0.0,0.0,0.0,[],[]
2021-01-04T15:45:00-05:00,2021-01-04,JPM,24h,0,0.0,0.0,0.0,[],[]
2021-01-05T15:45:00-05:00,2021-01-05,JPM,24h,0,0.0,0.0,0.0,[],[]
2021-01-06T15:45:00-05:00,2021-01-06,JPM,24h,0,0.0,0.0,0.0,[],[]
2021-01-07T15:45:00-05:00,2021-01-07,JPM,24h,0,0.0,0.0,0.0,[],[]
2021-01-08T15:45:00-05:00,2021-01-08,JPM,24h,0,0.0,0.0,0.0,[],[]
2021-01-11T15:45:00-05:00,2021-01-11,JPM,24h,0,0.0,0.0,0.0,[],[]
2021-01-12T15:45:00-05:00,2021-01-12,JPM,24h,0,0.0,0.0,0.0,[],[]
2021-01-13T15:45:00-05:00,2021-01-13,JPM,24h,0,0.0,0.0,0.0,[],[]
2021-01-14T15:45:00-05:00,2021-01-14,JPM,24h,0,0.0,0.0,0.0,[],[]
2021-01-15T15:45:00-05:00,2021-01-15,JPM,24h,0,0.0,0.0,0.0,[],[]
2021-01-18T15:45:00-05:00,2021-01-18,JPM,24h,0,0.0,0.0,0.0,[],[]
2021-01-19T15:45:00-05:00,2021-01-19,JPM,24h,0,0.0,0.0,0.0,[],[]
2021-01-20T15:45:00-05:00,2021-01-20,JPM,24h,0,0.0,0.0,0.0,[],[]
2021-01-21T15:45:00-05:00,2021-01-21,JPM,24h,0,0.0,0.0,0.0,[],[]
2021-01-22T15:45:00-05:00,2021-01-22,JPM,24h,0,0.0,0.0,0.0,[],[]
2021-01-25T15:45:00-05:00,2021-01-25,JPM,24h,0,0.0,0.0,0.0,[],[]
2021-01-26T15:45:00-05:00,2021-01-26,JPM,24h,0,0.0,0.0,0.0,[],[]
2021-01-27T15:45:00-05:00,2021-01-27,JPM,24h,0,0.0,0.0,0.0,[],[]
2021-01-28T15:45:00-05:00,2021-01-28,JPM,24h,0,0.0,0.0,0.0,[],[]
2021-01-29T15:45:00-05:00,2021-01-29,JPM,24h,0,0.0,0.0,0.0,[],[]
2021-02-01T15:45:00-05:00,2021-02-01,JPM,24h,0,0.0,0.0,0.0,[],[]
2021-02-02T15:45:00-05:00,2021-02-02,JPM,24h,0,0.0,0.0,0.0,[],[]
2021-02-03T15:45:00-05:00,2021-02-03,JPM,24h,0,0.0,0.0,0.0,[],[]
2021-02-04T15:45:00-05:00,2021-02-04,JPM,24h,0,0.0,0.0,0.0,[],[]
2021-02-05T15:45:00-05:00,2021-02-05,JPM,24h,0,0.0,0.0,0.0,[],[]
2021-02-08T15:45:00-05:00,2021-02-08,JPM,24h,0,0.0,0.0,0.0,[],[]
2021-02-09T15:45:00-05:00,2021-02-09,JPM,24h,0,0.0,0.0,0.0,[],[]
2021-02-10T15:45:00-05:00,2021-02-10,JPM,24h,0,0.0,0.0,0.0,[],[]
2021-02-11T15:45:00-05:00,2021-02-11,JPM,24h,0,0.0,0.0,0.0,[],[]
2021-02-12T15:45:00-05:00,2021-02-12,JPM,24h,0,0.0,0.0,0.0,[],[]
2021-02-15T15:45:00-05:00,2021-02-15,JPM,24h,0,0.0,0.0,0.0,[],[]
2021-02-16T15:45:00-05:00,2021-02-16,JPM,24h,0,0.0,0.0,0.0,[],[]
2021-02-17T15:45:00-05:00,2021-02-17,JPM,24h,0,0.0,0.0,0.0,[],[]
2021-02-18T15:45:00-05:00,2021-02-18,JPM,24h,0,0.0,0.0,0.0,[],[]
2021-02-19T15:45:00-05:00,2021-02-19,JPM,24h,0,0.0,0.0,0.0,[],[]
2021-02-22T15:45:00-05:00,2021-02-22,JPM,24h,0,0.0,0.0,0.0,[],[]
2021-02-23T15:45:00-05:00,2021-02-23,JPM,24h,0,0.0,0.0,0.0,[],[]
2021-02-24T15:45:00-05:00,2021-02-24,JPM,24h,0,0.0,0.0,0.0,[],[]
2021-02-25T15:45:00-05:00,2021-02-25,JPM,24h,0,0.0,0.0,0.0,[],[]
2021-02-26T15:45:00-05:00,2021-02-26,JPM,24h,0,0.0,0.0,0.0,[],[]
2021-03-01T15:45:00-05:00,2021-03-01,JPM,24h,0,0.0,0.0,0.0,[],[]
2021-03-02T15:45:00-05:00,2021-03-02,JPM,24h,0,0.0,0.0,0.0,[],[]
2021-03-03T15:45:00-05:00,2021-03-03,JPM,24h,0,0.0,0.0,0.0,[],[]
2021-03-04T15:45:00-05:00,2021-03-04,JPM,24h,0,0.0,0.0,0.0,[],[]
2021-03-05T15:45:00-05:00,2021-03-05,JPM,24h,0,0.0,0.0,0.0,[],[]
2021-03-08T15:45:00-05:00,2021-03-08,JPM,24h,0,0.0,0.0,0.0,[],[]
2021-03-09T15:45:00-05:00,2021-03-09,JPM,24h,0,0.0,0.0,0.0,[],[]
2021-03-10T15:45:00-05:00,2021-03-10,JPM,24h,0,0.0,0.0,0.0,[],[]
2021-03-11T15:45:00-05:00,2021-03-11,JPM,24h,0,0.0,0.0,0.0,[],[]
2021-03-12T15:45:00-05:00,2021-03-12,JPM,24h,0,0.0,0.0,0.0,[],[]
2021-03-15T15:45:00-04:00,2021-03-15,JPM,24h,0,0.0,0.0,0.0,[],[]
2021-03-16T15:45:00-04:00,2021-03-16,JPM,24h,0,0.0,0.0,0.0,[],[]
2021-03-17T15:45:00-04:00,2021-03-17,JPM,24h,0,0.0,0.0,0.0,[],[]
2021-03-18T15:45:00-04:00,2021-03-18,JPM,24h,0,0.0,0.0,0.0,[],[]
2021-03-19T15:45:00-04:00,2021-03-19,JPM,24h,0,0.0,0.0,0.0,[],[]
2021-03-22T15:45:00-04:00,2021-03-22,JPM,24h,0,0.0,0.0,0.0,[],[]
2021-03-23T15:45:00-04:00,2021-03-23,JPM,24h,0,0.0,0.0,0.0,[],[]
2021-03-24T15:45:00-04:00,2021-03-24,JPM,24h,0,0.0,0.0,0.0,[],[]
2021-03-25T15:45:00-04:00,2021-03-25,JPM,24h,0,0.0,0.0,0.0,[],[]
2021-03-26T15:45:00-04:00,2021-03-26,JPM,24h,0,0.0,0.0,0.0,[],[]
2021-03-29T15:45:00-04:00,2021-03-29,JPM,24h,0,0.0,0.0,0.0,[],[]
2021-03-30T15:45:00-04:00,2021-03-30,JPM,24h,0,0.0,0.0,0.0,[],[]
2021-03-31T15:45:00-04:00,2021-03-31,JPM,24h,0,0.0,0.0,0.0,[],[]
2021-04-01T15:45:00-04:00,2021-04-01,JPM,24h,0,0.0,0.0,0.0,[],[]
2021-04-02T15:45:00-04:00,2021-04-02,JPM,24h,0,0.0,0.0,0.0,[],[]
2021-04-05T15:45:00-04:00,2021-04-05,JPM,24h,0,0.0,0.0,0.0,[],[]
2021-04-06T15:45:00-04:00,2021-04-06,JPM,24h,0,0.0,0.0,0.0,[],[]
2021-04-07T15:45:00-04:00,2021-04-07,JPM,24h,0,0.0,0.0,0.0,[],[]
2021-04-08T15:45:00-04:00,2021-04-08,JPM,24h,0,0.0,0.0,0.0,[],[]
2021-04-09T15:45:00-04:00,2021-04-09,JPM,24h,0,0.0,0.0,0.0,[],[]
2021-04-12T15:45:00-04:00,2021-04-12,JPM,24h,0,0.0,0.0,0.0,[],[]
2021-04-13T15:45:00-04:00,2021-04-13,JPM,24h,0,0.0,0.0,0.0,[],[]
2021-04-14T15:45:00-04:00,2021-04-14,JPM,24h,0,0.0,0.0,0.0,[],[]
2021-04-15T15:45:00-04:00,2021-04-15,JPM,24h,0,0.0,0.0,0.0,[],[]
2021-04-16T15:45:00-04:00,2021-04-16,JPM,24h,0,0.0,0.0,0.0,[],[]
2021-04-19T15:45:00-04:00,2021-04-19,JPM,24h,0,0.0,0.0,0.0,[],[]
2021-04-20T15:45:00-04:00,2021-04-20,JPM,24h,0,0.0,0.0,0.0,[],[]
2021-04-21T15:45:00-04:00,2021-04-21,JPM,24h,0,0.0,0.0,0.0,[],[]
2021-04-22T15:45:00-04:00,2021-04-22,JPM,24h,0,0.0,0.0,0.0,[],[]
2021-04-23T15:45:00-04:00,2021-04-23,JPM,24h,0,0.0,0.0,0.0,[],[]
2021-04-26T15:45:00-04:00,2021-04-26,JPM,24h,0,0.0,0.0,0.0,[],[]
2021-04-27T15:45:00-04:00,2021-04-27,JPM,24h,0,0.0,0.0,0.0,[],[]
2021-04-28T15:45:00-04:00,2021-04-28,JPM,24h,0,0.0,0.0,0.0,[],[]
2021-04-29T15:45:00-04:00,2021-04-29,JPM,24h,0,0.0,0.0,0.0,[],[]
2021-04-30T15:45:00-04:00,2021-04-30,JPM,24h,0,0.0,0.0,0.0,[],[]
2021-05-03T15:45:00-04:00,2021-05-03,JPM,24h,0,0.0,0.0,0.0,[],[]
2021-05-04T15:45:00-04:00,2021-05-04,JPM,24h,0,0.0,0.0,0.0,[],[]
2021-05-05T15:45:00-04:00,2021-05-05,JPM,24h,0,0.0,0.0,0.0,[],[]
2021-05-06T15:45:00-04:00,2021-05-06,JPM,24h,0,0.0,0.0,0.0,[],[]
2021-05-07T15:45:00-04:00,2021-05-07,JPM,24h,0,0.0,0.0,0.0,[],[]
2021-05-10T15:45:00-04:00,2021-05-10,JPM,24h,0,0.0,0.0,0.0,[],[]
2021-05-11T15:45:00-04:00,2021-05-11,JPM,24h,0,0.0,0.0,0.0,[],[]
2021-05-12T15:45:00-04:00,2021-05-12,JPM,24h,0,0.0,0.0,0.0,[],[]
2021-05-13T15:45:00-04:00,2021-05-13,JPM,24h,0,0.0,0.0,0.0,[],[]
2021-05-14T15:45:00-04:00,2021-05-14,JPM,24h,0,0.0,0.0,0.0,[],[]
2021-05-17T15:45:00-04:00,2021-05-17,JPM,24h,0,0.0,0.0,0.0,[],[]
2021-05-18T15:45:00-04:00,2021-05-18,JPM,24h,0,0.0,0.0,0.0,[],[]
2021-05-19T15:45:00-04:00,2021-05-19,JPM,24h,0,0.0,0.0,0.0,[],[]
2021-05-20T15:45:00-04:00,2021-05-20,JPM,24h,0,0.0,0.0,0.0,[],[]
2021-05-21T15:45:00-04:00,2021-05-21,JPM,24h,0,0.0,0.0,0.0,[],[]
2021-05-24T15:45:00-04:00,2021-05-24,JPM,24h,0,0.0,0.0,0.0,[],[]
2021-05-25T15:45:00-04:00,2021-05-25,JPM,24h,0,0.0,0.0,0.0,[],[]
2021-05-26T15:45:00-04:00,2021-05-26,JPM,24h,0,0.0,0.0,0.0,[],[]
2021-05-27T15:45:00-04:00,2021-05-27,JPM,24h,0,0.0,0.0,0.0,[],[]
2021-05-28T15:45:00-04:00,2021-05-28,JPM,24h,0,0.0,0.0,0.0,[],[]
2021-05-31T15:45:00-04:00,2021-05-31,JPM,24h,0,0.0,0.0,0.0,[],[]
2021-06-01T15:45:00-04:00,2021-06-01,JPM,24h,0,0.0,0.0,0.0,[],[]
2021-06-02T15:45:00-04:00,2021-06-02,JPM,24h,0,0.0,0.0,0.0,[],[]
2021-06-03T15:45:00-04:00,2021-06-03,JPM,24h,0,0.0,0.0,0.0,[],[]
2021-06-04T15:45:00-04:00,2021-06-04,JPM,24h,0,0.0,0.0,0.0,[],[]
2021-06-07T15:45:00-04:00,2021-06-07,JPM,24h,0,0.0,0.0,0.0,[],[]
2021-06-08T15:45:00-04:00,2021-06-08,JPM,24h,0,0.0,0.0,0.0,[],[]
2021-06-09T15:45:00-04:00,2021-06-09,JPM,24h,0,0.0,0.0,0.0,[],[]
2021-06-10T15:45:00-04:00,2021-06-10,JPM,24h,0,0.0,0.0,0.0,[],[]
2021-06-11T15:45:00-04:00,2021-06-11,JPM,24h,0,0.0,0.0,0.0,[],[]
2021-06-14T15:45:00-04:00,2021-06-14,JPM,24h,0,0.0,0.0,0.0,[],[]
2021-06-15T15:45:00-04:00,2021-06-15,JPM,24h,0,0.0,0.0,0.0,[],[]
2021-06-16T15:45:00-04:00,2021-06-16,JPM,24h,0,0.0,0.0,0.0,[],[]
2021-06-17T15:45:00-04:00,2021-06-17,JPM,24h,0,0.0,0.0,0.0,[],[]
2021-06-18T15:45:00-04:00,2021-06-18,JPM,24h,0,0.0,0.0,0.0,[],[]
2021-06-21T15:45:00-04:00,2021-06-21,JPM,24h,0,0.0,0.0,0.0,[],[]
2021-06-22T15:45:00-04:00,2021-06-22,JPM,24h,0,0.0,0.0,0.0,[],[]
2021-06-23T15:45:00-04:00,2021-06-23,JPM,24h,0,0.0,0.0,0.0,[],[]
2021-06-24T15:45:00-04:00,2021-06-24,JPM,24h,0,0.0,0.0,0.0,[],[]
2021-06-25T15:45:00-04:00,2021-06-25,JPM,24h,0,0.0,0.0,0.0,[],[]
2021-06-28T15:45:00-04:00,2021-06-28,JPM,24h,0,0.0,0.0,0.0,[],[]
2021-06-29T15:45:00-04:00,2021-06-29,JPM,24h,0,0.0,0.0,0.0,[],[]
2021-06-30T15:45:00-04:00,2021-06-30,JPM,24h,0,0.0,0.0,0.0,[],[]
2021-07-01T15:45:00-04:00,2021-07-01,JPM,24h,0,0.0,0.0,0.0,[],[]
2021-07-02T15:45:00-04:00,2021-07-02,JPM,24h,0,0.0,0.0,0.0,[],[]
2021-07-05T15:45:00-04:00,2021-07-05,JPM,24h,0,0.0,0.0,0.0,[],[]
2021-07-06T15:45:00-04:00,2021-07-06,JPM,24h,0,0.0,0.0,0.0,[],[]
2021-07-07T15:45:00-04:00,2021-07-07,JPM,24h,0,0.0,0.0,0.0,[],[]
2021-07-08T15:45:00-04:00,2021-07-08,JPM,24h,0,0.0,0.0,0.0,[],[]
2021-07-09T15:45:00-04:00,2021-07-09,JPM,24h,0,0.0,0.0,0.0,[],[]
2021-07-12T15:45:00-04:00,2021-07-12,JPM,24h,0,0.0,0.0,0.0,[],[]
2021-07-13T15:45:00-04:00,2021-07-13,JPM,24h,0,0.0,0.0,0.0,[],[]
2021-07-14T15:45:00-04:00,2021-07-14,JPM,24h,0,0.0,0.0,0.0,[],[]
2021-07-15T15:45:00-04:00,2021-07-15,JPM,24h,0,0.0,0.0,0.0,[],[]
2021-07-16T15:45:00-04:00,2021-07-16,JPM,24h,0,0.0,0.0,0.0,[],[]
2021-07-19T15:45:00-04:00,2021-07-19,JPM,24h,0,0.0,0.0,0.0,[],[]
2021-07-20T15:45:00-04:00,2021-07-20,JPM,24h,0,0.0,0.0,0.0,[],[]
2021-07-21T15:45:00-04:00,2021-07-21,JPM,24h,0,0.0,0.0,0.0,[],[]
2021-07-22T15:45:00-04:00,2021-07-22,JPM,24h,0,0.0,0.0,0.0,[],[]
2021-07-23T15:45:00-04:00,2021-07-23,JPM,24h,0,0.0,0.0,0.0,[],[]
2021-07-26T15:45:00-04:00,2021-07-26,JPM,24h,0,0.0,0.0,0.0,[],[]
2021-07-27T15:45:00-04:00,2021-07-27,JPM,24h,0,0.0,0.0,0.0,[],[]
2021-07-28T15:45:00-04:00,2021-07-28,JPM,24h,0,0.0,0.0,0.0,[],[]
2021-07-29T15:45:00-04:00,2021-07-29,JPM,24h,0,0.0,0.0,0.0,[],[]
2021-07-30T15:45:00-04:00,2021-07-30,JPM,24h,0,0.0,0.0,0.0,[],[]
2021-08-02T15:45:00-04:00,2021-08-02,JPM,24h,0,0.0,0.0,0.0,[],[]
2021-08-03T15:45:00-04:00,2021-08-03,JPM,24h,0,0.0,0.0,0.0,[],[]
2021-08-04T15:45:00-04:00,2021-08-04,JPM,24h,0,0.0,0.0,0.0,[],[]
2021-08-05T15:45:00-04:00,2021-08-05,JPM,24h,0,0.0,0.0,0.0,[],[]
2021-08-06T15:45:00-04:00,2021-08-06,JPM,24h,0,0.0,0.0,0.0,[],[]
2021-08-09T15:45:00-04:00,2021-08-09,JPM,24h,0,0.0,0.0,0.0,[],[]
2021-08-10T15:45:00-04:00,2021-08-10,JPM,24h,0,0.0,0.0,0.0,[],[]
2021-08-11T15:45:00-04:00,2021-08-11,JPM,24h,0,0.0,0.0,0.0,[],[]
2021-08-12T15:45:00-04:00,2021-08-12,JPM,24h,0,0.0,0.0,0.0,[],[]
2021-08-13T15:45:00-04:00,2021-08-13,JPM,24h,0,0.0,0.0,0.0,[],[]
2021-08-16T15:45:00-04:00,2021-08-16,JPM,24h,0,0.0,0.0,0.0,[],[]
2021-08-17T15:45:00-04:00,2021-08-17,JPM,24h,0,0.0,0.0,0.0,[],[]
2021-08-18T15:45:00-04:00,2021-08-18,JPM,24h,0,0.0,0.0,0.0,[],[]
2021-08-19T15:45:00-04:00,2021-08-19,JPM,24h,0,0.0,0.0,0.0,[],[]
2021-08-20T15:45:00-04:00,2021-08-20,JPM,24h,0,0.0,0.0,0.0,[],[]
2021-08-23T15:45:00-04:00,2021-08-23,JPM,24h,0,0.0,0.0,0.0,[],[]
2021-08-24T15:45:00-04:00,2021-08-24,JPM,24h,0,0.0,0.0,0.0,[],[]
2021-08-25T15:45:00-04:00,2021-08-25,JPM,24h,0,0.0,0.0,0.0,[],[]
2021-08-26T15:45:00-04:00,2021-08-26,JPM,24h,0,0.0,0.0,0.0,[],[]
2021-08-27T15:45:00-04:00,2021-08-27,JPM,24h,0,0.0,0.0,0.0,[],[]
2021-08-30T15:45:00-04:00,2021-08-30,JPM,24h,0,0.0,0.0,0.0,[],[]
2021-08-31T15:45:00-04:00,2021-08-31,JPM,24h,0,0.0,0.0,0.0,[],[]
2021-09-01T15:45:00-04:00,2021-09-01,JPM,24h,0,0.0,0.0,0.0,[],[]
2021-09-02T15:45:00-04:00,2021-09-02,JPM,24h,0,0.0,0.0,0.0,[],[]
2021-09-03T15:45:00-04:00,2021-09-03,JPM,24h,0,0.0,0.0,0.0,[],[]
2021-09-06T15:45:00-04:00,2021-09-06,JPM,24h,0,0.0,0.0,0.0,[],[]
2021-09-07T15:45:00-04:00,2021-09-07,JPM,24h,0,0.0,0.0,0.0,[],[]
2021-09-08T15:45:00-04:00,2021-09-08,JPM,24h,0,0.0,0.0,0.0,[],[]
2021-09-09T15:45:00-04:00,2021-09-09,JPM,24h,0,0.0,0.0,0.0,[],[]
2021-09-10T15:45:00-04:00,2021-09-10,JPM,24h,0,0.0,0.0,0.0,[],[]
2021-09-13T15:45:00-04:00,2021-09-13,JPM,24h,0,0.0,0.0,0.0,[],[]
2021-09-14T15:45:00-04:00,2021-09-14,JPM,24h,0,0.0,0.0,0.0,[],[]
2021-09-15T15:45:00-04:00,2021-09-15,JPM,24h,0,0.0,0.0,0.0,[],[]
2021-09-16T15:45:00-04:00,2021-09-16,JPM,24h,0,0.0,0.0,0.0,[],[]
2021-09-17T15:45:00-04:00,2021-09-17,JPM,24h,0,0.0,0.0,0.0,[],[]
2021-09-20T15:45:00-04:00,2021-09-20,JPM,24h,0,0.0,0.0,0.0,[],[]
2021-09-21T15:45:00-04:00,2021-09-21,JPM,24h,0,0.0,0.0,0.0,[],[]
2021-09-22T15:45:00-04:00,2021-09-22,JPM,24h,0,0.0,0.0,0.0,[],[]
2021-09-23T15:45:00-04:00,2021-09-23,JPM,24h,0,0.0,0.0,0.0,[],[]
2021-09-24T15:45:00-04:00,2021-09-24,JPM,24h,0,0.0,0.0,0.0,[],[]
2021-09-27T15:45:00-04:00,2021-09-27,JPM,24h,0,0.0,0.0,0.0,[],[]
2021-09-28T15:45:00-04:00,2021-09-28,JPM,24h,0,0.0,0.0,0.0,[],[]
2021-09-29T15:45:00-04:00,2021-09-29,JPM,24h,0,0.0,0.0,0.0,[],[]
2021-09-30T15:45:00-04:00,2021-09-30,JPM,24h,0,0.0,0.0,0.0,[],[]
2021-10-01T15:45:00-04:00,2021-10-01,JPM,24h,0,0.0,0.0,0.0,[],[]
2021-10-04T15:45:00-04:00,2021-10-04,JPM,24h,0,0.0,0.0,0.0,[],[]
2021-10-05T15:45:00-04:00,2021-10-05,JPM,24h,0,0.0,0.0,0.0,[],[]
2021-10-06T15:45:00-04:00,2021-10-06,JPM,24h,0,0.0,0.0,0.0,[],[]
2021-10-07T15:45:00-04:00,2021-10-07,JPM,24h,0,0.0,0.0,0.0,[],[]
2021-10-08T15:45:00-04:00,2021-10-08,JPM,24h,0,0.0,0.0,0.0,[],[]
2021-10-11T15:45:00-04:00,2021-10-11,JPM,24h,0,0.0,0.0,0.0,[],[]
2021-10-12T15:45:00-04:00,2021-10-12,JPM,24h,0,0.0,0.0,0.0,[],[]
2021-10-13T15:45:00-04:00,2021-10-13,JPM,24h,0,0.0,0.0,0.0,[],[]
2021-10-14T15:45:00-04:00,2021-10-14,JPM,24h,0,0.0,0.0,0.0,[],[]
2021-10-15T15:45:00-04:00,2021-10-15,JPM,24h,0,0.0,0.0,0.0,[],[]
2021-10-18T15:45:00-04:00,2021-10-18,JPM,24h,0,0.0,0.0,0.0,[],[]
2021-10-19T15:45:00-04:00,2021-10-19,JPM,24h,0,0.0,0.0,0.0,[],[]
2021-10-20T15:45:00-04:00,2021-10-20,JPM,24h,0,0.0,0.0,0.0,[],[]
2021-10-21T15:45:00-04:00,2021-10-21,JPM,24h,0,0.0,0.0,0.0,[],[]
2021-10-22T15:45:00-04:00,2021-10-22,JPM,24h,0,0.0,0.0,0.0,[],[]
2021-10-25T15:45:00-04:00,2021-10-25,JPM,24h,0,0.0,0.0,0.0,[],[]
2021-10-26T15:45:00-04:00,2021-10-26,JPM,24h,0,0.0,0.0,0.0,[],[]
2021-10-27T15:45:00-04:00,2021-10-27,JPM,24h,0,0.0,0.0,0.0,[],[]
2021-10-28T15:45:00-04:00,2021-10-28,JPM,24h,0,0.0,0.0,0.0,[],[]
2021-10-29T15:45:00-04:00,2021-10-29,JPM,24h,0,0.0,0.0,0.0,[],[]
2021-11-01T15:45:00-04:00,2021-11-01,JPM,24h,0,0.0,0.0,0.0,[],[]
2021-11-02T15:45:00-04:00,2021-11-02,JPM,24h,0,0.0,0.0,0.0,[],[]
2021-11-03T15:45:00-04:00,2021-11-03,JPM,24h,0,0.0,0.0,0.0,[],[]
2021-11-04T15:45:00-04:00,2021-11-04,JPM,24h,0,0.0,0.0,0.0,[],[]
2021-11-05T15:45:00-04:00,2021-11-05,JPM,24h,0,0.0,0.0,0.0,[],[]
2021-11-08T15:45:00-05:00,2021-11-08,JPM,24h,0,0.0,0.0,0.0,[],[]
2021-11-09T15:45:00-05:00,2021-11-09,JPM,24h,0,0.0,0.0,0.0,[],[]
2021-11-10T15:45:00-05:00,2021-11-10,JPM,24h,0,0.0,0.0,0.0,[],[]
2021-11-11T15:45:00-05:00,2021-11-11,JPM,24h,0,0.0,0.0,0.0,[],[]
2021-11-12T15:45:00-05:00,2021-11-12,JPM,24h,0,0.0,0.0,0.0,[],[]
2021-11-15T15:45:00-05:00,2021-11-15,JPM,24h,0,0.0,0.0,0.0,[],[]
2021-11-16T15:45:00-05:00,2021-11-16,JPM,24h,0,0.0,0.0,0.0,[],[]
2021-11-17T15:45:00-05:00,2021-11-17,JPM,24h,0,0.0,0.0,0.0,[],[]
2021-11-18T15:45:00-05:00,2021-11-18,JPM,24h,0,0.0,0.0,0.0,[],[]
2021-11-19T15:45:00-05:00,2021-11-19,JPM,24h,0,0.0,0.0,0.0,[],[]
2021-11-22T15:45:00-05:00,2021-11-22,JPM,24h,0,0.0,0.0,0.0,[],[]
2021-11-23T15:45:00-05:00,2021-11-23,JPM,24h,0,0.0,0.0,0.0,[],[]
2021-11-24T15:45:00-05:00,2021-11-24,JPM,24h,0,0.0,0.0,0.0,[],[]
2021-11-25T15:45:00-05:00,2021-11-25,JPM,24h,0,0.0,0.0,0.0,[],[]
2021-11-26T15:45:00-05:00,2021-11-26,JPM,24h,0,0.0,0.0,0.0,[],[]
2021-11-29T15:45:00-05:00,2021-11-29,JPM,24h,0,0.0,0.0,0.0,[],[]
2021-11-30T15:45:00-05:00,2021-11-30,JPM,24h,0,0.0,0.0,0.0,[],[]
2021-12-01T15:45:00-05:00,2021-12-01,JPM,24h,0,0.0,0.0,0.0,[],[]
2021-12-02T15:45:00-05:00,2021-12-02,JPM,24h,0,0.0,0.0,0.0,[],[]
2021-12-03T15:45:00-05:00,2021-12-03,JPM,24h,0,0.0,0.0,0.0,[],[]
2021-12-06T15:45:00-05:00,2021-12-06,JPM,24h,0,0.0,0.0,0.0,[],[]
2021-12-07T15:45:00-05:00,2021-12-07,JPM,24h,0,0.0,0.0,0.0,[],[]
2021-12-08T15:45:00-05:00,2021-12-08,JPM,24h,0,0.0,0.0,0.0,[],[]
2021-12-09T15:45:00-05:00,2021-12-09,JPM,24h,0,0.0,0.0,0.0,[],[]
2021-12-10T15:45:00-05:00,2021-12-10,JPM,24h,0,0.0,0.0,0.0,[],[]
2021-12-13T15:45:00-05:00,2021-12-13,JPM,24h,0,0.0,0.0,0.0,[],[]
2021-12-14T15:45:00-05:00,2021-12-14,JPM,24h,0,0.0,0.0,0.0,[],[]
2021-12-15T15:45:00-05:00,2021-12-15,JPM,24h,0,0.0,0.0,0.0,[],[]
2021-12-16T15:45:00-05:00,2021-12-16,JPM,24h,0,0.0,0.0,0.0,[],[]
2021-12-17T15:45:00-05:00,2021-12-17,JPM,24h,0,0.0,0.0,0.0,[],[]
2021-12-20T15:45:00-05:00,2021-12-20,JPM,24h,0,0.0,0.0,0.0,[],[]
2021-12-21T15:45:00-05:00,2021-12-21,JPM,24h,0,0.0,0.0,0.0,[],[]
2021-12-22T15:45:00-05:00,2021-12-22,JPM,24h,0,0.0,0.0,0.0,[],[]
2021-12-23T15:45:00-05:00,2021-12-23,JPM,24h,0,0.0,0.0,0.0,[],[]
2021-12-24T15:45:00-05:00,2021-12-24,JPM,24h,0,0.0,0.0,0.0,[],[]
2021-12-27T15:45:00-05:00,2021-12-27,JPM,24h,0,0.0,0.0,0.0,[],[]
2021-12-28T15:45:00-05:00,2021-12-28,JPM,24h,0,0.0,0.0,0.0,[],[]
2021-12-29T15:45:00-05:00,2021-12-29,JPM,24h,0,0.0,0.0,0.0,[],[]
2021-12-30T15:45:00-05:00,2021-12-30,JPM,24h,0,0.0,0.0,0.0,[],[]
2021-12-31T15:45:00-05:00,2021-12-31,JPM,24h,0,0.0,0.0,0.0,[],[]
2022-01-03T15:45:00-05:00,2022-01-03,JPM,24h,0,0.0,0.0,0.0,[],[]
2022-01-04T15:45:00-05:00,2022-01-04,JPM,24h,0,0.0,0.0,0.0,[],[]
2022-01-05T15:45:00-05:00,2022-01-05,JPM,24h,0,0.0,0.0,0.0,[],[]
2022-01-06T15:45:00-05:00,2022-01-06,JPM,24h,0,0.0,0.0,0.0,[],[]
2022-01-07T15:45:00-05:00,2022-01-07,JPM,24h,0,0.0,0.0,0.0,[],[]
2022-01-10T15:45:00-05:00,2022-01-10,JPM,24h,0,0.0,0.0,0.0,[],[]
2022-01-11T15:45:00-05:00,2022-01-11,JPM,24h,0,0.0,0.0,0.0,[],[]
2022-01-12T15:45:00-05:00,2022-01-12,JPM,24h,0,0.0,0.0,0.0,[],[]
2022-01-13T15:45:00-05:00,2022-01-13,JPM,24h,0,0.0,0.0,0.0,[],[]
2022-01-14T15:45:00-05:00,2022-01-14,JPM,24h,0,0.0,0.0,0.0,[],[]
2022-01-17T15:45:00-05:00,2022-01-17,JPM,24h,0,0.0,0.0,0.0,[],[]
2022-01-18T15:45:00-05:00,2022-01-18,JPM,24h,0,0.0,0.0,0.0,[],[]
2022-01-19T15:45:00-05:00,2022-01-19,JPM,24h,0,0.0,0.0,0.0,[],[]
2022-01-20T15:45:00-05:00,2022-01-20,JPM,24h,0,0.0,0.0,0.0,[],[]
2022-01-21T15:45:00-05:00,2022-01-21,JPM,24h,0,0.0,0.0,0.0,[],[]
2022-01-24T15:45:00-05:00,2022-01-24,JPM,24h,0,0.0,0.0,0.0,[],[]
2022-01-25T15:45:00-05:00,2022-01-25,JPM,24h,0,0.0,0.0,0.0,[],[]
2022-01-26T15:45:00-05:00,2022-01-26,JPM,24h,0,0.0,0.0,0.0,[],[]
2022-01-27T15:45:00-05:00,2022-01-27,JPM,24h,0,0.0,0.0,0.0,[],[]
2022-01-28T15:45:00-05:00,2022-01-28,JPM,24h,0,0.0,0.0,0.0,[],[]
2022-01-31T15:45:00-05:00,2022-01-31,JPM,24h,0,0.0,0.0,0.0,[],[]
2022-02-01T15:45:00-05:00,2022-02-01,JPM,24h,0,0.0,0.0,0.0,[],[]
2022-02-02T15:45:00-05:00,2022-02-02,JPM,24h,0,0.0,0.0,0.0,[],[]
2022-02-03T15:45:00-05:00,2022-02-03,JPM,24h,0,0.0,0.0,0.0,[],[]
2022-02-04T15:45:00-05:00,2022-02-04,JPM,24h,0,0.0,0.0,0.0,[],[]
2022-02-07T15:45:00-05:00,2022-02-07,JPM,24h,0,0.0,0.0,0.0,[],[]
2022-02-08T15:45:00-05:00,2022-02-08,JPM,24h,0,0.0,0.0,0.0,[],[]
2022-02-09T15:45:00-05:00,2022-02-09,JPM,24h,0,0.0,0.0,0.0,[],[]
2022-02-10T15:45:00-05:00,2022-02-10,JPM,24h,0,0.0,0.0,0.0,[],[]
2022-02-11T15:45:00-05:00,2022-02-11,JPM,24h,0,0.0,0.0,0.0,[],[]
2022-02-14T15:45:00-05:00,2022-02-14,JPM,24h,0,0.0,0.0,0.0,[],[]
2022-02-15T15:45:00-05:00,2022-02-15,JPM,24h,0,0.0,0.0,0.0,[],[]
2022-02-16T15:45:00-05:00,2022-02-16,JPM,24h,0,0.0,0.0,0.0,[],[]
2022-02-17T15:45:00-05:00,2022-02-17,JPM,24h,0,0.0,0.0,0.0,[],[]
2022-02-18T15:45:00-05:00,2022-02-18,JPM,24h,0,0.0,0.0,0.0,[],[]
2022-02-21T15:45:00-05:00,2022-02-21,JPM,24h,0,0.0,0.0,0.0,[],[]
2022-02-22T15:45:00-05:00,2022-02-22,JPM,24h,0,0.0,0.0,0.0,[],[]
2022-02-23T15:45:00-05:00,2022-02-23,JPM,24h,0,0.0,0.0,0.0,[],[]
2022-02-24T15:45:00-05:00,2022-02-24,JPM,24h,0,0.0,0.0,0.0,[],[]
2022-02-25T15:45:00-05:00,2022-02-25,JPM,24h,0,0.0,0.0,0.0,[],[]
2022-02-28T15:45:00-05:00,2022-02-28,JPM,24h,0,0.0,0.0,0.0,[],[]
2022-03-01T15:45:00-05:00,2022-03-01,JPM,24h,0,0.0,0.0,0.0,[],[]
2022-03-02T15:45:00-05:00,2022-03-02,JPM,24h,0,0.0,0.0,0.0,[],[]
2022-03-03T15:45:00-05:00,2022-03-03,JPM,24h,0,0.0,0.0,0.0,[],[]
2022-03-04T15:45:00-05:00,2022-03-04,JPM,24h,0,0.0,0.0,0.0,[],[]
2022-03-07T15:45:00-05:00,2022-03-07,JPM,24h,0,0.0,0.0,0.0,[],[]
2022-03-08T15:45:00-05:00,2022-03-08,JPM,24h,0,0.0,0.0,0.0,[],[]
2022-03-09T15:45:00-05:00,2022-03-09,JPM,24h,0,0.0,0.0,0.0,[],[]
2022-03-10T15:45:00-05:00,2022-03-10,JPM,24h,0,0.0,0.0,0.0,[],[]
2022-03-11T15:45:00-05:00,2022-03-11,JPM,24h,0,0.0,0.0,0.0,[],[]
2022-03-14T15:45:00-04:00,2022-03-14,JPM,24h,0,0.0,0.0,0.0,[],[]
2022-03-15T15:45:00-04:00,2022-03-15,JPM,24h,0,0.0,0.0,0.0,[],[]
2022-03-16T15:45:00-04:00,2022-03-16,JPM,24h,0,0.0,0.0,0.0,[],[]
2022-03-17T15:45:00-04:00,2022-03-17,JPM,24h,0,0.0,0.0,0.0,[],[]
2022-03-18T15:45:00-04:00,2022-03-18,JPM,24h,0,0.0,0.0,0.0,[],[]
2022-03-21T15:45:00-04:00,2022-03-21,JPM,24h,0,0.0,0.0,0.0,[],[]
2022-03-22T15:45:00-04:00,2022-03-22,JPM,24h,0,0.0,0.0,0.0,[],[]
2022-03-23T15:45:00-04:00,2022-03-23,JPM,24h,0,0.0,0.0,0.0,[],[]
2022-03-24T15:45:00-04:00,2022-03-24,JPM,24h,0,0.0,0.0,0.0,[],[]
2022-03-25T15:45:00-04:00,2022-03-25,JPM,24h,0,0.0,0.0,0.0,[],[]
2022-03-28T15:45:00-04:00,2022-03-28,JPM,24h,0,0.0,0.0,0.0,[],[]
2022-03-29T15:45:00-04:00,2022-03-29,JPM,24h,0,0.0,0.0,0.0,[],[]
2022-03-30T15:45:00-04:00,2022-03-30,JPM,24h,0,0.0,0.0,0.0,[],[]
2022-03-31T15:45:00-04:00,2022-03-31,JPM,24h,0,0.0,0.0,0.0,[],[]
2022-04-01T15:45:00-04:00,2022-04-01,JPM,24h,0,0.0,0.0,0.0,[],[]
2022-04-04T15:45:00-04:00,2022-04-04,JPM,24h,0,0.0,0.0,0.0,[],[]
2022-04-05T15:45:00-04:00,2022-04-05,JPM,24h,0,0.0,0.0,0.0,[],[]
2022-04-06T15:45:00-04:00,2022-04-06,JPM,24h,0,0.0,0.0,0.0,[],[]
2022-04-07T15:45:00-04:00,2022-04-07,JPM,24h,0,0.0,0.0,0.0,[],[]
2022-04-08T15:45:00-04:00,2022-04-08,JPM,24h,0,0.0,0.0,0.0,[],[]
2022-04-11T15:45:00-04:00,2022-04-11,JPM,24h,0,0.0,0.0,0.0,[],[]
2022-04-12T15:45:00-04:00,2022-04-12,JPM,24h,0,0.0,0.0,0.0,[],[]
2022-04-13T15:45:00-04:00,2022-04-13,JPM,24h,0,0.0,0.0,0.0,[],[]
2022-04-14T15:45:00-04:00,2022-04-14,JPM,24h,0,0.0,0.0,0.0,[],[]
2022-04-15T15:45:00-04:00,2022-04-15,JPM,24h,0,0.0,0.0,0.0,[],[]
2022-04-18T15:45:00-04:00,2022-04-18,JPM,24h,0,0.0,0.0,0.0,[],[]
2022-04-19T15:45:00-04:00,2022-04-19,JPM,24h,0,0.0,0.0,0.0,[],[]
2022-04-20T15:45:00-04:00,2022-04-20,JPM,24h,0,0.0,0.0,0.0,[],[]
2022-04-21T15:45:00-04:00,2022-04-21,JPM,24h,0,0.0,0.0,0.0,[],[]
2022-04-22T15:45:00-04:00,2022-04-22,JPM,24h,0,0.0,0.0,0.0,[],[]
2022-04-25T15:45:00-04:00,2022-04-25,JPM,24h,0,0.0,0.0,0.0,[],[]
2022-04-26T15:45:00-04:00,2022-04-26,JPM,24h,0,0.0,0.0,0.0,[],[]
2022-04-27T15:45:00-04:00,2022-04-27,JPM,24h,0,0.0,0.0,0.0,[],[]
2022-04-28T15:45:00-04:00,2022-04-28,JPM,24h,0,0.0,0.0,0.0,[],[]
2022-04-29T15:45:00-04:00,2022-04-29,JPM,24h,0,0.0,0.0,0.0,[],[]
2022-05-02T15:45:00-04:00,2022-05-02,JPM,24h,0,0.0,0.0,0.0,[],[]
2022-05-03T15:45:00-04:00,2022-05-03,JPM,24h,0,0.0,0.0,0.0,[],[]
2022-05-04T15:45:00-04:00,2022-05-04,JPM,24h,0,0.0,0.0,0.0,[],[]
2022-05-05T15:45:00-04:00,2022-05-05,JPM,24h,0,0.0,0.0,0.0,[],[]
2022-05-06T15:45:00-04:00,2022-05-06,JPM,24h,0,0.0,0.0,0.0,[],[]
2022-05-09T15:45:00-04:00,2022-05-09,JPM,24h,0,0.0,0.0,0.0,[],[]
2022-05-10T15:45:00-04:00,2022-05-10,JPM,24h,0,0.0,0.0,0.0,[],[]
2022-05-11T15:45:00-04:00,2022-05-11,JPM,24h,0,0.0,0.0,0.0,[],[]
2022-05-12T15:45:00-04:00,2022-05-12,JPM,24h,0,0.0,0.0,0.0,[],[]
2022-05-13T15:45:00-04:00,2022-05-13,JPM,24h,0,0.0,0.0,0.0,[],[]
2022-05-16T15:45:00-04:00,2022-05-16,JPM,24h,0,0.0,0.0,0.0,[],[]
2022-05-17T15:45:00-04:00,2022-05-17,JPM,24h,0,0.0,0.0,0.0,[],[]
2022-05-18T15:45:00-04:00,2022-05-18,JPM,24h,0,0.0,0.0,0.0,[],[]
2022-05-19T15:45:00-04:00,2022-05-19,JPM,24h,0,0.0,0.0,0.0,[],[]
2022-05-20T15:45:00-04:00,2022-05-20,JPM,24h,0,0.0,0.0,0.0,[],[]
2022-05-23T15:45:00-04:00,2022-05-23,JPM,24h,0,0.0,0.0,0.0,[],[]
2022-05-24T15:45:00-04:00,2022-05-24,JPM,24h,0,0.0,0.0,0.0,[],[]
2022-05-25T15:45:00-04:00,2022-05-25,JPM,24h,0,0.0,0.0,0.0,[],[]
2022-05-26T15:45:00-04:00,2022-05-26,JPM,24h,0,0.0,0.0,0.0,[],[]
2022-05-27T15:45:00-04:00,2022-05-27,JPM,24h,0,0.0,0.0,0.0,[],[]
2022-05-30T15:45:00-04:00,2022-05-30,JPM,24h,0,0.0,0.0,0.0,[],[]
2022-05-31T15:45:00-04:00,2022-05-31,JPM,24h,0,0.0,0.0,0.0,[],[]
2022-06-01T15:45:00-04:00,2022-06-01,JPM,24h,0,0.0,0.0,0.0,[],[]
2022-06-02T15:45:00-04:00,2022-06-02,JPM,24h,0,0.0,0.0,0.0,[],[]
2022-06-03T15:45:00-04:00,2022-06-03,JPM,24h,0,0.0,0.0,0.0,[],[]
2022-06-06T15:45:00-04:00,2022-06-06,JPM,24h,0,0.0,0.0,0.0,[],[]
2022-06-07T15:45:00-04:00,2022-06-07,JPM,24h,0,0.0,0.0,0.0,[],[]
2022-06-08T15:45:00-04:00,2022-06-08,JPM,24h,0,0.0,0.0,0.0,[],[]
2022-06-09T15:45:00-04:00,2022-06-09,JPM,24h,0,0.0,0.0,0.0,[],[]
2022-06-10T15:45:00-04:00,2022-06-10,JPM,24h,0,0.0,0.0,0.0,[],[]
2022-06-13T15:45:00-04:00,2022-06-13,JPM,24h,0,0.0,0.0,0.0,[],[]
2022-06-14T15:45:00-04:00,2022-06-14,JPM,24h,0,0.0,0.0,0.0,[],[]
2022-06-15T15:45:00-04:00,2022-06-15,JPM,24h,0,0.0,0.0,0.0,[],[]
2022-06-16T15:45:00-04:00,2022-06-16,JPM,24h,0,0.0,0.0,0.0,[],[]
2022-06-17T15:45:00-04:00,2022-06-17,JPM,24h,0,0.0,0.0,0.0,[],[]
2022-06-20T15:45:00-04:00,2022-06-20,JPM,24h,0,0.0,0.0,0.0,[],[]
2022-06-21T15:45:00-04:00,2022-06-21,JPM,24h,0,0.0,0.0,0.0,[],[]
2022-06-22T15:45:00-04:00,2022-06-22,JPM,24h,0,0.0,0.0,0.0,[],[]
2022-06-23T15:45:00-04:00,2022-06-23,JPM,24h,0,0.0,0.0,0.0,[],[]
2022-06-24T15:45:00-04:00,2022-06-24,JPM,24h,0,0.0,0.0,0.0,[],[]
2022-06-27T15:45:00-04:00,2022-06-27,JPM,24h,0,0.0,0.0,0.0,[],[]
2022-06-28T15:45:00-04:00,2022-06-28,JPM,24h,0,0.0,0.0,0.0,[],[]
2022-06-29T15:45:00-04:00,2022-06-29,JPM,24h,0,0.0,0.0,0.0,[],[]
2022-06-30T15:45:00-04:00,2022-06-30,JPM,24h,0,0.0,0.0,0.0,[],[]
2022-07-01T15:45:00-04:00,2022-07-01,JPM,24h,0,0.0,0.0,0.0,[],[]
2022-07-04T15:45:00-04:00,2022-07-04,JPM,24h,0,0.0,0.0,0.0,[],[]
2022-07-05T15:45:00-04:00,2022-07-05,JPM,24h,0,0.0,0.0,0.0,[],[]
2022-07-06T15:45:00-04:00,2022-07-06,JPM,24h,0,0.0,0.0,0.0,[],[]
2022-07-07T15:45:00-04:00,2022-07-07,JPM,24h,0,0.0,0.0,0.0,[],[]
2022-07-08T15:45:00-04:00,2022-07-08,JPM,24h,0,0.0,0.0,0.0,[],[]
2022-07-11T15:45:00-04:00,2022-07-11,JPM,24h,0,0.0,0.0,0.0,[],[]
2022-07-12T15:45:00-04:00,2022-07-12,JPM,24h,0,0.0,0.0,0.0,[],[]
2022-07-13T15:45:00-04:00,2022-07-13,JPM,24h,0,0.0,0.0,0.0,[],[]
2022-07-14T15:45:00-04:00,2022-07-14,JPM,24h,0,0.0,0.0,0.0,[],[]
2022-07-15T15:45:00-04:00,2022-07-15,JPM,24h,0,0.0,0.0,0.0,[],[]
2022-07-18T15:45:00-04:00,2022-07-18,JPM,24h,0,0.0,0.0,0.0,[],[]
2022-07-19T15:45:00-04:00,2022-07-19,JPM,24h,0,0.0,0.0,0.0,[],[]
2022-07-20T15:45:00-04:00,2022-07-20,JPM,24h,0,0.0,0.0,0.0,[],[]
2022-07-21T15:45:00-04:00,2022-07-21,JPM,24h,0,0.0,0.0,0.0,[],[]
2022-07-22T15:45:00-04:00,2022-07-22,JPM,24h,0,0.0,0.0,0.0,[],[]
2022-07-25T15:45:00-04:00,2022-07-25,JPM,24h,0,0.0,0.0,0.0,[],[]
2022-07-26T15:45:00-04:00,2022-07-26,JPM,24h,0,0.0,0.0,0.0,[],[]
2022-07-27T15:45:00-04:00,2022-07-27,JPM,24h,0,0.0,0.0,0.0,[],[]
2022-07-28T15:45:00-04:00,2022-07-28,JPM,24h,0,0.0,0.0,0.0,[],[]
2022-07-29T15:45:00-04:00,2022-07-29,JPM,24h,0,0.0,0.0,0.0,[],[]
2022-08-01T15:45:00-04:00,2022-08-01,JPM,24h,0,0.0,0.0,0.0,[],[]
2022-08-02T15:45:00-04:00,2022-08-02,JPM,24h,0,0.0,0.0,0.0,[],[]
2022-08-03T15:45:00-04:00,2022-08-03,JPM,24h,0,0.0,0.0,0.0,[],[]
2022-08-04T15:45:00-04:00,2022-08-04,JPM,24h,0,0.0,0.0,0.0,[],[]
2022-08-05T15:45:00-04:00,2022-08-05,JPM,24h,0,0.0,0.0,0.0,[],[]
2022-08-08T15:45:00-04:00,2022-08-08,JPM,24h,0,0.0,0.0,0.0,[],[]
2022-08-09T15:45:00-04:00,2022-08-09,JPM,24h,0,0.0,0.0,0.0,[],[]
2022-08-10T15:45:00-04:00,2022-08-10,JPM,24h,0,0.0,0.0,0.0,[],[]
2022-08-11T15:45:00-04:00,2022-08-11,JPM,24h,0,0.0,0.0,0.0,[],[]
2022-08-12T15:45:00-04:00,2022-08-12,JPM,24h,0,0.0,0.0,0.0,[],[]
2022-08-15T15:45:00-04:00,2022-08-15,JPM,24h,0,0.0,0.0,0.0,[],[]
2022-08-16T15:45:00-04:00,2022-08-16,JPM,24h,0,0.0,0.0,0.0,[],[]
2022-08-17T15:45:00-04:00,2022-08-17,JPM,24h,0,0.0,0.0,0.0,[],[]
2022-08-18T15:45:00-04:00,2022-08-18,JPM,24h,0,0.0,0.0,0.0,[],[]
2022-08-19T15:45:00-04:00,2022-08-19,JPM,24h,0,0.0,0.0,0.0,[],[]
2022-08-22T15:45:00-04:00,2022-08-22,JPM,24h,0,0.0,0.0,0.0,[],[]
2022-08-23T15:45:00-04:00,2022-08-23,JPM,24h,0,0.0,0.0,0.0,[],[]
2022-08-24T15:45:00-04:00,2022-08-24,JPM,24h,0,0.0,0.0,0.0,[],[]
2022-08-25T15:45:00-04:00,2022-08-25,JPM,24h,0,0.0,0.0,0.0,[],[]
2022-08-26T15:45:00-04:00,2022-08-26,JPM,24h,0,0.0,0.0,0.0,[],[]
2022-08-29T15:45:00-04:00,2022-08-29,JPM,24h,0,0.0,0.0,0.0,[],[]
2022-08-30T15:45:00-04:00,2022-08-30,JPM,24h,0,0.0,0.0,0.0,[],[]
2022-08-31T15:45:00-04:00,2022-08-31,JPM,24h,0,0.0,0.0,0.0,[],[]
2022-09-01T15:45:00-04:00,2022-09-01,JPM,24h,0,0.0,0.0,0.0,[],[]
2022-09-02T15:45:00-04:00,2022-09-02,JPM,24h,0,0.0,0.0,0.0,[],[]
2022-09-05T15:45:00-04:00,2022-09-05,JPM,24h,0,0.0,0.0,0.0,[],[]
2022-09-06T15:45:00-04:00,2022-09-06,JPM,24h,0,0.0,0.0,0.0,[],[]
2022-09-07T15:45:00-04:00,2022-09-07,JPM,24h,0,0.0,0.0,0.0,[],[]
2022-09-08T15:45:00-04:00,2022-09-08,JPM,24h,0,0.0,0.0,0.0,[],[]
2022-09-09T15:45:00-04:00,2022-09-09,JPM,24h,0,0.0,0.0,0.0,[],[]
2022-09-12T15:45:00-04:00,2022-09-12,JPM,24h,0,0.0,0.0,0.0,[],[]
2022-09-13T15:45:00-04:00,2022-09-13,JPM,24h,0,0.0,0.0,0.0,[],[]
2022-09-14T15:45:00-04:00,2022-09-14,JPM,24h,0,0.0,0.0,0.0,[],[]
2022-09-15T15:45:00-04:00,2022-09-15,JPM,24h,0,0.0,0.0,0.0,[],[]
2022-09-16T15:45:00-04:00,2022-09-16,JPM,24h,0,0.0,0.0,0.0,[],[]
2022-09-19T15:45:00-04:00,2022-09-19,JPM,24h,0,0.0,0.0,0.0,[],[]
2022-09-20T15:45:00-04:00,2022-09-20,JPM,24h,0,0.0,0.0,0.0,[],[]
2022-09-21T15:45:00-04:00,2022-09-21,JPM,24h,0,0.0,0.0,0.0,[],[]
2022-09-22T15:45:00-04:00,2022-09-22,JPM,24h,0,0.0,0.0,0.0,[],[]
2022-09-23T15:45:00-04:00,2022-09-23,JPM,24h,0,0.0,0.0,0.0,[],[]
2022-09-26T15:45:00-04:00,2022-09-26,JPM,24h,0,0.0,0.0,0.0,[],[]
2022-09-27T15:45:00-04:00,2022-09-27,JPM,24h,0,0.0,0.0,0.0,[],[]
2022-09-28T15:45:00-04:00,2022-09-28,JPM,24h,0,0.0,0.0,0.0,[],[]
2022-09-29T15:45:00-04:00,2022-09-29,JPM,24h,0,0.0,0.0,0.0,[],[]
2022-09-30T15:45:00-04:00,2022-09-30,JPM,24h,0,0.0,0.0,0.0,[],[]
2022-10-03T15:45:00-04:00,2022-10-03,JPM,24h,0,0.0,0.0,0.0,[],[]
2022-10-04T15:45:00-04:00,2022-10-04,JPM,24h,0,0.0,0.0,0.0,[],[]
2022-10-05T15:45:00-04:00,2022-10-05,JPM,24h,0,0.0,0.0,0.0,[],[]
2022-10-06T15:45:00-04:00,2022-10-06,JPM,24h,0,0.0,0.0,0.0,[],[]
2022-10-07T15:45:00-04:00,2022-10-07,JPM,24h,0,0.0,0.0,0.0,[],[]
2022-10-10T15:45:00-04:00,2022-10-10,JPM,24h,0,0.0,0.0,0.0,[],[]
2022-10-11T15:45:00-04:00,2022-10-11,JPM,24h,0,0.0,0.0,0.0,[],[]
2022-10-12T15:45:00-04:00,2022-10-12,JPM,24h,0,0.0,0.0,0.0,[],[]
2022-10-13T15:45:00-04:00,2022-10-13,JPM,24h,0,0.0,0.0,0.0,[],[]
2022-10-14T15:45:00-04:00,2022-10-14,JPM,24h,0,0.0,0.0,0.0,[],[]
2022-10-17T15:45:00-04:00,2022-10-17,JPM,24h,0,0.0,0.0,0.0,[],[]
2022-10-18T15:45:00-04:00,2022-10-18,JPM,24h,0,0.0,0.0,0.0,[],[]
2022-10-19T15:45:00-04:00,2022-10-19,JPM,24h,0,0.0,0.0,0.0,[],[]
2022-10-20T15:45:00-04:00,2022-10-20,JPM,24h,0,0.0,0.0,0.0,[],[]
2022-10-21T15:45:00-04:00,2022-10-21,JPM,24h,0,0.0,0.0,0.0,[],[]
2022-10-24T15:45:00-04:00,2022-10-24,JPM,24h,0,0.0,0.0,0.0,[],[]
2022-10-25T15:45:00-04:00,2022-10-25,JPM,24h,0,0.0,0.0,0.0,[],[]
2022-10-26T15:45:00-04:00,2022-10-26,JPM,24h,0,0.0,0.0,0.0,[],[]
2022-10-27T15:45:00-04:00,2022-10-27,JPM,24h,0,0.0,0.0,0.0,[],[]
2022-10-28T15:45:00-04:00,2022-10-28,JPM,24h,0,0.0,0.0,0.0,[],[]
2022-10-31T15:45:00-04:00,2022-10-31,JPM,24h,0,0.0,0.0,0.0,[],[]
2022-11-01T15:45:00-04:00,2022-11-01,JPM,24h,0,0.0,0.0,0.0,[],[]
2022-11-02T15:45:00-04:00,2022-11-02,JPM,24h,0,0.0,0.0,0.0,[],[]
2022-11-03T15:45:00-04:00,2022-11-03,JPM,24h,0,0.0,0.0,0.0,[],[]
2022-11-04T15:45:00-04:00,2022-11-04,JPM,24h,0,0.0,0.0,0.0,[],[]
2022-11-07T15:45:00-05:00,2022-11-07,JPM,24h,0,0.0,0.0,0.0,[],[]
2022-11-08T15:45:00-05:00,2022-11-08,JPM,24h,0,0.0,0.0,0.0,[],[]
2022-11-09T15:45:00-05:00,2022-11-09,JPM,24h,0,0.0,0.0,0.0,[],[]
2022-11-10T15:45:00-05:00,2022-11-10,JPM,24h,0,0.0,0.0,0.0,[],[]
2022-11-11T15:45:00-05:00,2022-11-11,JPM,24h,0,0.0,0.0,0.0,[],[]
2022-11-14T15:45:00-05:00,2022-11-14,JPM,24h,0,0.0,0.0,0.0,[],[]
2022-11-15T15:45:00-05:00,2022-11-15,JPM,24h,0,0.0,0.0,0.0,[],[]
2022-11-16T15:45:00-05:00,2022-11-16,JPM,24h,0,0.0,0.0,0.0,[],[]
2022-11-17T15:45:00-05:00,2022-11-17,JPM,24h,0,0.0,0.0,0.0,[],[]
2022-11-18T15:45:00-05:00,2022-11-18,JPM,24h,0,0.0,0.0,0.0,[],[]
2022-11-21T15:45:00-05:00,2022-11-21,JPM,24h,0,0.0,0.0,0.0,[],[]
2022-11-22T15:45:00-05:00,2022-11-22,JPM,24h,0,0.0,0.0,0.0,[],[]
2022-11-23T15:45:00-05:00,2022-11-23,JPM,24h,0,0.0,0.0,0.0,[],[]
2022-11-24T15:45:00-05:00,2022-11-24,JPM,24h,0,0.0,0.0,0.0,[],[]
2022-11-25T15:45:00-05:00,2022-11-25,JPM,24h,0,0.0,0.0,0.0,[],[]
2022-11-28T15:45:00-05:00,2022-11-28,JPM,24h,0,0.0,0.0,0.0,[],[]
2022-11-29T15:45:00-05:00,2022-11-29,JPM,24h,0,0.0,0.0,0.0,[],[]
2022-11-30T15:45:00-05:00,2022-11-30,JPM,24h,0,0.0,0.0,0.0,[],[]
2022-12-01T15:45:00-05:00,2022-12-01,JPM,24h,0,0.0,0.0,0.0,[],[]
2022-12-02T15:45:00-05:00,2022-12-02,JPM,24h,0,0.0,0.0,0.0,[],[]
2022-12-05T15:45:00-05:00,2022-12-05,JPM,24h,0,0.0,0.0,0.0,[],[]
2022-12-06T15:45:00-05:00,2022-12-06,JPM,24h,0,0.0,0.0,0.0,[],[]
2022-12-07T15:45:00-05:00,2022-12-07,JPM,24h,0,0.0,0.0,0.0,[],[]
2022-12-08T15:45:00-05:00,2022-12-08,JPM,24h,0,0.0,0.0,0.0,[],[]
2022-12-09T15:45:00-05:00,2022-12-09,JPM,24h,0,0.0,0.0,0.0,[],[]
2022-12-12T15:45:00-05:00,2022-12-12,JPM,24h,0,0.0,0.0,0.0,[],[]
2022-12-13T15:45:00-05:00,2022-12-13,JPM,24h,0,0.0,0.0,0.0,[],[]
2022-12-14T15:45:00-05:00,2022-12-14,JPM,24h,0,0.0,0.0,0.0,[],[]
2022-12-15T15:45:00-05:00,2022-12-15,JPM,24h,0,0.0,0.0,0.0,[],[]
2022-12-16T15:45:00-05:00,2022-12-16,JPM,24h,0,0.0,0.0,0.0,[],[]
2022-12-19T15:45:00-05:00,2022-12-19,JPM,24h,0,0.0,0.0,0.0,[],[]
2022-12-20T15:45:00-05:00,2022-12-20,JPM,24h,0,0.0,0.0,0.0,[],[]
2022-12-21T15:45:00-05:00,2022-12-21,JPM,24h,0,0.0,0.0,0.0,[],[]
2022-12-22T15:45:00-05:00,2022-12-22,JPM,24h,0,0.0,0.0,0.0,[],[]
2022-12-23T15:45:00-05:00,2022-12-23,JPM,24h,0,0.0,0.0,0.0,[],[]
2022-12-26T15:45:00-05:00,2022-12-26,JPM,24h,0,0.0,0.0,0.0,[],[]
2022-12-27T15:45:00-05:00,2022-12-27,JPM,24h,0,0.0,0.0,0.0,[],[]
2022-12-28T15:45:00-05:00,2022-12-28,JPM,24h,0,0.0,0.0,0.0,[],[]
2022-12-29T15:45:00-05:00,2022-12-29,JPM,24h,0,0.0,0.0,0.0,[],[]
2022-12-30T15:45:00-05:00,2022-12-30,JPM,24h,0,0.0,0.0,0.0,[],[]
2020-01-01T15:45:00-05:00,2020-01-01,LLY,24h,1,0.0,0.0,0.0,"[""fda_reg""]","[""benzinga""]"
2020-01-02T15:45:00-05:00,2020-01-02,LLY,24h,0,0.0,0.0,0.0,[],[]
2020-01-03T15:45:00-05:00,2020-01-03,LLY,24h,0,0.0,0.0,0.0,[],[]
2020-01-06T15:45:00-05:00,2020-01-06,LLY,24h,0,0.0,0.0,0.0,[],[]
2020-01-07T15:45:00-05:00,2020-01-07,LLY,24h,0,0.0,0.0,0.0,[],[]
2020-01-08T15:45:00-05:00,2020-01-08,LLY,24h,0,0.0,0.0,0.0,[],[]
2020-01-09T15:45:00-05:00,2020-01-09,LLY,24h,1,-0.9015,-0.9015,1.0,[],"[""reuters""]"
2020-01-10T15:45:00-05:00,2020-01-10,LLY,24h,0,0.0,0.0,0.0,[],[]
2020-01-13T15:45:00-05:00,2020-01-13,LLY,24h,0,0.0,0.0,0.0,[],[]
2020-01-14T15:45:00-05:00,2020-01-14,LLY,24h,0,0.0,0.0,0.0,[],[]
2020-01-15T15:45:00-05:00,2020-01-15,LLY,24h,0,0.0,0.0,0.0,[],[]
2020-01-16T15:45:00-05:00,2020-01-16,LLY,24h,0,0.0,0.0,0.0,[],[]
2020-01-17T15:45:00-05:00,2020-01-17,LLY,24h,1,0.9466,0.9466,0.0,"[""earnings""]","[""businesswire""]"
2020-01-20T15:45:00-05:00,2020-01-20,LLY,24h,0,0.0,0.0,0.0,[],[]
2020-01-21T15:45:00-05:00,2020-01-21,LLY,24h,0,0.0,0.0,0.0,[],[]
2020-01-22T15:45:00-05:00,2020-01-22,LLY,24h,0,0.0,0.0,0.0,[],[]
2020-01-23T15:45:00-05:00,2020-01-23,LLY,24h,0,0.0,0.0,0.0,[],[]
2020-01-24T15:45:00-05:00,2020-01-24,LLY,24h,0,0.0,0.0,0.0,[],[]
2020-01-27T15:45:00-05:00,2020-01-27,LLY,24h,0,0.0,0.0,0.0,[],[]
2020-01-28T15:45:00-05:00,2020-01-28,LLY,24h,0,0.0,0.0,0.0,[],[]
2020-01-29T15:45:00-05:00,2020-01-29,LLY,24h,0,0.0,0.0,0.0,[],[]
2020-01-30T15:45:00-05:00,2020-01-30,LLY,24h,0,0.0,0.0,0.0,[],[]
2020-01-31T15:45:00-05:00,2020-01-31,LLY,24h,0,0.0,0.0,0.0,[],[]
2020-02-03T15:45:00-05:00,2020-02-03,LLY,24h,0,0.0,0.0,0.0,[],[]
2020-02-04T15:45:00-05:00,2020-02-04,LLY,24h,0,0.0,0.0,0.0,[],[]
2020-02-05T15:45:00-05:00,2020-02-05,LLY,24h,0,0.0,0.0,0.0,[],[]
2020-02-06T15:45:00-05:00,2020-02-06,LLY,24h,0,0.0,0.0,0.0,[],[]
2020-02-07T15:45:00-05:00,2020-02-07,LLY,24h,0,0.0,0.0,0.0,[],[]
2020-02-10T15:45:00-05:00,2020-02-10,LLY,24h,0,0.0,0.0,0.0,[],[]
2020-02-11T15:45:00-05:00,2020-02-11,LLY,24h,0,0.0,0.0,0.0,[],[]
2020-02-12T15:45:00-05:00,2020-02-12,LLY,24h,0,0.0,0.0,0.0,[],[]
2020-02-13T15:45:00-05:00,2020-02-13,LLY,24h,0,0.0,0.0,0.0,[],[]
2020-02-14T15:45:00-05:00,2020-02-14,LLY,24h,0,0.0,0.0,0.0,[],[]
2020-02-17T15:45:00-05:00,2020-02-17,LLY,24h,0,0.0,0.0,0.0,[],[]
2020-02-18T15:45:00-05:00,2020-02-18,LLY,24h,0,0.0,0.0,0.0,[],[]
2020-02-19T15:45:00-05:00,2020-02-19,LLY,24h,0,0.0,0.0,0.0,[],[]
2020-02-20T15:45:00-05:00,2020-02-20,LLY,24h,0,0.0,0.0,0.0,[],[]
2020-02-21T15:45:00-05:00,2020-02-21,LLY,24h,0,0.0,0.0,0.0,[],[]
2020-02-24T15:45:00-05:00,2020-02-24,LLY,24h,0,0.0,0.0,0.0,[],[]
2020-02-25T15:45:00-05:00,2020-02-25,LLY,24h,0,0.0,0.0,0.0,[],[]
2020-02-26T15:45:00-05:00,2020-02-26,LLY,24h,0,0.0,0.0,0.0,[],[]
2020-02-27T15:45:00-05:00,2020-02-27,LLY,24h,0,0.0,0.0,0.0,[],[]
2020-02-28T15:45:00-05:00,2020-02-28,LLY,24h,0,0.0,0.0,0.0,[],[]
2020-03-02T15:45:00-05:00,2020-03-02,LLY,24h,0,0.0,0.0,0.0,[],[]
2020-03-03T15:45:00-05:00,2020-03-03,LLY,24h,0,0.0,0.0,0.0,[],[]
2020-03-04T15:45:00-05:00,2020-03-04,LLY,24h,0,0.0,0.0,0.0,[],[]
2020-03-05T15:45:00-05:00,2020-03-05,LLY,24h,0,0.0,0.0,0.0,[],[]
2020-03-06T15:45:00-05:00,2020-03-06,LLY,24h,0,0.0,0.0,0.0,[],[]
2020-03-09T15:45:00-04:00,2020-03-09,LLY,24h,0,0.0,0.0,0.0,[],[]
2020-03-10T15:45:00-04:00,2020-03-10,LLY,24h,0,0.0,0.0,0.0,[],[]
2020-03-11T15:45:00-04:00,2020-03-11,LLY,24h,0,0.0,0.0,0.0,[],[]
2020-03-12T15:45:00-04:00,2020-03-12,LLY,24h,0,0.0,0.0,0.0,[],[]
2020-03-13T15:45:00-04:00,2020-03-13,LLY,24h,0,0.0,0.0,0.0,[],[]
2020-03-16T15:45:00-04:00,2020-03-16,LLY,24h,0,0.0,0.0,0.0,[],[]
2020-03-17T15:45:00-04:00,2020-03-17,LLY,24h,0,0.0,0.0,0.0,[],[]
2020-03-18T15:45:00-04:00,2020-03-18,LLY,24h,0,0.0,0.0,0.0,[],[]
2020-03-19T15:45:00-04:00,2020-03-19,LLY,24h,0,0.0,0.0,0.0,[],[]
2020-03-20T15:45:00-04:00,2020-03-20,LLY,24h,0,0.0,0.0,0.0,[],[]
2020-03-23T15:45:00-04:00,2020-03-23,LLY,24h,0,0.0,0.0,0.0,[],[]
2020-03-24T15:45:00-04:00,2020-03-24,LLY,24h,0,0.0,0.0,0.0,[],[]
2020-03-25T15:45:00-04:00,2020-03-25,LLY,24h,0,0.0,0.0,0.0,[],[]
2020-03-26T15:45:00-04:00,2020-03-26,LLY,24h,0,0.0,0.0,0.0,[],[]
2020-03-27T15:45:00-04:00,2020-03-27,LLY,24h,0,0.0,0.0,0.0,[],[]
2020-03-30T15:45:00-04:00,2020-03-30,LLY,24h,0,0.0,0.0,0.0,[],[]
2020-03-31T15:45:00-04:00,2020-03-31,LLY,24h,0,0.0,0.0,0.0,[],[]
2020-04-01T15:45:00-04:00,2020-04-01,LLY,24h,0,0.0,0.0,0.0,[],[]
2020-04-02T15:45:00-04:00,2020-04-02,LLY,24h,0,0.0,0.0,0.0,[],[]
2020-04-03T15:45:00-04:00,2020-04-03,LLY,24h,0,0.0,0.0,0.0,[],[]
2020-04-06T15:45:00-04:00,2020-04-06,LLY,24h,0,0.0,0.0,0.0,[],[]
2020-04-07T15:45:00-04:00,2020-04-07,LLY,24h,0,0.0,0.0,0.0,[],[]
2020-04-08T15:45:00-04:00,2020-04-08,LLY,24h,0,0.0,0.0,0.0,[],[]
2020-04-09T15:45:00-04:00,2020-04-09,LLY,24h,0,0.0,0.0,0.0,[],[]
2020-04-10T15:45:00-04:00,2020-04-10,LLY,24h,0,0.0,0.0,0.0,[],[]
2020-04-13T15:45:00-04:00,2020-04-13,LLY,24h,0,0.0,0.0,0.0,[],[]
2020-04-14T15:45:00-04:00,2020-04-14,LLY,24h,0,0.0,0.0,0.0,[],[]
2020-04-15T15:45:00-04:00,2020-04-15,LLY,24h,0,0.0,0.0,0.0,[],[]
2020-04-16T15:45:00-04:00,2020-04-16,LLY,24h,0,0.0,0.0,0.0,[],[]
2020-04-17T15:45:00-04:00,2020-04-17,LLY,24h,0,0.0,0.0,0.0,[],[]
2020-04-20T15:45:00-04:00,2020-04-20,LLY,24h,0,0.0,0.0,0.0,[],[]
2020-04-21T15:45:00-04:00,2020-04-21,LLY,24h,0,0.0,0.0,0.0,[],[]
2020-04-22T15:45:00-04:00,2020-04-22,LLY,24h,0,0.0,0.0,0.0,[],[]
2020-04-23T15:45:00-04:00,2020-04-23,LLY,24h,0,0.0,0.0,0.0,[],[]
2020-04-24T15:45:00-04:00,2020-04-24,LLY,24h,0,0.0,0.0,0.0,[],[]
2020-04-27T15:45:00-04:00,2020-04-27,LLY,24h,0,0.0,0.0,0.0,[],[]
2020-04-28T15:45:00-04:00,2020-04-28,LLY,24h,0,0.0,0.0,0.0,[],[]
2020-04-29T15:45:00-04:00,2020-04-29,LLY,24h,0,0.0,0.0,0.0,[],[]
2020-04-30T15:45:00-04:00,2020-04-30,LLY,24h,0,0.0,0.0,0.0,[],[]
2020-05-01T15:45:00-04:00,2020-05-01,LLY,24h,0,0.0,0.0,0.0,[],[]
2020-05-04T15:45:00-04:00,2020-05-04,LLY,24h,0,0.0,0.0,0.0,[],[]
2020-05-05T15:45:00-04:00,2020-05-05,LLY,24h,0,0.0,0.0,0.0,[],[]
2020-05-06T15:45:00-04:00,2020-05-06,LLY,24h,0,0.0,0.0,0.0,[],[]
2020-05-07T15:45:00-04:00,2020-05-07,LLY,24h,0,0.0,0.0,0.0,[],[]
2020-05-08T15:45:00-04:00,2020-05-08,LLY,24h,0,0.0,0.0,0.0,[],[]
2020-05-11T15:45:00-04:00,2020-05-11,LLY,24h,0,0.0,0.0,0.0,[],[]
2020-05-12T15:45:00-04:00,2020-05-12,LLY,24h,0,0.0,0.0,0.0,[],[]
2020-05-13T15:45:00-04:00,2020-05-13,LLY,24h,0,0.0,0.0,0.0,[],[]
2020-05-14T15:45:00-04:00,2020-05-14,LLY,24h,0,0.0,0.0,0.0,[],[]
2020-05-15T15:45:00-04:00,2020-05-15,LLY,24h,0,0.0,0.0,0.0,[],[]
2020-05-18T15:45:00-04:00,2020-05-18,LLY,24h,0,0.0,0.0,0.0,[],[]
2020-05-19T15:45:00-04:00,2020-05-19,LLY,24h,0,0.0,0.0,0.0,[],[]
2020-05-20T15:45:00-04:00,2020-05-20,LLY,24h,0,0.0,0.0,0.0,[],[]
2020-05-21T15:45:00-04:00,2020-05-21,LLY,24h,0,0.0,0.0,0.0,[],[]
2020-05-22T15:45:00-04:00,2020-05-22,LLY,24h,0,0.0,0.0,0.0,[],[]
2020-05-25T15:45:00-04:00,2020-05-25,LLY,24h,0,0.0,0.0,0.0,[],[]
2020-05-26T15:45:00-04:00,2020-05-26,LLY,24h,0,0.0,0.0,0.0,[],[]
2020-05-27T15:45:00-04:00,2020-05-27,LLY,24h,0,0.0,0.0,0.0,[],[]
2020-05-28T15:45:00-04:00,2020-05-28,LLY,24h,0,0.0,0.0,0.0,[],[]
2020-05-29T15:45:00-04:00,2020-05-29,LLY,24h,0,0.0,0.0,0.0,[],[]
2020-06-01T15:45:00-04:00,2020-06-01,LLY,24h,0,0.0,0.0,0.0,[],[]
2020-06-02T15:45:00-04:00,2020-06-02,LLY,24h,0,0.0,0.0,0.0,[],[]
2020-06-03T15:45:00-04:00,2020-06-03,LLY,24h,0,0.0,0.0,0.0,[],[]
2020-06-04T15:45:00-04:00,2020-06-04,LLY,24h,0,0.0,0.0,0.0,[],[]
2020-06-05T15:45:00-04:00,2020-06-05,LLY,24h,0,0.0,0.0,0.0,[],[]
2020-06-08T15:45:00-04:00,2020-06-08,LLY,24h,0,0.0,0.0,0.0,[],[]
2020-06-09T15:45:00-04:00,2020-06-09,LLY,24h,0,0.0,0.0,0.0,[],[]
2020-06-10T15:45:00-04:00,2020-06-10,LLY,24h,0,0.0,0.0,0.0,[],[]
2020-06-11T15:45:00-04:00,2020-06-11,LLY,24h,0,0.0,0.0,0.0,[],[]
2020-06-12T15:45:00-04:00,2020-06-12,LLY,24h,0,0.0,0.0,0.0,[],[]
2020-06-15T15:45:00-04:00,2020-06-15,LLY,24h,0,0.0,0.0,0.0,[],[]
2020-06-16T15:45:00-04:00,2020-06-16,LLY,24h,0,0.0,0.0,0.0,[],[]
2020-06-17T15:45:00-04:00,2020-06-17,LLY,24h,0,0.0,0.0,0.0,[],[]
2020-06-18T15:45:00-04:00,2020-06-18,LLY,24h,0,0.0,0.0,0.0,[],[]
2020-06-19T15:45:00-04:00,2020-06-19,LLY,24h,0,0.0,0.0,0.0,[],[]
2020-06-22T15:45:00-04:00,2020-06-22,LLY,24h,0,0.0,0.0,0.0,[],[]
2020-06-23T15:45:00-04:00,2020-06-23,LLY,24h,0,0.0,0.0,0.0,[],[]
2020-06-24T15:45:00-04:00,2020-06-24,LLY,24h,0,0.0,0.0,0.0,[],[]
2020-06-25T15:45:00-04:00,2020-06-25,LLY,24h,0,0.0,0.0,0.0,[],[]
2020-06-26T15:45:00-04:00,2020-06-26,LLY,24h,0,0.0,0.0,0.0,[],[]
2020-06-29T15:45:00-04:00,2020-06-29,LLY,24h,0,0.0,0.0,0.0,[],[]
2020-06-30T15:45:00-04:00,2020-06-30,LLY,24h,0,0.0,0.0,0.0,[],[]
2020-07-01T15:45:00-04:00,2020-07-01,LLY,24h,0,0.0,0.0,0.0,[],[]
2020-07-02T15:45:00-04:00,2020-07-02,LLY,24h,0,0.0,0.0,0.0,[],[]
2020-07-03T15:45:00-04:00,2020-07-03,LLY,24h,0,0.0,0.0,0.0,[],[]
2020-07-06T15:45:00-04:00,2020-07-06,LLY,24h,0,0.0,0.0,0.0,[],[]
2020-07-07T15:45:00-04:00,2020-07-07,LLY,24h,0,0.0,0.0,0.0,[],[]
2020-07-08T15:45:00-04:00,2020-07-08,LLY,24h,0,0.0,0.0,0.0,[],[]
2020-07-09T15:45:00-04:00,2020-07-09,LLY,24h,0,0.0,0.0,0.0,[],[]
2020-07-10T15:45:00-04:00,2020-07-10,LLY,24h,0,0.0,0.0,0.0,[],[]
2020-07-13T15:45:00-04:00,2020-07-13,LLY,24h,0,0.0,0.0,0.0,[],[]
2020-07-14T15:45:00-04:00,2020-07-14,LLY,24h,0,0.0,0.0,0.0,[],[]
2020-07-15T15:45:00-04:00,2020-07-15,LLY,24h,0,0.0,0.0,0.0,[],[]
2020-07-16T15:45:00-04:00,2020-07-16,LLY,24h,0,0.0,0.0,0.0,[],[]
2020-07-17T15:45:00-04:00,2020-07-17,LLY,24h,0,0.0,0.0,0.0,[],[]
2020-07-20T15:45:00-04:00,2020-07-20,LLY,24h,0,0.0,0.0,0.0,[],[]
2020-07-21T15:45:00-04:00,2020-07-21,LLY,24h,0,0.0,0.0,0.0,[],[]
2020-07-22T15:45:00-04:00,2020-07-22,LLY,24h,0,0.0,0.0,0.0,[],[]
2020-07-23T15:45:00-04:00,2020-07-23,LLY,24h,0,0.0,0.0,0.0,[],[]
2020-07-24T15:45:00-04:00,2020-07-24,LLY,24h,0,0.0,0.0,0.0,[],[]
2020-07-27T15:45:00-04:00,2020-07-27,LLY,24h,0,0.0,0.0,0.0,[],[]
2020-07-28T15:45:00-04:00,2020-07-28,LLY,24h,0,0.0,0.0,0.0,[],[]
2020-07-29T15:45:00-04:00,2020-07-29,LLY,24h,0,0.0,0.0,0.0,[],[]
2020-07-30T15:45:00-04:00,2020-07-30,LLY,24h,0,0.0,0.0,0.0,[],[]
2020-07-31T15:45:00-04:00,2020-07-31,LLY,24h,0,0.0,0.0,0.0,[],[]
2020-08-03T15:45:00-04:00,2020-08-03,LLY,24h,0,0.0,0.0,0.0,[],[]
2020-08-04T15:45:00-04:00,2020-08-04,LLY,24h,0,0.0,0.0,0.0,[],[]
2020-08-05T15:45:00-04:00,2020-08-05,LLY,24h,0,0.0,0.0,0.0,[],[]
2020-08-06T15:45:00-04:00,2020-08-06,LLY,24h,0,0.0,0.0,0.0,[],[]
2020-08-07T15:45:00-04:00,2020-08-07,LLY,24h,0,0.0,0.0,0.0,[],[]
2020-08-10T15:45:00-04:00,2020-08-10,LLY,24h,0,0.0,0.0,0.0,[],[]
2020-08-11T15:45:00-04:00,2020-08-11,LLY,24h,0,0.0,0.0,0.0,[],[]
2020-08-12T15:45:00-04:00,2020-08-12,LLY,24h,0,0.0,0.0,0.0,[],[]
2020-08-13T15:45:00-04:00,2020-08-13,LLY,24h,0,0.0,0.0,0.0,[],[]
2020-08-14T15:45:00-04:00,2020-08-14,LLY,24h,0,0.0,0.0,0.0,[],[]
2020-08-17T15:45:00-04:00,2020-08-17,LLY,24h,0,0.0,0.0,0.0,[],[]
2020-08-18T15:45:00-04:00,2020-08-18,LLY,24h,0,0.0,0.0,0.0,[],[]
2020-08-19T15:45:00-04:00,2020-08-19,LLY,24h,0,0.0,0.0,0.0,[],[]
2020-08-20T15:45:00-04:00,2020-08-20,LLY,24h,0,0.0,0.0,0.0,[],[]
2020-08-21T15:45:00-04:00,2020-08-21,LLY,24h,0,0.0,0.0,0.0,[],[]
2020-08-24T15:45:00-04:00,2020-08-24,LLY,24h,0,0.0,0.0,0.0,[],[]
2020-08-25T15:45:00-04:00,2020-08-25,LLY,24h,0,0.0,0.0,0.0,[],[]
2020-08-26T15:45:00-04:00,2020-08-26,LLY,24h,0,0.0,0.0,0.0,[],[]
2020-08-27T15:45:00-04:00,2020-08-27,LLY,24h,0,0.0,0.0,0.0,[],[]
2020-08-28T15:45:00-04:00,2020-08-28,LLY,24h,0,0.0,0.0,0.0,[],[]
2020-08-31T15:45:00-04:00,2020-08-31,LLY,24h,0,0.0,0.0,0.0,[],[]
2020-09-01T15:45:00-04:00,2020-09-01,LLY,24h,0,0.0,0.0,0.0,[],[]
2020-09-02T15:45:00-04:00,2020-09-02,LLY,24h,0,0.0,0.0,0.0,[],[]
2020-09-03T15:45:00-04:00,2020-09-03,LLY,24h,0,0.0,0.0,0.0,[],[]
2020-09-04T15:45:00-04:00,2020-09-04,LLY,24h,0,0.0,0.0,0.0,[],[]
2020-09-07T15:45:00-04:00,2020-09-07,LLY,24h,0,0.0,0.0,0.0,[],[]
2020-09-08T15:45:00-04:00,2020-09-08,LLY,24h,0,0.0,0.0,0.0,[],[]
2020-09-09T15:45:00-04:00,2020-09-09,LLY,24h,0,0.0,0.0,0.0,[],[]
2020-09-10T15:45:00-04:00,2020-09-10,LLY,24h,0,0.0,0.0,0.0,[],[]
2020-09-11T15:45:00-04:00,2020-09-11,LLY,24h,0,0.0,0.0,0.0,[],[]
2020-09-14T15:45:00-04:00,2020-09-14,LLY,24h,0,0.0,0.0,0.0,[],[]
2020-09-15T15:45:00-04:00,2020-09-15,LLY,24h,0,0.0,0.0,0.0,[],[]
2020-09-16T15:45:00-04:00,2020-09-16,LLY,24h,0,0.0,0.0,0.0,[],[]
2020-09-17T15:45:00-04:00,2020-09-17,LLY,24h,0,0.0,0.0,0.0,[],[]
2020-09-18T15:45:00-04:00,2020-09-18,LLY,24h,0,0.0,0.0,0.0,[],[]
2020-09-21T15:45:00-04:00,2020-09-21,LLY,24h,0,0.0,0.0,0.0,[],[]
2020-09-22T15:45:00-04:00,2020-09-22,LLY,24h,0,0.0,0.0,0.0,[],[]
2020-09-23T15:45:00-04:00,2020-09-23,LLY,24h,0,0.0,0.0,0.0,[],[]
2020-09-24T15:45:00-04:00,2020-09-24,LLY,24h,0,0.0,0.0,0.0,[],[]
2020-09-25T15:45:00-04:00,2020-09-25,LLY,24h,0,0.0,0.0,0.0,[],[]
2020-09-28T15:45:00-04:00,2020-09-28,LLY,24h,0,0.0,0.0,0.0,[],[]
2020-09-29T15:45:00-04:00,2020-09-29,LLY,24h,0,0.0,0.0,0.0,[],[]
2020-09-30T15:45:00-04:00,2020-09-30,LLY,24h,0,0.0,0.0,0.0,[],[]
2020-10-01T15:45:00-04:00,2020-10-01,LLY,24h,0,0.0,0.0,0.0,[],[]
2020-10-02T15:45:00-04:00,2020-10-02,LLY,24h,0,0.0,0.0,0.0,[],[]
2020-10-05T15:45:00-04:00,2020-10-05,LLY,24h,0,0.0,0.0,0.0,[],[]
2020-10-06T15:45:00-04:00,2020-10-06,LLY,24h,0,0.0,0.0,0.0,[],[]
2020-10-07T15:45:00-04:00,2020-10-07,LLY,24h,0,0.0,0.0,0.0,[],[]
2020-10-08T15:45:00-04:00,2020-10-08,LLY,24h,0,0.0,0.0,0.0,[],[]
2020-10-09T15:45:00-04:00,2020-10-09,LLY,24h,0,0.0,0.0,0.0,[],[]
2020-10-12T15:45:00-04:00,2020-10-12,LLY,24h,0,0.0,0.0,0.0,[],[]
2020-10-13T15:45:00-04:00,2020-10-13,LLY,24h,0,0.0,0.0,0.0,[],[]
2020-10-14T15:45:00-04:00,2020-10-14,LLY,24h,0,0.0,0.0,0.0,[],[]
2020-10-15T15:45:00-04:00,2020-10-15,LLY,24h,0,0.0,0.0,0.0,[],[]
2020-10-16T15:45:00-04:00,2020-10-16,LLY,24h,0,0.0,0.0,0.0,[],[]
2020-10-19T15:45:00-04:00,2020-10-19,LLY,24h,0,0.0,0.0,0.0,[],[]
2020-10-20T15:45:00-04:00,2020-10-20,LLY,24h,0,0.0,0.0,0.0,[],[]
2020-10-21T15:45:00-04:00,2020-10-21,LLY,24h,0,0.0,0.0,0.0,[],[]
2020-10-22T15:45:00-04:00,2020-10-22,LLY,24h,0,0.0,0.0,0.0,[],[]
2020-10-23T15:45:00-04:00,2020-10-23,LLY,24h,0,0.0,0.0,0.0,[],[]
2020-10-26T15:45:00-04:00,2020-10-26,LLY,24h,0,0.0,0.0,0.0,[],[]
2020-10-27T15:45:00-04:00,2020-10-27,LLY,24h,0,0.0,0.0,0.0,[],[]
2020-10-28T15:45:00-04:00,2020-10-28,LLY,24h,0,0.0,0.0,0.0,[],[]
2020-10-29T15:45:00-04:00,2020-10-29,LLY,24h,0,0.0,0.0,0.0,[],[]
2020-10-30T15:45:00-04:00,2020-10-30,LLY,24h,0,0.0,0.0,0.0,[],[]
2020-11-02T15:45:00-05:00,2020-11-02,LLY,24h,0,0.0,0.0,0.0,[],[]
2020-11-03T15:45:00-05:00,2020-11-03,LLY,24h,0,0.0,0.0,0.0,[],[]
2020-11-04T15:45:00-05:00,2020-11-04,LLY,24h,0,0.0,0.0,0.0,[],[]
2020-11-05T15:45:00-05:00,2020-11-05,LLY,24h,0,0.0,0.0,0.0,[],[]
2020-11-06T15:45:00-05:00,2020-11-06,LLY,24h,0,0.0,0.0,0.0,[],[]
2020-11-09T15:45:00-05:00,2020-11-09,LLY,24h,0,0.0,0.0,0.0,[],[]
2020-11-10T15:45:00-05:00,2020-11-10,LLY,24h,0,0.0,0.0,0.0,[],[]
2020-11-11T15:45:00-05:00,2020-11-11,LLY,24h,0,0.0,0.0,0.0,[],[]
2020-11-12T15:45:00-05:00,2020-11-12,LLY,24h,0,0.0,0.0,0.0,[],[]
2020-11-13T15:45:00-05:00,2020-11-13,LLY,24h,0,0.0,0.0,0.0,[],[]
2020-11-16T15:45:00-05:00,2020-11-16,LLY,24h,0,0.0,0.0,0.0,[],[]
2020-11-17T15:45:00-05:00,2020-11-17,LLY,24h,0,0.0,0.0,0.0,[],[]
2020-11-18T15:45:00-05:00,2020-11-18,LLY,24h,0,0.0,0.0,0.0,[],[]
2020-11-19T15:45:00-05:00,2020-11-19,LLY,24h,0,0.0,0.0,0.0,[],[]
2020-11-20T15:45:00-05:00,2020-11-20,LLY,24h,0,0.0,0.0,0.0,[],[]
2020-11-23T15:45:00-05:00,2020-11-23,LLY,24h,0,0.0,0.0,0.0,[],[]
2020-11-24T15:45:00-05:00,2020-11-24,LLY,24h,0,0.0,0.0,0.0,[],[]
2020-11-25T15:45:00-05:00,2020-11-25,LLY,24h,0,0.0,0.0,0.0,[],[]
2020-11-26T15:45:00-05:00,2020-11-26,LLY,24h,0,0.0,0.0,0.0,[],[]
2020-11-27T15:45:00-05:00,2020-11-27,LLY,24h,0,0.0,0.0,0.0,[],[]
2020-11-30T15:45:00-05:00,2020-11-30,LLY,24h,0,0.0,0.0,0.0,[],[]
2020-12-01T15:45:00-05:00,2020-12-01,LLY,24h,0,0.0,0.0,0.0,[],[]
2020-12-02T15:45:00-05:00,2020-12-02,LLY,24h,0,0.0,0.0,0.0,[],[]
2020-12-03T15:45:00-05:00,2020-12-03,LLY,24h,0,0.0,0.0,0.0,[],[]
2020-12-04T15:45:00-05:00,2020-12-04,LLY,24h,0,0.0,0.0,0.0,[],[]
2020-12-07T15:45:00-05:00,2020-12-07,LLY,24h,0,0.0,0.0,0.0,[],[]
2020-12-08T15:45:00-05:00,2020-12-08,LLY,24h,0,0.0,0.0,0.0,[],[]
2020-12-09T15:45:00-05:00,2020-12-09,LLY,24h,0,0.0,0.0,0.0,[],[]
2020-12-10T15:45:00-05:00,2020-12-10,LLY,24h,0,0.0,0.0,0.0,[],[]
2020-12-11T15:45:00-05:00,2020-12-11,LLY,24h,0,0.0,0.0,0.0,[],[]
2020-12-14T15:45:00-05:00,2020-12-14,LLY,24h,0,0.0,0.0,0.0,[],[]
2020-12-15T15:45:00-05:00,2020-12-15,LLY,24h,0,0.0,0.0,0.0,[],[]
2020-12-16T15:45:00-05:00,2020-12-16,LLY,24h,0,0.0,0.0,0.0,[],[]
2020-12-17T15:45:00-05:00,2020-12-17,LLY,24h,0,0.0,0.0,0.0,[],[]
2020-12-18T15:45:00-05:00,2020-12-18,LLY,24h,0,0.0,0.0,0.0,[],[]
2020-12-21T15:45:00-05:00,2020-12-21,LLY,24h,0,0.0,0.0,0.0,[],[]
2020-12-22T15:45:00-05:00,2020-12-22,LLY,24h,0,0.0,0.0,0.0,[],[]
2020-12-23T15:45:00-05:00,2020-12-23,LLY,24h,0,0.0,0.0,0.0,[],[]
2020-12-24T15:45:00-05:00,2020-12-24,LLY,24h,0,0.0,0.0,0.0,[],[]
2020-12-25T15:45:00-05:00,2020-12-25,LLY,24h,0,0.0,0.0,0.0,[],[]
2020-12-28T15:45:00-05:00,2020-12-28,LLY,24h,0,0.0,0.0,0.0,[],[]
2020-12-29T15:45:00-05:00,2020-12-29,LLY,24h,0,0.0,0.0,0.0,[],[]
2020-12-30T15:45:00-05:00,2020-12-30,LLY,24h,0,0.0,0.0,0.0,[],[]
2020-12-31T15:45:00-05:00,2020-12-31,LLY,24h,0,0.0,0.0,0.0,[],[]
2021-01-01T15:45:00-05:00,2021-01-01,LLY,24h,0,0.0,0.0,0.0,[],[]
2021-01-04T15:45:00-05:00,2021-01-04,LLY,24h,0,0.0,0.0,0.0,[],[]
2021-01-05T15:45:00-05:00,2021-01-05,LLY,24h,0,0.0,0.0,0.0,[],[]
2021-01-06T15:45:00-05:00,2021-01-06,LLY,24h,0,0.0,0.0,0.0,[],[]
2021-01-07T15:45:00-05:00,2021-01-07,LLY,24h,0,0.0,0.0,0.0,[],[]
2021-01-08T15:45:00-05:00,2021-01-08,LLY,24h,0,0.0,0.0,0.0,[],[]
2021-01-11T15:45:00-05:00,2021-01-11,LLY,24h,0,0.0,0.0,0.0,[],[]
2021-01-12T15:45:00-05:00,2021-01-12,LLY,24h,0,0.0,0.0,0.0,[],[]
2021-01-13T15:45:00-05:00,2021-01-13,LLY,24h,0,0.0,0.0,0.0,[],[]
2021-01-14T15:45:00-05:00,2021-01-14,LLY,24h,0,0.0,0.0,0.0,[],[]
2021-01-15T15:45:00-05:00,2021-01-15,LLY,24h,0,0.0,0.0,0.0,[],[]
2021-01-18T15:45:00-05:00,2021-01-18,LLY,24h,0,0.0,0.0,0.0,[],[]
2021-01-19T15:45:00-05:00,2021-01-19,LLY,24h,0,0.0,0.0,0.0,[],[]
2021-01-20T15:45:00-05:00,2021-01-20,LLY,24h,0,0.0,0.0,0.0,[],[]
2021-01-21T15:45:00-05:00,2021-01-21,LLY,24h,0,0.0,0.0,0.0,[],[]
2021-01-22T15:45:00-05:00,2021-01-22,LLY,24h,0,0.0,0.0,0.0,[],[]
2021-01-25T15:45:00-05:00,2021-01-25,LLY,24h,0,0.0,0.0,0.0,[],[]
2021-01-26T15:45:00-05:00,2021-01-26,LLY,24h,0,0.0,0.0,0.0,[],[]
2021-01-27T15:45:00-05:00,2021-01-27,LLY,24h,0,0.0,0.0,0.0,[],[]
2021-01-28T15:45:00-05:00,2021-01-28,LLY,24h,0,0.0,0.0,0.0,[],[]
2021-01-29T15:45:00-05:00,2021-01-29,LLY,24h,0,0.0,0.0,0.0,[],[]
2021-02-01T15:45:00-05:00,2021-02-01,LLY,24h,0,0.0,0.0,0.0,[],[]
2021-02-02T15:45:00-05:00,2021-02-02,LLY,24h,0,0.0,0.0,0.0,[],[]
2021-02-03T15:45:00-05:00,2021-02-03,LLY,24h,0,0.0,0.0,0.0,[],[]
2021-02-04T15:45:00-05:00,2021-02-04,LLY,24h,0,0.0,0.0,0.0,[],[]
2021-02-05T15:45:00-05:00,2021-02-05,LLY,24h,0,0.0,0.0,0.0,[],[]
2021-02-08T15:45:00-05:00,2021-02-08,LLY,24h,0,0.0,0.0,0.0,[],[]
2021-02-09T15:45:00-05:00,2021-02-09,LLY,24h,0,0.0,0.0,0.0,[],[]
2021-02-10T15:45:00-05:00,2021-02-10,LLY,24h,0,0.0,0.0,0.0,[],[]
2021-02-11T15:45:00-05:00,2021-02-11,LLY,24h,0,0.0,0.0,0.0,[],[]
2021-02-12T15:45:00-05:00,2021-02-12,LLY,24h,0,0.0,0.0,0.0,[],[]
2021-02-15T15:45:00-05:00,2021-02-15,LLY,24h,0,0.0,0.0,0.0,[],[]
2021-02-16T15:45:00-05:00,2021-02-16,LLY,24h,0,0.0,0.0,0.0,[],[]
2021-02-17T15:45:00-05:00,2021-02-17,LLY,24h,0,0.0,0.0,0.0,[],[]
2021-02-18T15:45:00-05:00,2021-02-18,LLY,24h,0,0.0,0.0,0.0,[],[]
2021-02-19T15:45:00-05:00,2021-02-19,LLY,24h,0,0.0,0.0,0.0,[],[]
2021-02-22T15:45:00-05:00,2021-02-22,LLY,24h,0,0.0,0.0,0.0,[],[]
2021-02-23T15:45:00-05:00,2021-02-23,LLY,24h,0,0.0,0.0,0.0,[],[]
2021-02-24T15:45:00-05:00,2021-02-24,LLY,24h,0,0.0,0.0,0.0,[],[]
2021-02-25T15:45:00-05:00,2021-02-25,LLY,24h,0,0.0,0.0,0.0,[],[]
2021-02-26T15:45:00-05:00,2021-02-26,LLY,24h,0,0.0,0.0,0.0,[],[]
2021-03-01T15:45:00-05:00,2021-03-01,LLY,24h,0,0.0,0.0,0.0,[],[]
2021-03-02T15:45:00-05:00,2021-03-02,LLY,24h,0,0.0,0.0,0.0,[],[]
2021-03-03T15:45:00-05:00,2021-03-03,LLY,24h,0,0.0,0.0,0.0,[],[]
2021-03-04T15:45:00-05:00,2021-03-04,LLY,24h,0,0.0,0.0,0.0,[],[]
2021-03-05T15:45:00-05:00,2021-03-05,LLY,24h,0,0.0,0.0,0.0,[],[]
2021-03-08T15:45:00-05:00,2021-03-08,LLY,24h,0,0.0,0.0,0.0,[],[]
2021-03-09T15:45:00-05:00,2021-03-09,LLY,24h,0,0.0,0.0,0.0,[],[]
2021-03-10T15:45:00-05:00,2021-03-10,LLY,24h,0,0.0,0.0,0.0,[],[]
2021-03-11T15:45:00-05:00,2021-03-11,LLY,24h,0,0.0,0.0,0.0,[],[]
2021-03-12T15:45:00-05:00,2021-03-12,LLY,24h,0,0.0,0.0,0.0,[],[]
2021-03-15T15:45:00-04:00,2021-03-15,LLY,24h,0,0.0,0.0,0.0,[],[]
2021-03-16T15:45:00-04:00,2021-03-16,LLY,24h,0,0.0,0.0,0.0,[],[]
2021-03-17T15:45:00-04:00,2021-03-17,LLY,24h,0,0.0,0.0,0.0,[],[]
2021-03-18T15:45:00-04:00,2021-03-18,LLY,24h,0,0.0,0.0,0.0,[],[]
2021-03-19T15:45:00-04:00,2021-03-19,LLY,24h,0,0.0,0.0,0.0,[],[]
2021-03-22T15:45:00-04:00,2021-03-22,LLY,24h,0,0.0,0.0,0.0,[],[]
2021-03-23T15:45:00-04:00,2021-03-23,LLY,24h,0,0.0,0.0,0.0,[],[]
2021-03-24T15:45:00-04:00,2021-03-24,LLY,24h,0,0.0,0.0,0.0,[],[]
2021-03-25T15:45:00-04:00,2021-03-25,LLY,24h,0,0.0,0.0,0.0,[],[]
2021-03-26T15:45:00-04:00,2021-03-26,LLY,24h,0,0.0,0.0,0.0,[],[]
2021-03-29T15:45:00-04:00,2021-03-29,LLY,24h,0,0.0,0.0,0.0,[],[]
2021-03-30T15:45:00-04:00,2021-03-30,LLY,24h,0,0.0,0.0,0.0,[],[]
2021-03-31T15:45:00-04:00,2021-03-31,LLY,24h,0,0.0,0.0,0.0,[],[]
2021-04-01T15:45:00-04:00,2021-04-01,LLY,24h,0,0.0,0.0,0.0,[],[]
2021-04-02T15:45:00-04:00,2021-04-02,LLY,24h,0,0.0,0.0,0.0,[],[]
2021-04-05T15:45:00-04:00,2021-04-05,LLY,24h,0,0.0,0.0,0.0,[],[]
2021-04-06T15:45:00-04:00,2021-04-06,LLY,24h,0,0.0,0.0,0.0,[],[]
2021-04-07T15:45:00-04:00,2021-04-07,LLY,24h,0,0.0,0.0,0.0,[],[]
2021-04-08T15:45:00-04:00,2021-04-08,LLY,24h,0,0.0,0.0,0.0,[],[]
2021-04-09T15:45:00-04:00,2021-04-09,LLY,24h,0,0.0,0.0,0.0,[],[]
2021-04-12T15:45:00-04:00,2021-04-12,LLY,24h,0,0.0,0.0,0.0,[],[]
2021-04-13T15:45:00-04:00,2021-04-13,LLY,24h,0,0.0,0.0,0.0,[],[]
2021-04-14T15:45:00-04:00,2021-04-14,LLY,24h,0,0.0,0.0,0.0,[],[]
2021-04-15T15:45:00-04:00,2021-04-15,LLY,24h,0,0.0,0.0,0.0,[],[]
2021-04-16T15:45:00-04:00,2021-04-16,LLY,24h,0,0.0,0.0,0.0,[],[]
2021-04-19T15:45:00-04:00,2021-04-19,LLY,24h,0,0.0,0.0,0.0,[],[]
2021-04-20T15:45:00-04:00,2021-04-20,LLY,24h,0,0.0,0.0,0.0,[],[]
2021-04-21T15:45:00-04:00,2021-04-21,LLY,24h,0,0.0,0.0,0.0,[],[]
2021-04-22T15:45:00-04:00,2021-04-22,LLY,24h,0,0.0,0.0,0.0,[],[]
2021-04-23T15:45:00-04:00,2021-04-23,LLY,24h,0,0.0,0.0,0.0,[],[]
2021-04-26T15:45:00-04:00,2021-04-26,LLY,24h,0,0.0,0.0,0.0,[],[]
2021-04-27T15:45:00-04:00,2021-04-27,LLY,24h,0,0.0,0.0,0.0,[],[]
2021-04-28T15:45:00-04:00,2021-04-28,LLY,24h,0,0.0,0.0,0.0,[],[]
2021-04-29T15:45:00-04:00,2021-04-29,LLY,24h,0,0.0,0.0,0.0,[],[]
2021-04-30T15:45:00-04:00,2021-04-30,LLY,24h,0,0.0,0.0,0.0,[],[]
2021-05-03T15:45:00-04:00,2021-05-03,LLY,24h,0,0.0,0.0,0.0,[],[]
2021-05-04T15:45:00-04:00,2021-05-04,LLY,24h,0,0.0,0.0,0.0,[],[]
2021-05-05T15:45:00-04:00,2021-05-05,LLY,24h,0,0.0,0.0,0.0,[],[]
2021-05-06T15:45:00-04:00,2021-05-06,LLY,24h,0,0.0,0.0,0.0,[],[]
2021-05-07T15:45:00-04:00,2021-05-07,LLY,24h,0,0.0,0.0,0.0,[],[]
2021-05-10T15:45:00-04:00,2021-05-10,LLY,24h,0,0.0,0.0,0.0,[],[]
2021-05-11T15:45:00-04:00,2021-05-11,LLY,24h,0,0.0,0.0,0.0,[],[]
2021-05-12T15:45:00-04:00,2021-05-12,LLY,24h,0,0.0,0.0,0.0,[],[]
2021-05-13T15:45:00-04:00,2021-05-13,LLY,24h,0,0.0,0.0,0.0,[],[]
2021-05-14T15:45:00-04:00,2021-05-14,LLY,24h,0,0.0,0.0,0.0,[],[]
2021-05-17T15:45:00-04:00,2021-05-17,LLY,24h,0,0.0,0.0,0.0,[],[]
2021-05-18T15:45:00-04:00,2021-05-18,LLY,24h,0,0.0,0.0,0.0,[],[]
2021-05-19T15:45:00-04:00,2021-05-19,LLY,24h,0,0.0,0.0,0.0,[],[]
2021-05-20T15:45:00-04:00,2021-05-20,LLY,24h,0,0.0,0.0,0.0,[],[]
2021-05-21T15:45:00-04:00,2021-05-21,LLY,24h,0,0.0,0.0,0.0,[],[]
2021-05-24T15:45:00-04:00,2021-05-24,LLY,24h,0,0.0,0.0,0.0,[],[]
2021-05-25T15:45:00-04:00,2021-05-25,LLY,24h,0,0.0,0.0,0.0,[],[]
2021-05-26T15:45:00-04:00,2021-05-26,LLY,24h,0,0.0,0.0,0.0,[],[]
2021-05-27T15:45:00-04:00,2021-05-27,LLY,24h,0,0.0,0.0,0.0,[],[]
2021-05-28T15:45:00-04:00,2021-05-28,LLY,24h,0,0.0,0.0,0.0,[],[]
2021-05-31T15:45:00-04:00,2021-05-31,LLY,24h,0,0.0,0.0,0.0,[],[]
2021-06-01T15:45:00-04:00,2021-06-01,LLY,24h,0,0.0,0.0,0.0,[],[]
2021-06-02T15:45:00-04:00,2021-06-02,LLY,24h,0,0.0,0.0,0.0,[],[]
2021-06-03T15:45:00-04:00,2021-06-03,LLY,24h,0,0.0,0.0,0.0,[],[]
2021-06-04T15:45:00-04:00,2021-06-04,LLY,24h,0,0.0,0.0,0.0,[],[]
2021-06-07T15:45:00-04:00,2021-06-07,LLY,24h,0,0.0,0.0,0.0,[],[]
2021-06-08T15:45:00-04:00,2021-06-08,LLY,24h,0,0.0,0.0,0.0,[],[]
2021-06-09T15:45:00-04:00,2021-06-09,LLY,24h,0,0.0,0.0,0.0,[],[]
2021-06-10T15:45:00-04:00,2021-06-10,LLY,24h,0,0.0,0.0,0.0,[],[]
2021-06-11T15:45:00-04:00,2021-06-11,LLY,24h,0,0.0,0.0,0.0,[],[]
2021-06-14T15:45:00-04:00,2021-06-14,LLY,24h,0,0.0,0.0,0.0,[],[]
2021-06-15T15:45:00-04:00,2021-06-15,LLY,24h,0,0.0,0.0,0.0,[],[]
2021-06-16T15:45:00-04:00,2021-06-16,LLY,24h,0,0.0,0.0,0.0,[],[]
2021-06-17T15:45:00-04:00,2021-06-17,LLY,24h,0,0.0,0.0,0.0,[],[]
2021-06-18T15:45:00-04:00,2021-06-18,LLY,24h,0,0.0,0.0,0.0,[],[]
2021-06-21T15:45:00-04:00,2021-06-21,LLY,24h,0,0.0,0.0,0.0,[],[]
2021-06-22T15:45:00-04:00,2021-06-22,LLY,24h,0,0.0,0.0,0.0,[],[]
2021-06-23T15:45:00-04:00,2021-06-23,LLY,24h,0,0.0,0.0,0.0,[],[]
2021-06-24T15:45:00-04:00,2021-06-24,LLY,24h,0,0.0,0.0,0.0,[],[]
2021-06-25T15:45:00-04:00,2021-06-25,LLY,24h,0,0.0,0.0,0.0,[],[]
2021-06-28T15:45:00-04:00,2021-06-28,LLY,24h,0,0.0,0.0,0.0,[],[]
2021-06-29T15:45:00-04:00,2021-06-29,LLY,24h,0,0.0,0.0,0.0,[],[]
2021-06-30T15:45:00-04:00,2021-06-30,LLY,24h,0,0.0,0.0,0.0,[],[]
2021-07-01T15:45:00-04:00,2021-07-01,LLY,24h,0,0.0,0.0,0.0,[],[]
2021-07-02T15:45:00-04:00,2021-07-02,LLY,24h,0,0.0,0.0,0.0,[],[]
2021-07-05T15:45:00-04:00,2021-07-05,LLY,24h,0,0.0,0.0,0.0,[],[]
2021-07-06T15:45:00-04:00,2021-07-06,LLY,24h,0,0.0,0.0,0.0,[],[]
2021-07-07T15:45:00-04:00,2021-07-07,LLY,24h,0,0.0,0.0,0.0,[],[]
2021-07-08T15:45:00-04:00,2021-07-08,LLY,24h,0,0.0,0.0,0.0,[],[]
2021-07-09T15:45:00-04:00,2021-07-09,LLY,24h,0,0.0,0.0,0.0,[],[]
2021-07-12T15:45:00-04:00,2021-07-12,LLY,24h,0,0.0,0.0,0.0,[],[]
2021-07-13T15:45:00-04:00,2021-07-13,LLY,24h,0,0.0,0.0,0.0,[],[]
2021-07-14T15:45:00-04:00,2021-07-14,LLY,24h,0,0.0,0.0,0.0,[],[]
2021-07-15T15:45:00-04:00,2021-07-15,LLY,24h,0,0.0,0.0,0.0,[],[]
2021-07-16T15:45:00-04:00,2021-07-16,LLY,24h,0,0.0,0.0,0.0,[],[]
2021-07-19T15:45:00-04:00,2021-07-19,LLY,24h,0,0.0,0.0,0.0,[],[]
2021-07-20T15:45:00-04:00,2021-07-20,LLY,24h,0,0.0,0.0,0.0,[],[]
2021-07-21T15:45:00-04:00,2021-07-21,LLY,24h,0,0.0,0.0,0.0,[],[]
2021-07-22T15:45:00-04:00,2021-07-22,LLY,24h,0,0.0,0.0,0.0,[],[]
2021-07-23T15:45:00-04:00,2021-07-23,LLY,24h,0,0.0,0.0,0.0,[],[]
2021-07-26T15:45:00-04:00,2021-07-26,LLY,24h,0,0.0,0.0,0.0,[],[]
2021-07-27T15:45:00-04:00,2021-07-27,LLY,24h,0,0.0,0.0,0.0,[],[]
2021-07-28T15:45:00-04:00,2021-07-28,LLY,24h,0,0.0,0.0,0.0,[],[]
2021-07-29T15:45:00-04:00,2021-07-29,LLY,24h,0,0.0,0.0,0.0,[],[]
2021-07-30T15:45:00-04:00,2021-07-30,LLY,24h,0,0.0,0.0,0.0,[],[]
2021-08-02T15:45:00-04:00,2021-08-02,LLY,24h,0,0.0,0.0,0.0,[],[]
2021-08-03T15:45:00-04:00,2021-08-03,LLY,24h,0,0.0,0.0,0.0,[],[]
2021-08-04T15:45:00-04:00,2021-08-04,LLY,24h,0,0.0,0.0,0.0,[],[]
2021-08-05T15:45:00-04:00,2021-08-05,LLY,24h,0,0.0,0.0,0.0,[],[]
2021-08-06T15:45:00-04:00,2021-08-06,LLY,24h,0,0.0,0.0,0.0,[],[]
2021-08-09T15:45:00-04:00,2021-08-09,LLY,24h,0,0.0,0.0,0.0,[],[]
2021-08-10T15:45:00-04:00,2021-08-10,LLY,24h,0,0.0,0.0,0.0,[],[]
2021-08-11T15:45:00-04:00,2021-08-11,LLY,24h,0,0.0,0.0,0.0,[],[]
2021-08-12T15:45:00-04:00,2021-08-12,LLY,24h,0,0.0,0.0,0.0,[],[]
2021-08-13T15:45:00-04:00,2021-08-13,LLY,24h,0,0.0,0.0,0.0,[],[]
2021-08-16T15:45:00-04:00,2021-08-16,LLY,24h,0,0.0,0.0,0.0,[],[]
2021-08-17T15:45:00-04:00,2021-08-17,LLY,24h,0,0.0,0.0,0.0,[],[]
2021-08-18T15:45:00-04:00,2021-08-18,LLY,24h,0,0.0,0.0,0.0,[],[]
2021-08-19T15:45:00-04:00,2021-08-19,LLY,24h,0,0.0,0.0,0.0,[],[]
2021-08-20T15:45:00-04:00,2021-08-20,LLY,24h,0,0.0,0.0,0.0,[],[]
2021-08-23T15:45:00-04:00,2021-08-23,LLY,24h,0,0.0,0.0,0.0,[],[]
2021-08-24T15:45:00-04:00,2021-08-24,LLY,24h,0,0.0,0.0,0.0,[],[]
2021-08-25T15:45:00-04:00,2021-08-25,LLY,24h,0,0.0,0.0,0.0,[],[]
2021-08-26T15:45:00-04:00,2021-08-26,LLY,24h,0,0.0,0.0,0.0,[],[]
2021-08-27T15:45:00-04:00,2021-08-27,LLY,24h,0,0.0,0.0,0.0,[],[]
2021-08-30T15:45:00-04:00,2021-08-30,LLY,24h,0,0.0,0.0,0.0,[],[]
2021-08-31T15:45:00-04:00,2021-08-31,LLY,24h,0,0.0,0.0,0.0,[],[]
2021-09-01T15:45:00-04:00,2021-09-01,LLY,24h,0,0.0,0.0,0.0,[],[]
2021-09-02T15:45:00-04:00,2021-09-02,LLY,24h,0,0.0,0.0,0.0,[],[]
2021-09-03T15:45:00-04:00,2021-09-03,LLY,24h,0,0.0,0.0,0.0,[],[]
2021-09-06T15:45:00-04:00,2021-09-06,LLY,24h,0,0.0,0.0,0.0,[],[]
2021-09-07T15:45:00-04:00,2021-09-07,LLY,24h,0,0.0,0.0,0.0,[],[]
2021-09-08T15:45:00-04:00,2021-09-08,LLY,24h,0,0.0,0.0,0.0,[],[]
2021-09-09T15:45:00-04:00,2021-09-09,LLY,24h,0,0.0,0.0,0.0,[],[]
2021-09-10T15:45:00-04:00,2021-09-10,LLY,24h,0,0.0,0.0,0.0,[],[]
2021-09-13T15:45:00-04:00,2021-09-13,LLY,24h,0,0.0,0.0,0.0,[],[]
2021-09-14T15:45:00-04:00,2021-09-14,LLY,24h,0,0.0,0.0,0.0,[],[]
2021-09-15T15:45:00-04:00,2021-09-15,LLY,24h,0,0.0,0.0,0.0,[],[]
2021-09-16T15:45:00-04:00,2021-09-16,LLY,24h,0,0.0,0.0,0.0,[],[]
2021-09-17T15:45:00-04:00,2021-09-17,LLY,24h,0,0.0,0.0,0.0,[],[]
2021-09-20T15:45:00-04:00,2021-09-20,LLY,24h,0,0.0,0.0,0.0,[],[]
2021-09-21T15:45:00-04:00,2021-09-21,LLY,24h,0,0.0,0.0,0.0,[],[]
2021-09-22T15:45:00-04:00,2021-09-22,LLY,24h,0,0.0,0.0,0.0,[],[]
2021-09-23T15:45:00-04:00,2021-09-23,LLY,24h,0,0.0,0.0,0.0,[],[]
2021-09-24T15:45:00-04:00,2021-09-24,LLY,24h,0,0.0,0.0,0.0,[],[]
2021-09-27T15:45:00-04:00,2021-09-27,LLY,24h,0,0.0,0.0,0.0,[],[]
2021-09-28T15:45:00-04:00,2021-09-28,LLY,24h,0,0.0,0.0,0.0,[],[]
2021-09-29T15:45:00-04:00,2021-09-29,LLY,24h,0,0.0,0.0,0.0,[],[]
2021-09-30T15:45:00-04:00,2021-09-30,LLY,24h,0,0.0,0.0,0.0,[],[]
2021-10-01T15:45:00-04:00,2021-10-01,LLY,24h,0,0.0,0.0,0.0,[],[]
2021-10-04T15:45:00-04:00,2021-10-04,LLY,24h,0,0.0,0.0,0.0,[],[]
2021-10-05T15:45:00-04:00,2021-10-05,LLY,24h,0,0.0,0.0,0.0,[],[]
2021-10-06T15:45:00-04:00,2021-10-06,LLY,24h,0,0.0,0.0,0.0,[],[]
2021-10-07T15:45:00-04:00,2021-10-07,LLY,24h,0,0.0,0.0,0.0,[],[]
2021-10-08T15:45:00-04:00,2021-10-08,LLY,24h,0,0.0,0.0,0.0,[],[]
2021-10-11T15:45:00-04:00,2021-10-11,LLY,24h,0,0.0,0.0,0.0,[],[]
2021-10-12T15:45:00-04:00,2021-10-12,LLY,24h,0,0.0,0.0,0.0,[],[]
2021-10-13T15:45:00-04:00,2021-10-13,LLY,24h,0,0.0,0.0,0.0,[],[]
2021-10-14T15:45:00-04:00,2021-10-14,LLY,24h,0,0.0,0.0,0.0,[],[]
2021-10-15T15:45:00-04:00,2021-10-15,LLY,24h,0,0.0,0.0,0.0,[],[]
2021-10-18T15:45:00-04:00,2021-10-18,LLY,24h,0,0.0,0.0,0.0,[],[]
2021-10-19T15:45:00-04:00,2021-10-19,LLY,24h,0,0.0,0.0,0.0,[],[]
2021-10-20T15:45:00-04:00,2021-10-20,LLY,24h,0,0.0,0.0,0.0,[],[]
2021-10-21T15:45:00-04:00,2021-10-21,LLY,24h,0,0.0,0.0,0.0,[],[]
2021-10-22T15:45:00-04:00,2021-10-22,LLY,24h,0,0.0,0.0,0.0,[],[]
2021-10-25T15:45:00-04:00,2021-10-25,LLY,24h,0,0.0,0.0,0.0,[],[]
2021-10-26T15:45:00-04:00,2021-10-26,LLY,24h,0,0.0,0.0,0.0,[],[]
2021-10-27T15:45:00-04:00,2021-10-27,LLY,24h,0,0.0,0.0,0.0,[],[]
2021-10-28T15:45:00-04:00,2021-10-28,LLY,24h,0,0.0,0.0,0.0,[],[]
2021-10-29T15:45:00-04:00,2021-10-29,LLY,24h,0,0.0,0.0,0.0,[],[]
2021-11-01T15:45:00-04:00,2021-11-01,LLY,24h,0,0.0,0.0,0.0,[],[]
2021-11-02T15:45:00-04:00,2021-11-02,LLY,24h,0,0.0,0.0,0.0,[],[]
2021-11-03T15:45:00-04:00,2021-11-03,LLY,24h,0,0.0,0.0,0.0,[],[]
2021-11-04T15:45:00-04:00,2021-11-04,LLY,24h,0,0.0,0.0,0.0,[],[]
2021-11-05T15:45:00-04:00,2021-11-05,LLY,24h,0,0.0,0.0,0.0,[],[]
2021-11-08T15:45:00-05:00,2021-11-08,LLY,24h,0,0.0,0.0,0.0,[],[]
2021-11-09T15:45:00-05:00,2021-11-09,LLY,24h,0,0.0,0.0,0.0,[],[]
2021-11-10T15:45:00-05:00,2021-11-10,LLY,24h,0,0.0,0.0,0.0,[],[]
2021-11-11T15:45:00-05:00,2021-11-11,LLY,24h,0,0.0,0.0,0.0,[],[]
2021-11-12T15:45:00-05:00,2021-11-12,LLY,24h,0,0.0,0.0,0.0,[],[]
2021-11-15T15:45:00-05:00,2021-11-15,LLY,24h,0,0.0,0.0,0.0,[],[]
2021-11-16T15:45:00-05:00,2021-11-16,LLY,24h,0,0.0,0.0,0.0,[],[]
2021-11-17T15:45:00-05:00,2021-11-17,LLY,24h,0,0.0,0.0,0.0,[],[]
2021-11-18T15:45:00-05:00,2021-11-18,LLY,24h,0,0.0,0.0,0.0,[],[]
2021-11-19T15:45:00-05:00,2021-11-19,LLY,24h,0,0.0,0.0,0.0,[],[]
2021-11-22T15:45:00-05:00,2021-11-22,LLY,24h,0,0.0,0.0,0.0,[],[]
2021-11-23T15:45:00-05:00,2021-11-23,LLY,24h,0,0.0,0.0,0.0,[],[]
2021-11-24T15:45:00-05:00,2021-11-24,LLY,24h,0,0.0,0.0,0.0,[],[]
2021-11-25T15:45:00-05:00,2021-11-25,LLY,24h,0,0.0,0.0,0.0,[],[]
2021-11-26T15:45:00-05:00,2021-11-26,LLY,24h,0,0.0,0.0,0.0,[],[]
2021-11-29T15:45:00-05:00,2021-11-29,LLY,24h,0,0.0,0.0,0.0,[],[]
2021-11-30T15:45:00-05:00,2021-11-30,LLY,24h,0,0.0,0.0,0.0,[],[]
2021-12-01T15:45:00-05:00,2021-12-01,LLY,24h,0,0.0,0.0,0.0,[],[]
2021-12-02T15:45:00-05:00,2021-12-02,LLY,24h,0,0.0,0.0,0.0,[],[]
2021-12-03T15:45:00-05:00,2021-12-03,LLY,24h,0,0.0,0.0,0.0,[],[]
2021-12-06T15:45:00-05:00,2021-12-06,LLY,24h,0,0.0,0.0,0.0,[],[]
2021-12-07T15:45:00-05:00,2021-12-07,LLY,24h,0,0.0,0.0,0.0,[],[]
2021-12-08T15:45:00-05:00,2021-12-08,LLY,24h,0,0.0,0.0,0.0,[],[]
2021-12-09T15:45:00-05:00,2021-12-09,LLY,24h,0,0.0,0.0,0.0,[],[]
2021-12-10T15:45:00-05:00,2021-12-10,LLY,24h,0,0.0,0.0,0.0,[],[]
2021-12-13T15:45:00-05:00,2021-12-13,LLY,24h,0,0.0,0.0,0.0,[],[]
2021-12-14T15:45:00-05:00,2021-12-14,LLY,24h,0,0.0,0.0,0.0,[],[]
2021-12-15T15:45:00-05:00,2021-12-15,LLY,24h,0,0.0,0.0,0.0,[],[]
2021-12-16T15:45:00-05:00,2021-12-16,LLY,24h,0,0.0,0.0,0.0,[],[]
2021-12-17T15:45:00-05:00,2021-12-17,LLY,24h,1,0.0,0.0,0.0,"[""litigation""]","[""sec_edgar""]"
2021-12-20T15:45:00-05:00,2021-12-20,LLY,24h,0,0.0,0.0,0.0,[],[]
2021-12-21T15:45:00-05:00,2021-12-21,LLY,24h,0,0.0,0.0,0.0,[],[]
2021-12-22T15:45:00-05:00,2021-12-22,LLY,24h,0,0.0,0.0,0.0,[],[]
2021-12-23T15:45:00-05:00,2021-12-23,LLY,24h,0,0.0,0.0,0.0,[],[]
2021-12-24T15:45:00-05:00,2021-12-24,LLY,24h,0,0.0,0.0,0.0,[],[]
2021-12-27T15:45:00-05:00,2021-12-27,LLY,24h,0,0.0,0.0,0.0,[],[]
2021-12-28T15:45:00-05:00,2021-12-28,LLY,24h,0,0.0,0.0,0.0,[],[]
2021-12-29T15:45:00-05:00,2021-12-29,LLY,24h,0,0.0,0.0,0.0,[],[]
2021-12-30T15:45:00-05:00,2021-12-30,LLY,24h,0,0.0,0.0,0.0,[],[]
2021-12-31T15:45:00-05:00,2021-12-31,LLY,24h,0,0.0,0.0,0.0,[],[]
2022-01-03T15:45:00-05:00,2022-01-03,LLY,24h,0,0.0,0.0,0.0,[],[]
2022-01-04T15:45:00-05:00,2022-01-04,LLY,24h,0,0.0,0.0,0.0,[],[]
2022-01-05T15:45:00-05:00,2022-01-05,LLY,24h,0,0.0,0.0,0.0,[],[]
2022-01-06T15:45:00-05:00,2022-01-06,LLY,24h,0,0.0,0.0,0.0,[],[]
2022-01-07T15:45:00-05:00,2022-01-07,LLY,24h,0,0.0,0.0,0.0,[],[]
2022-01-10T15:45:00-05:00,2022-01-10,LLY,24h,0,0.0,0.0,0.0,[],[]
2022-01-11T15:45:00-05:00,2022-01-11,LLY,24h,0,0.0,0.0,0.0,[],[]
2022-01-12T15:45:00-05:00,2022-01-12,LLY,24h,0,0.0,0.0,0.0,[],[]
2022-01-13T15:45:00-05:00,2022-01-13,LLY,24h,0,0.0,0.0,0.0,[],[]
2022-01-14T15:45:00-05:00,2022-01-14,LLY,24h,0,0.0,0.0,0.0,[],[]
2022-01-17T15:45:00-05:00,2022-01-17,LLY,24h,0,0.0,0.0,0.0,[],[]
2022-01-18T15:45:00-05:00,2022-01-18,LLY,24h,0,0.0,0.0,0.0,[],[]
2022-01-19T15:45:00-05:00,2022-01-19,LLY,24h,0,0.0,0.0,0.0,[],[]
2022-01-20T15:45:00-05:00,2022-01-20,LLY,24h,0,0.0,0.0,0.0,[],[]
2022-01-21T15:45:00-05:00,2022-01-21,LLY,24h,0,0.0,0.0,0.0,[],[]
2022-01-24T15:45:00-05:00,2022-01-24,LLY,24h,0,0.0,0.0,0.0,[],[]
2022-01-25T15:45:00-05:00,2022-01-25,LLY,24h,0,0.0,0.0,0.0,[],[]
2022-01-26T15:45:00-05:00,2022-01-26,LLY,24h,0,0.0,0.0,0.0,[],[]
2022-01-27T15:45:00-05:00,2022-01-27,LLY,24h,0,0.0,0.0,0.0,[],[]
2022-01-28T15:45:00-05:00,2022-01-28,LLY,24h,0,0.0,0.0,0.0,[],[]
2022-01-31T15:45:00-05:00,2022-01-31,LLY,24h,0,0.0,0.0,0.0,[],[]
2022-02-01T15:45:00-05:00,2022-02-01,LLY,24h,0,0.0,0.0,0.0,[],[]
2022-02-02T15:45:00-05:00,2022-02-02,LLY,24h,0,0.0,0.0,0.0,[],[]
2022-02-03T15:45:00-05:00,2022-02-03,LLY,24h,0,0.0,0.0,0.0,[],[]
2022-02-04T15:45:00-05:00,2022-02-04,LLY,24h,0,0.0,0.0,0.0,[],[]
2022-02-07T15:45:00-05:00,2022-02-07,LLY,24h,0,0.0,0.0,0.0,[],[]
2022-02-08T15:45:00-05:00,2022-02-08,LLY,24h,0,0.0,0.0,0.0,[],[]
2022-02-09T15:45:00-05:00,2022-02-09,LLY,24h,0,0.0,0.0,0.0,[],[]
2022-02-10T15:45:00-05:00,2022-02-10,LLY,24h,0,0.0,0.0,0.0,[],[]
2022-02-11T15:45:00-05:00,2022-02-11,LLY,24h,0,0.0,0.0,0.0,[],[]
2022-02-14T15:45:00-05:00,2022-02-14,LLY,24h,0,0.0,0.0,0.0,[],[]
2022-02-15T15:45:00-05:00,2022-02-15,LLY,24h,0,0.0,0.0,0.0,[],[]
2022-02-16T15:45:00-05:00,2022-02-16,LLY,24h,0,0.0,0.0,0.0,[],[]
2022-02-17T15:45:00-05:00,2022-02-17,LLY,24h,0,0.0,0.0,0.0,[],[]
2022-02-18T15:45:00-05:00,2022-02-18,LLY,24h,0,0.0,0.0,0.0,[],[]
2022-02-21T15:45:00-05:00,2022-02-21,LLY,24h,0,0.0,0.0,0.0,[],[]
2022-02-22T15:45:00-05:00,2022-02-22,LLY,24h,0,0.0,0.0,0.0,[],[]
2022-02-23T15:45:00-05:00,2022-02-23,LLY,24h,0,0.0,0.0,0.0,[],[]
2022-02-24T15:45:00-05:00,2022-02-24,LLY,24h,0,0.0,0.0,0.0,[],[]
2022-02-25T15:45:00-05:00,2022-02-25,LLY,24h,0,0.0,0.0,0.0,[],[]
2022-02-28T15:45:00-05:00,2022-02-28,LLY,24h,0,0.0,0.0,0.0,[],[]
2022-03-01T15:45:00-05:00,2022-03-01,LLY,24h,0,0.0,0.0,0.0,[],[]
2022-03-02T15:45:00-05:00,2022-03-02,LLY,24h,0,0.0,0.0,0.0,[],[]
2022-03-03T15:45:00-05:00,2022-03-03,LLY,24h,0,0.0,0.0,0.0,[],[]
2022-03-04T15:45:00-05:00,2022-03-04,LLY,24h,0,0.0,0.0,0.0,[],[]
2022-03-07T15:45:00-05:00,2022-03-07,LLY,24h,0,0.0,0.0,0.0,[],[]
2022-03-08T15:45:00-05:00,2022-03-08,LLY,24h,0,0.0,0.0,0.0,[],[]
2022-03-09T15:45:00-05:00,2022-03-09,LLY,24h,0,0.0,0.0,0.0,[],[]
2022-03-10T15:45:00-05:00,2022-03-10,LLY,24h,0,0.0,0.0,0.0,[],[]
2022-03-11T15:45:00-05:00,2022-03-11,LLY,24h,0,0.0,0.0,0.0,[],[]
2022-03-14T15:45:00-04:00,2022-03-14,LLY,24h,0,0.0,0.0,0.0,[],[]
2022-03-15T15:45:00-04:00,2022-03-15,LLY,24h,0,0.0,0.0,0.0,[],[]
2022-03-16T15:45:00-04:00,2022-03-16,LLY,24h,0,0.0,0.0,0.0,[],[]
2022-03-17T15:45:00-04:00,2022-03-17,LLY,24h,0,0.0,0.0,0.0,[],[]
2022-03-18T15:45:00-04:00,2022-03-18,LLY,24h,0,0.0,0.0,0.0,[],[]
2022-03-21T15:45:00-04:00,2022-03-21,LLY,24h,0,0.0,0.0,0.0,[],[]
2022-03-22T15:45:00-04:00,2022-03-22,LLY,24h,0,0.0,0.0,0.0,[],[]
2022-03-23T15:45:00-04:00,2022-03-23,LLY,24h,0,0.0,0.0,0.0,[],[]
2022-03-24T15:45:00-04:00,2022-03-24,LLY,24h,0,0.0,0.0,0.0,[],[]
2022-03-25T15:45:00-04:00,2022-03-25,LLY,24h,0,0.0,0.0,0.0,[],[]
2022-03-28T15:45:00-04:00,2022-03-28,LLY,24h,0,0.0,0.0,0.0,[],[]
2022-03-29T15:45:00-04:00,2022-03-29,LLY,24h,0,0.0,0.0,0.0,[],[]
2022-03-30T15:45:00-04:00,2022-03-30,LLY,24h,0,0.0,0.0,0.0,[],[]
2022-03-31T15:45:00-04:00,2022-03-31,LLY,24h,0,0.0,0.0,0.0,[],[]
2022-04-01T15:45:00-04:00,2022-04-01,LLY,24h,0,0.0,0.0,0.0,[],[]
2022-04-04T15:45:00-04:00,2022-04-04,LLY,24h,0,0.0,0.0,0.0,[],[]
2022-04-05T15:45:00-04:00,2022-04-05,LLY,24h,0,0.0,0.0,0.0,[],[]
2022-04-06T15:45:00-04:00,2022-04-06,LLY,24h,0,0.0,0.0,0.0,[],[]
2022-04-07T15:45:00-04:00,2022-04-07,LLY,24h,0,0.0,0.0,0.0,[],[]
2022-04-08T15:45:00-04:00,2022-04-08,LLY,24h,0,0.0,0.0,0.0,[],[]
2022-04-11T15:45:00-04:00,2022-04-11,LLY,24h,0,0.0,0.0,0.0,[],[]
2022-04-12T15:45:00-04:00,2022-04-12,LLY,24h,0,0.0,0.0,0.0,[],[]
2022-04-13T15:45:00-04:00,2022-04-13,LLY,24h,0,0.0,0.0,0.0,[],[]
2022-04-14T15:45:00-04:00,2022-04-14,LLY,24h,0,0.0,0.0,0.0,[],[]
2022-04-15T15:45:00-04:00,2022-04-15,LLY,24h,0,0.0,0.0,0.0,[],[]
2022-04-18T15:45:00-04:00,2022-04-18,LLY,24h,0,0.0,0.0,0.0,[],[]
2022-04-19T15:45:00-04:00,2022-04-19,LLY,24h,0,0.0,0.0,0.0,[],[]
2022-04-20T15:45:00-04:00,2022-04-20,LLY,24h,0,0.0,0.0,0.0,[],[]
2022-04-21T15:45:00-04:00,2022-04-21,LLY,24h,0,0.0,0.0,0.0,[],[]
2022-04-22T15:45:00-04:00,2022-04-22,LLY,24h,0,0.0,0.0,0.0,[],[]
2022-04-25T15:45:00-04:00,2022-04-25,LLY,24h,0,0.0,0.0,0.0,[],[]
2022-04-26T15:45:00-04:00,2022-04-26,LLY,24h,0,0.0,0.0,0.0,[],[]
2022-04-27T15:45:00-04:00,2022-04-27,LLY,24h,0,0.0,0.0,0.0,[],[]
2022-04-28T15:45:00-04:00,2022-04-28,LLY,24h,0,0.0,0.0,0.0,[],[]
2022-04-29T15:45:00-04:00,2022-04-29,LLY,24h,0,0.0,0.0,0.0,[],[]
2022-05-02T15:45:00-04:00,2022-05-02,LLY,24h,0,0.0,0.0,0.0,[],[]
2022-05-03T15:45:00-04:00,2022-05-03,LLY,24h,0,0.0,0.0,0.0,[],[]
2022-05-04T15:45:00-04:00,2022-05-04,LLY,24h,0,0.0,0.0,0.0,[],[]
2022-05-05T15:45:00-04:00,2022-05-05,LLY,24h,1,0.0,0.0,0.0,"[""litigation""]","[""sec_edgar""]"
2022-05-06T15:45:00-04:00,2022-05-06,LLY,24h,0,0.0,0.0,0.0,[],[]
2022-05-09T15:45:00-04:00,2022-05-09,LLY,24h,0,0.0,0.0,0.0,[],[]
2022-05-10T15:45:00-04:00,2022-05-10,LLY,24h,0,0.0,0.0,0.0,[],[]
2022-05-11T15:45:00-04:00,2022-05-11,LLY,24h,0,0.0,0.0,0.0,[],[]
2022-05-12T15:45:00-04:00,2022-05-12,LLY,24h,0,0.0,0.0,0.0,[],[]
2022-05-13T15:45:00-04:00,2022-05-13,LLY,24h,0,0.0,0.0,0.0,[],[]
2022-05-16T15:45:00-04:00,2022-05-16,LLY,24h,0,0.0,0.0,0.0,[],[]
2022-05-17T15:45:00-04:00,2022-05-17,LLY,24h,0,0.0,0.0,0.0,[],[]
2022-05-18T15:45:00-04:00,2022-05-18,LLY,24h,0,0.0,0.0,0.0,[],[]
2022-05-19T15:45:00-04:00,2022-05-19,LLY,24h,0,0.0,0.0,0.0,[],[]
2022-05-20T15:45:00-04:00,2022-05-20,LLY,24h,0,0.0,0.0,0.0,[],[]
2022-05-23T15:45:00-04:00,2022-05-23,LLY,24h,0,0.0,0.0,0.0,[],[]
2022-05-24T15:45:00-04:00,2022-05-24,LLY,24h,0,0.0,0.0,0.0,[],[]
2022-05-25T15:45:00-04:00,2022-05-25,LLY,24h,0,0.0,0.0,0.0,[],[]
2022-05-26T15:45:00-04:00,2022-05-26,LLY,24h,0,0.0,0.0,0.0,[],[]
2022-05-27T15:45:00-04:00,2022-05-27,LLY,24h,0,0.0,0.0,0.0,[],[]
2022-05-30T15:45:00-04:00,2022-05-30,LLY,24h,0,0.0,0.0,0.0,[],[]
2022-05-31T15:45:00-04:00,2022-05-31,LLY,24h,0,0.0,0.0,0.0,[],[]
2022-06-01T15:45:00-04:00,2022-06-01,LLY,24h,0,0.0,0.0,0.0,[],[]
2022-06-02T15:45:00-04:00,2022-06-02,LLY,24h,0,0.0,0.0,0.0,[],[]
2022-06-03T15:45:00-04:00,2022-06-03,LLY,24h,0,0.0,0.0,0.0,[],[]
2022-06-06T15:45:00-04:00,2022-06-06,LLY,24h,0,0.0,0.0,0.0,[],[]
2022-06-07T15:45:00-04:00,2022-06-07,LLY,24h,0,0.0,0.0,0.0,[],[]
2022-06-08T15:45:00-04:00,2022-06-08,LLY,24h,0,0.0,0.0,0.0,[],[]
2022-06-09T15:45:00-04:00,2022-06-09,LLY,24h,0,0.0,0.0,0.0,[],[]
2022-06-10T15:45:00-04:00,2022-06-10,LLY,24h,0,0.0,0.0,0.0,[],[]
2022-06-13T15:45:00-04:00,2022-06-13,LLY,24h,0,0.0,0.0,0.0,[],[]
2022-06-14T15:45:00-04:00,2022-06-14,LLY,24h,0,0.0,0.0,0.0,[],[]
2022-06-15T15:45:00-04:00,2022-06-15,LLY,24h,0,0.0,0.0,0.0,[],[]
2022-06-16T15:45:00-04:00,2022-06-16,LLY,24h,0,0.0,0.0,0.0,[],[]
2022-06-17T15:45:00-04:00,2022-06-17,LLY,24h,0,0.0,0.0,0.0,[],[]
2022-06-20T15:45:00-04:00,2022-06-20,LLY,24h,0,0.0,0.0,0.0,[],[]
2022-06-21T15:45:00-04:00,2022-06-21,LLY,24h,0,0.0,0.0,0.0,[],[]
2022-06-22T15:45:00-04:00,2022-06-22,LLY,24h,0,0.0,0.0,0.0,[],[]
2022-06-23T15:45:00-04:00,2022-06-23,LLY,24h,0,0.0,0.0,0.0,[],[]
2022-06-24T15:45:00-04:00,2022-06-24,LLY,24h,0,0.0,0.0,0.0,[],[]
2022-06-27T15:45:00-04:00,2022-06-27,LLY,24h,0,0.0,0.0,0.0,[],[]
2022-06-28T15:45:00-04:00,2022-06-28,LLY,24h,0,0.0,0.0,0.0,[],[]
2022-06-29T15:45:00-04:00,2022-06-29,LLY,24h,0,0.0,0.0,0.0,[],[]
2022-06-30T15:45:00-04:00,2022-06-30,LLY,24h,0,0.0,0.0,0.0,[],[]
2022-07-01T15:45:00-04:00,2022-07-01,LLY,24h,0,0.0,0.0,0.0,[],[]
2022-07-04T15:45:00-04:00,2022-07-04,LLY,24h,0,0.0,0.0,0.0,[],[]
2022-07-05T15:45:00-04:00,2022-07-05,LLY,24h,0,0.0,0.0,0.0,[],[]
2022-07-06T15:45:00-04:00,2022-07-06,LLY,24h,0,0.0,0.0,0.0,[],[]
2022-07-07T15:45:00-04:00,2022-07-07,LLY,24h,0,0.0,0.0,0.0,[],[]
2022-07-08T15:45:00-04:00,2022-07-08,LLY,24h,0,0.0,0.0,0.0,[],[]
2022-07-11T15:45:00-04:00,2022-07-11,LLY,24h,0,0.0,0.0,0.0,[],[]
2022-07-12T15:45:00-04:00,2022-07-12,LLY,24h,0,0.0,0.0,0.0,[],[]
2022-07-13T15:45:00-04:00,2022-07-13,LLY,24h,0,0.0,0.0,0.0,[],[]
2022-07-14T15:45:00-04:00,2022-07-14,LLY,24h,0,0.0,0.0,0.0,[],[]
2022-07-15T15:45:00-04:00,2022-07-15,LLY,24h,0,0.0,0.0,0.0,[],[]
2022-07-18T15:45:00-04:00,2022-07-18,LLY,24h,0,0.0,0.0,0.0,[],[]
2022-07-19T15:45:00-04:00,2022-07-19,LLY,24h,0,0.0,0.0,0.0,[],[]
2022-07-20T15:45:00-04:00,2022-07-20,LLY,24h,0,0.0,0.0,0.0,[],[]
2022-07-21T15:45:00-04:00,2022-07-21,LLY,24h,0,0.0,0.0,0.0,[],[]
2022-07-22T15:45:00-04:00,2022-07-22,LLY,24h,0,0.0,0.0,0.0,[],[]
2022-07-25T15:45:00-04:00,2022-07-25,LLY,24h,0,0.0,0.0,0.0,[],[]
2022-07-26T15:45:00-04:00,2022-07-26,LLY,24h,0,0.0,0.0,0.0,[],[]
2022-07-27T15:45:00-04:00,2022-07-27,LLY,24h,0,0.0,0.0,0.0,[],[]
2022-07-28T15:45:00-04:00,2022-07-28,LLY,24h,0,0.0,0.0,0.0,[],[]
2022-07-29T15:45:00-04:00,2022-07-29,LLY,24h,0,0.0,0.0,0.0,[],[]
2022-08-01T15:45:00-04:00,2022-08-01,LLY,24h,0,0.0,0.0,0.0,[],[]
2022-08-02T15:45:00-04:00,2022-08-02,LLY,24h,0,0.0,0.0,0.0,[],[]
2022-08-03T15:45:00-04:00,2022-08-03,LLY,24h,0,0.0,0.0,0.0,[],[]
2022-08-04T15:45:00-04:00,2022-08-04,LLY,24h,0,0.0,0.0,0.0,[],[]
2022-08-05T15:45:00-04:00,2022-08-05,LLY,24h,0,0.0,0.0,0.0,[],[]
2022-08-08T15:45:00-04:00,2022-08-08,LLY,24h,0,0.0,0.0,0.0,[],[]
2022-08-09T15:45:00-04:00,2022-08-09,LLY,24h,0,0.0,0.0,0.0,[],[]
2022-08-10T15:45:00-04:00,2022-08-10,LLY,24h,0,0.0,0.0,0.0,[],[]
2022-08-11T15:45:00-04:00,2022-08-11,LLY,24h,0,0.0,0.0,0.0,[],[]
2022-08-12T15:45:00-04:00,2022-08-12,LLY,24h,0,0.0,0.0,0.0,[],[]
2022-08-15T15:45:00-04:00,2022-08-15,LLY,24h,0,0.0,0.0,0.0,[],[]
2022-08-16T15:45:00-04:00,2022-08-16,LLY,24h,0,0.0,0.0,0.0,[],[]
2022-08-17T15:45:00-04:00,2022-08-17,LLY,24h,0,0.0,0.0,0.0,[],[]
2022-08-18T15:45:00-04:00,2022-08-18,LLY,24h,0,0.0,0.0,0.0,[],[]
2022-08-19T15:45:00-04:00,2022-08-19,LLY,24h,0,0.0,0.0,0.0,[],[]
2022-08-22T15:45:00-04:00,2022-08-22,LLY,24h,0,0.0,0.0,0.0,[],[]
2022-08-23T15:45:00-04:00,2022-08-23,LLY,24h,0,0.0,0.0,0.0,[],[]
2022-08-24T15:45:00-04:00,2022-08-24,LLY,24h,0,0.0,0.0,0.0,[],[]
2022-08-25T15:45:00-04:00,2022-08-25,LLY,24h,0,0.0,0.0,0.0,[],[]
2022-08-26T15:45:00-04:00,2022-08-26,LLY,24h,0,0.0,0.0,0.0,[],[]
2022-08-29T15:45:00-04:00,2022-08-29,LLY,24h,0,0.0,0.0,0.0,[],[]
2022-08-30T15:45:00-04:00,2022-08-30,LLY,24h,0,0.0,0.0,0.0,[],[]
2022-08-31T15:45:00-04:00,2022-08-31,LLY,24h,0,0.0,0.0,0.0,[],[]
2022-09-01T15:45:00-04:00,2022-09-01,LLY,24h,0,0.0,0.0,0.0,[],[]
2022-09-02T15:45:00-04:00,2022-09-02,LLY,24h,0,0.0,0.0,0.0,[],[]
2022-09-05T15:45:00-04:00,2022-09-05,LLY,24h,0,0.0,0.0,0.0,[],[]
2022-09-06T15:45:00-04:00,2022-09-06,LLY,24h,0,0.0,0.0,0.0,[],[]
2022-09-07T15:45:00-04:00,2022-09-07,LLY,24h,0,0.0,0.0,0.0,[],[]
2022-09-08T15:45:00-04:00,2022-09-08,LLY,24h,0,0.0,0.0,0.0,[],[]
2022-09-09T15:45:00-04:00,2022-09-09,LLY,24h,0,0.0,0.0,0.0,[],[]
2022-09-12T15:45:00-04:00,2022-09-12,LLY,24h,0,0.0,0.0,0.0,[],[]
2022-09-13T15:45:00-04:00,2022-09-13,LLY,24h,0,0.0,0.0,0.0,[],[]
2022-09-14T15:45:00-04:00,2022-09-14,LLY,24h,0,0.0,0.0,0.0,[],[]
2022-09-15T15:45:00-04:00,2022-09-15,LLY,24h,0,0.0,0.0,0.0,[],[]
2022-09-16T15:45:00-04:00,2022-09-16,LLY,24h,0,0.0,0.0,0.0,[],[]
2022-09-19T15:45:00-04:00,2022-09-19,LLY,24h,0,0.0,0.0,0.0,[],[]
2022-09-20T15:45:00-04:00,2022-09-20,LLY,24h,0,0.0,0.0,0.0,[],[]
2022-09-21T15:45:00-04:00,2022-09-21,LLY,24h,0,0.0,0.0,0.0,[],[]
2022-09-22T15:45:00-04:00,2022-09-22,LLY,24h,0,0.0,0.0,0.0,[],[]
2022-09-23T15:45:00-04:00,2022-09-23,LLY,24h,0,0.0,0.0,0.0,[],[]
2022-09-26T15:45:00-04:00,2022-09-26,LLY,24h,0,0.0,0.0,0.0,[],[]
2022-09-27T15:45:00-04:00,2022-09-27,LLY,24h,0,0.0,0.0,0.0,[],[]
2022-09-28T15:45:00-04:00,2022-09-28,LLY,24h,0,0.0,0.0,0.0,[],[]
2022-09-29T15:45:00-04:00,2022-09-29,LLY,24h,0,0.0,0.0,0.0,[],[]
2022-09-30T15:45:00-04:00,2022-09-30,LLY,24h,0,0.0,0.0,0.0,[],[]
2022-10-03T15:45:00-04:00,2022-10-03,LLY,24h,0,0.0,0.0,0.0,[],[]
2022-10-04T15:45:00-04:00,2022-10-04,LLY,24h,0,0.0,0.0,0.0,[],[]
2022-10-05T15:45:00-04:00,2022-10-05,LLY,24h,0,0.0,0.0,0.0,[],[]
2022-10-06T15:45:00-04:00,2022-10-06,LLY,24h,0,0.0,0.0,0.0,[],[]
2022-10-07T15:45:00-04:00,2022-10-07,LLY,24h,0,0.0,0.0,0.0,[],[]
2022-10-10T15:45:00-04:00,2022-10-10,LLY,24h,0,0.0,0.0,0.0,[],[]
2022-10-11T15:45:00-04:00,2022-10-11,LLY,24h,0,0.0,0.0,0.0,[],[]
2022-10-12T15:45:00-04:00,2022-10-12,LLY,24h,0,0.0,0.0,0.0,[],[]
2022-10-13T15:45:00-04:00,2022-10-13,LLY,24h,1,0.0,0.0,0.0,"[""litigation""]","[""sec_edgar""]"
2022-10-14T15:45:00-04:00,2022-10-14,LLY,24h,0,0.0,0.0,0.0,[],[]
2022-10-17T15:45:00-04:00,2022-10-17,LLY,24h,0,0.0,0.0,0.0,[],[]
2022-10-18T15:45:00-04:00,2022-10-18,LLY,24h,0,0.0,0.0,0.0,[],[]
2022-10-19T15:45:00-04:00,2022-10-19,LLY,24h,0,0.0,0.0,0.0,[],[]
2022-10-20T15:45:00-04:00,2022-10-20,LLY,24h,0,0.0,0.0,0.0,[],[]
2022-10-21T15:45:00-04:00,2022-10-21,LLY,24h,0,0.0,0.0,0.0,[],[]
2022-10-24T15:45:00-04:00,2022-10-24,LLY,24h,0,0.0,0.0,0.0,[],[]
2022-10-25T15:45:00-04:00,2022-10-25,LLY,24h,0,0.0,0.0,0.0,[],[]
2022-10-26T15:45:00-04:00,2022-10-26,LLY,24h,0,0.0,0.0,0.0,[],[]
2022-10-27T15:45:00-04:00,2022-10-27,LLY,24h,0,0.0,0.0,0.0,[],[]
2022-10-28T15:45:00-04:00,2022-10-28,LLY,24h,0,0.0,0.0,0.0,[],[]
2022-10-31T15:45:00-04:00,2022-10-31,LLY,24h,0,0.0,0.0,0.0,[],[]
2022-11-01T15:45:00-04:00,2022-11-01,LLY,24h,1,0.0,0.0,0.0,"[""earnings"", ""litigation""]","[""sec_edgar""]"
2022-11-02T15:45:00-04:00,2022-11-02,LLY,24h,0,0.0,0.0,0.0,[],[]
2022-11-03T15:45:00-04:00,2022-11-03,LLY,24h,0,0.0,0.0,0.0,[],[]
2022-11-04T15:45:00-04:00,2022-11-04,LLY,24h,0,0.0,0.0,0.0,[],[]
2022-11-07T15:45:00-05:00,2022-11-07,LLY,24h,0,0.0,0.0,0.0,[],[]
2022-11-08T15:45:00-05:00,2022-11-08,LLY,24h,0,0.0,0.0,0.0,[],[]
2022-11-09T15:45:00-05:00,2022-11-09,LLY,24h,0,0.0,0.0,0.0,[],[]
2022-11-10T15:45:00-05:00,2022-11-10,LLY,24h,0,0.0,0.0,0.0,[],[]
2022-11-11T15:45:00-05:00,2022-11-11,LLY,24h,0,0.0,0.0,0.0,[],[]
2022-11-14T15:45:00-05:00,2022-11-14,LLY,24h,0,0.0,0.0,0.0,[],[]
2022-11-15T15:45:00-05:00,2022-11-15,LLY,24h,0,0.0,0.0,0.0,[],[]
2022-11-16T15:45:00-05:00,2022-11-16,LLY,24h,0,0.0,0.0,0.0,[],[]
2022-11-17T15:45:00-05:00,2022-11-17,LLY,24h,0,0.0,0.0,0.0,[],[]
2022-11-18T15:45:00-05:00,2022-11-18,LLY,24h,0,0.0,0.0,0.0,[],[]
2022-11-21T15:45:00-05:00,2022-11-21,LLY,24h,0,0.0,0.0,0.0,[],[]
2022-11-22T15:45:00-05:00,2022-11-22,LLY,24h,0,0.0,0.0,0.0,[],[]
2022-11-23T15:45:00-05:00,2022-11-23,LLY,24h,0,0.0,0.0,0.0,[],[]
2022-11-24T15:45:00-05:00,2022-11-24,LLY,24h,0,0.0,0.0,0.0,[],[]
2022-11-25T15:45:00-05:00,2022-11-25,LLY,24h,0,0.0,0.0,0.0,[],[]
2022-11-28T15:45:00-05:00,2022-11-28,LLY,24h,0,0.0,0.0,0.0,[],[]
2022-11-29T15:45:00-05:00,2022-11-29,LLY,24h,0,0.0,0.0,0.0,[],[]
2022-11-30T15:45:00-05:00,2022-11-30,LLY,24h,0,0.0,0.0,0.0,[],[]
2022-12-01T15:45:00-05:00,2022-12-01,LLY,24h,0,0.0,0.0,0.0,[],[]
2022-12-02T15:45:00-05:00,2022-12-02,LLY,24h,0,0.0,0.0,0.0,[],[]
2022-12-05T15:45:00-05:00,2022-12-05,LLY,24h,0,0.0,0.0,0.0,[],[]
2022-12-06T15:45:00-05:00,2022-12-06,LLY,24h,0,0.0,0.0,0.0,[],[]
2022-12-07T15:45:00-05:00,2022-12-07,LLY,24h,0,0.0,0.0,0.0,[],[]
2022-12-08T15:45:00-05:00,2022-12-08,LLY,24h,0,0.0,0.0,0.0,[],[]
2022-12-09T15:45:00-05:00,2022-12-09,LLY,24h,0,0.0,0.0,0.0,[],[]
2022-12-12T15:45:00-05:00,2022-12-12,LLY,24h,0,0.0,0.0,0.0,[],[]
2022-12-13T15:45:00-05:00,2022-12-13,LLY,24h,1,0.0,0.0,0.0,"[""earnings"", ""litigation""]","[""sec_edgar""]"
2022-12-14T15:45:00-05:00,2022-12-14,LLY,24h,0,0.0,0.0,0.0,[],[]
2022-12-15T15:45:00-05:00,2022-12-15,LLY,24h,0,0.0,0.0,0.0,[],[]
2022-12-16T15:45:00-05:00,2022-12-16,LLY,24h,0,0.0,0.0,0.0,[],[]
2022-12-19T15:45:00-05:00,2022-12-19,LLY,24h,0,0.0,0.0,0.0,[],[]
2022-12-20T15:45:00-05:00,2022-12-20,LLY,24h,0,0.0,0.0,0.0,[],[]
2022-12-21T15:45:00-05:00,2022-12-21,LLY,24h,0,0.0,0.0,0.0,[],[]
2022-12-22T15:45:00-05:00,2022-12-22,LLY,24h,0,0.0,0.0,0.0,[],[]
2022-12-23T15:45:00-05:00,2022-12-23,LLY,24h,0,0.0,0.0,0.0,[],[]
2022-12-26T15:45:00-05:00,2022-12-26,LLY,24h,0,0.0,0.0,0.0,[],[]
2022-12-27T15:45:00-05:00,2022-12-27,LLY,24h,0,0.0,0.0,0.0,[],[]
2022-12-28T15:45:00-05:00,2022-12-28,LLY,24h,0,0.0,0.0,0.0,[],[]
2022-12-29T15:45:00-05:00,2022-12-29,LLY,24h,0,0.0,0.0,0.0,[],[]
2022-12-30T15:45:00-05:00,2022-12-30,LLY,24h,0,0.0,0.0,0.0,[],[]
2020-01-01T15:45:00-05:00,2020-01-01,XOM,24h,1,0.0,0.0,0.0,[],"[""benzinga""]"
2020-01-02T15:45:00-05:00,2020-01-02,XOM,24h,0,0.0,0.0,0.0,[],[]
2020-01-03T15:45:00-05:00,2020-01-03,XOM,24h,0,0.0,0.0,0.0,[],[]
2020-01-06T15:45:00-05:00,2020-01-06,XOM,24h,0,0.0,0.0,0.0,[],[]
2020-01-07T15:45:00-05:00,2020-01-07,XOM,24h,0,0.0,0.0,0.0,[],[]
2020-01-08T15:45:00-05:00,2020-01-08,XOM,24h,0,0.0,0.0,0.0,[],[]
2020-01-09T15:45:00-05:00,2020-01-09,XOM,24h,1,0.0,0.0,0.0,"[""guidance""]","[""reuters""]"
2020-01-10T15:45:00-05:00,2020-01-10,XOM,24h,0,0.0,0.0,0.0,[],[]
2020-01-13T15:45:00-05:00,2020-01-13,XOM,24h,1,-0.9567,-0.9567,1.0,[],"[""benzinga""]"
2020-01-14T15:45:00-05:00,2020-01-14,XOM,24h,0,0.0,0.0,0.0,[],[]
2020-01-15T15:45:00-05:00,2020-01-15,XOM,24h,0,0.0,0.0,0.0,[],[]
2020-01-16T15:45:00-05:00,2020-01-16,XOM,24h,0,0.0,0.0,0.0,[],[]
2020-01-17T15:45:00-05:00,2020-01-17,XOM,24h,1,0.9489,0.9489,0.0,[],"[""businesswire""]"
2020-01-20T15:45:00-05:00,2020-01-20,XOM,24h,0,0.0,0.0,0.0,[],[]
2020-01-21T15:45:00-05:00,2020-01-21,XOM,24h,1,-0.9605,-0.9605,1.0,[],"[""reuters""]"
2020-01-22T15:45:00-05:00,2020-01-22,XOM,24h,0,0.0,0.0,0.0,[],[]
2020-01-23T15:45:00-05:00,2020-01-23,XOM,24h,0,0.0,0.0,0.0,[],[]
2020-01-24T15:45:00-05:00,2020-01-24,XOM,24h,0,0.0,0.0,0.0,[],[]
2020-01-27T15:45:00-05:00,2020-01-27,XOM,24h,0,0.0,0.0,0.0,[],[]
2020-01-28T15:45:00-05:00,2020-01-28,XOM,24h,0,0.0,0.0,0.0,[],[]
2020-01-29T15:45:00-05:00,2020-01-29,XOM,24h,0,0.0,0.0,0.0,[],[]
2020-01-30T15:45:00-05:00,2020-01-30,XOM,24h,0,0.0,0.0,0.0,[],[]
2020-01-31T15:45:00-05:00,2020-01-31,XOM,24h,0,0.0,0.0,0.0,[],[]
2020-02-03T15:45:00-05:00,2020-02-03,XOM,24h,0,0.0,0.0,0.0,[],[]
2020-02-04T15:45:00-05:00,2020-02-04,XOM,24h,0,0.0,0.0,0.0,[],[]
2020-02-05T15:45:00-05:00,2020-02-05,XOM,24h,0,0.0,0.0,0.0,[],[]
2020-02-06T15:45:00-05:00,2020-02-06,XOM,24h,0,0.0,0.0,0.0,[],[]
2020-02-07T15:45:00-05:00,2020-02-07,XOM,24h,0,0.0,0.0,0.0,[],[]
2020-02-10T15:45:00-05:00,2020-02-10,XOM,24h,0,0.0,0.0,0.0,[],[]
2020-02-11T15:45:00-05:00,2020-02-11,XOM,24h,0,0.0,0.0,0.0,[],[]
2020-02-12T15:45:00-05:00,2020-02-12,XOM,24h,0,0.0,0.0,0.0,[],[]
2020-02-13T15:45:00-05:00,2020-02-13,XOM,24h,0,0.0,0.0,0.0,[],[]
2020-02-14T15:45:00-05:00,2020-02-14,XOM,24h,0,0.0,0.0,0.0,[],[]
2020-02-17T15:45:00-05:00,2020-02-17,XOM,24h,0,0.0,0.0,0.0,[],[]
2020-02-18T15:45:00-05:00,2020-02-18,XOM,24h,0,0.0,0.0,0.0,[],[]
2020-02-19T15:45:00-05:00,2020-02-19,XOM,24h,0,0.0,0.0,0.0,[],[]
2020-02-20T15:45:00-05:00,2020-02-20,XOM,24h,0,0.0,0.0,0.0,[],[]
2020-02-21T15:45:00-05:00,2020-02-21,XOM,24h,0,0.0,0.0,0.0,[],[]
2020-02-24T15:45:00-05:00,2020-02-24,XOM,24h,0,0.0,0.0,0.0,[],[]
2020-02-25T15:45:00-05:00,2020-02-25,XOM,24h,0,0.0,0.0,0.0,[],[]
2020-02-26T15:45:00-05:00,2020-02-26,XOM,24h,0,0.0,0.0,0.0,[],[]
2020-02-27T15:45:00-05:00,2020-02-27,XOM,24h,0,0.0,0.0,0.0,[],[]
2020-02-28T15:45:00-05:00,2020-02-28,XOM,24h,0,0.0,0.0,0.0,[],[]
2020-03-02T15:45:00-05:00,2020-03-02,XOM,24h,0,0.0,0.0,0.0,[],[]
2020-03-03T15:45:00-05:00,2020-03-03,XOM,24h,1,0.0,0.0,0.0,"[""litigation""]","[""sec_edgar""]"
2020-03-04T15:45:00-05:00,2020-03-04,XOM,24h,0,0.0,0.0,0.0,[],[]
2020-03-05T15:45:00-05:00,2020-03-05,XOM,24h,0,0.0,0.0,0.0,[],[]
2020-03-06T15:45:00-05:00,2020-03-06,XOM,24h,0,0.0,0.0,0.0,[],[]
2020-03-09T15:45:00-04:00,2020-03-09,XOM,24h,0,0.0,0.0,0.0,[],[]
2020-03-10T15:45:00-04:00,2020-03-10,XOM,24h,0,0.0,0.0,0.0,[],[]
2020-03-11T15:45:00-04:00,2020-03-11,XOM,24h,0,0.0,0.0,0.0,[],[]
2020-03-12T15:45:00-04:00,2020-03-12,XOM,24h,0,0.0,0.0,0.0,[],[]
2020-03-13T15:45:00-04:00,2020-03-13,XOM,24h,0,0.0,0.0,0.0,[],[]
2020-03-16T15:45:00-04:00,2020-03-16,XOM,24h,0,0.0,0.0,0.0,[],[]
2020-03-17T15:45:00-04:00,2020-03-17,XOM,24h,0,0.0,0.0,0.0,[],[]
2020-03-18T15:45:00-04:00,2020-03-18,XOM,24h,0,0.0,0.0,0.0,[],[]
2020-03-19T15:45:00-04:00,2020-03-19,XOM,24h,0,0.0,0.0,0.0,[],[]
2020-03-20T15:45:00-04:00,2020-03-20,XOM,24h,0,0.0,0.0,0.0,[],[]
2020-03-23T15:45:00-04:00,2020-03-23,XOM,24h,0,0.0,0.0,0.0,[],[]
2020-03-24T15:45:00-04:00,2020-03-24,XOM,24h,0,0.0,0.0,0.0,[],[]
2020-03-25T15:45:00-04:00,2020-03-25,XOM,24h,0,0.0,0.0,0.0,[],[]
2020-03-26T15:45:00-04:00,2020-03-26,XOM,24h,0,0.0,0.0,0.0,[],[]
2020-03-27T15:45:00-04:00,2020-03-27,XOM,24h,0,0.0,0.0,0.0,[],[]
2020-03-30T15:45:00-04:00,2020-03-30,XOM,24h,0,0.0,0.0,0.0,[],[]
2020-03-31T15:45:00-04:00,2020-03-31,XOM,24h,0,0.0,0.0,0.0,[],[]
2020-04-01T15:45:00-04:00,2020-04-01,XOM,24h,0,0.0,0.0,0.0,[],[]
2020-04-02T15:45:00-04:00,2020-04-02,XOM,24h,0,0.0,0.0,0.0,[],[]
2020-04-03T15:45:00-04:00,2020-04-03,XOM,24h,0,0.0,0.0,0.0,[],[]
2020-04-06T15:45:00-04:00,2020-04-06,XOM,24h,0,0.0,0.0,0.0,[],[]
2020-04-07T15:45:00-04:00,2020-04-07,XOM,24h,1,0.0,0.0,0.0,"[""litigation""]","[""sec_edgar""]"
2020-04-08T15:45:00-04:00,2020-04-08,XOM,24h,0,0.0,0.0,0.0,[],[]
2020-04-09T15:45:00-04:00,2020-04-09,XOM,24h,0,0.0,0.0,0.0,[],[]
2020-04-10T15:45:00-04:00,2020-04-10,XOM,24h,0,0.0,0.0,0.0,[],[]
2020-04-13T15:45:00-04:00,2020-04-13,XOM,24h,0,0.0,0.0,0.0,[],[]
2020-04-14T15:45:00-04:00,2020-04-14,XOM,24h,0,0.0,0.0,0.0,[],[]
2020-04-15T15:45:00-04:00,2020-04-15,XOM,24h,0,0.0,0.0,0.0,[],[]
2020-04-16T15:45:00-04:00,2020-04-16,XOM,24h,0,0.0,0.0,0.0,[],[]
2020-04-17T15:45:00-04:00,2020-04-17,XOM,24h,0,0.0,0.0,0.0,[],[]
2020-04-20T15:45:00-04:00,2020-04-20,XOM,24h,0,0.0,0.0,0.0,[],[]
2020-04-21T15:45:00-04:00,2020-04-21,XOM,24h,0,0.0,0.0,0.0,[],[]
2020-04-22T15:45:00-04:00,2020-04-22,XOM,24h,0,0.0,0.0,0.0,[],[]
2020-04-23T15:45:00-04:00,2020-04-23,XOM,24h,0,0.0,0.0,0.0,[],[]
2020-04-24T15:45:00-04:00,2020-04-24,XOM,24h,0,0.0,0.0,0.0,[],[]
2020-04-27T15:45:00-04:00,2020-04-27,XOM,24h,0,0.0,0.0,0.0,[],[]
2020-04-28T15:45:00-04:00,2020-04-28,XOM,24h,0,0.0,0.0,0.0,[],[]
2020-04-29T15:45:00-04:00,2020-04-29,XOM,24h,0,0.0,0.0,0.0,[],[]
2020-04-30T15:45:00-04:00,2020-04-30,XOM,24h,0,0.0,0.0,0.0,[],[]
2020-05-01T15:45:00-04:00,2020-05-01,XOM,24h,0,0.0,0.0,0.0,[],[]
2020-05-04T15:45:00-04:00,2020-05-04,XOM,24h,0,0.0,0.0,0.0,[],[]
2020-05-05T15:45:00-04:00,2020-05-05,XOM,24h,0,0.0,0.0,0.0,[],[]
2020-05-06T15:45:00-04:00,2020-05-06,XOM,24h,0,0.0,0.0,0.0,[],[]
2020-05-07T15:45:00-04:00,2020-05-07,XOM,24h,0,0.0,0.0,0.0,[],[]
2020-05-08T15:45:00-04:00,2020-05-08,XOM,24h,0,0.0,0.0,0.0,[],[]
2020-05-11T15:45:00-04:00,2020-05-11,XOM,24h,0,0.0,0.0,0.0,[],[]
2020-05-12T15:45:00-04:00,2020-05-12,XOM,24h,0,0.0,0.0,0.0,[],[]
2020-05-13T15:45:00-04:00,2020-05-13,XOM,24h,0,0.0,0.0,0.0,[],[]
2020-05-14T15:45:00-04:00,2020-05-14,XOM,24h,0,0.0,0.0,0.0,[],[]
2020-05-15T15:45:00-04:00,2020-05-15,XOM,24h,0,0.0,0.0,0.0,[],[]
2020-05-18T15:45:00-04:00,2020-05-18,XOM,24h,0,0.0,0.0,0.0,[],[]
2020-05-19T15:45:00-04:00,2020-05-19,XOM,24h,0,0.0,0.0,0.0,[],[]
2020-05-20T15:45:00-04:00,2020-05-20,XOM,24h,0,0.0,0.0,0.0,[],[]
2020-05-21T15:45:00-04:00,2020-05-21,XOM,24h,0,0.0,0.0,0.0,[],[]
2020-05-22T15:45:00-04:00,2020-05-22,XOM,24h,0,0.0,0.0,0.0,[],[]
2020-05-25T15:45:00-04:00,2020-05-25,XOM,24h,0,0.0,0.0,0.0,[],[]
2020-05-26T15:45:00-04:00,2020-05-26,XOM,24h,0,0.0,0.0,0.0,[],[]
2020-05-27T15:45:00-04:00,2020-05-27,XOM,24h,0,0.0,0.0,0.0,[],[]
2020-05-28T15:45:00-04:00,2020-05-28,XOM,24h,0,0.0,0.0,0.0,[],[]
2020-05-29T15:45:00-04:00,2020-05-29,XOM,24h,0,0.0,0.0,0.0,[],[]
2020-06-01T15:45:00-04:00,2020-06-01,XOM,24h,0,0.0,0.0,0.0,[],[]
2020-06-02T15:45:00-04:00,2020-06-02,XOM,24h,0,0.0,0.0,0.0,[],[]
2020-06-03T15:45:00-04:00,2020-06-03,XOM,24h,0,0.0,0.0,0.0,[],[]
2020-06-04T15:45:00-04:00,2020-06-04,XOM,24h,0,0.0,0.0,0.0,[],[]
2020-06-05T15:45:00-04:00,2020-06-05,XOM,24h,0,0.0,0.0,0.0,[],[]
2020-06-08T15:45:00-04:00,2020-06-08,XOM,24h,0,0.0,0.0,0.0,[],[]
2020-06-09T15:45:00-04:00,2020-06-09,XOM,24h,0,0.0,0.0,0.0,[],[]
2020-06-10T15:45:00-04:00,2020-06-10,XOM,24h,0,0.0,0.0,0.0,[],[]
2020-06-11T15:45:00-04:00,2020-06-11,XOM,24h,0,0.0,0.0,0.0,[],[]
2020-06-12T15:45:00-04:00,2020-06-12,XOM,24h,0,0.0,0.0,0.0,[],[]
2020-06-15T15:45:00-04:00,2020-06-15,XOM,24h,0,0.0,0.0,0.0,[],[]
2020-06-16T15:45:00-04:00,2020-06-16,XOM,24h,0,0.0,0.0,0.0,[],[]
2020-06-17T15:45:00-04:00,2020-06-17,XOM,24h,0,0.0,0.0,0.0,[],[]
2020-06-18T15:45:00-04:00,2020-06-18,XOM,24h,0,0.0,0.0,0.0,[],[]
2020-06-19T15:45:00-04:00,2020-06-19,XOM,24h,0,0.0,0.0,0.0,[],[]
2020-06-22T15:45:00-04:00,2020-06-22,XOM,24h,0,0.0,0.0,0.0,[],[]
2020-06-23T15:45:00-04:00,2020-06-23,XOM,24h,0,0.0,0.0,0.0,[],[]
2020-06-24T15:45:00-04:00,2020-06-24,XOM,24h,0,0.0,0.0,0.0,[],[]
2020-06-25T15:45:00-04:00,2020-06-25,XOM,24h,0,0.0,0.0,0.0,[],[]
2020-06-26T15:45:00-04:00,2020-06-26,XOM,24h,1,0.0,0.0,0.0,"[""litigation""]","[""sec_edgar""]"
2020-06-29T15:45:00-04:00,2020-06-29,XOM,24h,0,0.0,0.0,0.0,[],[]
2020-06-30T15:45:00-04:00,2020-06-30,XOM,24h,0,0.0,0.0,0.0,[],[]
2020-07-01T15:45:00-04:00,2020-07-01,XOM,24h,0,0.0,0.0,0.0,[],[]
2020-07-02T15:45:00-04:00,2020-07-02,XOM,24h,0,0.0,0.0,0.0,[],[]
2020-07-03T15:45:00-04:00,2020-07-03,XOM,24h,0,0.0,0.0,0.0,[],[]
2020-07-06T15:45:00-04:00,2020-07-06,XOM,24h,0,0.0,0.0,0.0,[],[]
2020-07-07T15:45:00-04:00,2020-07-07,XOM,24h,0,0.0,0.0,0.0,[],[]
2020-07-08T15:45:00-04:00,2020-07-08,XOM,24h,0,0.0,0.0,0.0,[],[]
2020-07-09T15:45:00-04:00,2020-07-09,XOM,24h,0,0.0,0.0,0.0,[],[]
2020-07-10T15:45:00-04:00,2020-07-10,XOM,24h,0,0.0,0.0,0.0,[],[]
2020-07-13T15:45:00-04:00,2020-07-13,XOM,24h,0,0.0,0.0,0.0,[],[]
2020-07-14T15:45:00-04:00,2020-07-14,XOM,24h,0,0.0,0.0,0.0,[],[]
2020-07-15T15:45:00-04:00,2020-07-15,XOM,24h,0,0.0,0.0,0.0,[],[]
2020-07-16T15:45:00-04:00,2020-07-16,XOM,24h,0,0.0,0.0,0.0,[],[]
2020-07-17T15:45:00-04:00,2020-07-17,XOM,24h,0,0.0,0.0,0.0,[],[]
2020-07-20T15:45:00-04:00,2020-07-20,XOM,24h,0,0.0,0.0,0.0,[],[]
2020-07-21T15:45:00-04:00,2020-07-21,XOM,24h,0,0.0,0.0,0.0,[],[]
2020-07-22T15:45:00-04:00,2020-07-22,XOM,24h,0,0.0,0.0,0.0,[],[]
2020-07-23T15:45:00-04:00,2020-07-23,XOM,24h,0,0.0,0.0,0.0,[],[]
2020-07-24T15:45:00-04:00,2020-07-24,XOM,24h,0,0.0,0.0,0.0,[],[]
2020-07-27T15:45:00-04:00,2020-07-27,XOM,24h,0,0.0,0.0,0.0,[],[]
2020-07-28T15:45:00-04:00,2020-07-28,XOM,24h,0,0.0,0.0,0.0,[],[]
2020-07-29T15:45:00-04:00,2020-07-29,XOM,24h,0,0.0,0.0,0.0,[],[]
2020-07-30T15:45:00-04:00,2020-07-30,XOM,24h,0,0.0,0.0,0.0,[],[]
2020-07-31T15:45:00-04:00,2020-07-31,XOM,24h,0,0.0,0.0,0.0,[],[]
2020-08-03T15:45:00-04:00,2020-08-03,XOM,24h,0,0.0,0.0,0.0,[],[]
2020-08-04T15:45:00-04:00,2020-08-04,XOM,24h,0,0.0,0.0,0.0,[],[]
2020-08-05T15:45:00-04:00,2020-08-05,XOM,24h,0,0.0,0.0,0.0,[],[]
2020-08-06T15:45:00-04:00,2020-08-06,XOM,24h,0,0.0,0.0,0.0,[],[]
2020-08-07T15:45:00-04:00,2020-08-07,XOM,24h,0,0.0,0.0,0.0,[],[]
2020-08-10T15:45:00-04:00,2020-08-10,XOM,24h,0,0.0,0.0,0.0,[],[]
2020-08-11T15:45:00-04:00,2020-08-11,XOM,24h,0,0.0,0.0,0.0,[],[]
2020-08-12T15:45:00-04:00,2020-08-12,XOM,24h,0,0.0,0.0,0.0,[],[]
2020-08-13T15:45:00-04:00,2020-08-13,XOM,24h,0,0.0,0.0,0.0,[],[]
2020-08-14T15:45:00-04:00,2020-08-14,XOM,24h,0,0.0,0.0,0.0,[],[]
2020-08-17T15:45:00-04:00,2020-08-17,XOM,24h,0,0.0,0.0,0.0,[],[]
2020-08-18T15:45:00-04:00,2020-08-18,XOM,24h,0,0.0,0.0,0.0,[],[]
2020-08-19T15:45:00-04:00,2020-08-19,XOM,24h,0,0.0,0.0,0.0,[],[]
2020-08-20T15:45:00-04:00,2020-08-20,XOM,24h,0,0.0,0.0,0.0,[],[]
2020-08-21T15:45:00-04:00,2020-08-21,XOM,24h,0,0.0,0.0,0.0,[],[]
2020-08-24T15:45:00-04:00,2020-08-24,XOM,24h,0,0.0,0.0,0.0,[],[]
2020-08-25T15:45:00-04:00,2020-08-25,XOM,24h,0,0.0,0.0,0.0,[],[]
2020-08-26T15:45:00-04:00,2020-08-26,XOM,24h,0,0.0,0.0,0.0,[],[]
2020-08-27T15:45:00-04:00,2020-08-27,XOM,24h,0,0.0,0.0,0.0,[],[]
2020-08-28T15:45:00-04:00,2020-08-28,XOM,24h,0,0.0,0.0,0.0,[],[]
2020-08-31T15:45:00-04:00,2020-08-31,XOM,24h,0,0.0,0.0,0.0,[],[]
2020-09-01T15:45:00-04:00,2020-09-01,XOM,24h,0,0.0,0.0,0.0,[],[]
2020-09-02T15:45:00-04:00,2020-09-02,XOM,24h,0,0.0,0.0,0.0,[],[]
2020-09-03T15:45:00-04:00,2020-09-03,XOM,24h,0,0.0,0.0,0.0,[],[]
2020-09-04T15:45:00-04:00,2020-09-04,XOM,24h,0,0.0,0.0,0.0,[],[]
2020-09-07T15:45:00-04:00,2020-09-07,XOM,24h,0,0.0,0.0,0.0,[],[]
2020-09-08T15:45:00-04:00,2020-09-08,XOM,24h,0,0.0,0.0,0.0,[],[]
2020-09-09T15:45:00-04:00,2020-09-09,XOM,24h,0,0.0,0.0,0.0,[],[]
2020-09-10T15:45:00-04:00,2020-09-10,XOM,24h,0,0.0,0.0,0.0,[],[]
2020-09-11T15:45:00-04:00,2020-09-11,XOM,24h,0,0.0,0.0,0.0,[],[]
2020-09-14T15:45:00-04:00,2020-09-14,XOM,24h,0,0.0,0.0,0.0,[],[]
2020-09-15T15:45:00-04:00,2020-09-15,XOM,24h,0,0.0,0.0,0.0,[],[]
2020-09-16T15:45:00-04:00,2020-09-16,XOM,24h,0,0.0,0.0,0.0,[],[]
2020-09-17T15:45:00-04:00,2020-09-17,XOM,24h,0,0.0,0.0,0.0,[],[]
2020-09-18T15:45:00-04:00,2020-09-18,XOM,24h,0,0.0,0.0,0.0,[],[]
2020-09-21T15:45:00-04:00,2020-09-21,XOM,24h,0,0.0,0.0,0.0,[],[]
2020-09-22T15:45:00-04:00,2020-09-22,XOM,24h,0,0.0,0.0,0.0,[],[]
2020-09-23T15:45:00-04:00,2020-09-23,XOM,24h,0,0.0,0.0,0.0,[],[]
2020-09-24T15:45:00-04:00,2020-09-24,XOM,24h,0,0.0,0.0,0.0,[],[]
2020-09-25T15:45:00-04:00,2020-09-25,XOM,24h,0,0.0,0.0,0.0,[],[]
2020-09-28T15:45:00-04:00,2020-09-28,XOM,24h,0,0.0,0.0,0.0,[],[]
2020-09-29T15:45:00-04:00,2020-09-29,XOM,24h,0,0.0,0.0,0.0,[],[]
2020-09-30T15:45:00-04:00,2020-09-30,XOM,24h,0,0.0,0.0,0.0,[],[]
2020-10-01T15:45:00-04:00,2020-10-01,XOM,24h,0,0.0,0.0,0.0,[],[]
2020-10-02T15:45:00-04:00,2020-10-02,XOM,24h,0,0.0,0.0,0.0,[],[]
2020-10-05T15:45:00-04:00,2020-10-05,XOM,24h,0,0.0,0.0,0.0,[],[]
2020-10-06T15:45:00-04:00,2020-10-06,XOM,24h,0,0.0,0.0,0.0,[],[]
2020-10-07T15:45:00-04:00,2020-10-07,XOM,24h,0,0.0,0.0,0.0,[],[]
2020-10-08T15:45:00-04:00,2020-10-08,XOM,24h,0,0.0,0.0,0.0,[],[]
2020-10-09T15:45:00-04:00,2020-10-09,XOM,24h,0,0.0,0.0,0.0,[],[]
2020-10-12T15:45:00-04:00,2020-10-12,XOM,24h,0,0.0,0.0,0.0,[],[]
2020-10-13T15:45:00-04:00,2020-10-13,XOM,24h,0,0.0,0.0,0.0,[],[]
2020-10-14T15:45:00-04:00,2020-10-14,XOM,24h,0,0.0,0.0,0.0,[],[]
2020-10-15T15:45:00-04:00,2020-10-15,XOM,24h,0,0.0,0.0,0.0,[],[]
2020-10-16T15:45:00-04:00,2020-10-16,XOM,24h,0,0.0,0.0,0.0,[],[]
2020-10-19T15:45:00-04:00,2020-10-19,XOM,24h,0,0.0,0.0,0.0,[],[]
2020-10-20T15:45:00-04:00,2020-10-20,XOM,24h,0,0.0,0.0,0.0,[],[]
2020-10-21T15:45:00-04:00,2020-10-21,XOM,24h,0,0.0,0.0,0.0,[],[]
2020-10-22T15:45:00-04:00,2020-10-22,XOM,24h,0,0.0,0.0,0.0,[],[]
2020-10-23T15:45:00-04:00,2020-10-23,XOM,24h,0,0.0,0.0,0.0,[],[]
2020-10-26T15:45:00-04:00,2020-10-26,XOM,24h,0,0.0,0.0,0.0,[],[]
2020-10-27T15:45:00-04:00,2020-10-27,XOM,24h,0,0.0,0.0,0.0,[],[]
2020-10-28T15:45:00-04:00,2020-10-28,XOM,24h,0,0.0,0.0,0.0,[],[]
2020-10-29T15:45:00-04:00,2020-10-29,XOM,24h,0,0.0,0.0,0.0,[],[]
2020-10-30T15:45:00-04:00,2020-10-30,XOM,24h,0,0.0,0.0,0.0,[],[]
2020-11-02T15:45:00-05:00,2020-11-02,XOM,24h,0,0.0,0.0,0.0,[],[]
2020-11-03T15:45:00-05:00,2020-11-03,XOM,24h,0,0.0,0.0,0.0,[],[]
2020-11-04T15:45:00-05:00,2020-11-04,XOM,24h,0,0.0,0.0,0.0,[],[]
2020-11-05T15:45:00-05:00,2020-11-05,XOM,24h,0,0.0,0.0,0.0,[],[]
2020-11-06T15:45:00-05:00,2020-11-06,XOM,24h,0,0.0,0.0,0.0,[],[]
2020-11-09T15:45:00-05:00,2020-11-09,XOM,24h,0,0.0,0.0,0.0,[],[]
2020-11-10T15:45:00-05:00,2020-11-10,XOM,24h,0,0.0,0.0,0.0,[],[]
2020-11-11T15:45:00-05:00,2020-11-11,XOM,24h,0,0.0,0.0,0.0,[],[]
2020-11-12T15:45:00-05:00,2020-11-12,XOM,24h,0,0.0,0.0,0.0,[],[]
2020-11-13T15:45:00-05:00,2020-11-13,XOM,24h,0,0.0,0.0,0.0,[],[]
2020-11-16T15:45:00-05:00,2020-11-16,XOM,24h,0,0.0,0.0,0.0,[],[]
2020-11-17T15:45:00-05:00,2020-11-17,XOM,24h,0,0.0,0.0,0.0,[],[]
2020-11-18T15:45:00-05:00,2020-11-18,XOM,24h,0,0.0,0.0,0.0,[],[]
2020-11-19T15:45:00-05:00,2020-11-19,XOM,24h,0,0.0,0.0,0.0,[],[]
2020-11-20T15:45:00-05:00,2020-11-20,XOM,24h,0,0.0,0.0,0.0,[],[]
2020-11-23T15:45:00-05:00,2020-11-23,XOM,24h,0,0.0,0.0,0.0,[],[]
2020-11-24T15:45:00-05:00,2020-11-24,XOM,24h,0,0.0,0.0,0.0,[],[]
2020-11-25T15:45:00-05:00,2020-11-25,XOM,24h,0,0.0,0.0,0.0,[],[]
2020-11-26T15:45:00-05:00,2020-11-26,XOM,24h,0,0.0,0.0,0.0,[],[]
2020-11-27T15:45:00-05:00,2020-11-27,XOM,24h,0,0.0,0.0,0.0,[],[]
2020-11-30T15:45:00-05:00,2020-11-30,XOM,24h,0,0.0,0.0,0.0,[],[]
2020-12-01T15:45:00-05:00,2020-12-01,XOM,24h,1,0.0,0.0,0.0,"[""litigation""]","[""sec_edgar""]"
2020-12-02T15:45:00-05:00,2020-12-02,XOM,24h,0,0.0,0.0,0.0,[],[]
2020-12-03T15:45:00-05:00,2020-12-03,XOM,24h,0,0.0,0.0,0.0,[],[]
2020-12-04T15:45:00-05:00,2020-12-04,XOM,24h,0,0.0,0.0,0.0,[],[]
2020-12-07T15:45:00-05:00,2020-12-07,XOM,24h,0,0.0,0.0,0.0,[],[]
2020-12-08T15:45:00-05:00,2020-12-08,XOM,24h,0,0.0,0.0,0.0,[],[]
2020-12-09T15:45:00-05:00,2020-12-09,XOM,24h,0,0.0,0.0,0.0,[],[]
2020-12-10T15:45:00-05:00,2020-12-10,XOM,24h,0,0.0,0.0,0.0,[],[]
2020-12-11T15:45:00-05:00,2020-12-11,XOM,24h,0,0.0,0.0,0.0,[],[]
2020-12-14T15:45:00-05:00,2020-12-14,XOM,24h,0,0.0,0.0,0.0,[],[]
2020-12-15T15:45:00-05:00,2020-12-15,XOM,24h,0,0.0,0.0,0.0,[],[]
2020-12-16T15:45:00-05:00,2020-12-16,XOM,24h,0,0.0,0.0,0.0,[],[]
2020-12-17T15:45:00-05:00,2020-12-17,XOM,24h,0,0.0,0.0,0.0,[],[]
2020-12-18T15:45:00-05:00,2020-12-18,XOM,24h,0,0.0,0.0,0.0,[],[]
2020-12-21T15:45:00-05:00,2020-12-21,XOM,24h,0,0.0,0.0,0.0,[],[]
2020-12-22T15:45:00-05:00,2020-12-22,XOM,24h,0,0.0,0.0,0.0,[],[]
2020-12-23T15:45:00-05:00,2020-12-23,XOM,24h,0,0.0,0.0,0.0,[],[]
2020-12-24T15:45:00-05:00,2020-12-24,XOM,24h,0,0.0,0.0,0.0,[],[]
2020-12-25T15:45:00-05:00,2020-12-25,XOM,24h,0,0.0,0.0,0.0,[],[]
2020-12-28T15:45:00-05:00,2020-12-28,XOM,24h,0,0.0,0.0,0.0,[],[]
2020-12-29T15:45:00-05:00,2020-12-29,XOM,24h,0,0.0,0.0,0.0,[],[]
2020-12-30T15:45:00-05:00,2020-12-30,XOM,24h,0,0.0,0.0,0.0,[],[]
2020-12-31T15:45:00-05:00,2020-12-31,XOM,24h,0,0.0,0.0,0.0,[],[]
2021-01-01T15:45:00-05:00,2021-01-01,XOM,24h,0,0.0,0.0,0.0,[],[]
2021-01-04T15:45:00-05:00,2021-01-04,XOM,24h,0,0.0,0.0,0.0,[],[]
2021-01-05T15:45:00-05:00,2021-01-05,XOM,24h,0,0.0,0.0,0.0,[],[]
2021-01-06T15:45:00-05:00,2021-01-06,XOM,24h,0,0.0,0.0,0.0,[],[]
2021-01-07T15:45:00-05:00,2021-01-07,XOM,24h,0,0.0,0.0,0.0,[],[]
2021-01-08T15:45:00-05:00,2021-01-08,XOM,24h,0,0.0,0.0,0.0,[],[]
2021-01-11T15:45:00-05:00,2021-01-11,XOM,24h,0,0.0,0.0,0.0,[],[]
2021-01-12T15:45:00-05:00,2021-01-12,XOM,24h,0,0.0,0.0,0.0,[],[]
2021-01-13T15:45:00-05:00,2021-01-13,XOM,24h,0,0.0,0.0,0.0,[],[]
2021-01-14T15:45:00-05:00,2021-01-14,XOM,24h,0,0.0,0.0,0.0,[],[]
2021-01-15T15:45:00-05:00,2021-01-15,XOM,24h,0,0.0,0.0,0.0,[],[]
2021-01-18T15:45:00-05:00,2021-01-18,XOM,24h,0,0.0,0.0,0.0,[],[]
2021-01-19T15:45:00-05:00,2021-01-19,XOM,24h,0,0.0,0.0,0.0,[],[]
2021-01-20T15:45:00-05:00,2021-01-20,XOM,24h,0,0.0,0.0,0.0,[],[]
2021-01-21T15:45:00-05:00,2021-01-21,XOM,24h,0,0.0,0.0,0.0,[],[]
2021-01-22T15:45:00-05:00,2021-01-22,XOM,24h,0,0.0,0.0,0.0,[],[]
2021-01-25T15:45:00-05:00,2021-01-25,XOM,24h,0,0.0,0.0,0.0,[],[]
2021-01-26T15:45:00-05:00,2021-01-26,XOM,24h,0,0.0,0.0,0.0,[],[]
2021-01-27T15:45:00-05:00,2021-01-27,XOM,24h,0,0.0,0.0,0.0,[],[]
2021-01-28T15:45:00-05:00,2021-01-28,XOM,24h,0,0.0,0.0,0.0,[],[]
2021-01-29T15:45:00-05:00,2021-01-29,XOM,24h,0,0.0,0.0,0.0,[],[]
2021-02-01T15:45:00-05:00,2021-02-01,XOM,24h,0,0.0,0.0,0.0,[],[]
2021-02-02T15:45:00-05:00,2021-02-02,XOM,24h,0,0.0,0.0,0.0,[],[]
2021-02-03T15:45:00-05:00,2021-02-03,XOM,24h,0,0.0,0.0,0.0,[],[]
2021-02-04T15:45:00-05:00,2021-02-04,XOM,24h,0,0.0,0.0,0.0,[],[]
2021-02-05T15:45:00-05:00,2021-02-05,XOM,24h,0,0.0,0.0,0.0,[],[]
2021-02-08T15:45:00-05:00,2021-02-08,XOM,24h,0,0.0,0.0,0.0,[],[]
2021-02-09T15:45:00-05:00,2021-02-09,XOM,24h,0,0.0,0.0,0.0,[],[]
2021-02-10T15:45:00-05:00,2021-02-10,XOM,24h,0,0.0,0.0,0.0,[],[]
2021-02-11T15:45:00-05:00,2021-02-11,XOM,24h,0,0.0,0.0,0.0,[],[]
2021-02-12T15:45:00-05:00,2021-02-12,XOM,24h,0,0.0,0.0,0.0,[],[]
2021-02-15T15:45:00-05:00,2021-02-15,XOM,24h,0,0.0,0.0,0.0,[],[]
2021-02-16T15:45:00-05:00,2021-02-16,XOM,24h,0,0.0,0.0,0.0,[],[]
2021-02-17T15:45:00-05:00,2021-02-17,XOM,24h,0,0.0,0.0,0.0,[],[]
2021-02-18T15:45:00-05:00,2021-02-18,XOM,24h,0,0.0,0.0,0.0,[],[]
2021-02-19T15:45:00-05:00,2021-02-19,XOM,24h,0,0.0,0.0,0.0,[],[]
2021-02-22T15:45:00-05:00,2021-02-22,XOM,24h,0,0.0,0.0,0.0,[],[]
2021-02-23T15:45:00-05:00,2021-02-23,XOM,24h,0,0.0,0.0,0.0,[],[]
2021-02-24T15:45:00-05:00,2021-02-24,XOM,24h,0,0.0,0.0,0.0,[],[]
2021-02-25T15:45:00-05:00,2021-02-25,XOM,24h,0,0.0,0.0,0.0,[],[]
2021-02-26T15:45:00-05:00,2021-02-26,XOM,24h,0,0.0,0.0,0.0,[],[]
2021-03-01T15:45:00-05:00,2021-03-01,XOM,24h,0,0.0,0.0,0.0,[],[]
2021-03-02T15:45:00-05:00,2021-03-02,XOM,24h,0,0.0,0.0,0.0,[],[]
2021-03-03T15:45:00-05:00,2021-03-03,XOM,24h,0,0.0,0.0,0.0,[],[]
2021-03-04T15:45:00-05:00,2021-03-04,XOM,24h,0,0.0,0.0,0.0,[],[]
2021-03-05T15:45:00-05:00,2021-03-05,XOM,24h,0,0.0,0.0,0.0,[],[]
2021-03-08T15:45:00-05:00,2021-03-08,XOM,24h,0,0.0,0.0,0.0,[],[]
2021-03-09T15:45:00-05:00,2021-03-09,XOM,24h,0,0.0,0.0,0.0,[],[]
2021-03-10T15:45:00-05:00,2021-03-10,XOM,24h,0,0.0,0.0,0.0,[],[]
2021-03-11T15:45:00-05:00,2021-03-11,XOM,24h,0,0.0,0.0,0.0,[],[]
2021-03-12T15:45:00-05:00,2021-03-12,XOM,24h,0,0.0,0.0,0.0,[],[]
2021-03-15T15:45:00-04:00,2021-03-15,XOM,24h,0,0.0,0.0,0.0,[],[]
2021-03-16T15:45:00-04:00,2021-03-16,XOM,24h,0,0.0,0.0,0.0,[],[]
2021-03-17T15:45:00-04:00,2021-03-17,XOM,24h,0,0.0,0.0,0.0,[],[]
2021-03-18T15:45:00-04:00,2021-03-18,XOM,24h,0,0.0,0.0,0.0,[],[]
2021-03-19T15:45:00-04:00,2021-03-19,XOM,24h,0,0.0,0.0,0.0,[],[]
2021-03-22T15:45:00-04:00,2021-03-22,XOM,24h,0,0.0,0.0,0.0,[],[]
2021-03-23T15:45:00-04:00,2021-03-23,XOM,24h,0,0.0,0.0,0.0,[],[]
2021-03-24T15:45:00-04:00,2021-03-24,XOM,24h,0,0.0,0.0,0.0,[],[]
2021-03-25T15:45:00-04:00,2021-03-25,XOM,24h,0,0.0,0.0,0.0,[],[]
2021-03-26T15:45:00-04:00,2021-03-26,XOM,24h,0,0.0,0.0,0.0,[],[]
2021-03-29T15:45:00-04:00,2021-03-29,XOM,24h,0,0.0,0.0,0.0,[],[]
2021-03-30T15:45:00-04:00,2021-03-30,XOM,24h,0,0.0,0.0,0.0,[],[]
2021-03-31T15:45:00-04:00,2021-03-31,XOM,24h,0,0.0,0.0,0.0,[],[]
2021-04-01T15:45:00-04:00,2021-04-01,XOM,24h,0,0.0,0.0,0.0,[],[]
2021-04-02T15:45:00-04:00,2021-04-02,XOM,24h,0,0.0,0.0,0.0,[],[]
2021-04-05T15:45:00-04:00,2021-04-05,XOM,24h,0,0.0,0.0,0.0,[],[]
2021-04-06T15:45:00-04:00,2021-04-06,XOM,24h,0,0.0,0.0,0.0,[],[]
2021-04-07T15:45:00-04:00,2021-04-07,XOM,24h,0,0.0,0.0,0.0,[],[]
2021-04-08T15:45:00-04:00,2021-04-08,XOM,24h,0,0.0,0.0,0.0,[],[]
2021-04-09T15:45:00-04:00,2021-04-09,XOM,24h,0,0.0,0.0,0.0,[],[]
2021-04-12T15:45:00-04:00,2021-04-12,XOM,24h,0,0.0,0.0,0.0,[],[]
2021-04-13T15:45:00-04:00,2021-04-13,XOM,24h,0,0.0,0.0,0.0,[],[]
2021-04-14T15:45:00-04:00,2021-04-14,XOM,24h,0,0.0,0.0,0.0,[],[]
2021-04-15T15:45:00-04:00,2021-04-15,XOM,24h,0,0.0,0.0,0.0,[],[]
2021-04-16T15:45:00-04:00,2021-04-16,XOM,24h,0,0.0,0.0,0.0,[],[]
2021-04-19T15:45:00-04:00,2021-04-19,XOM,24h,0,0.0,0.0,0.0,[],[]
2021-04-20T15:45:00-04:00,2021-04-20,XOM,24h,0,0.0,0.0,0.0,[],[]
2021-04-21T15:45:00-04:00,2021-04-21,XOM,24h,0,0.0,0.0,0.0,[],[]
2021-04-22T15:45:00-04:00,2021-04-22,XOM,24h,0,0.0,0.0,0.0,[],[]
2021-04-23T15:45:00-04:00,2021-04-23,XOM,24h,0,0.0,0.0,0.0,[],[]
2021-04-26T15:45:00-04:00,2021-04-26,XOM,24h,0,0.0,0.0,0.0,[],[]
2021-04-27T15:45:00-04:00,2021-04-27,XOM,24h,0,0.0,0.0,0.0,[],[]
2021-04-28T15:45:00-04:00,2021-04-28,XOM,24h,0,0.0,0.0,0.0,[],[]
2021-04-29T15:45:00-04:00,2021-04-29,XOM,24h,0,0.0,0.0,0.0,[],[]
2021-04-30T15:45:00-04:00,2021-04-30,XOM,24h,0,0.0,0.0,0.0,[],[]
2021-05-03T15:45:00-04:00,2021-05-03,XOM,24h,0,0.0,0.0,0.0,[],[]
2021-05-04T15:45:00-04:00,2021-05-04,XOM,24h,0,0.0,0.0,0.0,[],[]
2021-05-05T15:45:00-04:00,2021-05-05,XOM,24h,0,0.0,0.0,0.0,[],[]
2021-05-06T15:45:00-04:00,2021-05-06,XOM,24h,0,0.0,0.0,0.0,[],[]
2021-05-07T15:45:00-04:00,2021-05-07,XOM,24h,0,0.0,0.0,0.0,[],[]
2021-05-10T15:45:00-04:00,2021-05-10,XOM,24h,0,0.0,0.0,0.0,[],[]
2021-05-11T15:45:00-04:00,2021-05-11,XOM,24h,0,0.0,0.0,0.0,[],[]
2021-05-12T15:45:00-04:00,2021-05-12,XOM,24h,0,0.0,0.0,0.0,[],[]
2021-05-13T15:45:00-04:00,2021-05-13,XOM,24h,0,0.0,0.0,0.0,[],[]
2021-05-14T15:45:00-04:00,2021-05-14,XOM,24h,0,0.0,0.0,0.0,[],[]
2021-05-17T15:45:00-04:00,2021-05-17,XOM,24h,0,0.0,0.0,0.0,[],[]
2021-05-18T15:45:00-04:00,2021-05-18,XOM,24h,0,0.0,0.0,0.0,[],[]
2021-05-19T15:45:00-04:00,2021-05-19,XOM,24h,0,0.0,0.0,0.0,[],[]
2021-05-20T15:45:00-04:00,2021-05-20,XOM,24h,0,0.0,0.0,0.0,[],[]
2021-05-21T15:45:00-04:00,2021-05-21,XOM,24h,0,0.0,0.0,0.0,[],[]
2021-05-24T15:45:00-04:00,2021-05-24,XOM,24h,0,0.0,0.0,0.0,[],[]
2021-05-25T15:45:00-04:00,2021-05-25,XOM,24h,0,0.0,0.0,0.0,[],[]
2021-05-26T15:45:00-04:00,2021-05-26,XOM,24h,0,0.0,0.0,0.0,[],[]
2021-05-27T15:45:00-04:00,2021-05-27,XOM,24h,0,0.0,0.0,0.0,[],[]
2021-05-28T15:45:00-04:00,2021-05-28,XOM,24h,0,0.0,0.0,0.0,[],[]
2021-05-31T15:45:00-04:00,2021-05-31,XOM,24h,0,0.0,0.0,0.0,[],[]
2021-06-01T15:45:00-04:00,2021-06-01,XOM,24h,0,0.0,0.0,0.0,[],[]
2021-06-02T15:45:00-04:00,2021-06-02,XOM,24h,0,0.0,0.0,0.0,[],[]
2021-06-03T15:45:00-04:00,2021-06-03,XOM,24h,0,0.0,0.0,0.0,[],[]
2021-06-04T15:45:00-04:00,2021-06-04,XOM,24h,0,0.0,0.0,0.0,[],[]
2021-06-07T15:45:00-04:00,2021-06-07,XOM,24h,0,0.0,0.0,0.0,[],[]
2021-06-08T15:45:00-04:00,2021-06-08,XOM,24h,0,0.0,0.0,0.0,[],[]
2021-06-09T15:45:00-04:00,2021-06-09,XOM,24h,0,0.0,0.0,0.0,[],[]
2021-06-10T15:45:00-04:00,2021-06-10,XOM,24h,0,0.0,0.0,0.0,[],[]
2021-06-11T15:45:00-04:00,2021-06-11,XOM,24h,0,0.0,0.0,0.0,[],[]
2021-06-14T15:45:00-04:00,2021-06-14,XOM,24h,0,0.0,0.0,0.0,[],[]
2021-06-15T15:45:00-04:00,2021-06-15,XOM,24h,0,0.0,0.0,0.0,[],[]
2021-06-16T15:45:00-04:00,2021-06-16,XOM,24h,0,0.0,0.0,0.0,[],[]
2021-06-17T15:45:00-04:00,2021-06-17,XOM,24h,0,0.0,0.0,0.0,[],[]
2021-06-18T15:45:00-04:00,2021-06-18,XOM,24h,0,0.0,0.0,0.0,[],[]
2021-06-21T15:45:00-04:00,2021-06-21,XOM,24h,1,0.0,0.0,0.0,"[""litigation""]","[""sec_edgar""]"
2021-06-22T15:45:00-04:00,2021-06-22,XOM,24h,0,0.0,0.0,0.0,[],[]
2021-06-23T15:45:00-04:00,2021-06-23,XOM,24h,0,0.0,0.0,0.0,[],[]
2021-06-24T15:45:00-04:00,2021-06-24,XOM,24h,0,0.0,0.0,0.0,[],[]
2021-06-25T15:45:00-04:00,2021-06-25,XOM,24h,0,0.0,0.0,0.0,[],[]
2021-06-28T15:45:00-04:00,2021-06-28,XOM,24h,0,0.0,0.0,0.0,[],[]
2021-06-29T15:45:00-04:00,2021-06-29,XOM,24h,0,0.0,0.0,0.0,[],[]
2021-06-30T15:45:00-04:00,2021-06-30,XOM,24h,0,0.0,0.0,0.0,[],[]
2021-07-01T15:45:00-04:00,2021-07-01,XOM,24h,0,0.0,0.0,0.0,[],[]
2021-07-02T15:45:00-04:00,2021-07-02,XOM,24h,0,0.0,0.0,0.0,[],[]
2021-07-05T15:45:00-04:00,2021-07-05,XOM,24h,0,0.0,0.0,0.0,[],[]
2021-07-06T15:45:00-04:00,2021-07-06,XOM,24h,0,0.0,0.0,0.0,[],[]
2021-07-07T15:45:00-04:00,2021-07-07,XOM,24h,0,0.0,0.0,0.0,[],[]
2021-07-08T15:45:00-04:00,2021-07-08,XOM,24h,0,0.0,0.0,0.0,[],[]
2021-07-09T15:45:00-04:00,2021-07-09,XOM,24h,0,0.0,0.0,0.0,[],[]
2021-07-12T15:45:00-04:00,2021-07-12,XOM,24h,0,0.0,0.0,0.0,[],[]
2021-07-13T15:45:00-04:00,2021-07-13,XOM,24h,0,0.0,0.0,0.0,[],[]
2021-07-14T15:45:00-04:00,2021-07-14,XOM,24h,0,0.0,0.0,0.0,[],[]
2021-07-15T15:45:00-04:00,2021-07-15,XOM,24h,0,0.0,0.0,0.0,[],[]
2021-07-16T15:45:00-04:00,2021-07-16,XOM,24h,0,0.0,0.0,0.0,[],[]
2021-07-19T15:45:00-04:00,2021-07-19,XOM,24h,0,0.0,0.0,0.0,[],[]
2021-07-20T15:45:00-04:00,2021-07-20,XOM,24h,0,0.0,0.0,0.0,[],[]
2021-07-21T15:45:00-04:00,2021-07-21,XOM,24h,0,0.0,0.0,0.0,[],[]
2021-07-22T15:45:00-04:00,2021-07-22,XOM,24h,0,0.0,0.0,0.0,[],[]
2021-07-23T15:45:00-04:00,2021-07-23,XOM,24h,0,0.0,0.0,0.0,[],[]
2021-07-26T15:45:00-04:00,2021-07-26,XOM,24h,0,0.0,0.0,0.0,[],[]
2021-07-27T15:45:00-04:00,2021-07-27,XOM,24h,0,0.0,0.0,0.0,[],[]
2021-07-28T15:45:00-04:00,2021-07-28,XOM,24h,0,0.0,0.0,0.0,[],[]
2021-07-29T15:45:00-04:00,2021-07-29,XOM,24h,0,0.0,0.0,0.0,[],[]
2021-07-30T15:45:00-04:00,2021-07-30,XOM,24h,0,0.0,0.0,0.0,[],[]
2021-08-02T15:45:00-04:00,2021-08-02,XOM,24h,0,0.0,0.0,0.0,[],[]
2021-08-03T15:45:00-04:00,2021-08-03,XOM,24h,0,0.0,0.0,0.0,[],[]
2021-08-04T15:45:00-04:00,2021-08-04,XOM,24h,0,0.0,0.0,0.0,[],[]
2021-08-05T15:45:00-04:00,2021-08-05,XOM,24h,0,0.0,0.0,0.0,[],[]
2021-08-06T15:45:00-04:00,2021-08-06,XOM,24h,0,0.0,0.0,0.0,[],[]
2021-08-09T15:45:00-04:00,2021-08-09,XOM,24h,0,0.0,0.0,0.0,[],[]
2021-08-10T15:45:00-04:00,2021-08-10,XOM,24h,0,0.0,0.0,0.0,[],[]
2021-08-11T15:45:00-04:00,2021-08-11,XOM,24h,0,0.0,0.0,0.0,[],[]
2021-08-12T15:45:00-04:00,2021-08-12,XOM,24h,0,0.0,0.0,0.0,[],[]
2021-08-13T15:45:00-04:00,2021-08-13,XOM,24h,0,0.0,0.0,0.0,[],[]
2021-08-16T15:45:00-04:00,2021-08-16,XOM,24h,0,0.0,0.0,0.0,[],[]
2021-08-17T15:45:00-04:00,2021-08-17,XOM,24h,0,0.0,0.0,0.0,[],[]
2021-08-18T15:45:00-04:00,2021-08-18,XOM,24h,0,0.0,0.0,0.0,[],[]
2021-08-19T15:45:00-04:00,2021-08-19,XOM,24h,0,0.0,0.0,0.0,[],[]
2021-08-20T15:45:00-04:00,2021-08-20,XOM,24h,0,0.0,0.0,0.0,[],[]
2021-08-23T15:45:00-04:00,2021-08-23,XOM,24h,0,0.0,0.0,0.0,[],[]
2021-08-24T15:45:00-04:00,2021-08-24,XOM,24h,0,0.0,0.0,0.0,[],[]
2021-08-25T15:45:00-04:00,2021-08-25,XOM,24h,0,0.0,0.0,0.0,[],[]
2021-08-26T15:45:00-04:00,2021-08-26,XOM,24h,0,0.0,0.0,0.0,[],[]
2021-08-27T15:45:00-04:00,2021-08-27,XOM,24h,0,0.0,0.0,0.0,[],[]
2021-08-30T15:45:00-04:00,2021-08-30,XOM,24h,0,0.0,0.0,0.0,[],[]
2021-08-31T15:45:00-04:00,2021-08-31,XOM,24h,0,0.0,0.0,0.0,[],[]
2021-09-01T15:45:00-04:00,2021-09-01,XOM,24h,0,0.0,0.0,0.0,[],[]
2021-09-02T15:45:00-04:00,2021-09-02,XOM,24h,0,0.0,0.0,0.0,[],[]
2021-09-03T15:45:00-04:00,2021-09-03,XOM,24h,0,0.0,0.0,0.0,[],[]
2021-09-06T15:45:00-04:00,2021-09-06,XOM,24h,0,0.0,0.0,0.0,[],[]
2021-09-07T15:45:00-04:00,2021-09-07,XOM,24h,0,0.0,0.0,0.0,[],[]
2021-09-08T15:45:00-04:00,2021-09-08,XOM,24h,0,0.0,0.0,0.0,[],[]
2021-09-09T15:45:00-04:00,2021-09-09,XOM,24h,0,0.0,0.0,0.0,[],[]
2021-09-10T15:45:00-04:00,2021-09-10,XOM,24h,0,0.0,0.0,0.0,[],[]
2021-09-13T15:45:00-04:00,2021-09-13,XOM,24h,0,0.0,0.0,0.0,[],[]
2021-09-14T15:45:00-04:00,2021-09-14,XOM,24h,0,0.0,0.0,0.0,[],[]
2021-09-15T15:45:00-04:00,2021-09-15,XOM,24h,0,0.0,0.0,0.0,[],[]
2021-09-16T15:45:00-04:00,2021-09-16,XOM,24h,0,0.0,0.0,0.0,[],[]
2021-09-17T15:45:00-04:00,2021-09-17,XOM,24h,0,0.0,0.0,0.0,[],[]
2021-09-20T15:45:00-04:00,2021-09-20,XOM,24h,0,0.0,0.0,0.0,[],[]
2021-09-21T15:45:00-04:00,2021-09-21,XOM,24h,0,0.0,0.0,0.0,[],[]
2021-09-22T15:45:00-04:00,2021-09-22,XOM,24h,0,0.0,0.0,0.0,[],[]
2021-09-23T15:45:00-04:00,2021-09-23,XOM,24h,0,0.0,0.0,0.0,[],[]
2021-09-24T15:45:00-04:00,2021-09-24,XOM,24h,0,0.0,0.0,0.0,[],[]
2021-09-27T15:45:00-04:00,2021-09-27,XOM,24h,0,0.0,0.0,0.0,[],[]
2021-09-28T15:45:00-04:00,2021-09-28,XOM,24h,0,0.0,0.0,0.0,[],[]
2021-09-29T15:45:00-04:00,2021-09-29,XOM,24h,0,0.0,0.0,0.0,[],[]
2021-09-30T15:45:00-04:00,2021-09-30,XOM,24h,0,0.0,0.0,0.0,[],[]
2021-10-01T15:45:00-04:00,2021-10-01,XOM,24h,0,0.0,0.0,0.0,[],[]
2021-10-04T15:45:00-04:00,2021-10-04,XOM,24h,0,0.0,0.0,0.0,[],[]
2021-10-05T15:45:00-04:00,2021-10-05,XOM,24h,0,0.0,0.0,0.0,[],[]
2021-10-06T15:45:00-04:00,2021-10-06,XOM,24h,0,0.0,0.0,0.0,[],[]
2021-10-07T15:45:00-04:00,2021-10-07,XOM,24h,0,0.0,0.0,0.0,[],[]
2021-10-08T15:45:00-04:00,2021-10-08,XOM,24h,0,0.0,0.0,0.0,[],[]
2021-10-11T15:45:00-04:00,2021-10-11,XOM,24h,0,0.0,0.0,0.0,[],[]
2021-10-12T15:45:00-04:00,2021-10-12,XOM,24h,0,0.0,0.0,0.0,[],[]
2021-10-13T15:45:00-04:00,2021-10-13,XOM,24h,0,0.0,0.0,0.0,[],[]
2021-10-14T15:45:00-04:00,2021-10-14,XOM,24h,0,0.0,0.0,0.0,[],[]
2021-10-15T15:45:00-04:00,2021-10-15,XOM,24h,0,0.0,0.0,0.0,[],[]
2021-10-18T15:45:00-04:00,2021-10-18,XOM,24h,0,0.0,0.0,0.0,[],[]
2021-10-19T15:45:00-04:00,2021-10-19,XOM,24h,0,0.0,0.0,0.0,[],[]
2021-10-20T15:45:00-04:00,2021-10-20,XOM,24h,0,0.0,0.0,0.0,[],[]
2021-10-21T15:45:00-04:00,2021-10-21,XOM,24h,0,0.0,0.0,0.0,[],[]
2021-10-22T15:45:00-04:00,2021-10-22,XOM,24h,0,0.0,0.0,0.0,[],[]
2021-10-25T15:45:00-04:00,2021-10-25,XOM,24h,0,0.0,0.0,0.0,[],[]
2021-10-26T15:45:00-04:00,2021-10-26,XOM,24h,0,0.0,0.0,0.0,[],[]
2021-10-27T15:45:00-04:00,2021-10-27,XOM,24h,0,0.0,0.0,0.0,[],[]
2021-10-28T15:45:00-04:00,2021-10-28,XOM,24h,0,0.0,0.0,0.0,[],[]
2021-10-29T15:45:00-04:00,2021-10-29,XOM,24h,0,0.0,0.0,0.0,[],[]
2021-11-01T15:45:00-04:00,2021-11-01,XOM,24h,0,0.0,0.0,0.0,[],[]
2021-11-02T15:45:00-04:00,2021-11-02,XOM,24h,0,0.0,0.0,0.0,[],[]
2021-11-03T15:45:00-04:00,2021-11-03,XOM,24h,0,0.0,0.0,0.0,[],[]
2021-11-04T15:45:00-04:00,2021-11-04,XOM,24h,0,0.0,0.0,0.0,[],[]
2021-11-05T15:45:00-04:00,2021-11-05,XOM,24h,0,0.0,0.0,0.0,[],[]
2021-11-08T15:45:00-05:00,2021-11-08,XOM,24h,0,0.0,0.0,0.0,[],[]
2021-11-09T15:45:00-05:00,2021-11-09,XOM,24h,0,0.0,0.0,0.0,[],[]
2021-11-10T15:45:00-05:00,2021-11-10,XOM,24h,0,0.0,0.0,0.0,[],[]
2021-11-11T15:45:00-05:00,2021-11-11,XOM,24h,0,0.0,0.0,0.0,[],[]
2021-11-12T15:45:00-05:00,2021-11-12,XOM,24h,0,0.0,0.0,0.0,[],[]
2021-11-15T15:45:00-05:00,2021-11-15,XOM,24h,0,0.0,0.0,0.0,[],[]
2021-11-16T15:45:00-05:00,2021-11-16,XOM,24h,0,0.0,0.0,0.0,[],[]
2021-11-17T15:45:00-05:00,2021-11-17,XOM,24h,0,0.0,0.0,0.0,[],[]
2021-11-18T15:45:00-05:00,2021-11-18,XOM,24h,0,0.0,0.0,0.0,[],[]
2021-11-19T15:45:00-05:00,2021-11-19,XOM,24h,0,0.0,0.0,0.0,[],[]
2021-11-22T15:45:00-05:00,2021-11-22,XOM,24h,0,0.0,0.0,0.0,[],[]
2021-11-23T15:45:00-05:00,2021-11-23,XOM,24h,0,0.0,0.0,0.0,[],[]
2021-11-24T15:45:00-05:00,2021-11-24,XOM,24h,0,0.0,0.0,0.0,[],[]
2021-11-25T15:45:00-05:00,2021-11-25,XOM,24h,0,0.0,0.0,0.0,[],[]
2021-11-26T15:45:00-05:00,2021-11-26,XOM,24h,0,0.0,0.0,0.0,[],[]
2021-11-29T15:45:00-05:00,2021-11-29,XOM,24h,0,0.0,0.0,0.0,[],[]
2021-11-30T15:45:00-05:00,2021-11-30,XOM,24h,0,0.0,0.0,0.0,[],[]
2021-12-01T15:45:00-05:00,2021-12-01,XOM,24h,0,0.0,0.0,0.0,[],[]
2021-12-02T15:45:00-05:00,2021-12-02,XOM,24h,0,0.0,0.0,0.0,[],[]
2021-12-03T15:45:00-05:00,2021-12-03,XOM,24h,0,0.0,0.0,0.0,[],[]
2021-12-06T15:45:00-05:00,2021-12-06,XOM,24h,0,0.0,0.0,0.0,[],[]
2021-12-07T15:45:00-05:00,2021-12-07,XOM,24h,0,0.0,0.0,0.0,[],[]
2021-12-08T15:45:00-05:00,2021-12-08,XOM,24h,0,0.0,0.0,0.0,[],[]
2021-12-09T15:45:00-05:00,2021-12-09,XOM,24h,0,0.0,0.0,0.0,[],[]
2021-12-10T15:45:00-05:00,2021-12-10,XOM,24h,0,0.0,0.0,0.0,[],[]
2021-12-13T15:45:00-05:00,2021-12-13,XOM,24h,0,0.0,0.0,0.0,[],[]
2021-12-14T15:45:00-05:00,2021-12-14,XOM,24h,0,0.0,0.0,0.0,[],[]
2021-12-15T15:45:00-05:00,2021-12-15,XOM,24h,0,0.0,0.0,0.0,[],[]
2021-12-16T15:45:00-05:00,2021-12-16,XOM,24h,0,0.0,0.0,0.0,[],[]
2021-12-17T15:45:00-05:00,2021-12-17,XOM,24h,0,0.0,0.0,0.0,[],[]
2021-12-20T15:45:00-05:00,2021-12-20,XOM,24h,0,0.0,0.0,0.0,[],[]
2021-12-21T15:45:00-05:00,2021-12-21,XOM,24h,0,0.0,0.0,0.0,[],[]
2021-12-22T15:45:00-05:00,2021-12-22,XOM,24h,0,0.0,0.0,0.0,[],[]
2021-12-23T15:45:00-05:00,2021-12-23,XOM,24h,0,0.0,0.0,0.0,[],[]
2021-12-24T15:45:00-05:00,2021-12-24,XOM,24h,0,0.0,0.0,0.0,[],[]
2021-12-27T15:45:00-05:00,2021-12-27,XOM,24h,0,0.0,0.0,0.0,[],[]
2021-12-28T15:45:00-05:00,2021-12-28,XOM,24h,0,0.0,0.0,0.0,[],[]
2021-12-29T15:45:00-05:00,2021-12-29,XOM,24h,0,0.0,0.0,0.0,[],[]
2021-12-30T15:45:00-05:00,2021-12-30,XOM,24h,0,0.0,0.0,0.0,[],[]
2021-12-31T15:45:00-05:00,2021-12-31,XOM,24h,0,0.0,0.0,0.0,[],[]
2022-01-03T15:45:00-05:00,2022-01-03,XOM,24h,0,0.0,0.0,0.0,[],[]
2022-01-04T15:45:00-05:00,2022-01-04,XOM,24h,0,0.0,0.0,0.0,[],[]
2022-01-05T15:45:00-05:00,2022-01-05,XOM,24h,0,0.0,0.0,0.0,[],[]
2022-01-06T15:45:00-05:00,2022-01-06,XOM,24h,0,0.0,0.0,0.0,[],[]
2022-01-07T15:45:00-05:00,2022-01-07,XOM,24h,0,0.0,0.0,0.0,[],[]
2022-01-10T15:45:00-05:00,2022-01-10,XOM,24h,0,0.0,0.0,0.0,[],[]
2022-01-11T15:45:00-05:00,2022-01-11,XOM,24h,0,0.0,0.0,0.0,[],[]
2022-01-12T15:45:00-05:00,2022-01-12,XOM,24h,0,0.0,0.0,0.0,[],[]
2022-01-13T15:45:00-05:00,2022-01-13,XOM,24h,0,0.0,0.0,0.0,[],[]
2022-01-14T15:45:00-05:00,2022-01-14,XOM,24h,0,0.0,0.0,0.0,[],[]
2022-01-17T15:45:00-05:00,2022-01-17,XOM,24h,0,0.0,0.0,0.0,[],[]
2022-01-18T15:45:00-05:00,2022-01-18,XOM,24h,0,0.0,0.0,0.0,[],[]
2022-01-19T15:45:00-05:00,2022-01-19,XOM,24h,0,0.0,0.0,0.0,[],[]
2022-01-20T15:45:00-05:00,2022-01-20,XOM,24h,0,0.0,0.0,0.0,[],[]
2022-01-21T15:45:00-05:00,2022-01-21,XOM,24h,0,0.0,0.0,0.0,[],[]
2022-01-24T15:45:00-05:00,2022-01-24,XOM,24h,0,0.0,0.0,0.0,[],[]
2022-01-25T15:45:00-05:00,2022-01-25,XOM,24h,0,0.0,0.0,0.0,[],[]
2022-01-26T15:45:00-05:00,2022-01-26,XOM,24h,0,0.0,0.0,0.0,[],[]
2022-01-27T15:45:00-05:00,2022-01-27,XOM,24h,0,0.0,0.0,0.0,[],[]
2022-01-28T15:45:00-05:00,2022-01-28,XOM,24h,0,0.0,0.0,0.0,[],[]
2022-01-31T15:45:00-05:00,2022-01-31,XOM,24h,0,0.0,0.0,0.0,[],[]
2022-02-01T15:45:00-05:00,2022-02-01,XOM,24h,0,0.0,0.0,0.0,[],[]
2022-02-02T15:45:00-05:00,2022-02-02,XOM,24h,0,0.0,0.0,0.0,[],[]
2022-02-03T15:45:00-05:00,2022-02-03,XOM,24h,0,0.0,0.0,0.0,[],[]
2022-02-04T15:45:00-05:00,2022-02-04,XOM,24h,0,0.0,0.0,0.0,[],[]
2022-02-07T15:45:00-05:00,2022-02-07,XOM,24h,0,0.0,0.0,0.0,[],[]
2022-02-08T15:45:00-05:00,2022-02-08,XOM,24h,0,0.0,0.0,0.0,[],[]
2022-02-09T15:45:00-05:00,2022-02-09,XOM,24h,0,0.0,0.0,0.0,[],[]
2022-02-10T15:45:00-05:00,2022-02-10,XOM,24h,0,0.0,0.0,0.0,[],[]
2022-02-11T15:45:00-05:00,2022-02-11,XOM,24h,0,0.0,0.0,0.0,[],[]
2022-02-14T15:45:00-05:00,2022-02-14,XOM,24h,0,0.0,0.0,0.0,[],[]
2022-02-15T15:45:00-05:00,2022-02-15,XOM,24h,0,0.0,0.0,0.0,[],[]
2022-02-16T15:45:00-05:00,2022-02-16,XOM,24h,0,0.0,0.0,0.0,[],[]
2022-02-17T15:45:00-05:00,2022-02-17,XOM,24h,0,0.0,0.0,0.0,[],[]
2022-02-18T15:45:00-05:00,2022-02-18,XOM,24h,0,0.0,0.0,0.0,[],[]
2022-02-21T15:45:00-05:00,2022-02-21,XOM,24h,0,0.0,0.0,0.0,[],[]
2022-02-22T15:45:00-05:00,2022-02-22,XOM,24h,0,0.0,0.0,0.0,[],[]
2022-02-23T15:45:00-05:00,2022-02-23,XOM,24h,0,0.0,0.0,0.0,[],[]
2022-02-24T15:45:00-05:00,2022-02-24,XOM,24h,0,0.0,0.0,0.0,[],[]
2022-02-25T15:45:00-05:00,2022-02-25,XOM,24h,0,0.0,0.0,0.0,[],[]
2022-02-28T15:45:00-05:00,2022-02-28,XOM,24h,0,0.0,0.0,0.0,[],[]
2022-03-01T15:45:00-05:00,2022-03-01,XOM,24h,0,0.0,0.0,0.0,[],[]
2022-03-02T15:45:00-05:00,2022-03-02,XOM,24h,0,0.0,0.0,0.0,[],[]
2022-03-03T15:45:00-05:00,2022-03-03,XOM,24h,0,0.0,0.0,0.0,[],[]
2022-03-04T15:45:00-05:00,2022-03-04,XOM,24h,0,0.0,0.0,0.0,[],[]
2022-03-07T15:45:00-05:00,2022-03-07,XOM,24h,0,0.0,0.0,0.0,[],[]
2022-03-08T15:45:00-05:00,2022-03-08,XOM,24h,0,0.0,0.0,0.0,[],[]
2022-03-09T15:45:00-05:00,2022-03-09,XOM,24h,0,0.0,0.0,0.0,[],[]
2022-03-10T15:45:00-05:00,2022-03-10,XOM,24h,0,0.0,0.0,0.0,[],[]
2022-03-11T15:45:00-05:00,2022-03-11,XOM,24h,0,0.0,0.0,0.0,[],[]
2022-03-14T15:45:00-04:00,2022-03-14,XOM,24h,0,0.0,0.0,0.0,[],[]
2022-03-15T15:45:00-04:00,2022-03-15,XOM,24h,0,0.0,0.0,0.0,[],[]
2022-03-16T15:45:00-04:00,2022-03-16,XOM,24h,0,0.0,0.0,0.0,[],[]
2022-03-17T15:45:00-04:00,2022-03-17,XOM,24h,0,0.0,0.0,0.0,[],[]
2022-03-18T15:45:00-04:00,2022-03-18,XOM,24h,0,0.0,0.0,0.0,[],[]
2022-03-21T15:45:00-04:00,2022-03-21,XOM,24h,0,0.0,0.0,0.0,[],[]
2022-03-22T15:45:00-04:00,2022-03-22,XOM,24h,0,0.0,0.0,0.0,[],[]
2022-03-23T15:45:00-04:00,2022-03-23,XOM,24h,1,0.0,0.0,0.0,"[""litigation""]","[""sec_edgar""]"
2022-03-24T15:45:00-04:00,2022-03-24,XOM,24h,0,0.0,0.0,0.0,[],[]
2022-03-25T15:45:00-04:00,2022-03-25,XOM,24h,0,0.0,0.0,0.0,[],[]
2022-03-28T15:45:00-04:00,2022-03-28,XOM,24h,0,0.0,0.0,0.0,[],[]
2022-03-29T15:45:00-04:00,2022-03-29,XOM,24h,0,0.0,0.0,0.0,[],[]
2022-03-30T15:45:00-04:00,2022-03-30,XOM,24h,0,0.0,0.0,0.0,[],[]
2022-03-31T15:45:00-04:00,2022-03-31,XOM,24h,0,0.0,0.0,0.0,[],[]
2022-04-01T15:45:00-04:00,2022-04-01,XOM,24h,0,0.0,0.0,0.0,[],[]
2022-04-04T15:45:00-04:00,2022-04-04,XOM,24h,0,0.0,0.0,0.0,[],[]
2022-04-05T15:45:00-04:00,2022-04-05,XOM,24h,0,0.0,0.0,0.0,[],[]
2022-04-06T15:45:00-04:00,2022-04-06,XOM,24h,0,0.0,0.0,0.0,[],[]
2022-04-07T15:45:00-04:00,2022-04-07,XOM,24h,0,0.0,0.0,0.0,[],[]
2022-04-08T15:45:00-04:00,2022-04-08,XOM,24h,0,0.0,0.0,0.0,[],[]
2022-04-11T15:45:00-04:00,2022-04-11,XOM,24h,0,0.0,0.0,0.0,[],[]
2022-04-12T15:45:00-04:00,2022-04-12,XOM,24h,0,0.0,0.0,0.0,[],[]
2022-04-13T15:45:00-04:00,2022-04-13,XOM,24h,0,0.0,0.0,0.0,[],[]
2022-04-14T15:45:00-04:00,2022-04-14,XOM,24h,0,0.0,0.0,0.0,[],[]
2022-04-15T15:45:00-04:00,2022-04-15,XOM,24h,0,0.0,0.0,0.0,[],[]
2022-04-18T15:45:00-04:00,2022-04-18,XOM,24h,0,0.0,0.0,0.0,[],[]
2022-04-19T15:45:00-04:00,2022-04-19,XOM,24h,0,0.0,0.0,0.0,[],[]
2022-04-20T15:45:00-04:00,2022-04-20,XOM,24h,0,0.0,0.0,0.0,[],[]
2022-04-21T15:45:00-04:00,2022-04-21,XOM,24h,0,0.0,0.0,0.0,[],[]
2022-04-22T15:45:00-04:00,2022-04-22,XOM,24h,0,0.0,0.0,0.0,[],[]
2022-04-25T15:45:00-04:00,2022-04-25,XOM,24h,0,0.0,0.0,0.0,[],[]
2022-04-26T15:45:00-04:00,2022-04-26,XOM,24h,0,0.0,0.0,0.0,[],[]
2022-04-27T15:45:00-04:00,2022-04-27,XOM,24h,0,0.0,0.0,0.0,[],[]
2022-04-28T15:45:00-04:00,2022-04-28,XOM,24h,0,0.0,0.0,0.0,[],[]
2022-04-29T15:45:00-04:00,2022-04-29,XOM,24h,0,0.0,0.0,0.0,[],[]
2022-05-02T15:45:00-04:00,2022-05-02,XOM,24h,0,0.0,0.0,0.0,[],[]
2022-05-03T15:45:00-04:00,2022-05-03,XOM,24h,0,0.0,0.0,0.0,[],[]
2022-05-04T15:45:00-04:00,2022-05-04,XOM,24h,0,0.0,0.0,0.0,[],[]
2022-05-05T15:45:00-04:00,2022-05-05,XOM,24h,0,0.0,0.0,0.0,[],[]
2022-05-06T15:45:00-04:00,2022-05-06,XOM,24h,0,0.0,0.0,0.0,[],[]
2022-05-09T15:45:00-04:00,2022-05-09,XOM,24h,0,0.0,0.0,0.0,[],[]
2022-05-10T15:45:00-04:00,2022-05-10,XOM,24h,0,0.0,0.0,0.0,[],[]
2022-05-11T15:45:00-04:00,2022-05-11,XOM,24h,0,0.0,0.0,0.0,[],[]
2022-05-12T15:45:00-04:00,2022-05-12,XOM,24h,0,0.0,0.0,0.0,[],[]
2022-05-13T15:45:00-04:00,2022-05-13,XOM,24h,0,0.0,0.0,0.0,[],[]
2022-05-16T15:45:00-04:00,2022-05-16,XOM,24h,0,0.0,0.0,0.0,[],[]
2022-05-17T15:45:00-04:00,2022-05-17,XOM,24h,0,0.0,0.0,0.0,[],[]
2022-05-18T15:45:00-04:00,2022-05-18,XOM,24h,0,0.0,0.0,0.0,[],[]
2022-05-19T15:45:00-04:00,2022-05-19,XOM,24h,0,0.0,0.0,0.0,[],[]
2022-05-20T15:45:00-04:00,2022-05-20,XOM,24h,0,0.0,0.0,0.0,[],[]
2022-05-23T15:45:00-04:00,2022-05-23,XOM,24h,0,0.0,0.0,0.0,[],[]
2022-05-24T15:45:00-04:00,2022-05-24,XOM,24h,0,0.0,0.0,0.0,[],[]
2022-05-25T15:45:00-04:00,2022-05-25,XOM,24h,0,0.0,0.0,0.0,[],[]
2022-05-26T15:45:00-04:00,2022-05-26,XOM,24h,0,0.0,0.0,0.0,[],[]
2022-05-27T15:45:00-04:00,2022-05-27,XOM,24h,0,0.0,0.0,0.0,[],[]
2022-05-30T15:45:00-04:00,2022-05-30,XOM,24h,0,0.0,0.0,0.0,[],[]
2022-05-31T15:45:00-04:00,2022-05-31,XOM,24h,0,0.0,0.0,0.0,[],[]
2022-06-01T15:45:00-04:00,2022-06-01,XOM,24h,1,0.0,0.0,0.0,"[""litigation""]","[""sec_edgar""]"
2022-06-02T15:45:00-04:00,2022-06-02,XOM,24h,0,0.0,0.0,0.0,[],[]
2022-06-03T15:45:00-04:00,2022-06-03,XOM,24h,0,0.0,0.0,0.0,[],[]
2022-06-06T15:45:00-04:00,2022-06-06,XOM,24h,0,0.0,0.0,0.0,[],[]
2022-06-07T15:45:00-04:00,2022-06-07,XOM,24h,0,0.0,0.0,0.0,[],[]
2022-06-08T15:45:00-04:00,2022-06-08,XOM,24h,0,0.0,0.0,0.0,[],[]
2022-06-09T15:45:00-04:00,2022-06-09,XOM,24h,0,0.0,0.0,0.0,[],[]
2022-06-10T15:45:00-04:00,2022-06-10,XOM,24h,0,0.0,0.0,0.0,[],[]
2022-06-13T15:45:00-04:00,2022-06-13,XOM,24h,0,0.0,0.0,0.0,[],[]
2022-06-14T15:45:00-04:00,2022-06-14,XOM,24h,0,0.0,0.0,0.0,[],[]
2022-06-15T15:45:00-04:00,2022-06-15,XOM,24h,0,0.0,0.0,0.0,[],[]
2022-06-16T15:45:00-04:00,2022-06-16,XOM,24h,0,0.0,0.0,0.0,[],[]
2022-06-17T15:45:00-04:00,2022-06-17,XOM,24h,0,0.0,0.0,0.0,[],[]
2022-06-20T15:45:00-04:00,2022-06-20,XOM,24h,0,0.0,0.0,0.0,[],[]
2022-06-21T15:45:00-04:00,2022-06-21,XOM,24h,0,0.0,0.0,0.0,[],[]
2022-06-22T15:45:00-04:00,2022-06-22,XOM,24h,0,0.0,0.0,0.0,[],[]
2022-06-23T15:45:00-04:00,2022-06-23,XOM,24h,0,0.0,0.0,0.0,[],[]
2022-06-24T15:45:00-04:00,2022-06-24,XOM,24h,0,0.0,0.0,0.0,[],[]
2022-06-27T15:45:00-04:00,2022-06-27,XOM,24h,0,0.0,0.0,0.0,[],[]
2022-06-28T15:45:00-04:00,2022-06-28,XOM,24h,0,0.0,0.0,0.0,[],[]
2022-06-29T15:45:00-04:00,2022-06-29,XOM,24h,0,0.0,0.0,0.0,[],[]
2022-06-30T15:45:00-04:00,2022-06-30,XOM,24h,0,0.0,0.0,0.0,[],[]
2022-07-01T15:45:00-04:00,2022-07-01,XOM,24h,0,0.0,0.0,0.0,[],[]
2022-07-04T15:45:00-04:00,2022-07-04,XOM,24h,0,0.0,0.0,0.0,[],[]
2022-07-05T15:45:00-04:00,2022-07-05,XOM,24h,0,0.0,0.0,0.0,[],[]
2022-07-06T15:45:00-04:00,2022-07-06,XOM,24h,0,0.0,0.0,0.0,[],[]
2022-07-07T15:45:00-04:00,2022-07-07,XOM,24h,0,0.0,0.0,0.0,[],[]
2022-07-08T15:45:00-04:00,2022-07-08,XOM,24h,0,0.0,0.0,0.0,[],[]
2022-07-11T15:45:00-04:00,2022-07-11,XOM,24h,0,0.0,0.0,0.0,[],[]
2022-07-12T15:45:00-04:00,2022-07-12,XOM,24h,0,0.0,0.0,0.0,[],[]
2022-07-13T15:45:00-04:00,2022-07-13,XOM,24h,0,0.0,0.0,0.0,[],[]
2022-07-14T15:45:00-04:00,2022-07-14,XOM,24h,0,0.0,0.0,0.0,[],[]
2022-07-15T15:45:00-04:00,2022-07-15,XOM,24h,0,0.0,0.0,0.0,[],[]
2022-07-18T15:45:00-04:00,2022-07-18,XOM,24h,0,0.0,0.0,0.0,[],[]
2022-07-19T15:45:00-04:00,2022-07-19,XOM,24h,0,0.0,0.0,0.0,[],[]
2022-07-20T15:45:00-04:00,2022-07-20,XOM,24h,0,0.0,0.0,0.0,[],[]
2022-07-21T15:45:00-04:00,2022-07-21,XOM,24h,0,0.0,0.0,0.0,[],[]
2022-07-22T15:45:00-04:00,2022-07-22,XOM,24h,0,0.0,0.0,0.0,[],[]
2022-07-25T15:45:00-04:00,2022-07-25,XOM,24h,0,0.0,0.0,0.0,[],[]
2022-07-26T15:45:00-04:00,2022-07-26,XOM,24h,0,0.0,0.0,0.0,[],[]
2022-07-27T15:45:00-04:00,2022-07-27,XOM,24h,0,0.0,0.0,0.0,[],[]
2022-07-28T15:45:00-04:00,2022-07-28,XOM,24h,0,0.0,0.0,0.0,[],[]
2022-07-29T15:45:00-04:00,2022-07-29,XOM,24h,0,0.0,0.0,0.0,[],[]
2022-08-01T15:45:00-04:00,2022-08-01,XOM,24h,0,0.0,0.0,0.0,[],[]
2022-08-02T15:45:00-04:00,2022-08-02,XOM,24h,0,0.0,0.0,0.0,[],[]
2022-08-03T15:45:00-04:00,2022-08-03,XOM,24h,0,0.0,0.0,0.0,[],[]
2022-08-04T15:45:00-04:00,2022-08-04,XOM,24h,0,0.0,0.0,0.0,[],[]
2022-08-05T15:45:00-04:00,2022-08-05,XOM,24h,0,0.0,0.0,0.0,[],[]
2022-08-08T15:45:00-04:00,2022-08-08,XOM,24h,0,0.0,0.0,0.0,[],[]
2022-08-09T15:45:00-04:00,2022-08-09,XOM,24h,0,0.0,0.0,0.0,[],[]
2022-08-10T15:45:00-04:00,2022-08-10,XOM,24h,0,0.0,0.0,0.0,[],[]
2022-08-11T15:45:00-04:00,2022-08-11,XOM,24h,0,0.0,0.0,0.0,[],[]
2022-08-12T15:45:00-04:00,2022-08-12,XOM,24h,0,0.0,0.0,0.0,[],[]
2022-08-15T15:45:00-04:00,2022-08-15,XOM,24h,0,0.0,0.0,0.0,[],[]
2022-08-16T15:45:00-04:00,2022-08-16,XOM,24h,0,0.0,0.0,0.0,[],[]
2022-08-17T15:45:00-04:00,2022-08-17,XOM,24h,0,0.0,0.0,0.0,[],[]
2022-08-18T15:45:00-04:00,2022-08-18,XOM,24h,0,0.0,0.0,0.0,[],[]
2022-08-19T15:45:00-04:00,2022-08-19,XOM,24h,0,0.0,0.0,0.0,[],[]
2022-08-22T15:45:00-04:00,2022-08-22,XOM,24h,0,0.0,0.0,0.0,[],[]
2022-08-23T15:45:00-04:00,2022-08-23,XOM,24h,0,0.0,0.0,0.0,[],[]
2022-08-24T15:45:00-04:00,2022-08-24,XOM,24h,0,0.0,0.0,0.0,[],[]
2022-08-25T15:45:00-04:00,2022-08-25,XOM,24h,0,0.0,0.0,0.0,[],[]
2022-08-26T15:45:00-04:00,2022-08-26,XOM,24h,0,0.0,0.0,0.0,[],[]
2022-08-29T15:45:00-04:00,2022-08-29,XOM,24h,0,0.0,0.0,0.0,[],[]
2022-08-30T15:45:00-04:00,2022-08-30,XOM,24h,0,0.0,0.0,0.0,[],[]
2022-08-31T15:45:00-04:00,2022-08-31,XOM,24h,0,0.0,0.0,0.0,[],[]
2022-09-01T15:45:00-04:00,2022-09-01,XOM,24h,0,0.0,0.0,0.0,[],[]
2022-09-02T15:45:00-04:00,2022-09-02,XOM,24h,0,0.0,0.0,0.0,[],[]
2022-09-05T15:45:00-04:00,2022-09-05,XOM,24h,0,0.0,0.0,0.0,[],[]
2022-09-06T15:45:00-04:00,2022-09-06,XOM,24h,0,0.0,0.0,0.0,[],[]
2022-09-07T15:45:00-04:00,2022-09-07,XOM,24h,0,0.0,0.0,0.0,[],[]
2022-09-08T15:45:00-04:00,2022-09-08,XOM,24h,0,0.0,0.0,0.0,[],[]
2022-09-09T15:45:00-04:00,2022-09-09,XOM,24h,0,0.0,0.0,0.0,[],[]
2022-09-12T15:45:00-04:00,2022-09-12,XOM,24h,0,0.0,0.0,0.0,[],[]
2022-09-13T15:45:00-04:00,2022-09-13,XOM,24h,0,0.0,0.0,0.0,[],[]
2022-09-14T15:45:00-04:00,2022-09-14,XOM,24h,0,0.0,0.0,0.0,[],[]
2022-09-15T15:45:00-04:00,2022-09-15,XOM,24h,0,0.0,0.0,0.0,[],[]
2022-09-16T15:45:00-04:00,2022-09-16,XOM,24h,0,0.0,0.0,0.0,[],[]
2022-09-19T15:45:00-04:00,2022-09-19,XOM,24h,0,0.0,0.0,0.0,[],[]
2022-09-20T15:45:00-04:00,2022-09-20,XOM,24h,0,0.0,0.0,0.0,[],[]
2022-09-21T15:45:00-04:00,2022-09-21,XOM,24h,0,0.0,0.0,0.0,[],[]
2022-09-22T15:45:00-04:00,2022-09-22,XOM,24h,0,0.0,0.0,0.0,[],[]
2022-09-23T15:45:00-04:00,2022-09-23,XOM,24h,0,0.0,0.0,0.0,[],[]
2022-09-26T15:45:00-04:00,2022-09-26,XOM,24h,0,0.0,0.0,0.0,[],[]
2022-09-27T15:45:00-04:00,2022-09-27,XOM,24h,0,0.0,0.0,0.0,[],[]
2022-09-28T15:45:00-04:00,2022-09-28,XOM,24h,0,0.0,0.0,0.0,[],[]
2022-09-29T15:45:00-04:00,2022-09-29,XOM,24h,0,0.0,0.0,0.0,[],[]
2022-09-30T15:45:00-04:00,2022-09-30,XOM,24h,0,0.0,0.0,0.0,[],[]
2022-10-03T15:45:00-04:00,2022-10-03,XOM,24h,0,0.0,0.0,0.0,[],[]
2022-10-04T15:45:00-04:00,2022-10-04,XOM,24h,0,0.0,0.0,0.0,[],[]
2022-10-05T15:45:00-04:00,2022-10-05,XOM,24h,0,0.0,0.0,0.0,[],[]
2022-10-06T15:45:00-04:00,2022-10-06,XOM,24h,0,0.0,0.0,0.0,[],[]
2022-10-07T15:45:00-04:00,2022-10-07,XOM,24h,0,0.0,0.0,0.0,[],[]
2022-10-10T15:45:00-04:00,2022-10-10,XOM,24h,0,0.0,0.0,0.0,[],[]
2022-10-11T15:45:00-04:00,2022-10-11,XOM,24h,0,0.0,0.0,0.0,[],[]
2022-10-12T15:45:00-04:00,2022-10-12,XOM,24h,0,0.0,0.0,0.0,[],[]
2022-10-13T15:45:00-04:00,2022-10-13,XOM,24h,0,0.0,0.0,0.0,[],[]
2022-10-14T15:45:00-04:00,2022-10-14,XOM,24h,0,0.0,0.0,0.0,[],[]
2022-10-17T15:45:00-04:00,2022-10-17,XOM,24h,0,0.0,0.0,0.0,[],[]
2022-10-18T15:45:00-04:00,2022-10-18,XOM,24h,0,0.0,0.0,0.0,[],[]
2022-10-19T15:45:00-04:00,2022-10-19,XOM,24h,0,0.0,0.0,0.0,[],[]
2022-10-20T15:45:00-04:00,2022-10-20,XOM,24h,0,0.0,0.0,0.0,[],[]
2022-10-21T15:45:00-04:00,2022-10-21,XOM,24h,0,0.0,0.0,0.0,[],[]
2022-10-24T15:45:00-04:00,2022-10-24,XOM,24h,0,0.0,0.0,0.0,[],[]
2022-10-25T15:45:00-04:00,2022-10-25,XOM,24h,0,0.0,0.0,0.0,[],[]
2022-10-26T15:45:00-04:00,2022-10-26,XOM,24h,0,0.0,0.0,0.0,[],[]
2022-10-27T15:45:00-04:00,2022-10-27,XOM,24h,0,0.0,0.0,0.0,[],[]
2022-10-28T15:45:00-04:00,2022-10-28,XOM,24h,1,0.0,0.0,0.0,"[""earnings"", ""litigation""]","[""sec_edgar""]"
2022-10-31T15:45:00-04:00,2022-10-31,XOM,24h,0,0.0,0.0,0.0,[],[]
2022-11-01T15:45:00-04:00,2022-11-01,XOM,24h,2,0.0,0.0,0.0,"[""litigation""]","[""sec_edgar""]"
2022-11-02T15:45:00-04:00,2022-11-02,XOM,24h,0,0.0,0.0,0.0,[],[]
2022-11-03T15:45:00-04:00,2022-11-03,XOM,24h,0,0.0,0.0,0.0,[],[]
2022-11-04T15:45:00-04:00,2022-11-04,XOM,24h,0,0.0,0.0,0.0,[],[]
2022-11-07T15:45:00-05:00,2022-11-07,XOM,24h,0,0.0,0.0,0.0,[],[]
2022-11-08T15:45:00-05:00,2022-11-08,XOM,24h,0,0.0,0.0,0.0,[],[]
2022-11-09T15:45:00-05:00,2022-11-09,XOM,24h,0,0.0,0.0,0.0,[],[]
2022-11-10T15:45:00-05:00,2022-11-10,XOM,24h,0,0.0,0.0,0.0,[],[]
2022-11-11T15:45:00-05:00,2022-11-11,XOM,24h,0,0.0,0.0,0.0,[],[]
2022-11-14T15:45:00-05:00,2022-11-14,XOM,24h,0,0.0,0.0,0.0,[],[]
2022-11-15T15:45:00-05:00,2022-11-15,XOM,24h,0,0.0,0.0,0.0,[],[]
2022-11-16T15:45:00-05:00,2022-11-16,XOM,24h,0,0.0,0.0,0.0,[],[]
2022-11-17T15:45:00-05:00,2022-11-17,XOM,24h,0,0.0,0.0,0.0,[],[]
2022-11-18T15:45:00-05:00,2022-11-18,XOM,24h,0,0.0,0.0,0.0,[],[]
2022-11-21T15:45:00-05:00,2022-11-21,XOM,24h,0,0.0,0.0,0.0,[],[]
2022-11-22T15:45:00-05:00,2022-11-22,XOM,24h,0,0.0,0.0,0.0,[],[]
2022-11-23T15:45:00-05:00,2022-11-23,XOM,24h,0,0.0,0.0,0.0,[],[]
2022-11-24T15:45:00-05:00,2022-11-24,XOM,24h,0,0.0,0.0,0.0,[],[]
2022-11-25T15:45:00-05:00,2022-11-25,XOM,24h,0,0.0,0.0,0.0,[],[]
2022-11-28T15:45:00-05:00,2022-11-28,XOM,24h,0,0.0,0.0,0.0,[],[]
2022-11-29T15:45:00-05:00,2022-11-29,XOM,24h,0,0.0,0.0,0.0,[],[]
2022-11-30T15:45:00-05:00,2022-11-30,XOM,24h,0,0.0,0.0,0.0,[],[]
2022-12-01T15:45:00-05:00,2022-12-01,XOM,24h,0,0.0,0.0,0.0,[],[]
2022-12-02T15:45:00-05:00,2022-12-02,XOM,24h,0,0.0,0.0,0.0,[],[]
2022-12-05T15:45:00-05:00,2022-12-05,XOM,24h,0,0.0,0.0,0.0,[],[]
2022-12-06T15:45:00-05:00,2022-12-06,XOM,24h,0,0.0,0.0,0.0,[],[]
2022-12-07T15:45:00-05:00,2022-12-07,XOM,24h,0,0.0,0.0,0.0,[],[]
2022-12-08T15:45:00-05:00,2022-12-08,XOM,24h,0,0.0,0.0,0.0,[],[]
2022-12-09T15:45:00-05:00,2022-12-09,XOM,24h,0,0.0,0.0,0.0,[],[]
2022-12-12T15:45:00-05:00,2022-12-12,XOM,24h,0,0.0,0.0,0.0,[],[]
2022-12-13T15:45:00-05:00,2022-12-13,XOM,24h,0,0.0,0.0,0.0,[],[]
2022-12-14T15:45:00-05:00,2022-12-14,XOM,24h,0,0.0,0.0,0.0,[],[]
2022-12-15T15:45:00-05:00,2022-12-15,XOM,24h,0,0.0,0.0,0.0,[],[]
2022-12-16T15:45:00-05:00,2022-12-16,XOM,24h,0,0.0,0.0,0.0,[],[]
2022-12-19T15:45:00-05:00,2022-12-19,XOM,24h,0,0.0,0.0,0.0,[],[]
2022-12-20T15:45:00-05:00,2022-12-20,XOM,24h,0,0.0,0.0,0.0,[],[]
2022-12-21T15:45:00-05:00,2022-12-21,XOM,24h,0,0.0,0.0,0.0,[],[]
2022-12-22T15:45:00-05:00,2022-12-22,XOM,24h,0,0.0,0.0,0.0,[],[]
2022-12-23T15:45:00-05:00,2022-12-23,XOM,24h,0,0.0,0.0,0.0,[],[]
2022-12-26T15:45:00-05:00,2022-12-26,XOM,24h,0,0.0,0.0,0.0,[],[]
2022-12-27T15:45:00-05:00,2022-12-27,XOM,24h,0,0.0,0.0,0.0,[],[]
2022-12-28T15:45:00-05:00,2022-12-28,XOM,24h,0,0.0,0.0,0.0,[],[]
2022-12-29T15:45:00-05:00,2022-12-29,XOM,24h,0,0.0,0.0,0.0,[],[]
2022-12-30T15:45:00-05:00,2022-12-30,XOM,24h,0,0.0,0.0,0.0,[],[]
2020-01-01T15:45:00-05:00,2020-01-01,COST,24h,1,0.793,0.793,0.0,[],"[""benzinga""]"
2020-01-02T15:45:00-05:00,2020-01-02,COST,24h,0,0.0,0.0,0.0,[],[]
2020-01-03T15:45:00-05:00,2020-01-03,COST,24h,0,0.0,0.0,0.0,[],[]
2020-01-06T15:45:00-05:00,2020-01-06,COST,24h,0,0.0,0.0,0.0,[],[]
2020-01-07T15:45:00-05:00,2020-01-07,COST,24h,0,0.0,0.0,0.0,[],[]
2020-01-08T15:45:00-05:00,2020-01-08,COST,24h,0,0.0,0.0,0.0,[],[]
2020-01-09T15:45:00-05:00,2020-01-09,COST,24h,1,0.0,0.0,0.0,[],"[""reuters""]"
2020-01-10T15:45:00-05:00,2020-01-10,COST,24h,0,0.0,0.0,0.0,[],[]
2020-01-13T15:45:00-05:00,2020-01-13,COST,24h,0,0.0,0.0,0.0,[],[]
2020-01-14T15:45:00-05:00,2020-01-14,COST,24h,0,0.0,0.0,0.0,[],[]
2020-01-15T15:45:00-05:00,2020-01-15,COST,24h,0,0.0,0.0,0.0,[],[]
2020-01-16T15:45:00-05:00,2020-01-16,COST,24h,0,0.0,0.0,0.0,[],[]
2020-01-17T15:45:00-05:00,2020-01-17,COST,24h,1,0.8979,0.8979,0.0,[],"[""businesswire""]"
2020-01-20T15:45:00-05:00,2020-01-20,COST,24h,0,0.0,0.0,0.0,[],[]
2020-01-21T15:45:00-05:00,2020-01-21,COST,24h,0,0.0,0.0,0.0,[],[]
2020-01-22T15:45:00-05:00,2020-01-22,COST,24h,0,0.0,0.0,0.0,[],[]
2020-01-23T15:45:00-05:00,2020-01-23,COST,24h,0,0.0,0.0,0.0,[],[]
2020-01-24T15:45:00-05:00,2020-01-24,COST,24h,0,0.0,0.0,0.0,[],[]
2020-01-27T15:45:00-05:00,2020-01-27,COST,24h,0,0.0,0.0,0.0,[],[]
2020-01-28T15:45:00-05:00,2020-01-28,COST,24h,0,0.0,0.0,0.0,[],[]
2020-01-29T15:45:00-05:00,2020-01-29,COST,24h,0,0.0,0.0,0.0,[],[]
2020-01-30T15:45:00-05:00,2020-01-30,COST,24h,0,0.0,0.0,0.0,[],[]
2020-01-31T15:45:00-05:00,2020-01-31,COST,24h,0,0.0,0.0,0.0,[],[]
2020-02-03T15:45:00-05:00,2020-02-03,COST,24h,0,0.0,0.0,0.0,[],[]
2020-02-04T15:45:00-05:00,2020-02-04,COST,24h,0,0.0,0.0,0.0,[],[]
2020-02-05T15:45:00-05:00,2020-02-05,COST,24h,0,0.0,0.0,0.0,[],[]
2020-02-06T15:45:00-05:00,2020-02-06,COST,24h,0,0.0,0.0,0.0,[],[]
2020-02-07T15:45:00-05:00,2020-02-07,COST,24h,0,0.0,0.0,0.0,[],[]
2020-02-10T15:45:00-05:00,2020-02-10,COST,24h,0,0.0,0.0,0.0,[],[]
2020-02-11T15:45:00-05:00,2020-02-11,COST,24h,0,0.0,0.0,0.0,[],[]
2020-02-12T15:45:00-05:00,2020-02-12,COST,24h,0,0.0,0.0,0.0,[],[]
2020-02-13T15:45:00-05:00,2020-02-13,COST,24h,0,0.0,0.0,0.0,[],[]
2020-02-14T15:45:00-05:00,2020-02-14,COST,24h,0,0.0,0.0,0.0,[],[]
2020-02-17T15:45:00-05:00,2020-02-17,COST,24h,0,0.0,0.0,0.0,[],[]
2020-02-18T15:45:00-05:00,2020-02-18,COST,24h,0,0.0,0.0,0.0,[],[]
2020-02-19T15:45:00-05:00,2020-02-19,COST,24h,0,0.0,0.0,0.0,[],[]
2020-02-20T15:45:00-05:00,2020-02-20,COST,24h,0,0.0,0.0,0.0,[],[]
2020-02-21T15:45:00-05:00,2020-02-21,COST,24h,0,0.0,0.0,0.0,[],[]
2020-02-24T15:45:00-05:00,2020-02-24,COST,24h,0,0.0,0.0,0.0,[],[]
2020-02-25T15:45:00-05:00,2020-02-25,COST,24h,0,0.0,0.0,0.0,[],[]
2020-02-26T15:45:00-05:00,2020-02-26,COST,24h,0,0.0,0.0,0.0,[],[]
2020-02-27T15:45:00-05:00,2020-02-27,COST,24h,0,0.0,0.0,0.0,[],[]
2020-02-28T15:45:00-05:00,2020-02-28,COST,24h,0,0.0,0.0,0.0,[],[]
2020-03-02T15:45:00-05:00,2020-03-02,COST,24h,0,0.0,0.0,0.0,[],[]
2020-03-03T15:45:00-05:00,2020-03-03,COST,24h,0,0.0,0.0,0.0,[],[]
2020-03-04T15:45:00-05:00,2020-03-04,COST,24h,0,0.0,0.0,0.0,[],[]
2020-03-05T15:45:00-05:00,2020-03-05,COST,24h,0,0.0,0.0,0.0,[],[]
2020-03-06T15:45:00-05:00,2020-03-06,COST,24h,0,0.0,0.0,0.0,[],[]
2020-03-09T15:45:00-04:00,2020-03-09,COST,24h,0,0.0,0.0,0.0,[],[]
2020-03-10T15:45:00-04:00,2020-03-10,COST,24h,0,0.0,0.0,0.0,[],[]
2020-03-11T15:45:00-04:00,2020-03-11,COST,24h,0,0.0,0.0,0.0,[],[]
2020-03-12T15:45:00-04:00,2020-03-12,COST,24h,0,0.0,0.0,0.0,[],[]
2020-03-13T15:45:00-04:00,2020-03-13,COST,24h,0,0.0,0.0,0.0,[],[]
2020-03-16T15:45:00-04:00,2020-03-16,COST,24h,0,0.0,0.0,0.0,[],[]
2020-03-17T15:45:00-04:00,2020-03-17,COST,24h,0,0.0,0.0,0.0,[],[]
2020-03-18T15:45:00-04:00,2020-03-18,COST,24h,0,0.0,0.0,0.0,[],[]
2020-03-19T15:45:00-04:00,2020-03-19,COST,24h,0,0.0,0.0,0.0,[],[]
2020-03-20T15:45:00-04:00,2020-03-20,COST,24h,0,0.0,0.0,0.0,[],[]
2020-03-23T15:45:00-04:00,2020-03-23,COST,24h,0,0.0,0.0,0.0,[],[]
2020-03-24T15:45:00-04:00,2020-03-24,COST,24h,0,0.0,0.0,0.0,[],[]
2020-03-25T15:45:00-04:00,2020-03-25,COST,24h,0,0.0,0.0,0.0,[],[]
2020-03-26T15:45:00-04:00,2020-03-26,COST,24h,0,0.0,0.0,0.0,[],[]
2020-03-27T15:45:00-04:00,2020-03-27,COST,24h,0,0.0,0.0,0.0,[],[]
2020-03-30T15:45:00-04:00,2020-03-30,COST,24h,0,0.0,0.0,0.0,[],[]
2020-03-31T15:45:00-04:00,2020-03-31,COST,24h,0,0.0,0.0,0.0,[],[]
2020-04-01T15:45:00-04:00,2020-04-01,COST,24h,0,0.0,0.0,0.0,[],[]
2020-04-02T15:45:00-04:00,2020-04-02,COST,24h,0,0.0,0.0,0.0,[],[]
2020-04-03T15:45:00-04:00,2020-04-03,COST,24h,0,0.0,0.0,0.0,[],[]
2020-04-06T15:45:00-04:00,2020-04-06,COST,24h,0,0.0,0.0,0.0,[],[]
2020-04-07T15:45:00-04:00,2020-04-07,COST,24h,0,0.0,0.0,0.0,[],[]
2020-04-08T15:45:00-04:00,2020-04-08,COST,24h,0,0.0,0.0,0.0,[],[]
2020-04-09T15:45:00-04:00,2020-04-09,COST,24h,0,0.0,0.0,0.0,[],[]
2020-04-10T15:45:00-04:00,2020-04-10,COST,24h,0,0.0,0.0,0.0,[],[]
2020-04-13T15:45:00-04:00,2020-04-13,COST,24h,0,0.0,0.0,0.0,[],[]
2020-04-14T15:45:00-04:00,2020-04-14,COST,24h,0,0.0,0.0,0.0,[],[]
2020-04-15T15:45:00-04:00,2020-04-15,COST,24h,0,0.0,0.0,0.0,[],[]
2020-04-16T15:45:00-04:00,2020-04-16,COST,24h,0,0.0,0.0,0.0,[],[]
2020-04-17T15:45:00-04:00,2020-04-17,COST,24h,0,0.0,0.0,0.0,[],[]
2020-04-20T15:45:00-04:00,2020-04-20,COST,24h,0,0.0,0.0,0.0,[],[]
2020-04-21T15:45:00-04:00,2020-04-21,COST,24h,0,0.0,0.0,0.0,[],[]
2020-04-22T15:45:00-04:00,2020-04-22,COST,24h,0,0.0,0.0,0.0,[],[]
2020-04-23T15:45:00-04:00,2020-04-23,COST,24h,0,0.0,0.0,0.0,[],[]
2020-04-24T15:45:00-04:00,2020-04-24,COST,24h,0,0.0,0.0,0.0,[],[]
2020-04-27T15:45:00-04:00,2020-04-27,COST,24h,0,0.0,0.0,0.0,[],[]
2020-04-28T15:45:00-04:00,2020-04-28,COST,24h,0,0.0,0.0,0.0,[],[]
2020-04-29T15:45:00-04:00,2020-04-29,COST,24h,0,0.0,0.0,0.0,[],[]
2020-04-30T15:45:00-04:00,2020-04-30,COST,24h,0,0.0,0.0,0.0,[],[]
2020-05-01T15:45:00-04:00,2020-05-01,COST,24h,0,0.0,0.0,0.0,[],[]
2020-05-04T15:45:00-04:00,2020-05-04,COST,24h,0,0.0,0.0,0.0,[],[]
2020-05-05T15:45:00-04:00,2020-05-05,COST,24h,0,0.0,0.0,0.0,[],[]
2020-05-06T15:45:00-04:00,2020-05-06,COST,24h,0,0.0,0.0,0.0,[],[]
2020-05-07T15:45:00-04:00,2020-05-07,COST,24h,0,0.0,0.0,0.0,[],[]
2020-05-08T15:45:00-04:00,2020-05-08,COST,24h,0,0.0,0.0,0.0,[],[]
2020-05-11T15:45:00-04:00,2020-05-11,COST,24h,0,0.0,0.0,0.0,[],[]
2020-05-12T15:45:00-04:00,2020-05-12,COST,24h,0,0.0,0.0,0.0,[],[]
2020-05-13T15:45:00-04:00,2020-05-13,COST,24h,0,0.0,0.0,0.0,[],[]
2020-05-14T15:45:00-04:00,2020-05-14,COST,24h,0,0.0,0.0,0.0,[],[]
2020-05-15T15:45:00-04:00,2020-05-15,COST,24h,0,0.0,0.0,0.0,[],[]
2020-05-18T15:45:00-04:00,2020-05-18,COST,24h,0,0.0,0.0,0.0,[],[]
2020-05-19T15:45:00-04:00,2020-05-19,COST,24h,0,0.0,0.0,0.0,[],[]
2020-05-20T15:45:00-04:00,2020-05-20,COST,24h,0,0.0,0.0,0.0,[],[]
2020-05-21T15:45:00-04:00,2020-05-21,COST,24h,0,0.0,0.0,0.0,[],[]
2020-05-22T15:45:00-04:00,2020-05-22,COST,24h,0,0.0,0.0,0.0,[],[]
2020-05-25T15:45:00-04:00,2020-05-25,COST,24h,0,0.0,0.0,0.0,[],[]
2020-05-26T15:45:00-04:00,2020-05-26,COST,24h,0,0.0,0.0,0.0,[],[]
2020-05-27T15:45:00-04:00,2020-05-27,COST,24h,0,0.0,0.0,0.0,[],[]
2020-05-28T15:45:00-04:00,2020-05-28,COST,24h,0,0.0,0.0,0.0,[],[]
2020-05-29T15:45:00-04:00,2020-05-29,COST,24h,0,0.0,0.0,0.0,[],[]
2020-06-01T15:45:00-04:00,2020-06-01,COST,24h,0,0.0,0.0,0.0,[],[]
2020-06-02T15:45:00-04:00,2020-06-02,COST,24h,0,0.0,0.0,0.0,[],[]
2020-06-03T15:45:00-04:00,2020-06-03,COST,24h,0,0.0,0.0,0.0,[],[]
2020-06-04T15:45:00-04:00,2020-06-04,COST,24h,0,0.0,0.0,0.0,[],[]
2020-06-05T15:45:00-04:00,2020-06-05,COST,24h,0,0.0,0.0,0.0,[],[]
2020-06-08T15:45:00-04:00,2020-06-08,COST,24h,0,0.0,0.0,0.0,[],[]
2020-06-09T15:45:00-04:00,2020-06-09,COST,24h,0,0.0,0.0,0.0,[],[]
2020-06-10T15:45:00-04:00,2020-06-10,COST,24h,0,0.0,0.0,0.0,[],[]
2020-06-11T15:45:00-04:00,2020-06-11,COST,24h,0,0.0,0.0,0.0,[],[]
2020-06-12T15:45:00-04:00,2020-06-12,COST,24h,0,0.0,0.0,0.0,[],[]
2020-06-15T15:45:00-04:00,2020-06-15,COST,24h,0,0.0,0.0,0.0,[],[]
2020-06-16T15:45:00-04:00,2020-06-16,COST,24h,0,0.0,0.0,0.0,[],[]
2020-06-17T15:45:00-04:00,2020-06-17,COST,24h,0,0.0,0.0,0.0,[],[]
2020-06-18T15:45:00-04:00,2020-06-18,COST,24h,0,0.0,0.0,0.0,[],[]
2020-06-19T15:45:00-04:00,2020-06-19,COST,24h,0,0.0,0.0,0.0,[],[]
2020-06-22T15:45:00-04:00,2020-06-22,COST,24h,0,0.0,0.0,0.0,[],[]
2020-06-23T15:45:00-04:00,2020-06-23,COST,24h,0,0.0,0.0,0.0,[],[]
2020-06-24T15:45:00-04:00,2020-06-24,COST,24h,0,0.0,0.0,0.0,[],[]
2020-06-25T15:45:00-04:00,2020-06-25,COST,24h,0,0.0,0.0,0.0,[],[]
2020-06-26T15:45:00-04:00,2020-06-26,COST,24h,0,0.0,0.0,0.0,[],[]
2020-06-29T15:45:00-04:00,2020-06-29,COST,24h,0,0.0,0.0,0.0,[],[]
2020-06-30T15:45:00-04:00,2020-06-30,COST,24h,0,0.0,0.0,0.0,[],[]
2020-07-01T15:45:00-04:00,2020-07-01,COST,24h,0,0.0,0.0,0.0,[],[]
2020-07-02T15:45:00-04:00,2020-07-02,COST,24h,0,0.0,0.0,0.0,[],[]
2020-07-03T15:45:00-04:00,2020-07-03,COST,24h,0,0.0,0.0,0.0,[],[]
2020-07-06T15:45:00-04:00,2020-07-06,COST,24h,0,0.0,0.0,0.0,[],[]
2020-07-07T15:45:00-04:00,2020-07-07,COST,24h,0,0.0,0.0,0.0,[],[]
2020-07-08T15:45:00-04:00,2020-07-08,COST,24h,0,0.0,0.0,0.0,[],[]
2020-07-09T15:45:00-04:00,2020-07-09,COST,24h,0,0.0,0.0,0.0,[],[]
2020-07-10T15:45:00-04:00,2020-07-10,COST,24h,0,0.0,0.0,0.0,[],[]
2020-07-13T15:45:00-04:00,2020-07-13,COST,24h,0,0.0,0.0,0.0,[],[]
2020-07-14T15:45:00-04:00,2020-07-14,COST,24h,0,0.0,0.0,0.0,[],[]
2020-07-15T15:45:00-04:00,2020-07-15,COST,24h,0,0.0,0.0,0.0,[],[]
2020-07-16T15:45:00-04:00,2020-07-16,COST,24h,0,0.0,0.0,0.0,[],[]
2020-07-17T15:45:00-04:00,2020-07-17,COST,24h,0,0.0,0.0,0.0,[],[]
2020-07-20T15:45:00-04:00,2020-07-20,COST,24h,0,0.0,0.0,0.0,[],[]
2020-07-21T15:45:00-04:00,2020-07-21,COST,24h,0,0.0,0.0,0.0,[],[]
2020-07-22T15:45:00-04:00,2020-07-22,COST,24h,0,0.0,0.0,0.0,[],[]
2020-07-23T15:45:00-04:00,2020-07-23,COST,24h,0,0.0,0.0,0.0,[],[]
2020-07-24T15:45:00-04:00,2020-07-24,COST,24h,0,0.0,0.0,0.0,[],[]
2020-07-27T15:45:00-04:00,2020-07-27,COST,24h,0,0.0,0.0,0.0,[],[]
2020-07-28T15:45:00-04:00,2020-07-28,COST,24h,0,0.0,0.0,0.0,[],[]
2020-07-29T15:45:00-04:00,2020-07-29,COST,24h,0,0.0,0.0,0.0,[],[]
2020-07-30T15:45:00-04:00,2020-07-30,COST,24h,0,0.0,0.0,0.0,[],[]
2020-07-31T15:45:00-04:00,2020-07-31,COST,24h,0,0.0,0.0,0.0,[],[]
2020-08-03T15:45:00-04:00,2020-08-03,COST,24h,0,0.0,0.0,0.0,[],[]
2020-08-04T15:45:00-04:00,2020-08-04,COST,24h,0,0.0,0.0,0.0,[],[]
2020-08-05T15:45:00-04:00,2020-08-05,COST,24h,0,0.0,0.0,0.0,[],[]
2020-08-06T15:45:00-04:00,2020-08-06,COST,24h,0,0.0,0.0,0.0,[],[]
2020-08-07T15:45:00-04:00,2020-08-07,COST,24h,0,0.0,0.0,0.0,[],[]
2020-08-10T15:45:00-04:00,2020-08-10,COST,24h,0,0.0,0.0,0.0,[],[]
2020-08-11T15:45:00-04:00,2020-08-11,COST,24h,0,0.0,0.0,0.0,[],[]
2020-08-12T15:45:00-04:00,2020-08-12,COST,24h,0,0.0,0.0,0.0,[],[]
2020-08-13T15:45:00-04:00,2020-08-13,COST,24h,0,0.0,0.0,0.0,[],[]
2020-08-14T15:45:00-04:00,2020-08-14,COST,24h,0,0.0,0.0,0.0,[],[]
2020-08-17T15:45:00-04:00,2020-08-17,COST,24h,0,0.0,0.0,0.0,[],[]
2020-08-18T15:45:00-04:00,2020-08-18,COST,24h,0,0.0,0.0,0.0,[],[]
2020-08-19T15:45:00-04:00,2020-08-19,COST,24h,0,0.0,0.0,0.0,[],[]
2020-08-20T15:45:00-04:00,2020-08-20,COST,24h,0,0.0,0.0,0.0,[],[]
2020-08-21T15:45:00-04:00,2020-08-21,COST,24h,0,0.0,0.0,0.0,[],[]
2020-08-24T15:45:00-04:00,2020-08-24,COST,24h,0,0.0,0.0,0.0,[],[]
2020-08-25T15:45:00-04:00,2020-08-25,COST,24h,0,0.0,0.0,0.0,[],[]
2020-08-26T15:45:00-04:00,2020-08-26,COST,24h,0,0.0,0.0,0.0,[],[]
2020-08-27T15:45:00-04:00,2020-08-27,COST,24h,0,0.0,0.0,0.0,[],[]
2020-08-28T15:45:00-04:00,2020-08-28,COST,24h,0,0.0,0.0,0.0,[],[]
2020-08-31T15:45:00-04:00,2020-08-31,COST,24h,0,0.0,0.0,0.0,[],[]
2020-09-01T15:45:00-04:00,2020-09-01,COST,24h,0,0.0,0.0,0.0,[],[]
2020-09-02T15:45:00-04:00,2020-09-02,COST,24h,0,0.0,0.0,0.0,[],[]
2020-09-03T15:45:00-04:00,2020-09-03,COST,24h,0,0.0,0.0,0.0,[],[]
2020-09-04T15:45:00-04:00,2020-09-04,COST,24h,0,0.0,0.0,0.0,[],[]
2020-09-07T15:45:00-04:00,2020-09-07,COST,24h,0,0.0,0.0,0.0,[],[]
2020-09-08T15:45:00-04:00,2020-09-08,COST,24h,0,0.0,0.0,0.0,[],[]
2020-09-09T15:45:00-04:00,2020-09-09,COST,24h,0,0.0,0.0,0.0,[],[]
2020-09-10T15:45:00-04:00,2020-09-10,COST,24h,0,0.0,0.0,0.0,[],[]
2020-09-11T15:45:00-04:00,2020-09-11,COST,24h,0,0.0,0.0,0.0,[],[]
2020-09-14T15:45:00-04:00,2020-09-14,COST,24h,0,0.0,0.0,0.0,[],[]
2020-09-15T15:45:00-04:00,2020-09-15,COST,24h,0,0.0,0.0,0.0,[],[]
2020-09-16T15:45:00-04:00,2020-09-16,COST,24h,0,0.0,0.0,0.0,[],[]
2020-09-17T15:45:00-04:00,2020-09-17,COST,24h,1,0.0,0.0,0.0,"[""litigation""]","[""sec_edgar""]"
2020-09-18T15:45:00-04:00,2020-09-18,COST,24h,0,0.0,0.0,0.0,[],[]
2020-09-21T15:45:00-04:00,2020-09-21,COST,24h,0,0.0,0.0,0.0,[],[]
2020-09-22T15:45:00-04:00,2020-09-22,COST,24h,0,0.0,0.0,0.0,[],[]
2020-09-23T15:45:00-04:00,2020-09-23,COST,24h,0,0.0,0.0,0.0,[],[]
2020-09-24T15:45:00-04:00,2020-09-24,COST,24h,0,0.0,0.0,0.0,[],[]
2020-09-25T15:45:00-04:00,2020-09-25,COST,24h,0,0.0,0.0,0.0,[],[]
2020-09-28T15:45:00-04:00,2020-09-28,COST,24h,0,0.0,0.0,0.0,[],[]
2020-09-29T15:45:00-04:00,2020-09-29,COST,24h,0,0.0,0.0,0.0,[],[]
2020-09-30T15:45:00-04:00,2020-09-30,COST,24h,0,0.0,0.0,0.0,[],[]
2020-10-01T15:45:00-04:00,2020-10-01,COST,24h,0,0.0,0.0,0.0,[],[]
2020-10-02T15:45:00-04:00,2020-10-02,COST,24h,0,0.0,0.0,0.0,[],[]
2020-10-05T15:45:00-04:00,2020-10-05,COST,24h,0,0.0,0.0,0.0,[],[]
2020-10-06T15:45:00-04:00,2020-10-06,COST,24h,0,0.0,0.0,0.0,[],[]
2020-10-07T15:45:00-04:00,2020-10-07,COST,24h,0,0.0,0.0,0.0,[],[]
2020-10-08T15:45:00-04:00,2020-10-08,COST,24h,0,0.0,0.0,0.0,[],[]
2020-10-09T15:45:00-04:00,2020-10-09,COST,24h,0,0.0,0.0,0.0,[],[]
2020-10-12T15:45:00-04:00,2020-10-12,COST,24h,0,0.0,0.0,0.0,[],[]
2020-10-13T15:45:00-04:00,2020-10-13,COST,24h,0,0.0,0.0,0.0,[],[]
2020-10-14T15:45:00-04:00,2020-10-14,COST,24h,0,0.0,0.0,0.0,[],[]
2020-10-15T15:45:00-04:00,2020-10-15,COST,24h,0,0.0,0.0,0.0,[],[]
2020-10-16T15:45:00-04:00,2020-10-16,COST,24h,0,0.0,0.0,0.0,[],[]
2020-10-19T15:45:00-04:00,2020-10-19,COST,24h,0,0.0,0.0,0.0,[],[]
2020-10-20T15:45:00-04:00,2020-10-20,COST,24h,0,0.0,0.0,0.0,[],[]
2020-10-21T15:45:00-04:00,2020-10-21,COST,24h,0,0.0,0.0,0.0,[],[]
2020-10-22T15:45:00-04:00,2020-10-22,COST,24h,0,0.0,0.0,0.0,[],[]
2020-10-23T15:45:00-04:00,2020-10-23,COST,24h,0,0.0,0.0,0.0,[],[]
2020-10-26T15:45:00-04:00,2020-10-26,COST,24h,0,0.0,0.0,0.0,[],[]
2020-10-27T15:45:00-04:00,2020-10-27,COST,24h,0,0.0,0.0,0.0,[],[]
2020-10-28T15:45:00-04:00,2020-10-28,COST,24h,0,0.0,0.0,0.0,[],[]
2020-10-29T15:45:00-04:00,2020-10-29,COST,24h,0,0.0,0.0,0.0,[],[]
2020-10-30T15:45:00-04:00,2020-10-30,COST,24h,0,0.0,0.0,0.0,[],[]
2020-11-02T15:45:00-05:00,2020-11-02,COST,24h,0,0.0,0.0,0.0,[],[]
2020-11-03T15:45:00-05:00,2020-11-03,COST,24h,0,0.0,0.0,0.0,[],[]
2020-11-04T15:45:00-05:00,2020-11-04,COST,24h,0,0.0,0.0,0.0,[],[]
2020-11-05T15:45:00-05:00,2020-11-05,COST,24h,0,0.0,0.0,0.0,[],[]
2020-11-06T15:45:00-05:00,2020-11-06,COST,24h,0,0.0,0.0,0.0,[],[]
2020-11-09T15:45:00-05:00,2020-11-09,COST,24h,0,0.0,0.0,0.0,[],[]
2020-11-10T15:45:00-05:00,2020-11-10,COST,24h,0,0.0,0.0,0.0,[],[]
2020-11-11T15:45:00-05:00,2020-11-11,COST,24h,0,0.0,0.0,0.0,[],[]
2020-11-12T15:45:00-05:00,2020-11-12,COST,24h,0,0.0,0.0,0.0,[],[]
2020-11-13T15:45:00-05:00,2020-11-13,COST,24h,0,0.0,0.0,0.0,[],[]
2020-11-16T15:45:00-05:00,2020-11-16,COST,24h,0,0.0,0.0,0.0,[],[]
2020-11-17T15:45:00-05:00,2020-11-17,COST,24h,0,0.0,0.0,0.0,[],[]
2020-11-18T15:45:00-05:00,2020-11-18,COST,24h,0,0.0,0.0,0.0,[],[]
2020-11-19T15:45:00-05:00,2020-11-19,COST,24h,0,0.0,0.0,0.0,[],[]
2020-11-20T15:45:00-05:00,2020-11-20,COST,24h,0,0.0,0.0,0.0,[],[]
2020-11-23T15:45:00-05:00,2020-11-23,COST,24h,0,0.0,0.0,0.0,[],[]
2020-11-24T15:45:00-05:00,2020-11-24,COST,24h,0,0.0,0.0,0.0,[],[]
2020-11-25T15:45:00-05:00,2020-11-25,COST,24h,0,0.0,0.0,0.0,[],[]
2020-11-26T15:45:00-05:00,2020-11-26,COST,24h,0,0.0,0.0,0.0,[],[]
2020-11-27T15:45:00-05:00,2020-11-27,COST,24h,0,0.0,0.0,0.0,[],[]
2020-11-30T15:45:00-05:00,2020-11-30,COST,24h,0,0.0,0.0,0.0,[],[]
2020-12-01T15:45:00-05:00,2020-12-01,COST,24h,0,0.0,0.0,0.0,[],[]
2020-12-02T15:45:00-05:00,2020-12-02,COST,24h,0,0.0,0.0,0.0,[],[]
2020-12-03T15:45:00-05:00,2020-12-03,COST,24h,0,0.0,0.0,0.0,[],[]
2020-12-04T15:45:00-05:00,2020-12-04,COST,24h,0,0.0,0.0,0.0,[],[]
2020-12-07T15:45:00-05:00,2020-12-07,COST,24h,0,0.0,0.0,0.0,[],[]
2020-12-08T15:45:00-05:00,2020-12-08,COST,24h,0,0.0,0.0,0.0,[],[]
2020-12-09T15:45:00-05:00,2020-12-09,COST,24h,0,0.0,0.0,0.0,[],[]
2020-12-10T15:45:00-05:00,2020-12-10,COST,24h,0,0.0,0.0,0.0,[],[]
2020-12-11T15:45:00-05:00,2020-12-11,COST,24h,0,0.0,0.0,0.0,[],[]
2020-12-14T15:45:00-05:00,2020-12-14,COST,24h,0,0.0,0.0,0.0,[],[]
2020-12-15T15:45:00-05:00,2020-12-15,COST,24h,0,0.0,0.0,0.0,[],[]
2020-12-16T15:45:00-05:00,2020-12-16,COST,24h,0,0.0,0.0,0.0,[],[]
2020-12-17T15:45:00-05:00,2020-12-17,COST,24h,0,0.0,0.0,0.0,[],[]
2020-12-18T15:45:00-05:00,2020-12-18,COST,24h,0,0.0,0.0,0.0,[],[]
2020-12-21T15:45:00-05:00,2020-12-21,COST,24h,0,0.0,0.0,0.0,[],[]
2020-12-22T15:45:00-05:00,2020-12-22,COST,24h,0,0.0,0.0,0.0,[],[]
2020-12-23T15:45:00-05:00,2020-12-23,COST,24h,0,0.0,0.0,0.0,[],[]
2020-12-24T15:45:00-05:00,2020-12-24,COST,24h,0,0.0,0.0,0.0,[],[]
2020-12-25T15:45:00-05:00,2020-12-25,COST,24h,0,0.0,0.0,0.0,[],[]
2020-12-28T15:45:00-05:00,2020-12-28,COST,24h,0,0.0,0.0,0.0,[],[]
2020-12-29T15:45:00-05:00,2020-12-29,COST,24h,0,0.0,0.0,0.0,[],[]
2020-12-30T15:45:00-05:00,2020-12-30,COST,24h,0,0.0,0.0,0.0,[],[]
2020-12-31T15:45:00-05:00,2020-12-31,COST,24h,0,0.0,0.0,0.0,[],[]
2021-01-01T15:45:00-05:00,2021-01-01,COST,24h,0,0.0,0.0,0.0,[],[]
2021-01-04T15:45:00-05:00,2021-01-04,COST,24h,0,0.0,0.0,0.0,[],[]
2021-01-05T15:45:00-05:00,2021-01-05,COST,24h,0,0.0,0.0,0.0,[],[]
2021-01-06T15:45:00-05:00,2021-01-06,COST,24h,0,0.0,0.0,0.0,[],[]
2021-01-07T15:45:00-05:00,2021-01-07,COST,24h,0,0.0,0.0,0.0,[],[]
2021-01-08T15:45:00-05:00,2021-01-08,COST,24h,0,0.0,0.0,0.0,[],[]
2021-01-11T15:45:00-05:00,2021-01-11,COST,24h,0,0.0,0.0,0.0,[],[]
2021-01-12T15:45:00-05:00,2021-01-12,COST,24h,0,0.0,0.0,0.0,[],[]
2021-01-13T15:45:00-05:00,2021-01-13,COST,24h,0,0.0,0.0,0.0,[],[]
2021-01-14T15:45:00-05:00,2021-01-14,COST,24h,0,0.0,0.0,0.0,[],[]
2021-01-15T15:45:00-05:00,2021-01-15,COST,24h,0,0.0,0.0,0.0,[],[]
2021-01-18T15:45:00-05:00,2021-01-18,COST,24h,0,0.0,0.0,0.0,[],[]
2021-01-19T15:45:00-05:00,2021-01-19,COST,24h,0,0.0,0.0,0.0,[],[]
2021-01-20T15:45:00-05:00,2021-01-20,COST,24h,0,0.0,0.0,0.0,[],[]
2021-01-21T15:45:00-05:00,2021-01-21,COST,24h,0,0.0,0.0,0.0,[],[]
2021-01-22T15:45:00-05:00,2021-01-22,COST,24h,0,0.0,0.0,0.0,[],[]
2021-01-25T15:45:00-05:00,2021-01-25,COST,24h,0,0.0,0.0,0.0,[],[]
2021-01-26T15:45:00-05:00,2021-01-26,COST,24h,0,0.0,0.0,0.0,[],[]
2021-01-27T15:45:00-05:00,2021-01-27,COST,24h,0,0.0,0.0,0.0,[],[]
2021-01-28T15:45:00-05:00,2021-01-28,COST,24h,0,0.0,0.0,0.0,[],[]
2021-01-29T15:45:00-05:00,2021-01-29,COST,24h,0,0.0,0.0,0.0,[],[]
2021-02-01T15:45:00-05:00,2021-02-01,COST,24h,0,0.0,0.0,0.0,[],[]
2021-02-02T15:45:00-05:00,2021-02-02,COST,24h,0,0.0,0.0,0.0,[],[]
2021-02-03T15:45:00-05:00,2021-02-03,COST,24h,0,0.0,0.0,0.0,[],[]
2021-02-04T15:45:00-05:00,2021-02-04,COST,24h,0,0.0,0.0,0.0,[],[]
2021-02-05T15:45:00-05:00,2021-02-05,COST,24h,0,0.0,0.0,0.0,[],[]
2021-02-08T15:45:00-05:00,2021-02-08,COST,24h,0,0.0,0.0,0.0,[],[]
2021-02-09T15:45:00-05:00,2021-02-09,COST,24h,0,0.0,0.0,0.0,[],[]
2021-02-10T15:45:00-05:00,2021-02-10,COST,24h,0,0.0,0.0,0.0,[],[]
2021-02-11T15:45:00-05:00,2021-02-11,COST,24h,0,0.0,0.0,0.0,[],[]
2021-02-12T15:45:00-05:00,2021-02-12,COST,24h,0,0.0,0.0,0.0,[],[]
2021-02-15T15:45:00-05:00,2021-02-15,COST,24h,0,0.0,0.0,0.0,[],[]
2021-02-16T15:45:00-05:00,2021-02-16,COST,24h,0,0.0,0.0,0.0,[],[]
2021-02-17T15:45:00-05:00,2021-02-17,COST,24h,0,0.0,0.0,0.0,[],[]
2021-02-18T15:45:00-05:00,2021-02-18,COST,24h,0,0.0,0.0,0.0,[],[]
2021-02-19T15:45:00-05:00,2021-02-19,COST,24h,0,0.0,0.0,0.0,[],[]
2021-02-22T15:45:00-05:00,2021-02-22,COST,24h,0,0.0,0.0,0.0,[],[]
2021-02-23T15:45:00-05:00,2021-02-23,COST,24h,0,0.0,0.0,0.0,[],[]
2021-02-24T15:45:00-05:00,2021-02-24,COST,24h,0,0.0,0.0,0.0,[],[]
2021-02-25T15:45:00-05:00,2021-02-25,COST,24h,0,0.0,0.0,0.0,[],[]
2021-02-26T15:45:00-05:00,2021-02-26,COST,24h,0,0.0,0.0,0.0,[],[]
2021-03-01T15:45:00-05:00,2021-03-01,COST,24h,0,0.0,0.0,0.0,[],[]
2021-03-02T15:45:00-05:00,2021-03-02,COST,24h,0,0.0,0.0,0.0,[],[]
2021-03-03T15:45:00-05:00,2021-03-03,COST,24h,0,0.0,0.0,0.0,[],[]
2021-03-04T15:45:00-05:00,2021-03-04,COST,24h,0,0.0,0.0,0.0,[],[]
2021-03-05T15:45:00-05:00,2021-03-05,COST,24h,0,0.0,0.0,0.0,[],[]
2021-03-08T15:45:00-05:00,2021-03-08,COST,24h,0,0.0,0.0,0.0,[],[]
2021-03-09T15:45:00-05:00,2021-03-09,COST,24h,0,0.0,0.0,0.0,[],[]
2021-03-10T15:45:00-05:00,2021-03-10,COST,24h,0,0.0,0.0,0.0,[],[]
2021-03-11T15:45:00-05:00,2021-03-11,COST,24h,0,0.0,0.0,0.0,[],[]
2021-03-12T15:45:00-05:00,2021-03-12,COST,24h,0,0.0,0.0,0.0,[],[]
2021-03-15T15:45:00-04:00,2021-03-15,COST,24h,0,0.0,0.0,0.0,[],[]
2021-03-16T15:45:00-04:00,2021-03-16,COST,24h,0,0.0,0.0,0.0,[],[]
2021-03-17T15:45:00-04:00,2021-03-17,COST,24h,0,0.0,0.0,0.0,[],[]
2021-03-18T15:45:00-04:00,2021-03-18,COST,24h,0,0.0,0.0,0.0,[],[]
2021-03-19T15:45:00-04:00,2021-03-19,COST,24h,0,0.0,0.0,0.0,[],[]
2021-03-22T15:45:00-04:00,2021-03-22,COST,24h,0,0.0,0.0,0.0,[],[]
2021-03-23T15:45:00-04:00,2021-03-23,COST,24h,0,0.0,0.0,0.0,[],[]
2021-03-24T15:45:00-04:00,2021-03-24,COST,24h,0,0.0,0.0,0.0,[],[]
2021-03-25T15:45:00-04:00,2021-03-25,COST,24h,0,0.0,0.0,0.0,[],[]
2021-03-26T15:45:00-04:00,2021-03-26,COST,24h,0,0.0,0.0,0.0,[],[]
2021-03-29T15:45:00-04:00,2021-03-29,COST,24h,0,0.0,0.0,0.0,[],[]
2021-03-30T15:45:00-04:00,2021-03-30,COST,24h,0,0.0,0.0,0.0,[],[]
2021-03-31T15:45:00-04:00,2021-03-31,COST,24h,0,0.0,0.0,0.0,[],[]
2021-04-01T15:45:00-04:00,2021-04-01,COST,24h,0,0.0,0.0,0.0,[],[]
2021-04-02T15:45:00-04:00,2021-04-02,COST,24h,0,0.0,0.0,0.0,[],[]
2021-04-05T15:45:00-04:00,2021-04-05,COST,24h,0,0.0,0.0,0.0,[],[]
2021-04-06T15:45:00-04:00,2021-04-06,COST,24h,0,0.0,0.0,0.0,[],[]
2021-04-07T15:45:00-04:00,2021-04-07,COST,24h,0,0.0,0.0,0.0,[],[]
2021-04-08T15:45:00-04:00,2021-04-08,COST,24h,0,0.0,0.0,0.0,[],[]
2021-04-09T15:45:00-04:00,2021-04-09,COST,24h,0,0.0,0.0,0.0,[],[]
2021-04-12T15:45:00-04:00,2021-04-12,COST,24h,0,0.0,0.0,0.0,[],[]
2021-04-13T15:45:00-04:00,2021-04-13,COST,24h,0,0.0,0.0,0.0,[],[]
2021-04-14T15:45:00-04:00,2021-04-14,COST,24h,0,0.0,0.0,0.0,[],[]
2021-04-15T15:45:00-04:00,2021-04-15,COST,24h,0,0.0,0.0,0.0,[],[]
2021-04-16T15:45:00-04:00,2021-04-16,COST,24h,0,0.0,0.0,0.0,[],[]
2021-04-19T15:45:00-04:00,2021-04-19,COST,24h,0,0.0,0.0,0.0,[],[]
2021-04-20T15:45:00-04:00,2021-04-20,COST,24h,0,0.0,0.0,0.0,[],[]
2021-04-21T15:45:00-04:00,2021-04-21,COST,24h,0,0.0,0.0,0.0,[],[]
2021-04-22T15:45:00-04:00,2021-04-22,COST,24h,0,0.0,0.0,0.0,[],[]
2021-04-23T15:45:00-04:00,2021-04-23,COST,24h,0,0.0,0.0,0.0,[],[]
2021-04-26T15:45:00-04:00,2021-04-26,COST,24h,0,0.0,0.0,0.0,[],[]
2021-04-27T15:45:00-04:00,2021-04-27,COST,24h,0,0.0,0.0,0.0,[],[]
2021-04-28T15:45:00-04:00,2021-04-28,COST,24h,0,0.0,0.0,0.0,[],[]
2021-04-29T15:45:00-04:00,2021-04-29,COST,24h,0,0.0,0.0,0.0,[],[]
2021-04-30T15:45:00-04:00,2021-04-30,COST,24h,0,0.0,0.0,0.0,[],[]
2021-05-03T15:45:00-04:00,2021-05-03,COST,24h,0,0.0,0.0,0.0,[],[]
2021-05-04T15:45:00-04:00,2021-05-04,COST,24h,0,0.0,0.0,0.0,[],[]
2021-05-05T15:45:00-04:00,2021-05-05,COST,24h,0,0.0,0.0,0.0,[],[]
2021-05-06T15:45:00-04:00,2021-05-06,COST,24h,0,0.0,0.0,0.0,[],[]
2021-05-07T15:45:00-04:00,2021-05-07,COST,24h,0,0.0,0.0,0.0,[],[]
2021-05-10T15:45:00-04:00,2021-05-10,COST,24h,0,0.0,0.0,0.0,[],[]
2021-05-11T15:45:00-04:00,2021-05-11,COST,24h,0,0.0,0.0,0.0,[],[]
2021-05-12T15:45:00-04:00,2021-05-12,COST,24h,0,0.0,0.0,0.0,[],[]
2021-05-13T15:45:00-04:00,2021-05-13,COST,24h,0,0.0,0.0,0.0,[],[]
2021-05-14T15:45:00-04:00,2021-05-14,COST,24h,0,0.0,0.0,0.0,[],[]
2021-05-17T15:45:00-04:00,2021-05-17,COST,24h,0,0.0,0.0,0.0,[],[]
2021-05-18T15:45:00-04:00,2021-05-18,COST,24h,0,0.0,0.0,0.0,[],[]
2021-05-19T15:45:00-04:00,2021-05-19,COST,24h,0,0.0,0.0,0.0,[],[]
2021-05-20T15:45:00-04:00,2021-05-20,COST,24h,0,0.0,0.0,0.0,[],[]
2021-05-21T15:45:00-04:00,2021-05-21,COST,24h,0,0.0,0.0,0.0,[],[]
2021-05-24T15:45:00-04:00,2021-05-24,COST,24h,0,0.0,0.0,0.0,[],[]
2021-05-25T15:45:00-04:00,2021-05-25,COST,24h,0,0.0,0.0,0.0,[],[]
2021-05-26T15:45:00-04:00,2021-05-26,COST,24h,0,0.0,0.0,0.0,[],[]
2021-05-27T15:45:00-04:00,2021-05-27,COST,24h,0,0.0,0.0,0.0,[],[]
2021-05-28T15:45:00-04:00,2021-05-28,COST,24h,0,0.0,0.0,0.0,[],[]
2021-05-31T15:45:00-04:00,2021-05-31,COST,24h,0,0.0,0.0,0.0,[],[]
2021-06-01T15:45:00-04:00,2021-06-01,COST,24h,0,0.0,0.0,0.0,[],[]
2021-06-02T15:45:00-04:00,2021-06-02,COST,24h,0,0.0,0.0,0.0,[],[]
2021-06-03T15:45:00-04:00,2021-06-03,COST,24h,0,0.0,0.0,0.0,[],[]
2021-06-04T15:45:00-04:00,2021-06-04,COST,24h,0,0.0,0.0,0.0,[],[]
2021-06-07T15:45:00-04:00,2021-06-07,COST,24h,0,0.0,0.0,0.0,[],[]
2021-06-08T15:45:00-04:00,2021-06-08,COST,24h,0,0.0,0.0,0.0,[],[]
2021-06-09T15:45:00-04:00,2021-06-09,COST,24h,0,0.0,0.0,0.0,[],[]
2021-06-10T15:45:00-04:00,2021-06-10,COST,24h,0,0.0,0.0,0.0,[],[]
2021-06-11T15:45:00-04:00,2021-06-11,COST,24h,0,0.0,0.0,0.0,[],[]
2021-06-14T15:45:00-04:00,2021-06-14,COST,24h,0,0.0,0.0,0.0,[],[]
2021-06-15T15:45:00-04:00,2021-06-15,COST,24h,0,0.0,0.0,0.0,[],[]
2021-06-16T15:45:00-04:00,2021-06-16,COST,24h,0,0.0,0.0,0.0,[],[]
2021-06-17T15:45:00-04:00,2021-06-17,COST,24h,0,0.0,0.0,0.0,[],[]
2021-06-18T15:45:00-04:00,2021-06-18,COST,24h,0,0.0,0.0,0.0,[],[]
2021-06-21T15:45:00-04:00,2021-06-21,COST,24h,0,0.0,0.0,0.0,[],[]
2021-06-22T15:45:00-04:00,2021-06-22,COST,24h,0,0.0,0.0,0.0,[],[]
2021-06-23T15:45:00-04:00,2021-06-23,COST,24h,0,0.0,0.0,0.0,[],[]
2021-06-24T15:45:00-04:00,2021-06-24,COST,24h,0,0.0,0.0,0.0,[],[]
2021-06-25T15:45:00-04:00,2021-06-25,COST,24h,0,0.0,0.0,0.0,[],[]
2021-06-28T15:45:00-04:00,2021-06-28,COST,24h,0,0.0,0.0,0.0,[],[]
2021-06-29T15:45:00-04:00,2021-06-29,COST,24h,0,0.0,0.0,0.0,[],[]
2021-06-30T15:45:00-04:00,2021-06-30,COST,24h,0,0.0,0.0,0.0,[],[]
2021-07-01T15:45:00-04:00,2021-07-01,COST,24h,0,0.0,0.0,0.0,[],[]
2021-07-02T15:45:00-04:00,2021-07-02,COST,24h,0,0.0,0.0,0.0,[],[]
2021-07-05T15:45:00-04:00,2021-07-05,COST,24h,0,0.0,0.0,0.0,[],[]
2021-07-06T15:45:00-04:00,2021-07-06,COST,24h,0,0.0,0.0,0.0,[],[]
2021-07-07T15:45:00-04:00,2021-07-07,COST,24h,0,0.0,0.0,0.0,[],[]
2021-07-08T15:45:00-04:00,2021-07-08,COST,24h,0,0.0,0.0,0.0,[],[]
2021-07-09T15:45:00-04:00,2021-07-09,COST,24h,0,0.0,0.0,0.0,[],[]
2021-07-12T15:45:00-04:00,2021-07-12,COST,24h,0,0.0,0.0,0.0,[],[]
2021-07-13T15:45:00-04:00,2021-07-13,COST,24h,0,0.0,0.0,0.0,[],[]
2021-07-14T15:45:00-04:00,2021-07-14,COST,24h,0,0.0,0.0,0.0,[],[]
2021-07-15T15:45:00-04:00,2021-07-15,COST,24h,0,0.0,0.0,0.0,[],[]
2021-07-16T15:45:00-04:00,2021-07-16,COST,24h,0,0.0,0.0,0.0,[],[]
2021-07-19T15:45:00-04:00,2021-07-19,COST,24h,0,0.0,0.0,0.0,[],[]
2021-07-20T15:45:00-04:00,2021-07-20,COST,24h,0,0.0,0.0,0.0,[],[]
2021-07-21T15:45:00-04:00,2021-07-21,COST,24h,0,0.0,0.0,0.0,[],[]
2021-07-22T15:45:00-04:00,2021-07-22,COST,24h,0,0.0,0.0,0.0,[],[]
2021-07-23T15:45:00-04:00,2021-07-23,COST,24h,0,0.0,0.0,0.0,[],[]
2021-07-26T15:45:00-04:00,2021-07-26,COST,24h,0,0.0,0.0,0.0,[],[]
2021-07-27T15:45:00-04:00,2021-07-27,COST,24h,0,0.0,0.0,0.0,[],[]
2021-07-28T15:45:00-04:00,2021-07-28,COST,24h,0,0.0,0.0,0.0,[],[]
2021-07-29T15:45:00-04:00,2021-07-29,COST,24h,0,0.0,0.0,0.0,[],[]
2021-07-30T15:45:00-04:00,2021-07-30,COST,24h,0,0.0,0.0,0.0,[],[]
2021-08-02T15:45:00-04:00,2021-08-02,COST,24h,0,0.0,0.0,0.0,[],[]
2021-08-03T15:45:00-04:00,2021-08-03,COST,24h,0,0.0,0.0,0.0,[],[]
2021-08-04T15:45:00-04:00,2021-08-04,COST,24h,0,0.0,0.0,0.0,[],[]
2021-08-05T15:45:00-04:00,2021-08-05,COST,24h,0,0.0,0.0,0.0,[],[]
2021-08-06T15:45:00-04:00,2021-08-06,COST,24h,0,0.0,0.0,0.0,[],[]
2021-08-09T15:45:00-04:00,2021-08-09,COST,24h,0,0.0,0.0,0.0,[],[]
2021-08-10T15:45:00-04:00,2021-08-10,COST,24h,0,0.0,0.0,0.0,[],[]
2021-08-11T15:45:00-04:00,2021-08-11,COST,24h,0,0.0,0.0,0.0,[],[]
2021-08-12T15:45:00-04:00,2021-08-12,COST,24h,0,0.0,0.0,0.0,[],[]
2021-08-13T15:45:00-04:00,2021-08-13,COST,24h,0,0.0,0.0,0.0,[],[]
2021-08-16T15:45:00-04:00,2021-08-16,COST,24h,0,0.0,0.0,0.0,[],[]
2021-08-17T15:45:00-04:00,2021-08-17,COST,24h,0,0.0,0.0,0.0,[],[]
2021-08-18T15:45:00-04:00,2021-08-18,COST,24h,0,0.0,0.0,0.0,[],[]
2021-08-19T15:45:00-04:00,2021-08-19,COST,24h,0,0.0,0.0,0.0,[],[]
2021-08-20T15:45:00-04:00,2021-08-20,COST,24h,0,0.0,0.0,0.0,[],[]
2021-08-23T15:45:00-04:00,2021-08-23,COST,24h,0,0.0,0.0,0.0,[],[]
2021-08-24T15:45:00-04:00,2021-08-24,COST,24h,0,0.0,0.0,0.0,[],[]
2021-08-25T15:45:00-04:00,2021-08-25,COST,24h,0,0.0,0.0,0.0,[],[]
2021-08-26T15:45:00-04:00,2021-08-26,COST,24h,0,0.0,0.0,0.0,[],[]
2021-08-27T15:45:00-04:00,2021-08-27,COST,24h,0,0.0,0.0,0.0,[],[]
2021-08-30T15:45:00-04:00,2021-08-30,COST,24h,0,0.0,0.0,0.0,[],[]
2021-08-31T15:45:00-04:00,2021-08-31,COST,24h,0,0.0,0.0,0.0,[],[]
2021-09-01T15:45:00-04:00,2021-09-01,COST,24h,0,0.0,0.0,0.0,[],[]
2021-09-02T15:45:00-04:00,2021-09-02,COST,24h,0,0.0,0.0,0.0,[],[]
2021-09-03T15:45:00-04:00,2021-09-03,COST,24h,0,0.0,0.0,0.0,[],[]
2021-09-06T15:45:00-04:00,2021-09-06,COST,24h,0,0.0,0.0,0.0,[],[]
2021-09-07T15:45:00-04:00,2021-09-07,COST,24h,0,0.0,0.0,0.0,[],[]
2021-09-08T15:45:00-04:00,2021-09-08,COST,24h,0,0.0,0.0,0.0,[],[]
2021-09-09T15:45:00-04:00,2021-09-09,COST,24h,0,0.0,0.0,0.0,[],[]
2021-09-10T15:45:00-04:00,2021-09-10,COST,24h,0,0.0,0.0,0.0,[],[]
2021-09-13T15:45:00-04:00,2021-09-13,COST,24h,0,0.0,0.0,0.0,[],[]
2021-09-14T15:45:00-04:00,2021-09-14,COST,24h,0,0.0,0.0,0.0,[],[]
2021-09-15T15:45:00-04:00,2021-09-15,COST,24h,0,0.0,0.0,0.0,[],[]
2021-09-16T15:45:00-04:00,2021-09-16,COST,24h,0,0.0,0.0,0.0,[],[]
2021-09-17T15:45:00-04:00,2021-09-17,COST,24h,0,0.0,0.0,0.0,[],[]
2021-09-20T15:45:00-04:00,2021-09-20,COST,24h,0,0.0,0.0,0.0,[],[]
2021-09-21T15:45:00-04:00,2021-09-21,COST,24h,0,0.0,0.0,0.0,[],[]
2021-09-22T15:45:00-04:00,2021-09-22,COST,24h,0,0.0,0.0,0.0,[],[]
2021-09-23T15:45:00-04:00,2021-09-23,COST,24h,0,0.0,0.0,0.0,[],[]
2021-09-24T15:45:00-04:00,2021-09-24,COST,24h,0,0.0,0.0,0.0,[],[]
2021-09-27T15:45:00-04:00,2021-09-27,COST,24h,0,0.0,0.0,0.0,[],[]
2021-09-28T15:45:00-04:00,2021-09-28,COST,24h,0,0.0,0.0,0.0,[],[]
2021-09-29T15:45:00-04:00,2021-09-29,COST,24h,0,0.0,0.0,0.0,[],[]
2021-09-30T15:45:00-04:00,2021-09-30,COST,24h,0,0.0,0.0,0.0,[],[]
2021-10-01T15:45:00-04:00,2021-10-01,COST,24h,0,0.0,0.0,0.0,[],[]
2021-10-04T15:45:00-04:00,2021-10-04,COST,24h,0,0.0,0.0,0.0,[],[]
2021-10-05T15:45:00-04:00,2021-10-05,COST,24h,0,0.0,0.0,0.0,[],[]
2021-10-06T15:45:00-04:00,2021-10-06,COST,24h,0,0.0,0.0,0.0,[],[]
2021-10-07T15:45:00-04:00,2021-10-07,COST,24h,0,0.0,0.0,0.0,[],[]
2021-10-08T15:45:00-04:00,2021-10-08,COST,24h,0,0.0,0.0,0.0,[],[]
2021-10-11T15:45:00-04:00,2021-10-11,COST,24h,0,0.0,0.0,0.0,[],[]
2021-10-12T15:45:00-04:00,2021-10-12,COST,24h,0,0.0,0.0,0.0,[],[]
2021-10-13T15:45:00-04:00,2021-10-13,COST,24h,0,0.0,0.0,0.0,[],[]
2021-10-14T15:45:00-04:00,2021-10-14,COST,24h,0,0.0,0.0,0.0,[],[]
2021-10-15T15:45:00-04:00,2021-10-15,COST,24h,0,0.0,0.0,0.0,[],[]
2021-10-18T15:45:00-04:00,2021-10-18,COST,24h,0,0.0,0.0,0.0,[],[]
2021-10-19T15:45:00-04:00,2021-10-19,COST,24h,0,0.0,0.0,0.0,[],[]
2021-10-20T15:45:00-04:00,2021-10-20,COST,24h,0,0.0,0.0,0.0,[],[]
2021-10-21T15:45:00-04:00,2021-10-21,COST,24h,0,0.0,0.0,0.0,[],[]
2021-10-22T15:45:00-04:00,2021-10-22,COST,24h,0,0.0,0.0,0.0,[],[]
2021-10-25T15:45:00-04:00,2021-10-25,COST,24h,0,0.0,0.0,0.0,[],[]
2021-10-26T15:45:00-04:00,2021-10-26,COST,24h,0,0.0,0.0,0.0,[],[]
2021-10-27T15:45:00-04:00,2021-10-27,COST,24h,0,0.0,0.0,0.0,[],[]
2021-10-28T15:45:00-04:00,2021-10-28,COST,24h,0,0.0,0.0,0.0,[],[]
2021-10-29T15:45:00-04:00,2021-10-29,COST,24h,0,0.0,0.0,0.0,[],[]
2021-11-01T15:45:00-04:00,2021-11-01,COST,24h,0,0.0,0.0,0.0,[],[]
2021-11-02T15:45:00-04:00,2021-11-02,COST,24h,0,0.0,0.0,0.0,[],[]
2021-11-03T15:45:00-04:00,2021-11-03,COST,24h,0,0.0,0.0,0.0,[],[]
2021-11-04T15:45:00-04:00,2021-11-04,COST,24h,0,0.0,0.0,0.0,[],[]
2021-11-05T15:45:00-04:00,2021-11-05,COST,24h,0,0.0,0.0,0.0,[],[]
2021-11-08T15:45:00-05:00,2021-11-08,COST,24h,0,0.0,0.0,0.0,[],[]
2021-11-09T15:45:00-05:00,2021-11-09,COST,24h,0,0.0,0.0,0.0,[],[]
2021-11-10T15:45:00-05:00,2021-11-10,COST,24h,0,0.0,0.0,0.0,[],[]
2021-11-11T15:45:00-05:00,2021-11-11,COST,24h,0,0.0,0.0,0.0,[],[]
2021-11-12T15:45:00-05:00,2021-11-12,COST,24h,0,0.0,0.0,0.0,[],[]
2021-11-15T15:45:00-05:00,2021-11-15,COST,24h,0,0.0,0.0,0.0,[],[]
2021-11-16T15:45:00-05:00,2021-11-16,COST,24h,0,0.0,0.0,0.0,[],[]
2021-11-17T15:45:00-05:00,2021-11-17,COST,24h,0,0.0,0.0,0.0,[],[]
2021-11-18T15:45:00-05:00,2021-11-18,COST,24h,0,0.0,0.0,0.0,[],[]
2021-11-19T15:45:00-05:00,2021-11-19,COST,24h,0,0.0,0.0,0.0,[],[]
2021-11-22T15:45:00-05:00,2021-11-22,COST,24h,0,0.0,0.0,0.0,[],[]
2021-11-23T15:45:00-05:00,2021-11-23,COST,24h,0,0.0,0.0,0.0,[],[]
2021-11-24T15:45:00-05:00,2021-11-24,COST,24h,0,0.0,0.0,0.0,[],[]
2021-11-25T15:45:00-05:00,2021-11-25,COST,24h,0,0.0,0.0,0.0,[],[]
2021-11-26T15:45:00-05:00,2021-11-26,COST,24h,0,0.0,0.0,0.0,[],[]
2021-11-29T15:45:00-05:00,2021-11-29,COST,24h,0,0.0,0.0,0.0,[],[]
2021-11-30T15:45:00-05:00,2021-11-30,COST,24h,0,0.0,0.0,0.0,[],[]
2021-12-01T15:45:00-05:00,2021-12-01,COST,24h,0,0.0,0.0,0.0,[],[]
2021-12-02T15:45:00-05:00,2021-12-02,COST,24h,0,0.0,0.0,0.0,[],[]
2021-12-03T15:45:00-05:00,2021-12-03,COST,24h,0,0.0,0.0,0.0,[],[]
2021-12-06T15:45:00-05:00,2021-12-06,COST,24h,0,0.0,0.0,0.0,[],[]
2021-12-07T15:45:00-05:00,2021-12-07,COST,24h,0,0.0,0.0,0.0,[],[]
2021-12-08T15:45:00-05:00,2021-12-08,COST,24h,0,0.0,0.0,0.0,[],[]
2021-12-09T15:45:00-05:00,2021-12-09,COST,24h,0,0.0,0.0,0.0,[],[]
2021-12-10T15:45:00-05:00,2021-12-10,COST,24h,0,0.0,0.0,0.0,[],[]
2021-12-13T15:45:00-05:00,2021-12-13,COST,24h,0,0.0,0.0,0.0,[],[]
2021-12-14T15:45:00-05:00,2021-12-14,COST,24h,0,0.0,0.0,0.0,[],[]
2021-12-15T15:45:00-05:00,2021-12-15,COST,24h,0,0.0,0.0,0.0,[],[]
2021-12-16T15:45:00-05:00,2021-12-16,COST,24h,0,0.0,0.0,0.0,[],[]
2021-12-17T15:45:00-05:00,2021-12-17,COST,24h,0,0.0,0.0,0.0,[],[]
2021-12-20T15:45:00-05:00,2021-12-20,COST,24h,0,0.0,0.0,0.0,[],[]
2021-12-21T15:45:00-05:00,2021-12-21,COST,24h,0,0.0,0.0,0.0,[],[]
2021-12-22T15:45:00-05:00,2021-12-22,COST,24h,0,0.0,0.0,0.0,[],[]
2021-12-23T15:45:00-05:00,2021-12-23,COST,24h,0,0.0,0.0,0.0,[],[]
2021-12-24T15:45:00-05:00,2021-12-24,COST,24h,0,0.0,0.0,0.0,[],[]
2021-12-27T15:45:00-05:00,2021-12-27,COST,24h,0,0.0,0.0,0.0,[],[]
2021-12-28T15:45:00-05:00,2021-12-28,COST,24h,0,0.0,0.0,0.0,[],[]
2021-12-29T15:45:00-05:00,2021-12-29,COST,24h,0,0.0,0.0,0.0,[],[]
2021-12-30T15:45:00-05:00,2021-12-30,COST,24h,0,0.0,0.0,0.0,[],[]
2021-12-31T15:45:00-05:00,2021-12-31,COST,24h,0,0.0,0.0,0.0,[],[]
2022-01-03T15:45:00-05:00,2022-01-03,COST,24h,0,0.0,0.0,0.0,[],[]
2022-01-04T15:45:00-05:00,2022-01-04,COST,24h,0,0.0,0.0,0.0,[],[]
2022-01-05T15:45:00-05:00,2022-01-05,COST,24h,0,0.0,0.0,0.0,[],[]
2022-01-06T15:45:00-05:00,2022-01-06,COST,24h,0,0.0,0.0,0.0,[],[]
2022-01-07T15:45:00-05:00,2022-01-07,COST,24h,0,0.0,0.0,0.0,[],[]
2022-01-10T15:45:00-05:00,2022-01-10,COST,24h,0,0.0,0.0,0.0,[],[]
2022-01-11T15:45:00-05:00,2022-01-11,COST,24h,0,0.0,0.0,0.0,[],[]
2022-01-12T15:45:00-05:00,2022-01-12,COST,24h,0,0.0,0.0,0.0,[],[]
2022-01-13T15:45:00-05:00,2022-01-13,COST,24h,0,0.0,0.0,0.0,[],[]
2022-01-14T15:45:00-05:00,2022-01-14,COST,24h,0,0.0,0.0,0.0,[],[]
2022-01-17T15:45:00-05:00,2022-01-17,COST,24h,0,0.0,0.0,0.0,[],[]
2022-01-18T15:45:00-05:00,2022-01-18,COST,24h,0,0.0,0.0,0.0,[],[]
2022-01-19T15:45:00-05:00,2022-01-19,COST,24h,0,0.0,0.0,0.0,[],[]
2022-01-20T15:45:00-05:00,2022-01-20,COST,24h,0,0.0,0.0,0.0,[],[]
2022-01-21T15:45:00-05:00,2022-01-21,COST,24h,0,0.0,0.0,0.0,[],[]
2022-01-24T15:45:00-05:00,2022-01-24,COST,24h,0,0.0,0.0,0.0,[],[]
2022-01-25T15:45:00-05:00,2022-01-25,COST,24h,0,0.0,0.0,0.0,[],[]
2022-01-26T15:45:00-05:00,2022-01-26,COST,24h,1,0.0,0.0,0.0,"[""litigation""]","[""sec_edgar""]"
2022-01-27T15:45:00-05:00,2022-01-27,COST,24h,0,0.0,0.0,0.0,[],[]
2022-01-28T15:45:00-05:00,2022-01-28,COST,24h,0,0.0,0.0,0.0,[],[]
2022-01-31T15:45:00-05:00,2022-01-31,COST,24h,0,0.0,0.0,0.0,[],[]
2022-02-01T15:45:00-05:00,2022-02-01,COST,24h,0,0.0,0.0,0.0,[],[]
2022-02-02T15:45:00-05:00,2022-02-02,COST,24h,0,0.0,0.0,0.0,[],[]
2022-02-03T15:45:00-05:00,2022-02-03,COST,24h,0,0.0,0.0,0.0,[],[]
2022-02-04T15:45:00-05:00,2022-02-04,COST,24h,0,0.0,0.0,0.0,[],[]
2022-02-07T15:45:00-05:00,2022-02-07,COST,24h,0,0.0,0.0,0.0,[],[]
2022-02-08T15:45:00-05:00,2022-02-08,COST,24h,0,0.0,0.0,0.0,[],[]
2022-02-09T15:45:00-05:00,2022-02-09,COST,24h,0,0.0,0.0,0.0,[],[]
2022-02-10T15:45:00-05:00,2022-02-10,COST,24h,0,0.0,0.0,0.0,[],[]
2022-02-11T15:45:00-05:00,2022-02-11,COST,24h,0,0.0,0.0,0.0,[],[]
2022-02-14T15:45:00-05:00,2022-02-14,COST,24h,0,0.0,0.0,0.0,[],[]
2022-02-15T15:45:00-05:00,2022-02-15,COST,24h,0,0.0,0.0,0.0,[],[]
2022-02-16T15:45:00-05:00,2022-02-16,COST,24h,0,0.0,0.0,0.0,[],[]
2022-02-17T15:45:00-05:00,2022-02-17,COST,24h,0,0.0,0.0,0.0,[],[]
2022-02-18T15:45:00-05:00,2022-02-18,COST,24h,0,0.0,0.0,0.0,[],[]
2022-02-21T15:45:00-05:00,2022-02-21,COST,24h,0,0.0,0.0,0.0,[],[]
2022-02-22T15:45:00-05:00,2022-02-22,COST,24h,0,0.0,0.0,0.0,[],[]
2022-02-23T15:45:00-05:00,2022-02-23,COST,24h,0,0.0,0.0,0.0,[],[]
2022-02-24T15:45:00-05:00,2022-02-24,COST,24h,0,0.0,0.0,0.0,[],[]
2022-02-25T15:45:00-05:00,2022-02-25,COST,24h,0,0.0,0.0,0.0,[],[]
2022-02-28T15:45:00-05:00,2022-02-28,COST,24h,0,0.0,0.0,0.0,[],[]
2022-03-01T15:45:00-05:00,2022-03-01,COST,24h,0,0.0,0.0,0.0,[],[]
2022-03-02T15:45:00-05:00,2022-03-02,COST,24h,0,0.0,0.0,0.0,[],[]
2022-03-03T15:45:00-05:00,2022-03-03,COST,24h,0,0.0,0.0,0.0,[],[]
2022-03-04T15:45:00-05:00,2022-03-04,COST,24h,0,0.0,0.0,0.0,[],[]
2022-03-07T15:45:00-05:00,2022-03-07,COST,24h,0,0.0,0.0,0.0,[],[]
2022-03-08T15:45:00-05:00,2022-03-08,COST,24h,0,0.0,0.0,0.0,[],[]
2022-03-09T15:45:00-05:00,2022-03-09,COST,24h,0,0.0,0.0,0.0,[],[]
2022-03-10T15:45:00-05:00,2022-03-10,COST,24h,0,0.0,0.0,0.0,[],[]
2022-03-11T15:45:00-05:00,2022-03-11,COST,24h,0,0.0,0.0,0.0,[],[]
2022-03-14T15:45:00-04:00,2022-03-14,COST,24h,0,0.0,0.0,0.0,[],[]
2022-03-15T15:45:00-04:00,2022-03-15,COST,24h,0,0.0,0.0,0.0,[],[]
2022-03-16T15:45:00-04:00,2022-03-16,COST,24h,0,0.0,0.0,0.0,[],[]
2022-03-17T15:45:00-04:00,2022-03-17,COST,24h,0,0.0,0.0,0.0,[],[]
2022-03-18T15:45:00-04:00,2022-03-18,COST,24h,0,0.0,0.0,0.0,[],[]
2022-03-21T15:45:00-04:00,2022-03-21,COST,24h,0,0.0,0.0,0.0,[],[]
2022-03-22T15:45:00-04:00,2022-03-22,COST,24h,0,0.0,0.0,0.0,[],[]
2022-03-23T15:45:00-04:00,2022-03-23,COST,24h,0,0.0,0.0,0.0,[],[]
2022-03-24T15:45:00-04:00,2022-03-24,COST,24h,0,0.0,0.0,0.0,[],[]
2022-03-25T15:45:00-04:00,2022-03-25,COST,24h,0,0.0,0.0,0.0,[],[]
2022-03-28T15:45:00-04:00,2022-03-28,COST,24h,0,0.0,0.0,0.0,[],[]
2022-03-29T15:45:00-04:00,2022-03-29,COST,24h,0,0.0,0.0,0.0,[],[]
2022-03-30T15:45:00-04:00,2022-03-30,COST,24h,0,0.0,0.0,0.0,[],[]
2022-03-31T15:45:00-04:00,2022-03-31,COST,24h,0,0.0,0.0,0.0,[],[]
2022-04-01T15:45:00-04:00,2022-04-01,COST,24h,0,0.0,0.0,0.0,[],[]
2022-04-04T15:45:00-04:00,2022-04-04,COST,24h,0,0.0,0.0,0.0,[],[]
2022-04-05T15:45:00-04:00,2022-04-05,COST,24h,0,0.0,0.0,0.0,[],[]
2022-04-06T15:45:00-04:00,2022-04-06,COST,24h,0,0.0,0.0,0.0,[],[]
2022-04-07T15:45:00-04:00,2022-04-07,COST,24h,0,0.0,0.0,0.0,[],[]
2022-04-08T15:45:00-04:00,2022-04-08,COST,24h,0,0.0,0.0,0.0,[],[]
2022-04-11T15:45:00-04:00,2022-04-11,COST,24h,0,0.0,0.0,0.0,[],[]
2022-04-12T15:45:00-04:00,2022-04-12,COST,24h,0,0.0,0.0,0.0,[],[]
2022-04-13T15:45:00-04:00,2022-04-13,COST,24h,0,0.0,0.0,0.0,[],[]
2022-04-14T15:45:00-04:00,2022-04-14,COST,24h,0,0.0,0.0,0.0,[],[]
2022-04-15T15:45:00-04:00,2022-04-15,COST,24h,0,0.0,0.0,0.0,[],[]
2022-04-18T15:45:00-04:00,2022-04-18,COST,24h,0,0.0,0.0,0.0,[],[]
2022-04-19T15:45:00-04:00,2022-04-19,COST,24h,0,0.0,0.0,0.0,[],[]
2022-04-20T15:45:00-04:00,2022-04-20,COST,24h,0,0.0,0.0,0.0,[],[]
2022-04-21T15:45:00-04:00,2022-04-21,COST,24h,0,0.0,0.0,0.0,[],[]
2022-04-22T15:45:00-04:00,2022-04-22,COST,24h,0,0.0,0.0,0.0,[],[]
2022-04-25T15:45:00-04:00,2022-04-25,COST,24h,0,0.0,0.0,0.0,[],[]
2022-04-26T15:45:00-04:00,2022-04-26,COST,24h,0,0.0,0.0,0.0,[],[]
2022-04-27T15:45:00-04:00,2022-04-27,COST,24h,0,0.0,0.0,0.0,[],[]
2022-04-28T15:45:00-04:00,2022-04-28,COST,24h,0,0.0,0.0,0.0,[],[]
2022-04-29T15:45:00-04:00,2022-04-29,COST,24h,0,0.0,0.0,0.0,[],[]
2022-05-02T15:45:00-04:00,2022-05-02,COST,24h,0,0.0,0.0,0.0,[],[]
2022-05-03T15:45:00-04:00,2022-05-03,COST,24h,0,0.0,0.0,0.0,[],[]
2022-05-04T15:45:00-04:00,2022-05-04,COST,24h,0,0.0,0.0,0.0,[],[]
2022-05-05T15:45:00-04:00,2022-05-05,COST,24h,0,0.0,0.0,0.0,[],[]
2022-05-06T15:45:00-04:00,2022-05-06,COST,24h,0,0.0,0.0,0.0,[],[]
2022-05-09T15:45:00-04:00,2022-05-09,COST,24h,0,0.0,0.0,0.0,[],[]
2022-05-10T15:45:00-04:00,2022-05-10,COST,24h,0,0.0,0.0,0.0,[],[]
2022-05-11T15:45:00-04:00,2022-05-11,COST,24h,0,0.0,0.0,0.0,[],[]
2022-05-12T15:45:00-04:00,2022-05-12,COST,24h,0,0.0,0.0,0.0,[],[]
2022-05-13T15:45:00-04:00,2022-05-13,COST,24h,0,0.0,0.0,0.0,[],[]
2022-05-16T15:45:00-04:00,2022-05-16,COST,24h,0,0.0,0.0,0.0,[],[]
2022-05-17T15:45:00-04:00,2022-05-17,COST,24h,0,0.0,0.0,0.0,[],[]
2022-05-18T15:45:00-04:00,2022-05-18,COST,24h,0,0.0,0.0,0.0,[],[]
2022-05-19T15:45:00-04:00,2022-05-19,COST,24h,0,0.0,0.0,0.0,[],[]
2022-05-20T15:45:00-04:00,2022-05-20,COST,24h,0,0.0,0.0,0.0,[],[]
2022-05-23T15:45:00-04:00,2022-05-23,COST,24h,0,0.0,0.0,0.0,[],[]
2022-05-24T15:45:00-04:00,2022-05-24,COST,24h,0,0.0,0.0,0.0,[],[]
2022-05-25T15:45:00-04:00,2022-05-25,COST,24h,0,0.0,0.0,0.0,[],[]
2022-05-26T15:45:00-04:00,2022-05-26,COST,24h,0,0.0,0.0,0.0,[],[]
2022-05-27T15:45:00-04:00,2022-05-27,COST,24h,0,0.0,0.0,0.0,[],[]
2022-05-30T15:45:00-04:00,2022-05-30,COST,24h,0,0.0,0.0,0.0,[],[]
2022-05-31T15:45:00-04:00,2022-05-31,COST,24h,0,0.0,0.0,0.0,[],[]
2022-06-01T15:45:00-04:00,2022-06-01,COST,24h,0,0.0,0.0,0.0,[],[]
2022-06-02T15:45:00-04:00,2022-06-02,COST,24h,0,0.0,0.0,0.0,[],[]
2022-06-03T15:45:00-04:00,2022-06-03,COST,24h,0,0.0,0.0,0.0,[],[]
2022-06-06T15:45:00-04:00,2022-06-06,COST,24h,0,0.0,0.0,0.0,[],[]
2022-06-07T15:45:00-04:00,2022-06-07,COST,24h,0,0.0,0.0,0.0,[],[]
2022-06-08T15:45:00-04:00,2022-06-08,COST,24h,0,0.0,0.0,0.0,[],[]
2022-06-09T15:45:00-04:00,2022-06-09,COST,24h,0,0.0,0.0,0.0,[],[]
2022-06-10T15:45:00-04:00,2022-06-10,COST,24h,0,0.0,0.0,0.0,[],[]
2022-06-13T15:45:00-04:00,2022-06-13,COST,24h,0,0.0,0.0,0.0,[],[]
2022-06-14T15:45:00-04:00,2022-06-14,COST,24h,0,0.0,0.0,0.0,[],[]
2022-06-15T15:45:00-04:00,2022-06-15,COST,24h,0,0.0,0.0,0.0,[],[]
2022-06-16T15:45:00-04:00,2022-06-16,COST,24h,0,0.0,0.0,0.0,[],[]
2022-06-17T15:45:00-04:00,2022-06-17,COST,24h,0,0.0,0.0,0.0,[],[]
2022-06-20T15:45:00-04:00,2022-06-20,COST,24h,0,0.0,0.0,0.0,[],[]
2022-06-21T15:45:00-04:00,2022-06-21,COST,24h,0,0.0,0.0,0.0,[],[]
2022-06-22T15:45:00-04:00,2022-06-22,COST,24h,0,0.0,0.0,0.0,[],[]
2022-06-23T15:45:00-04:00,2022-06-23,COST,24h,0,0.0,0.0,0.0,[],[]
2022-06-24T15:45:00-04:00,2022-06-24,COST,24h,0,0.0,0.0,0.0,[],[]
2022-06-27T15:45:00-04:00,2022-06-27,COST,24h,0,0.0,0.0,0.0,[],[]
2022-06-28T15:45:00-04:00,2022-06-28,COST,24h,0,0.0,0.0,0.0,[],[]
2022-06-29T15:45:00-04:00,2022-06-29,COST,24h,0,0.0,0.0,0.0,[],[]
2022-06-30T15:45:00-04:00,2022-06-30,COST,24h,0,0.0,0.0,0.0,[],[]
2022-07-01T15:45:00-04:00,2022-07-01,COST,24h,0,0.0,0.0,0.0,[],[]
2022-07-04T15:45:00-04:00,2022-07-04,COST,24h,0,0.0,0.0,0.0,[],[]
2022-07-05T15:45:00-04:00,2022-07-05,COST,24h,0,0.0,0.0,0.0,[],[]
2022-07-06T15:45:00-04:00,2022-07-06,COST,24h,0,0.0,0.0,0.0,[],[]
2022-07-07T15:45:00-04:00,2022-07-07,COST,24h,0,0.0,0.0,0.0,[],[]
2022-07-08T15:45:00-04:00,2022-07-08,COST,24h,0,0.0,0.0,0.0,[],[]
2022-07-11T15:45:00-04:00,2022-07-11,COST,24h,0,0.0,0.0,0.0,[],[]
2022-07-12T15:45:00-04:00,2022-07-12,COST,24h,0,0.0,0.0,0.0,[],[]
2022-07-13T15:45:00-04:00,2022-07-13,COST,24h,0,0.0,0.0,0.0,[],[]
2022-07-14T15:45:00-04:00,2022-07-14,COST,24h,0,0.0,0.0,0.0,[],[]
2022-07-15T15:45:00-04:00,2022-07-15,COST,24h,0,0.0,0.0,0.0,[],[]
2022-07-18T15:45:00-04:00,2022-07-18,COST,24h,0,0.0,0.0,0.0,[],[]
2022-07-19T15:45:00-04:00,2022-07-19,COST,24h,0,0.0,0.0,0.0,[],[]
2022-07-20T15:45:00-04:00,2022-07-20,COST,24h,0,0.0,0.0,0.0,[],[]
2022-07-21T15:45:00-04:00,2022-07-21,COST,24h,0,0.0,0.0,0.0,[],[]
2022-07-22T15:45:00-04:00,2022-07-22,COST,24h,0,0.0,0.0,0.0,[],[]
2022-07-25T15:45:00-04:00,2022-07-25,COST,24h,0,0.0,0.0,0.0,[],[]
2022-07-26T15:45:00-04:00,2022-07-26,COST,24h,0,0.0,0.0,0.0,[],[]
2022-07-27T15:45:00-04:00,2022-07-27,COST,24h,0,0.0,0.0,0.0,[],[]
2022-07-28T15:45:00-04:00,2022-07-28,COST,24h,0,0.0,0.0,0.0,[],[]
2022-07-29T15:45:00-04:00,2022-07-29,COST,24h,0,0.0,0.0,0.0,[],[]
2022-08-01T15:45:00-04:00,2022-08-01,COST,24h,0,0.0,0.0,0.0,[],[]
2022-08-02T15:45:00-04:00,2022-08-02,COST,24h,0,0.0,0.0,0.0,[],[]
2022-08-03T15:45:00-04:00,2022-08-03,COST,24h,0,0.0,0.0,0.0,[],[]
2022-08-04T15:45:00-04:00,2022-08-04,COST,24h,0,0.0,0.0,0.0,[],[]
2022-08-05T15:45:00-04:00,2022-08-05,COST,24h,0,0.0,0.0,0.0,[],[]
2022-08-08T15:45:00-04:00,2022-08-08,COST,24h,0,0.0,0.0,0.0,[],[]
2022-08-09T15:45:00-04:00,2022-08-09,COST,24h,0,0.0,0.0,0.0,[],[]
2022-08-10T15:45:00-04:00,2022-08-10,COST,24h,0,0.0,0.0,0.0,[],[]
2022-08-11T15:45:00-04:00,2022-08-11,COST,24h,0,0.0,0.0,0.0,[],[]
2022-08-12T15:45:00-04:00,2022-08-12,COST,24h,0,0.0,0.0,0.0,[],[]
2022-08-15T15:45:00-04:00,2022-08-15,COST,24h,0,0.0,0.0,0.0,[],[]
2022-08-16T15:45:00-04:00,2022-08-16,COST,24h,0,0.0,0.0,0.0,[],[]
2022-08-17T15:45:00-04:00,2022-08-17,COST,24h,0,0.0,0.0,0.0,[],[]
2022-08-18T15:45:00-04:00,2022-08-18,COST,24h,0,0.0,0.0,0.0,[],[]
2022-08-19T15:45:00-04:00,2022-08-19,COST,24h,0,0.0,0.0,0.0,[],[]
2022-08-22T15:45:00-04:00,2022-08-22,COST,24h,0,0.0,0.0,0.0,[],[]
2022-08-23T15:45:00-04:00,2022-08-23,COST,24h,0,0.0,0.0,0.0,[],[]
2022-08-24T15:45:00-04:00,2022-08-24,COST,24h,0,0.0,0.0,0.0,[],[]
2022-08-25T15:45:00-04:00,2022-08-25,COST,24h,0,0.0,0.0,0.0,[],[]
2022-08-26T15:45:00-04:00,2022-08-26,COST,24h,0,0.0,0.0,0.0,[],[]
2022-08-29T15:45:00-04:00,2022-08-29,COST,24h,0,0.0,0.0,0.0,[],[]
2022-08-30T15:45:00-04:00,2022-08-30,COST,24h,0,0.0,0.0,0.0,[],[]
2022-08-31T15:45:00-04:00,2022-08-31,COST,24h,0,0.0,0.0,0.0,[],[]
2022-09-01T15:45:00-04:00,2022-09-01,COST,24h,0,0.0,0.0,0.0,[],[]
2022-09-02T15:45:00-04:00,2022-09-02,COST,24h,0,0.0,0.0,0.0,[],[]
2022-09-05T15:45:00-04:00,2022-09-05,COST,24h,0,0.0,0.0,0.0,[],[]
2022-09-06T15:45:00-04:00,2022-09-06,COST,24h,0,0.0,0.0,0.0,[],[]
2022-09-07T15:45:00-04:00,2022-09-07,COST,24h,0,0.0,0.0,0.0,[],[]
2022-09-08T15:45:00-04:00,2022-09-08,COST,24h,0,0.0,0.0,0.0,[],[]
2022-09-09T15:45:00-04:00,2022-09-09,COST,24h,0,0.0,0.0,0.0,[],[]
2022-09-12T15:45:00-04:00,2022-09-12,COST,24h,0,0.0,0.0,0.0,[],[]
2022-09-13T15:45:00-04:00,2022-09-13,COST,24h,0,0.0,0.0,0.0,[],[]
2022-09-14T15:45:00-04:00,2022-09-14,COST,24h,0,0.0,0.0,0.0,[],[]
2022-09-15T15:45:00-04:00,2022-09-15,COST,24h,0,0.0,0.0,0.0,[],[]
2022-09-16T15:45:00-04:00,2022-09-16,COST,24h,0,0.0,0.0,0.0,[],[]
2022-09-19T15:45:00-04:00,2022-09-19,COST,24h,0,0.0,0.0,0.0,[],[]
2022-09-20T15:45:00-04:00,2022-09-20,COST,24h,0,0.0,0.0,0.0,[],[]
2022-09-21T15:45:00-04:00,2022-09-21,COST,24h,0,0.0,0.0,0.0,[],[]
2022-09-22T15:45:00-04:00,2022-09-22,COST,24h,0,0.0,0.0,0.0,[],[]
2022-09-23T15:45:00-04:00,2022-09-23,COST,24h,0,0.0,0.0,0.0,[],[]
2022-09-26T15:45:00-04:00,2022-09-26,COST,24h,0,0.0,0.0,0.0,[],[]
2022-09-27T15:45:00-04:00,2022-09-27,COST,24h,0,0.0,0.0,0.0,[],[]
2022-09-28T15:45:00-04:00,2022-09-28,COST,24h,0,0.0,0.0,0.0,[],[]
2022-09-29T15:45:00-04:00,2022-09-29,COST,24h,0,0.0,0.0,0.0,[],[]
2022-09-30T15:45:00-04:00,2022-09-30,COST,24h,0,0.0,0.0,0.0,[],[]
2022-10-03T15:45:00-04:00,2022-10-03,COST,24h,0,0.0,0.0,0.0,[],[]
2022-10-04T15:45:00-04:00,2022-10-04,COST,24h,0,0.0,0.0,0.0,[],[]
2022-10-05T15:45:00-04:00,2022-10-05,COST,24h,0,0.0,0.0,0.0,[],[]
2022-10-06T15:45:00-04:00,2022-10-06,COST,24h,0,0.0,0.0,0.0,[],[]
2022-10-07T15:45:00-04:00,2022-10-07,COST,24h,0,0.0,0.0,0.0,[],[]
2022-10-10T15:45:00-04:00,2022-10-10,COST,24h,0,0.0,0.0,0.0,[],[]
2022-10-11T15:45:00-04:00,2022-10-11,COST,24h,0,0.0,0.0,0.0,[],[]
2022-10-12T15:45:00-04:00,2022-10-12,COST,24h,0,0.0,0.0,0.0,[],[]
2022-10-13T15:45:00-04:00,2022-10-13,COST,24h,1,0.0,0.0,0.0,"[""litigation""]","[""sec_edgar""]"
2022-10-14T15:45:00-04:00,2022-10-14,COST,24h,0,0.0,0.0,0.0,[],[]
2022-10-17T15:45:00-04:00,2022-10-17,COST,24h,0,0.0,0.0,0.0,[],[]
2022-10-18T15:45:00-04:00,2022-10-18,COST,24h,0,0.0,0.0,0.0,[],[]
2022-10-19T15:45:00-04:00,2022-10-19,COST,24h,0,0.0,0.0,0.0,[],[]
2022-10-20T15:45:00-04:00,2022-10-20,COST,24h,0,0.0,0.0,0.0,[],[]
2022-10-21T15:45:00-04:00,2022-10-21,COST,24h,0,0.0,0.0,0.0,[],[]
2022-10-24T15:45:00-04:00,2022-10-24,COST,24h,0,0.0,0.0,0.0,[],[]
2022-10-25T15:45:00-04:00,2022-10-25,COST,24h,0,0.0,0.0,0.0,[],[]
2022-10-26T15:45:00-04:00,2022-10-26,COST,24h,0,0.0,0.0,0.0,[],[]
2022-10-27T15:45:00-04:00,2022-10-27,COST,24h,0,0.0,0.0,0.0,[],[]
2022-10-28T15:45:00-04:00,2022-10-28,COST,24h,0,0.0,0.0,0.0,[],[]
2022-10-31T15:45:00-04:00,2022-10-31,COST,24h,0,0.0,0.0,0.0,[],[]
2022-11-01T15:45:00-04:00,2022-11-01,COST,24h,0,0.0,0.0,0.0,[],[]
2022-11-02T15:45:00-04:00,2022-11-02,COST,24h,0,0.0,0.0,0.0,[],[]
2022-11-03T15:45:00-04:00,2022-11-03,COST,24h,0,0.0,0.0,0.0,[],[]
2022-11-04T15:45:00-04:00,2022-11-04,COST,24h,0,0.0,0.0,0.0,[],[]
2022-11-07T15:45:00-05:00,2022-11-07,COST,24h,0,0.0,0.0,0.0,[],[]
2022-11-08T15:45:00-05:00,2022-11-08,COST,24h,0,0.0,0.0,0.0,[],[]
2022-11-09T15:45:00-05:00,2022-11-09,COST,24h,0,0.0,0.0,0.0,[],[]
2022-11-10T15:45:00-05:00,2022-11-10,COST,24h,1,0.0,0.0,0.0,"[""litigation""]","[""sec_edgar""]"
2022-11-11T15:45:00-05:00,2022-11-11,COST,24h,0,0.0,0.0,0.0,[],[]
2022-11-14T15:45:00-05:00,2022-11-14,COST,24h,0,0.0,0.0,0.0,[],[]
2022-11-15T15:45:00-05:00,2022-11-15,COST,24h,0,0.0,0.0,0.0,[],[]
2022-11-16T15:45:00-05:00,2022-11-16,COST,24h,0,0.0,0.0,0.0,[],[]
2022-11-17T15:45:00-05:00,2022-11-17,COST,24h,0,0.0,0.0,0.0,[],[]
2022-11-18T15:45:00-05:00,2022-11-18,COST,24h,0,0.0,0.0,0.0,[],[]
2022-11-21T15:45:00-05:00,2022-11-21,COST,24h,0,0.0,0.0,0.0,[],[]
2022-11-22T15:45:00-05:00,2022-11-22,COST,24h,0,0.0,0.0,0.0,[],[]
2022-11-23T15:45:00-05:00,2022-11-23,COST,24h,0,0.0,0.0,0.0,[],[]
2022-11-24T15:45:00-05:00,2022-11-24,COST,24h,0,0.0,0.0,0.0,[],[]
2022-11-25T15:45:00-05:00,2022-11-25,COST,24h,0,0.0,0.0,0.0,[],[]
2022-11-28T15:45:00-05:00,2022-11-28,COST,24h,0,0.0,0.0,0.0,[],[]
2022-11-29T15:45:00-05:00,2022-11-29,COST,24h,0,0.0,0.0,0.0,[],[]
2022-11-30T15:45:00-05:00,2022-11-30,COST,24h,0,0.0,0.0,0.0,[],[]
2022-12-01T15:45:00-05:00,2022-12-01,COST,24h,0,0.0,0.0,0.0,[],[]
2022-12-02T15:45:00-05:00,2022-12-02,COST,24h,0,0.0,0.0,0.0,[],[]
2022-12-05T15:45:00-05:00,2022-12-05,COST,24h,0,0.0,0.0,0.0,[],[]
2022-12-06T15:45:00-05:00,2022-12-06,COST,24h,0,0.0,0.0,0.0,[],[]
2022-12-07T15:45:00-05:00,2022-12-07,COST,24h,0,0.0,0.0,0.0,[],[]
2022-12-08T15:45:00-05:00,2022-12-08,COST,24h,0,0.0,0.0,0.0,[],[]
2022-12-09T15:45:00-05:00,2022-12-09,COST,24h,1,0.0,0.0,0.0,"[""earnings"", ""litigation""]","[""sec_edgar""]"
2022-12-12T15:45:00-05:00,2022-12-12,COST,24h,0,0.0,0.0,0.0,[],[]
2022-12-13T15:45:00-05:00,2022-12-13,COST,24h,0,0.0,0.0,0.0,[],[]
2022-12-14T15:45:00-05:00,2022-12-14,COST,24h,0,0.0,0.0,0.0,[],[]
2022-12-15T15:45:00-05:00,2022-12-15,COST,24h,0,0.0,0.0,0.0,[],[]
2022-12-16T15:45:00-05:00,2022-12-16,COST,24h,0,0.0,0.0,0.0,[],[]
2022-12-19T15:45:00-05:00,2022-12-19,COST,24h,0,0.0,0.0,0.0,[],[]
2022-12-20T15:45:00-05:00,2022-12-20,COST,24h,0,0.0,0.0,0.0,[],[]
2022-12-21T15:45:00-05:00,2022-12-21,COST,24h,0,0.0,0.0,0.0,[],[]
2022-12-22T15:45:00-05:00,2022-12-22,COST,24h,0,0.0,0.0,0.0,[],[]
2022-12-23T15:45:00-05:00,2022-12-23,COST,24h,0,0.0,0.0,0.0,[],[]
2022-12-26T15:45:00-05:00,2022-12-26,COST,24h,0,0.0,0.0,0.0,[],[]
2022-12-27T15:45:00-05:00,2022-12-27,COST,24h,0,0.0,0.0,0.0,[],[]
2022-12-28T15:45:00-05:00,2022-12-28,COST,24h,0,0.0,0.0,0.0,[],[]
2022-12-29T15:45:00-05:00,2022-12-29,COST,24h,0,0.0,0.0,0.0,[],[]
2022-12-30T15:45:00-05:00,2022-12-30,COST,24h,0,0.0,0.0,0.0,[],[]
2020-01-01T15:45:00-05:00,2020-01-01,GLD,24h,1,0.828,0.828,0.0,[],"[""benzinga""]"
2020-01-02T15:45:00-05:00,2020-01-02,GLD,24h,0,0.0,0.0,0.0,[],[]
2020-01-03T15:45:00-05:00,2020-01-03,GLD,24h,0,0.0,0.0,0.0,[],[]
2020-01-06T15:45:00-05:00,2020-01-06,GLD,24h,0,0.0,0.0,0.0,[],[]
2020-01-07T15:45:00-05:00,2020-01-07,GLD,24h,0,0.0,0.0,0.0,[],[]
2020-01-08T15:45:00-05:00,2020-01-08,GLD,24h,0,0.0,0.0,0.0,[],[]
2020-01-09T15:45:00-05:00,2020-01-09,GLD,24h,1,0.5265,0.5265,0.0,[],"[""reuters""]"
2020-01-10T15:45:00-05:00,2020-01-10,GLD,24h,0,0.0,0.0,0.0,[],[]
2020-01-13T15:45:00-05:00,2020-01-13,GLD,24h,1,-0.8137,-0.8137,1.0,"[""macro""]","[""benzinga""]"
2020-01-14T15:45:00-05:00,2020-01-14,GLD,24h,0,0.0,0.0,0.0,[],[]
2020-01-15T15:45:00-05:00,2020-01-15,GLD,24h,0,0.0,0.0,0.0,[],[]
2020-01-16T15:45:00-05:00,2020-01-16,GLD,24h,0,0.0,0.0,0.0,[],[]
2020-01-17T15:45:00-05:00,2020-01-17,GLD,24h,1,0.9277,0.9277,0.0,[],"[""businesswire""]"
2020-01-20T15:45:00-05:00,2020-01-20,GLD,24h,0,0.0,0.0,0.0,[],[]
2020-01-21T15:45:00-05:00,2020-01-21,GLD,24h,1,0.7772,0.7772,0.0,[],"[""reuters""]"
2020-01-22T15:45:00-05:00,2020-01-22,GLD,24h,0,0.0,0.0,0.0,[],[]
2020-01-23T15:45:00-05:00,2020-01-23,GLD,24h,0,0.0,0.0,0.0,[],[]
2020-01-24T15:45:00-05:00,2020-01-24,GLD,24h,0,0.0,0.0,0.0,[],[]
2020-01-27T15:45:00-05:00,2020-01-27,GLD,24h,0,0.0,0.0,0.0,[],[]
2020-01-28T15:45:00-05:00,2020-01-28,GLD,24h,0,0.0,0.0,0.0,[],[]
2020-01-29T15:45:00-05:00,2020-01-29,GLD,24h,0,0.0,0.0,0.0,[],[]
2020-01-30T15:45:00-05:00,2020-01-30,GLD,24h,0,0.0,0.0,0.0,[],[]
2020-01-31T15:45:00-05:00,2020-01-31,GLD,24h,0,0.0,0.0,0.0,[],[]
2020-02-03T15:45:00-05:00,2020-02-03,GLD,24h,0,0.0,0.0,0.0,[],[]
2020-02-04T15:45:00-05:00,2020-02-04,GLD,24h,0,0.0,0.0,0.0,[],[]
2020-02-05T15:45:00-05:00,2020-02-05,GLD,24h,0,0.0,0.0,0.0,[],[]
2020-02-06T15:45:00-05:00,2020-02-06,GLD,24h,0,0.0,0.0,0.0,[],[]
2020-02-07T15:45:00-05:00,2020-02-07,GLD,24h,0,0.0,0.0,0.0,[],[]
2020-02-10T15:45:00-05:00,2020-02-10,GLD,24h,0,0.0,0.0,0.0,[],[]
2020-02-11T15:45:00-05:00,2020-02-11,GLD,24h,0,0.0,0.0,0.0,[],[]
2020-02-12T15:45:00-05:00,2020-02-12,GLD,24h,0,0.0,0.0,0.0,[],[]
2020-02-13T15:45:00-05:00,2020-02-13,GLD,24h,0,0.0,0.0,0.0,[],[]
2020-02-14T15:45:00-05:00,2020-02-14,GLD,24h,0,0.0,0.0,0.0,[],[]
2020-02-17T15:45:00-05:00,2020-02-17,GLD,24h,0,0.0,0.0,0.0,[],[]
2020-02-18T15:45:00-05:00,2020-02-18,GLD,24h,0,0.0,0.0,0.0,[],[]
2020-02-19T15:45:00-05:00,2020-02-19,GLD,24h,0,0.0,0.0,0.0,[],[]
2020-02-20T15:45:00-05:00,2020-02-20,GLD,24h,0,0.0,0.0,0.0,[],[]
2020-02-21T15:45:00-05:00,2020-02-21,GLD,24h,0,0.0,0.0,0.0,[],[]
2020-02-24T15:45:00-05:00,2020-02-24,GLD,24h,0,0.0,0.0,0.0,[],[]
2020-02-25T15:45:00-05:00,2020-02-25,GLD,24h,0,0.0,0.0,0.0,[],[]
2020-02-26T15:45:00-05:00,2020-02-26,GLD,24h,0,0.0,0.0,0.0,[],[]
2020-02-27T15:45:00-05:00,2020-02-27,GLD,24h,0,0.0,0.0,0.0,[],[]
2020-02-28T15:45:00-05:00,2020-02-28,GLD,24h,0,0.0,0.0,0.0,[],[]
2020-03-02T15:45:00-05:00,2020-03-02,GLD,24h,0,0.0,0.0,0.0,[],[]
2020-03-03T15:45:00-05:00,2020-03-03,GLD,24h,0,0.0,0.0,0.0,[],[]
2020-03-04T15:45:00-05:00,2020-03-04,GLD,24h,0,0.0,0.0,0.0,[],[]
2020-03-05T15:45:00-05:00,2020-03-05,GLD,24h,0,0.0,0.0,0.0,[],[]
2020-03-06T15:45:00-05:00,2020-03-06,GLD,24h,0,0.0,0.0,0.0,[],[]
2020-03-09T15:45:00-04:00,2020-03-09,GLD,24h,0,0.0,0.0,0.0,[],[]
2020-03-10T15:45:00-04:00,2020-03-10,GLD,24h,0,0.0,0.0,0.0,[],[]
2020-03-11T15:45:00-04:00,2020-03-11,GLD,24h,0,0.0,0.0,0.0,[],[]
2020-03-12T15:45:00-04:00,2020-03-12,GLD,24h,0,0.0,0.0,0.0,[],[]
2020-03-13T15:45:00-04:00,2020-03-13,GLD,24h,0,0.0,0.0,0.0,[],[]
2020-03-16T15:45:00-04:00,2020-03-16,GLD,24h,0,0.0,0.0,0.0,[],[]
2020-03-17T15:45:00-04:00,2020-03-17,GLD,24h,0,0.0,0.0,0.0,[],[]
2020-03-18T15:45:00-04:00,2020-03-18,GLD,24h,0,0.0,0.0,0.0,[],[]
2020-03-19T15:45:00-04:00,2020-03-19,GLD,24h,0,0.0,0.0,0.0,[],[]
2020-03-20T15:45:00-04:00,2020-03-20,GLD,24h,0,0.0,0.0,0.0,[],[]
2020-03-23T15:45:00-04:00,2020-03-23,GLD,24h,0,0.0,0.0,0.0,[],[]
2020-03-24T15:45:00-04:00,2020-03-24,GLD,24h,0,0.0,0.0,0.0,[],[]
2020-03-25T15:45:00-04:00,2020-03-25,GLD,24h,0,0.0,0.0,0.0,[],[]
2020-03-26T15:45:00-04:00,2020-03-26,GLD,24h,0,0.0,0.0,0.0,[],[]
2020-03-27T15:45:00-04:00,2020-03-27,GLD,24h,0,0.0,0.0,0.0,[],[]
2020-03-30T15:45:00-04:00,2020-03-30,GLD,24h,0,0.0,0.0,0.0,[],[]
2020-03-31T15:45:00-04:00,2020-03-31,GLD,24h,0,0.0,0.0,0.0,[],[]
2020-04-01T15:45:00-04:00,2020-04-01,GLD,24h,0,0.0,0.0,0.0,[],[]
2020-04-02T15:45:00-04:00,2020-04-02,GLD,24h,0,0.0,0.0,0.0,[],[]
2020-04-03T15:45:00-04:00,2020-04-03,GLD,24h,0,0.0,0.0,0.0,[],[]
2020-04-06T15:45:00-04:00,2020-04-06,GLD,24h,0,0.0,0.0,0.0,[],[]
2020-04-07T15:45:00-04:00,2020-04-07,GLD,24h,0,0.0,0.0,0.0,[],[]
2020-04-08T15:45:00-04:00,2020-04-08,GLD,24h,0,0.0,0.0,0.0,[],[]
2020-04-09T15:45:00-04:00,2020-04-09,GLD,24h,0,0.0,0.0,0.0,[],[]
2020-04-10T15:45:00-04:00,2020-04-10,GLD,24h,0,0.0,0.0,0.0,[],[]
2020-04-13T15:45:00-04:00,2020-04-13,GLD,24h,0,0.0,0.0,0.0,[],[]
2020-04-14T15:45:00-04:00,2020-04-14,GLD,24h,0,0.0,0.0,0.0,[],[]
2020-04-15T15:45:00-04:00,2020-04-15,GLD,24h,0,0.0,0.0,0.0,[],[]
2020-04-16T15:45:00-04:00,2020-04-16,GLD,24h,0,0.0,0.0,0.0,[],[]
2020-04-17T15:45:00-04:00,2020-04-17,GLD,24h,0,0.0,0.0,0.0,[],[]
2020-04-20T15:45:00-04:00,2020-04-20,GLD,24h,0,0.0,0.0,0.0,[],[]
2020-04-21T15:45:00-04:00,2020-04-21,GLD,24h,0,0.0,0.0,0.0,[],[]
2020-04-22T15:45:00-04:00,2020-04-22,GLD,24h,0,0.0,0.0,0.0,[],[]
2020-04-23T15:45:00-04:00,2020-04-23,GLD,24h,0,0.0,0.0,0.0,[],[]
2020-04-24T15:45:00-04:00,2020-04-24,GLD,24h,0,0.0,0.0,0.0,[],[]
2020-04-27T15:45:00-04:00,2020-04-27,GLD,24h,0,0.0,0.0,0.0,[],[]
2020-04-28T15:45:00-04:00,2020-04-28,GLD,24h,0,0.0,0.0,0.0,[],[]
2020-04-29T15:45:00-04:00,2020-04-29,GLD,24h,0,0.0,0.0,0.0,[],[]
2020-04-30T15:45:00-04:00,2020-04-30,GLD,24h,0,0.0,0.0,0.0,[],[]
2020-05-01T15:45:00-04:00,2020-05-01,GLD,24h,0,0.0,0.0,0.0,[],[]
2020-05-04T15:45:00-04:00,2020-05-04,GLD,24h,0,0.0,0.0,0.0,[],[]
2020-05-05T15:45:00-04:00,2020-05-05,GLD,24h,0,0.0,0.0,0.0,[],[]
2020-05-06T15:45:00-04:00,2020-05-06,GLD,24h,0,0.0,0.0,0.0,[],[]
2020-05-07T15:45:00-04:00,2020-05-07,GLD,24h,0,0.0,0.0,0.0,[],[]
2020-05-08T15:45:00-04:00,2020-05-08,GLD,24h,0,0.0,0.0,0.0,[],[]
2020-05-11T15:45:00-04:00,2020-05-11,GLD,24h,0,0.0,0.0,0.0,[],[]
2020-05-12T15:45:00-04:00,2020-05-12,GLD,24h,0,0.0,0.0,0.0,[],[]
2020-05-13T15:45:00-04:00,2020-05-13,GLD,24h,0,0.0,0.0,0.0,[],[]
2020-05-14T15:45:00-04:00,2020-05-14,GLD,24h,0,0.0,0.0,0.0,[],[]
2020-05-15T15:45:00-04:00,2020-05-15,GLD,24h,0,0.0,0.0,0.0,[],[]
2020-05-18T15:45:00-04:00,2020-05-18,GLD,24h,0,0.0,0.0,0.0,[],[]
2020-05-19T15:45:00-04:00,2020-05-19,GLD,24h,0,0.0,0.0,0.0,[],[]
2020-05-20T15:45:00-04:00,2020-05-20,GLD,24h,0,0.0,0.0,0.0,[],[]
2020-05-21T15:45:00-04:00,2020-05-21,GLD,24h,0,0.0,0.0,0.0,[],[]
2020-05-22T15:45:00-04:00,2020-05-22,GLD,24h,0,0.0,0.0,0.0,[],[]
2020-05-25T15:45:00-04:00,2020-05-25,GLD,24h,0,0.0,0.0,0.0,[],[]
2020-05-26T15:45:00-04:00,2020-05-26,GLD,24h,0,0.0,0.0,0.0,[],[]
2020-05-27T15:45:00-04:00,2020-05-27,GLD,24h,0,0.0,0.0,0.0,[],[]
2020-05-28T15:45:00-04:00,2020-05-28,GLD,24h,0,0.0,0.0,0.0,[],[]
2020-05-29T15:45:00-04:00,2020-05-29,GLD,24h,0,0.0,0.0,0.0,[],[]
2020-06-01T15:45:00-04:00,2020-06-01,GLD,24h,0,0.0,0.0,0.0,[],[]
2020-06-02T15:45:00-04:00,2020-06-02,GLD,24h,0,0.0,0.0,0.0,[],[]
2020-06-03T15:45:00-04:00,2020-06-03,GLD,24h,0,0.0,0.0,0.0,[],[]
2020-06-04T15:45:00-04:00,2020-06-04,GLD,24h,0,0.0,0.0,0.0,[],[]
2020-06-05T15:45:00-04:00,2020-06-05,GLD,24h,0,0.0,0.0,0.0,[],[]
2020-06-08T15:45:00-04:00,2020-06-08,GLD,24h,0,0.0,0.0,0.0,[],[]
2020-06-09T15:45:00-04:00,2020-06-09,GLD,24h,0,0.0,0.0,0.0,[],[]
2020-06-10T15:45:00-04:00,2020-06-10,GLD,24h,0,0.0,0.0,0.0,[],[]
2020-06-11T15:45:00-04:00,2020-06-11,GLD,24h,0,0.0,0.0,0.0,[],[]
2020-06-12T15:45:00-04:00,2020-06-12,GLD,24h,0,0.0,0.0,0.0,[],[]
2020-06-15T15:45:00-04:00,2020-06-15,GLD,24h,0,0.0,0.0,0.0,[],[]
2020-06-16T15:45:00-04:00,2020-06-16,GLD,24h,0,0.0,0.0,0.0,[],[]
2020-06-17T15:45:00-04:00,2020-06-17,GLD,24h,0,0.0,0.0,0.0,[],[]
2020-06-18T15:45:00-04:00,2020-06-18,GLD,24h,0,0.0,0.0,0.0,[],[]
2020-06-19T15:45:00-04:00,2020-06-19,GLD,24h,0,0.0,0.0,0.0,[],[]
2020-06-22T15:45:00-04:00,2020-06-22,GLD,24h,0,0.0,0.0,0.0,[],[]
2020-06-23T15:45:00-04:00,2020-06-23,GLD,24h,0,0.0,0.0,0.0,[],[]
2020-06-24T15:45:00-04:00,2020-06-24,GLD,24h,0,0.0,0.0,0.0,[],[]
2020-06-25T15:45:00-04:00,2020-06-25,GLD,24h,0,0.0,0.0,0.0,[],[]
2020-06-26T15:45:00-04:00,2020-06-26,GLD,24h,0,0.0,0.0,0.0,[],[]
2020-06-29T15:45:00-04:00,2020-06-29,GLD,24h,0,0.0,0.0,0.0,[],[]
2020-06-30T15:45:00-04:00,2020-06-30,GLD,24h,0,0.0,0.0,0.0,[],[]
2020-07-01T15:45:00-04:00,2020-07-01,GLD,24h,0,0.0,0.0,0.0,[],[]
2020-07-02T15:45:00-04:00,2020-07-02,GLD,24h,0,0.0,0.0,0.0,[],[]
2020-07-03T15:45:00-04:00,2020-07-03,GLD,24h,0,0.0,0.0,0.0,[],[]
2020-07-06T15:45:00-04:00,2020-07-06,GLD,24h,0,0.0,0.0,0.0,[],[]
2020-07-07T15:45:00-04:00,2020-07-07,GLD,24h,0,0.0,0.0,0.0,[],[]
2020-07-08T15:45:00-04:00,2020-07-08,GLD,24h,0,0.0,0.0,0.0,[],[]
2020-07-09T15:45:00-04:00,2020-07-09,GLD,24h,0,0.0,0.0,0.0,[],[]
2020-07-10T15:45:00-04:00,2020-07-10,GLD,24h,0,0.0,0.0,0.0,[],[]
2020-07-13T15:45:00-04:00,2020-07-13,GLD,24h,0,0.0,0.0,0.0,[],[]
2020-07-14T15:45:00-04:00,2020-07-14,GLD,24h,0,0.0,0.0,0.0,[],[]
2020-07-15T15:45:00-04:00,2020-07-15,GLD,24h,0,0.0,0.0,0.0,[],[]
2020-07-16T15:45:00-04:00,2020-07-16,GLD,24h,0,0.0,0.0,0.0,[],[]
2020-07-17T15:45:00-04:00,2020-07-17,GLD,24h,0,0.0,0.0,0.0,[],[]
2020-07-20T15:45:00-04:00,2020-07-20,GLD,24h,0,0.0,0.0,0.0,[],[]
2020-07-21T15:45:00-04:00,2020-07-21,GLD,24h,0,0.0,0.0,0.0,[],[]
2020-07-22T15:45:00-04:00,2020-07-22,GLD,24h,0,0.0,0.0,0.0,[],[]
2020-07-23T15:45:00-04:00,2020-07-23,GLD,24h,0,0.0,0.0,0.0,[],[]
2020-07-24T15:45:00-04:00,2020-07-24,GLD,24h,0,0.0,0.0,0.0,[],[]
2020-07-27T15:45:00-04:00,2020-07-27,GLD,24h,0,0.0,0.0,0.0,[],[]
2020-07-28T15:45:00-04:00,2020-07-28,GLD,24h,0,0.0,0.0,0.0,[],[]
2020-07-29T15:45:00-04:00,2020-07-29,GLD,24h,0,0.0,0.0,0.0,[],[]
2020-07-30T15:45:00-04:00,2020-07-30,GLD,24h,0,0.0,0.0,0.0,[],[]
2020-07-31T15:45:00-04:00,2020-07-31,GLD,24h,0,0.0,0.0,0.0,[],[]
2020-08-03T15:45:00-04:00,2020-08-03,GLD,24h,0,0.0,0.0,0.0,[],[]
2020-08-04T15:45:00-04:00,2020-08-04,GLD,24h,0,0.0,0.0,0.0,[],[]
2020-08-05T15:45:00-04:00,2020-08-05,GLD,24h,0,0.0,0.0,0.0,[],[]
2020-08-06T15:45:00-04:00,2020-08-06,GLD,24h,0,0.0,0.0,0.0,[],[]
2020-08-07T15:45:00-04:00,2020-08-07,GLD,24h,0,0.0,0.0,0.0,[],[]
2020-08-10T15:45:00-04:00,2020-08-10,GLD,24h,0,0.0,0.0,0.0,[],[]
2020-08-11T15:45:00-04:00,2020-08-11,GLD,24h,0,0.0,0.0,0.0,[],[]
2020-08-12T15:45:00-04:00,2020-08-12,GLD,24h,0,0.0,0.0,0.0,[],[]
2020-08-13T15:45:00-04:00,2020-08-13,GLD,24h,0,0.0,0.0,0.0,[],[]
2020-08-14T15:45:00-04:00,2020-08-14,GLD,24h,0,0.0,0.0,0.0,[],[]
2020-08-17T15:45:00-04:00,2020-08-17,GLD,24h,0,0.0,0.0,0.0,[],[]
2020-08-18T15:45:00-04:00,2020-08-18,GLD,24h,0,0.0,0.0,0.0,[],[]
2020-08-19T15:45:00-04:00,2020-08-19,GLD,24h,0,0.0,0.0,0.0,[],[]
2020-08-20T15:45:00-04:00,2020-08-20,GLD,24h,0,0.0,0.0,0.0,[],[]
2020-08-21T15:45:00-04:00,2020-08-21,GLD,24h,0,0.0,0.0,0.0,[],[]
2020-08-24T15:45:00-04:00,2020-08-24,GLD,24h,0,0.0,0.0,0.0,[],[]
2020-08-25T15:45:00-04:00,2020-08-25,GLD,24h,0,0.0,0.0,0.0,[],[]
2020-08-26T15:45:00-04:00,2020-08-26,GLD,24h,0,0.0,0.0,0.0,[],[]
2020-08-27T15:45:00-04:00,2020-08-27,GLD,24h,0,0.0,0.0,0.0,[],[]
2020-08-28T15:45:00-04:00,2020-08-28,GLD,24h,0,0.0,0.0,0.0,[],[]
2020-08-31T15:45:00-04:00,2020-08-31,GLD,24h,0,0.0,0.0,0.0,[],[]
2020-09-01T15:45:00-04:00,2020-09-01,GLD,24h,0,0.0,0.0,0.0,[],[]
2020-09-02T15:45:00-04:00,2020-09-02,GLD,24h,0,0.0,0.0,0.0,[],[]
2020-09-03T15:45:00-04:00,2020-09-03,GLD,24h,0,0.0,0.0,0.0,[],[]
2020-09-04T15:45:00-04:00,2020-09-04,GLD,24h,0,0.0,0.0,0.0,[],[]
2020-09-07T15:45:00-04:00,2020-09-07,GLD,24h,0,0.0,0.0,0.0,[],[]
2020-09-08T15:45:00-04:00,2020-09-08,GLD,24h,0,0.0,0.0,0.0,[],[]
2020-09-09T15:45:00-04:00,2020-09-09,GLD,24h,0,0.0,0.0,0.0,[],[]
2020-09-10T15:45:00-04:00,2020-09-10,GLD,24h,0,0.0,0.0,0.0,[],[]
2020-09-11T15:45:00-04:00,2020-09-11,GLD,24h,0,0.0,0.0,0.0,[],[]
2020-09-14T15:45:00-04:00,2020-09-14,GLD,24h,0,0.0,0.0,0.0,[],[]
2020-09-15T15:45:00-04:00,2020-09-15,GLD,24h,0,0.0,0.0,0.0,[],[]
2020-09-16T15:45:00-04:00,2020-09-16,GLD,24h,0,0.0,0.0,0.0,[],[]
2020-09-17T15:45:00-04:00,2020-09-17,GLD,24h,0,0.0,0.0,0.0,[],[]
2020-09-18T15:45:00-04:00,2020-09-18,GLD,24h,0,0.0,0.0,0.0,[],[]
2020-09-21T15:45:00-04:00,2020-09-21,GLD,24h,0,0.0,0.0,0.0,[],[]
2020-09-22T15:45:00-04:00,2020-09-22,GLD,24h,0,0.0,0.0,0.0,[],[]
2020-09-23T15:45:00-04:00,2020-09-23,GLD,24h,0,0.0,0.0,0.0,[],[]
2020-09-24T15:45:00-04:00,2020-09-24,GLD,24h,0,0.0,0.0,0.0,[],[]
2020-09-25T15:45:00-04:00,2020-09-25,GLD,24h,0,0.0,0.0,0.0,[],[]
2020-09-28T15:45:00-04:00,2020-09-28,GLD,24h,0,0.0,0.0,0.0,[],[]
2020-09-29T15:45:00-04:00,2020-09-29,GLD,24h,0,0.0,0.0,0.0,[],[]
2020-09-30T15:45:00-04:00,2020-09-30,GLD,24h,0,0.0,0.0,0.0,[],[]
2020-10-01T15:45:00-04:00,2020-10-01,GLD,24h,0,0.0,0.0,0.0,[],[]
2020-10-02T15:45:00-04:00,2020-10-02,GLD,24h,0,0.0,0.0,0.0,[],[]
2020-10-05T15:45:00-04:00,2020-10-05,GLD,24h,0,0.0,0.0,0.0,[],[]
2020-10-06T15:45:00-04:00,2020-10-06,GLD,24h,0,0.0,0.0,0.0,[],[]
2020-10-07T15:45:00-04:00,2020-10-07,GLD,24h,0,0.0,0.0,0.0,[],[]
2020-10-08T15:45:00-04:00,2020-10-08,GLD,24h,0,0.0,0.0,0.0,[],[]
2020-10-09T15:45:00-04:00,2020-10-09,GLD,24h,0,0.0,0.0,0.0,[],[]
2020-10-12T15:45:00-04:00,2020-10-12,GLD,24h,0,0.0,0.0,0.0,[],[]
2020-10-13T15:45:00-04:00,2020-10-13,GLD,24h,0,0.0,0.0,0.0,[],[]
2020-10-14T15:45:00-04:00,2020-10-14,GLD,24h,0,0.0,0.0,0.0,[],[]
2020-10-15T15:45:00-04:00,2020-10-15,GLD,24h,0,0.0,0.0,0.0,[],[]
2020-10-16T15:45:00-04:00,2020-10-16,GLD,24h,0,0.0,0.0,0.0,[],[]
2020-10-19T15:45:00-04:00,2020-10-19,GLD,24h,0,0.0,0.0,0.0,[],[]
2020-10-20T15:45:00-04:00,2020-10-20,GLD,24h,0,0.0,0.0,0.0,[],[]
2020-10-21T15:45:00-04:00,2020-10-21,GLD,24h,0,0.0,0.0,0.0,[],[]
2020-10-22T15:45:00-04:00,2020-10-22,GLD,24h,0,0.0,0.0,0.0,[],[]
2020-10-23T15:45:00-04:00,2020-10-23,GLD,24h,0,0.0,0.0,0.0,[],[]
2020-10-26T15:45:00-04:00,2020-10-26,GLD,24h,0,0.0,0.0,0.0,[],[]
2020-10-27T15:45:00-04:00,2020-10-27,GLD,24h,0,0.0,0.0,0.0,[],[]
2020-10-28T15:45:00-04:00,2020-10-28,GLD,24h,0,0.0,0.0,0.0,[],[]
2020-10-29T15:45:00-04:00,2020-10-29,GLD,24h,0,0.0,0.0,0.0,[],[]
2020-10-30T15:45:00-04:00,2020-10-30,GLD,24h,0,0.0,0.0,0.0,[],[]
2020-11-02T15:45:00-05:00,2020-11-02,GLD,24h,0,0.0,0.0,0.0,[],[]
2020-11-03T15:45:00-05:00,2020-11-03,GLD,24h,0,0.0,0.0,0.0,[],[]
2020-11-04T15:45:00-05:00,2020-11-04,GLD,24h,0,0.0,0.0,0.0,[],[]
2020-11-05T15:45:00-05:00,2020-11-05,GLD,24h,0,0.0,0.0,0.0,[],[]
2020-11-06T15:45:00-05:00,2020-11-06,GLD,24h,0,0.0,0.0,0.0,[],[]
2020-11-09T15:45:00-05:00,2020-11-09,GLD,24h,0,0.0,0.0,0.0,[],[]
2020-11-10T15:45:00-05:00,2020-11-10,GLD,24h,0,0.0,0.0,0.0,[],[]
2020-11-11T15:45:00-05:00,2020-11-11,GLD,24h,0,0.0,0.0,0.0,[],[]
2020-11-12T15:45:00-05:00,2020-11-12,GLD,24h,0,0.0,0.0,0.0,[],[]
2020-11-13T15:45:00-05:00,2020-11-13,GLD,24h,0,0.0,0.0,0.0,[],[]
2020-11-16T15:45:00-05:00,2020-11-16,GLD,24h,0,0.0,0.0,0.0,[],[]
2020-11-17T15:45:00-05:00,2020-11-17,GLD,24h,0,0.0,0.0,0.0,[],[]
2020-11-18T15:45:00-05:00,2020-11-18,GLD,24h,0,0.0,0.0,0.0,[],[]
2020-11-19T15:45:00-05:00,2020-11-19,GLD,24h,0,0.0,0.0,0.0,[],[]
2020-11-20T15:45:00-05:00,2020-11-20,GLD,24h,0,0.0,0.0,0.0,[],[]
2020-11-23T15:45:00-05:00,2020-11-23,GLD,24h,0,0.0,0.0,0.0,[],[]
2020-11-24T15:45:00-05:00,2020-11-24,GLD,24h,0,0.0,0.0,0.0,[],[]
2020-11-25T15:45:00-05:00,2020-11-25,GLD,24h,0,0.0,0.0,0.0,[],[]
2020-11-26T15:45:00-05:00,2020-11-26,GLD,24h,0,0.0,0.0,0.0,[],[]
2020-11-27T15:45:00-05:00,2020-11-27,GLD,24h,0,0.0,0.0,0.0,[],[]
2020-11-30T15:45:00-05:00,2020-11-30,GLD,24h,0,0.0,0.0,0.0,[],[]
2020-12-01T15:45:00-05:00,2020-12-01,GLD,24h,0,0.0,0.0,0.0,[],[]
2020-12-02T15:45:00-05:00,2020-12-02,GLD,24h,0,0.0,0.0,0.0,[],[]
2020-12-03T15:45:00-05:00,2020-12-03,GLD,24h,0,0.0,0.0,0.0,[],[]
2020-12-04T15:45:00-05:00,2020-12-04,GLD,24h,0,0.0,0.0,0.0,[],[]
2020-12-07T15:45:00-05:00,2020-12-07,GLD,24h,0,0.0,0.0,0.0,[],[]
2020-12-08T15:45:00-05:00,2020-12-08,GLD,24h,0,0.0,0.0,0.0,[],[]
2020-12-09T15:45:00-05:00,2020-12-09,GLD,24h,0,0.0,0.0,0.0,[],[]
2020-12-10T15:45:00-05:00,2020-12-10,GLD,24h,0,0.0,0.0,0.0,[],[]
2020-12-11T15:45:00-05:00,2020-12-11,GLD,24h,0,0.0,0.0,0.0,[],[]
2020-12-14T15:45:00-05:00,2020-12-14,GLD,24h,0,0.0,0.0,0.0,[],[]
2020-12-15T15:45:00-05:00,2020-12-15,GLD,24h,0,0.0,0.0,0.0,[],[]
2020-12-16T15:45:00-05:00,2020-12-16,GLD,24h,0,0.0,0.0,0.0,[],[]
2020-12-17T15:45:00-05:00,2020-12-17,GLD,24h,0,0.0,0.0,0.0,[],[]
2020-12-18T15:45:00-05:00,2020-12-18,GLD,24h,0,0.0,0.0,0.0,[],[]
2020-12-21T15:45:00-05:00,2020-12-21,GLD,24h,0,0.0,0.0,0.0,[],[]
2020-12-22T15:45:00-05:00,2020-12-22,GLD,24h,0,0.0,0.0,0.0,[],[]
2020-12-23T15:45:00-05:00,2020-12-23,GLD,24h,0,0.0,0.0,0.0,[],[]
2020-12-24T15:45:00-05:00,2020-12-24,GLD,24h,0,0.0,0.0,0.0,[],[]
2020-12-25T15:45:00-05:00,2020-12-25,GLD,24h,0,0.0,0.0,0.0,[],[]
2020-12-28T15:45:00-05:00,2020-12-28,GLD,24h,0,0.0,0.0,0.0,[],[]
2020-12-29T15:45:00-05:00,2020-12-29,GLD,24h,0,0.0,0.0,0.0,[],[]
2020-12-30T15:45:00-05:00,2020-12-30,GLD,24h,0,0.0,0.0,0.0,[],[]
2020-12-31T15:45:00-05:00,2020-12-31,GLD,24h,0,0.0,0.0,0.0,[],[]
2021-01-01T15:45:00-05:00,2021-01-01,GLD,24h,0,0.0,0.0,0.0,[],[]
2021-01-04T15:45:00-05:00,2021-01-04,GLD,24h,0,0.0,0.0,0.0,[],[]
2021-01-05T15:45:00-05:00,2021-01-05,GLD,24h,0,0.0,0.0,0.0,[],[]
2021-01-06T15:45:00-05:00,2021-01-06,GLD,24h,0,0.0,0.0,0.0,[],[]
2021-01-07T15:45:00-05:00,2021-01-07,GLD,24h,0,0.0,0.0,0.0,[],[]
2021-01-08T15:45:00-05:00,2021-01-08,GLD,24h,0,0.0,0.0,0.0,[],[]
2021-01-11T15:45:00-05:00,2021-01-11,GLD,24h,0,0.0,0.0,0.0,[],[]
2021-01-12T15:45:00-05:00,2021-01-12,GLD,24h,0,0.0,0.0,0.0,[],[]
2021-01-13T15:45:00-05:00,2021-01-13,GLD,24h,0,0.0,0.0,0.0,[],[]
2021-01-14T15:45:00-05:00,2021-01-14,GLD,24h,0,0.0,0.0,0.0,[],[]
2021-01-15T15:45:00-05:00,2021-01-15,GLD,24h,0,0.0,0.0,0.0,[],[]
2021-01-18T15:45:00-05:00,2021-01-18,GLD,24h,0,0.0,0.0,0.0,[],[]
2021-01-19T15:45:00-05:00,2021-01-19,GLD,24h,0,0.0,0.0,0.0,[],[]
2021-01-20T15:45:00-05:00,2021-01-20,GLD,24h,0,0.0,0.0,0.0,[],[]
2021-01-21T15:45:00-05:00,2021-01-21,GLD,24h,0,0.0,0.0,0.0,[],[]
2021-01-22T15:45:00-05:00,2021-01-22,GLD,24h,0,0.0,0.0,0.0,[],[]
2021-01-25T15:45:00-05:00,2021-01-25,GLD,24h,0,0.0,0.0,0.0,[],[]
2021-01-26T15:45:00-05:00,2021-01-26,GLD,24h,0,0.0,0.0,0.0,[],[]
2021-01-27T15:45:00-05:00,2021-01-27,GLD,24h,0,0.0,0.0,0.0,[],[]
2021-01-28T15:45:00-05:00,2021-01-28,GLD,24h,0,0.0,0.0,0.0,[],[]
2021-01-29T15:45:00-05:00,2021-01-29,GLD,24h,0,0.0,0.0,0.0,[],[]
2021-02-01T15:45:00-05:00,2021-02-01,GLD,24h,0,0.0,0.0,0.0,[],[]
2021-02-02T15:45:00-05:00,2021-02-02,GLD,24h,0,0.0,0.0,0.0,[],[]
2021-02-03T15:45:00-05:00,2021-02-03,GLD,24h,0,0.0,0.0,0.0,[],[]
2021-02-04T15:45:00-05:00,2021-02-04,GLD,24h,0,0.0,0.0,0.0,[],[]
2021-02-05T15:45:00-05:00,2021-02-05,GLD,24h,0,0.0,0.0,0.0,[],[]
2021-02-08T15:45:00-05:00,2021-02-08,GLD,24h,0,0.0,0.0,0.0,[],[]
2021-02-09T15:45:00-05:00,2021-02-09,GLD,24h,0,0.0,0.0,0.0,[],[]
2021-02-10T15:45:00-05:00,2021-02-10,GLD,24h,0,0.0,0.0,0.0,[],[]
2021-02-11T15:45:00-05:00,2021-02-11,GLD,24h,0,0.0,0.0,0.0,[],[]
2021-02-12T15:45:00-05:00,2021-02-12,GLD,24h,0,0.0,0.0,0.0,[],[]
2021-02-15T15:45:00-05:00,2021-02-15,GLD,24h,0,0.0,0.0,0.0,[],[]
2021-02-16T15:45:00-05:00,2021-02-16,GLD,24h,0,0.0,0.0,0.0,[],[]
2021-02-17T15:45:00-05:00,2021-02-17,GLD,24h,0,0.0,0.0,0.0,[],[]
2021-02-18T15:45:00-05:00,2021-02-18,GLD,24h,0,0.0,0.0,0.0,[],[]
2021-02-19T15:45:00-05:00,2021-02-19,GLD,24h,0,0.0,0.0,0.0,[],[]
2021-02-22T15:45:00-05:00,2021-02-22,GLD,24h,0,0.0,0.0,0.0,[],[]
2021-02-23T15:45:00-05:00,2021-02-23,GLD,24h,0,0.0,0.0,0.0,[],[]
2021-02-24T15:45:00-05:00,2021-02-24,GLD,24h,0,0.0,0.0,0.0,[],[]
2021-02-25T15:45:00-05:00,2021-02-25,GLD,24h,0,0.0,0.0,0.0,[],[]
2021-02-26T15:45:00-05:00,2021-02-26,GLD,24h,0,0.0,0.0,0.0,[],[]
2021-03-01T15:45:00-05:00,2021-03-01,GLD,24h,0,0.0,0.0,0.0,[],[]
2021-03-02T15:45:00-05:00,2021-03-02,GLD,24h,0,0.0,0.0,0.0,[],[]
2021-03-03T15:45:00-05:00,2021-03-03,GLD,24h,0,0.0,0.0,0.0,[],[]
2021-03-04T15:45:00-05:00,2021-03-04,GLD,24h,0,0.0,0.0,0.0,[],[]
2021-03-05T15:45:00-05:00,2021-03-05,GLD,24h,0,0.0,0.0,0.0,[],[]
2021-03-08T15:45:00-05:00,2021-03-08,GLD,24h,0,0.0,0.0,0.0,[],[]
2021-03-09T15:45:00-05:00,2021-03-09,GLD,24h,0,0.0,0.0,0.0,[],[]
2021-03-10T15:45:00-05:00,2021-03-10,GLD,24h,0,0.0,0.0,0.0,[],[]
2021-03-11T15:45:00-05:00,2021-03-11,GLD,24h,0,0.0,0.0,0.0,[],[]
2021-03-12T15:45:00-05:00,2021-03-12,GLD,24h,0,0.0,0.0,0.0,[],[]
2021-03-15T15:45:00-04:00,2021-03-15,GLD,24h,0,0.0,0.0,0.0,[],[]
2021-03-16T15:45:00-04:00,2021-03-16,GLD,24h,0,0.0,0.0,0.0,[],[]
2021-03-17T15:45:00-04:00,2021-03-17,GLD,24h,0,0.0,0.0,0.0,[],[]
2021-03-18T15:45:00-04:00,2021-03-18,GLD,24h,0,0.0,0.0,0.0,[],[]
2021-03-19T15:45:00-04:00,2021-03-19,GLD,24h,0,0.0,0.0,0.0,[],[]
2021-03-22T15:45:00-04:00,2021-03-22,GLD,24h,0,0.0,0.0,0.0,[],[]
2021-03-23T15:45:00-04:00,2021-03-23,GLD,24h,0,0.0,0.0,0.0,[],[]
2021-03-24T15:45:00-04:00,2021-03-24,GLD,24h,0,0.0,0.0,0.0,[],[]
2021-03-25T15:45:00-04:00,2021-03-25,GLD,24h,0,0.0,0.0,0.0,[],[]
2021-03-26T15:45:00-04:00,2021-03-26,GLD,24h,0,0.0,0.0,0.0,[],[]
2021-03-29T15:45:00-04:00,2021-03-29,GLD,24h,0,0.0,0.0,0.0,[],[]
2021-03-30T15:45:00-04:00,2021-03-30,GLD,24h,0,0.0,0.0,0.0,[],[]
2021-03-31T15:45:00-04:00,2021-03-31,GLD,24h,0,0.0,0.0,0.0,[],[]
2021-04-01T15:45:00-04:00,2021-04-01,GLD,24h,0,0.0,0.0,0.0,[],[]
2021-04-02T15:45:00-04:00,2021-04-02,GLD,24h,0,0.0,0.0,0.0,[],[]
2021-04-05T15:45:00-04:00,2021-04-05,GLD,24h,0,0.0,0.0,0.0,[],[]
2021-04-06T15:45:00-04:00,2021-04-06,GLD,24h,0,0.0,0.0,0.0,[],[]
2021-04-07T15:45:00-04:00,2021-04-07,GLD,24h,0,0.0,0.0,0.0,[],[]
2021-04-08T15:45:00-04:00,2021-04-08,GLD,24h,0,0.0,0.0,0.0,[],[]
2021-04-09T15:45:00-04:00,2021-04-09,GLD,24h,0,0.0,0.0,0.0,[],[]
2021-04-12T15:45:00-04:00,2021-04-12,GLD,24h,0,0.0,0.0,0.0,[],[]
2021-04-13T15:45:00-04:00,2021-04-13,GLD,24h,0,0.0,0.0,0.0,[],[]
2021-04-14T15:45:00-04:00,2021-04-14,GLD,24h,0,0.0,0.0,0.0,[],[]
2021-04-15T15:45:00-04:00,2021-04-15,GLD,24h,0,0.0,0.0,0.0,[],[]
2021-04-16T15:45:00-04:00,2021-04-16,GLD,24h,0,0.0,0.0,0.0,[],[]
2021-04-19T15:45:00-04:00,2021-04-19,GLD,24h,0,0.0,0.0,0.0,[],[]
2021-04-20T15:45:00-04:00,2021-04-20,GLD,24h,0,0.0,0.0,0.0,[],[]
2021-04-21T15:45:00-04:00,2021-04-21,GLD,24h,0,0.0,0.0,0.0,[],[]
2021-04-22T15:45:00-04:00,2021-04-22,GLD,24h,0,0.0,0.0,0.0,[],[]
2021-04-23T15:45:00-04:00,2021-04-23,GLD,24h,0,0.0,0.0,0.0,[],[]
2021-04-26T15:45:00-04:00,2021-04-26,GLD,24h,0,0.0,0.0,0.0,[],[]
2021-04-27T15:45:00-04:00,2021-04-27,GLD,24h,0,0.0,0.0,0.0,[],[]
2021-04-28T15:45:00-04:00,2021-04-28,GLD,24h,0,0.0,0.0,0.0,[],[]
2021-04-29T15:45:00-04:00,2021-04-29,GLD,24h,0,0.0,0.0,0.0,[],[]
2021-04-30T15:45:00-04:00,2021-04-30,GLD,24h,0,0.0,0.0,0.0,[],[]
2021-05-03T15:45:00-04:00,2021-05-03,GLD,24h,0,0.0,0.0,0.0,[],[]
2021-05-04T15:45:00-04:00,2021-05-04,GLD,24h,0,0.0,0.0,0.0,[],[]
2021-05-05T15:45:00-04:00,2021-05-05,GLD,24h,0,0.0,0.0,0.0,[],[]
2021-05-06T15:45:00-04:00,2021-05-06,GLD,24h,0,0.0,0.0,0.0,[],[]
2021-05-07T15:45:00-04:00,2021-05-07,GLD,24h,0,0.0,0.0,0.0,[],[]
2021-05-10T15:45:00-04:00,2021-05-10,GLD,24h,0,0.0,0.0,0.0,[],[]
2021-05-11T15:45:00-04:00,2021-05-11,GLD,24h,0,0.0,0.0,0.0,[],[]
2021-05-12T15:45:00-04:00,2021-05-12,GLD,24h,0,0.0,0.0,0.0,[],[]
2021-05-13T15:45:00-04:00,2021-05-13,GLD,24h,0,0.0,0.0,0.0,[],[]
2021-05-14T15:45:00-04:00,2021-05-14,GLD,24h,0,0.0,0.0,0.0,[],[]
2021-05-17T15:45:00-04:00,2021-05-17,GLD,24h,0,0.0,0.0,0.0,[],[]
2021-05-18T15:45:00-04:00,2021-05-18,GLD,24h,0,0.0,0.0,0.0,[],[]
2021-05-19T15:45:00-04:00,2021-05-19,GLD,24h,0,0.0,0.0,0.0,[],[]
2021-05-20T15:45:00-04:00,2021-05-20,GLD,24h,0,0.0,0.0,0.0,[],[]
2021-05-21T15:45:00-04:00,2021-05-21,GLD,24h,0,0.0,0.0,0.0,[],[]
2021-05-24T15:45:00-04:00,2021-05-24,GLD,24h,0,0.0,0.0,0.0,[],[]
2021-05-25T15:45:00-04:00,2021-05-25,GLD,24h,0,0.0,0.0,0.0,[],[]
2021-05-26T15:45:00-04:00,2021-05-26,GLD,24h,0,0.0,0.0,0.0,[],[]
2021-05-27T15:45:00-04:00,2021-05-27,GLD,24h,0,0.0,0.0,0.0,[],[]
2021-05-28T15:45:00-04:00,2021-05-28,GLD,24h,0,0.0,0.0,0.0,[],[]
2021-05-31T15:45:00-04:00,2021-05-31,GLD,24h,0,0.0,0.0,0.0,[],[]
2021-06-01T15:45:00-04:00,2021-06-01,GLD,24h,0,0.0,0.0,0.0,[],[]
2021-06-02T15:45:00-04:00,2021-06-02,GLD,24h,0,0.0,0.0,0.0,[],[]
2021-06-03T15:45:00-04:00,2021-06-03,GLD,24h,0,0.0,0.0,0.0,[],[]
2021-06-04T15:45:00-04:00,2021-06-04,GLD,24h,0,0.0,0.0,0.0,[],[]
2021-06-07T15:45:00-04:00,2021-06-07,GLD,24h,0,0.0,0.0,0.0,[],[]
2021-06-08T15:45:00-04:00,2021-06-08,GLD,24h,0,0.0,0.0,0.0,[],[]
2021-06-09T15:45:00-04:00,2021-06-09,GLD,24h,0,0.0,0.0,0.0,[],[]
2021-06-10T15:45:00-04:00,2021-06-10,GLD,24h,0,0.0,0.0,0.0,[],[]
2021-06-11T15:45:00-04:00,2021-06-11,GLD,24h,0,0.0,0.0,0.0,[],[]
2021-06-14T15:45:00-04:00,2021-06-14,GLD,24h,0,0.0,0.0,0.0,[],[]
2021-06-15T15:45:00-04:00,2021-06-15,GLD,24h,0,0.0,0.0,0.0,[],[]
2021-06-16T15:45:00-04:00,2021-06-16,GLD,24h,0,0.0,0.0,0.0,[],[]
2021-06-17T15:45:00-04:00,2021-06-17,GLD,24h,0,0.0,0.0,0.0,[],[]
2021-06-18T15:45:00-04:00,2021-06-18,GLD,24h,0,0.0,0.0,0.0,[],[]
2021-06-21T15:45:00-04:00,2021-06-21,GLD,24h,0,0.0,0.0,0.0,[],[]
2021-06-22T15:45:00-04:00,2021-06-22,GLD,24h,0,0.0,0.0,0.0,[],[]
2021-06-23T15:45:00-04:00,2021-06-23,GLD,24h,0,0.0,0.0,0.0,[],[]
2021-06-24T15:45:00-04:00,2021-06-24,GLD,24h,0,0.0,0.0,0.0,[],[]
2021-06-25T15:45:00-04:00,2021-06-25,GLD,24h,0,0.0,0.0,0.0,[],[]
2021-06-28T15:45:00-04:00,2021-06-28,GLD,24h,0,0.0,0.0,0.0,[],[]
2021-06-29T15:45:00-04:00,2021-06-29,GLD,24h,0,0.0,0.0,0.0,[],[]
2021-06-30T15:45:00-04:00,2021-06-30,GLD,24h,0,0.0,0.0,0.0,[],[]
2021-07-01T15:45:00-04:00,2021-07-01,GLD,24h,0,0.0,0.0,0.0,[],[]
2021-07-02T15:45:00-04:00,2021-07-02,GLD,24h,0,0.0,0.0,0.0,[],[]
2021-07-05T15:45:00-04:00,2021-07-05,GLD,24h,0,0.0,0.0,0.0,[],[]
2021-07-06T15:45:00-04:00,2021-07-06,GLD,24h,0,0.0,0.0,0.0,[],[]
2021-07-07T15:45:00-04:00,2021-07-07,GLD,24h,0,0.0,0.0,0.0,[],[]
2021-07-08T15:45:00-04:00,2021-07-08,GLD,24h,0,0.0,0.0,0.0,[],[]
2021-07-09T15:45:00-04:00,2021-07-09,GLD,24h,0,0.0,0.0,0.0,[],[]
2021-07-12T15:45:00-04:00,2021-07-12,GLD,24h,0,0.0,0.0,0.0,[],[]
2021-07-13T15:45:00-04:00,2021-07-13,GLD,24h,0,0.0,0.0,0.0,[],[]
2021-07-14T15:45:00-04:00,2021-07-14,GLD,24h,0,0.0,0.0,0.0,[],[]
2021-07-15T15:45:00-04:00,2021-07-15,GLD,24h,0,0.0,0.0,0.0,[],[]
2021-07-16T15:45:00-04:00,2021-07-16,GLD,24h,0,0.0,0.0,0.0,[],[]
2021-07-19T15:45:00-04:00,2021-07-19,GLD,24h,0,0.0,0.0,0.0,[],[]
2021-07-20T15:45:00-04:00,2021-07-20,GLD,24h,0,0.0,0.0,0.0,[],[]
2021-07-21T15:45:00-04:00,2021-07-21,GLD,24h,0,0.0,0.0,0.0,[],[]
2021-07-22T15:45:00-04:00,2021-07-22,GLD,24h,0,0.0,0.0,0.0,[],[]
2021-07-23T15:45:00-04:00,2021-07-23,GLD,24h,0,0.0,0.0,0.0,[],[]
2021-07-26T15:45:00-04:00,2021-07-26,GLD,24h,0,0.0,0.0,0.0,[],[]
2021-07-27T15:45:00-04:00,2021-07-27,GLD,24h,0,0.0,0.0,0.0,[],[]
2021-07-28T15:45:00-04:00,2021-07-28,GLD,24h,0,0.0,0.0,0.0,[],[]
2021-07-29T15:45:00-04:00,2021-07-29,GLD,24h,0,0.0,0.0,0.0,[],[]
2021-07-30T15:45:00-04:00,2021-07-30,GLD,24h,0,0.0,0.0,0.0,[],[]
2021-08-02T15:45:00-04:00,2021-08-02,GLD,24h,0,0.0,0.0,0.0,[],[]
2021-08-03T15:45:00-04:00,2021-08-03,GLD,24h,0,0.0,0.0,0.0,[],[]
2021-08-04T15:45:00-04:00,2021-08-04,GLD,24h,0,0.0,0.0,0.0,[],[]
2021-08-05T15:45:00-04:00,2021-08-05,GLD,24h,0,0.0,0.0,0.0,[],[]
2021-08-06T15:45:00-04:00,2021-08-06,GLD,24h,0,0.0,0.0,0.0,[],[]
2021-08-09T15:45:00-04:00,2021-08-09,GLD,24h,0,0.0,0.0,0.0,[],[]
2021-08-10T15:45:00-04:00,2021-08-10,GLD,24h,0,0.0,0.0,0.0,[],[]
2021-08-11T15:45:00-04:00,2021-08-11,GLD,24h,0,0.0,0.0,0.0,[],[]
2021-08-12T15:45:00-04:00,2021-08-12,GLD,24h,0,0.0,0.0,0.0,[],[]
2021-08-13T15:45:00-04:00,2021-08-13,GLD,24h,0,0.0,0.0,0.0,[],[]
2021-08-16T15:45:00-04:00,2021-08-16,GLD,24h,0,0.0,0.0,0.0,[],[]
2021-08-17T15:45:00-04:00,2021-08-17,GLD,24h,0,0.0,0.0,0.0,[],[]
2021-08-18T15:45:00-04:00,2021-08-18,GLD,24h,0,0.0,0.0,0.0,[],[]
2021-08-19T15:45:00-04:00,2021-08-19,GLD,24h,0,0.0,0.0,0.0,[],[]
2021-08-20T15:45:00-04:00,2021-08-20,GLD,24h,0,0.0,0.0,0.0,[],[]
2021-08-23T15:45:00-04:00,2021-08-23,GLD,24h,0,0.0,0.0,0.0,[],[]
2021-08-24T15:45:00-04:00,2021-08-24,GLD,24h,0,0.0,0.0,0.0,[],[]
2021-08-25T15:45:00-04:00,2021-08-25,GLD,24h,0,0.0,0.0,0.0,[],[]
2021-08-26T15:45:00-04:00,2021-08-26,GLD,24h,0,0.0,0.0,0.0,[],[]
2021-08-27T15:45:00-04:00,2021-08-27,GLD,24h,0,0.0,0.0,0.0,[],[]
2021-08-30T15:45:00-04:00,2021-08-30,GLD,24h,0,0.0,0.0,0.0,[],[]
2021-08-31T15:45:00-04:00,2021-08-31,GLD,24h,0,0.0,0.0,0.0,[],[]
2021-09-01T15:45:00-04:00,2021-09-01,GLD,24h,0,0.0,0.0,0.0,[],[]
2021-09-02T15:45:00-04:00,2021-09-02,GLD,24h,0,0.0,0.0,0.0,[],[]
2021-09-03T15:45:00-04:00,2021-09-03,GLD,24h,0,0.0,0.0,0.0,[],[]
2021-09-06T15:45:00-04:00,2021-09-06,GLD,24h,0,0.0,0.0,0.0,[],[]
2021-09-07T15:45:00-04:00,2021-09-07,GLD,24h,0,0.0,0.0,0.0,[],[]
2021-09-08T15:45:00-04:00,2021-09-08,GLD,24h,0,0.0,0.0,0.0,[],[]
2021-09-09T15:45:00-04:00,2021-09-09,GLD,24h,0,0.0,0.0,0.0,[],[]
2021-09-10T15:45:00-04:00,2021-09-10,GLD,24h,0,0.0,0.0,0.0,[],[]
2021-09-13T15:45:00-04:00,2021-09-13,GLD,24h,0,0.0,0.0,0.0,[],[]
2021-09-14T15:45:00-04:00,2021-09-14,GLD,24h,0,0.0,0.0,0.0,[],[]
2021-09-15T15:45:00-04:00,2021-09-15,GLD,24h,0,0.0,0.0,0.0,[],[]
2021-09-16T15:45:00-04:00,2021-09-16,GLD,24h,0,0.0,0.0,0.0,[],[]
2021-09-17T15:45:00-04:00,2021-09-17,GLD,24h,0,0.0,0.0,0.0,[],[]
2021-09-20T15:45:00-04:00,2021-09-20,GLD,24h,0,0.0,0.0,0.0,[],[]
2021-09-21T15:45:00-04:00,2021-09-21,GLD,24h,0,0.0,0.0,0.0,[],[]
2021-09-22T15:45:00-04:00,2021-09-22,GLD,24h,0,0.0,0.0,0.0,[],[]
2021-09-23T15:45:00-04:00,2021-09-23,GLD,24h,0,0.0,0.0,0.0,[],[]
2021-09-24T15:45:00-04:00,2021-09-24,GLD,24h,0,0.0,0.0,0.0,[],[]
2021-09-27T15:45:00-04:00,2021-09-27,GLD,24h,0,0.0,0.0,0.0,[],[]
2021-09-28T15:45:00-04:00,2021-09-28,GLD,24h,0,0.0,0.0,0.0,[],[]
2021-09-29T15:45:00-04:00,2021-09-29,GLD,24h,0,0.0,0.0,0.0,[],[]
2021-09-30T15:45:00-04:00,2021-09-30,GLD,24h,0,0.0,0.0,0.0,[],[]
2021-10-01T15:45:00-04:00,2021-10-01,GLD,24h,0,0.0,0.0,0.0,[],[]
2021-10-04T15:45:00-04:00,2021-10-04,GLD,24h,0,0.0,0.0,0.0,[],[]
2021-10-05T15:45:00-04:00,2021-10-05,GLD,24h,0,0.0,0.0,0.0,[],[]
2021-10-06T15:45:00-04:00,2021-10-06,GLD,24h,0,0.0,0.0,0.0,[],[]
2021-10-07T15:45:00-04:00,2021-10-07,GLD,24h,0,0.0,0.0,0.0,[],[]
2021-10-08T15:45:00-04:00,2021-10-08,GLD,24h,0,0.0,0.0,0.0,[],[]
2021-10-11T15:45:00-04:00,2021-10-11,GLD,24h,0,0.0,0.0,0.0,[],[]
2021-10-12T15:45:00-04:00,2021-10-12,GLD,24h,0,0.0,0.0,0.0,[],[]
2021-10-13T15:45:00-04:00,2021-10-13,GLD,24h,0,0.0,0.0,0.0,[],[]
2021-10-14T15:45:00-04:00,2021-10-14,GLD,24h,0,0.0,0.0,0.0,[],[]
2021-10-15T15:45:00-04:00,2021-10-15,GLD,24h,0,0.0,0.0,0.0,[],[]
2021-10-18T15:45:00-04:00,2021-10-18,GLD,24h,0,0.0,0.0,0.0,[],[]
2021-10-19T15:45:00-04:00,2021-10-19,GLD,24h,0,0.0,0.0,0.0,[],[]
2021-10-20T15:45:00-04:00,2021-10-20,GLD,24h,0,0.0,0.0,0.0,[],[]
2021-10-21T15:45:00-04:00,2021-10-21,GLD,24h,0,0.0,0.0,0.0,[],[]
2021-10-22T15:45:00-04:00,2021-10-22,GLD,24h,0,0.0,0.0,0.0,[],[]
2021-10-25T15:45:00-04:00,2021-10-25,GLD,24h,0,0.0,0.0,0.0,[],[]
2021-10-26T15:45:00-04:00,2021-10-26,GLD,24h,0,0.0,0.0,0.0,[],[]
2021-10-27T15:45:00-04:00,2021-10-27,GLD,24h,0,0.0,0.0,0.0,[],[]
2021-10-28T15:45:00-04:00,2021-10-28,GLD,24h,0,0.0,0.0,0.0,[],[]
2021-10-29T15:45:00-04:00,2021-10-29,GLD,24h,0,0.0,0.0,0.0,[],[]
2021-11-01T15:45:00-04:00,2021-11-01,GLD,24h,0,0.0,0.0,0.0,[],[]
2021-11-02T15:45:00-04:00,2021-11-02,GLD,24h,0,0.0,0.0,0.0,[],[]
2021-11-03T15:45:00-04:00,2021-11-03,GLD,24h,0,0.0,0.0,0.0,[],[]
2021-11-04T15:45:00-04:00,2021-11-04,GLD,24h,0,0.0,0.0,0.0,[],[]
2021-11-05T15:45:00-04:00,2021-11-05,GLD,24h,0,0.0,0.0,0.0,[],[]
2021-11-08T15:45:00-05:00,2021-11-08,GLD,24h,0,0.0,0.0,0.0,[],[]
2021-11-09T15:45:00-05:00,2021-11-09,GLD,24h,0,0.0,0.0,0.0,[],[]
2021-11-10T15:45:00-05:00,2021-11-10,GLD,24h,0,0.0,0.0,0.0,[],[]
2021-11-11T15:45:00-05:00,2021-11-11,GLD,24h,0,0.0,0.0,0.0,[],[]
2021-11-12T15:45:00-05:00,2021-11-12,GLD,24h,0,0.0,0.0,0.0,[],[]
2021-11-15T15:45:00-05:00,2021-11-15,GLD,24h,0,0.0,0.0,0.0,[],[]
2021-11-16T15:45:00-05:00,2021-11-16,GLD,24h,0,0.0,0.0,0.0,[],[]
2021-11-17T15:45:00-05:00,2021-11-17,GLD,24h,0,0.0,0.0,0.0,[],[]
2021-11-18T15:45:00-05:00,2021-11-18,GLD,24h,0,0.0,0.0,0.0,[],[]
2021-11-19T15:45:00-05:00,2021-11-19,GLD,24h,0,0.0,0.0,0.0,[],[]
2021-11-22T15:45:00-05:00,2021-11-22,GLD,24h,0,0.0,0.0,0.0,[],[]
2021-11-23T15:45:00-05:00,2021-11-23,GLD,24h,0,0.0,0.0,0.0,[],[]
2021-11-24T15:45:00-05:00,2021-11-24,GLD,24h,0,0.0,0.0,0.0,[],[]
2021-11-25T15:45:00-05:00,2021-11-25,GLD,24h,0,0.0,0.0,0.0,[],[]
2021-11-26T15:45:00-05:00,2021-11-26,GLD,24h,0,0.0,0.0,0.0,[],[]
2021-11-29T15:45:00-05:00,2021-11-29,GLD,24h,0,0.0,0.0,0.0,[],[]
2021-11-30T15:45:00-05:00,2021-11-30,GLD,24h,0,0.0,0.0,0.0,[],[]
2021-12-01T15:45:00-05:00,2021-12-01,GLD,24h,0,0.0,0.0,0.0,[],[]
2021-12-02T15:45:00-05:00,2021-12-02,GLD,24h,0,0.0,0.0,0.0,[],[]
2021-12-03T15:45:00-05:00,2021-12-03,GLD,24h,0,0.0,0.0,0.0,[],[]
2021-12-06T15:45:00-05:00,2021-12-06,GLD,24h,0,0.0,0.0,0.0,[],[]
2021-12-07T15:45:00-05:00,2021-12-07,GLD,24h,0,0.0,0.0,0.0,[],[]
2021-12-08T15:45:00-05:00,2021-12-08,GLD,24h,0,0.0,0.0,0.0,[],[]
2021-12-09T15:45:00-05:00,2021-12-09,GLD,24h,0,0.0,0.0,0.0,[],[]
2021-12-10T15:45:00-05:00,2021-12-10,GLD,24h,0,0.0,0.0,0.0,[],[]
2021-12-13T15:45:00-05:00,2021-12-13,GLD,24h,0,0.0,0.0,0.0,[],[]
2021-12-14T15:45:00-05:00,2021-12-14,GLD,24h,0,0.0,0.0,0.0,[],[]
2021-12-15T15:45:00-05:00,2021-12-15,GLD,24h,0,0.0,0.0,0.0,[],[]
2021-12-16T15:45:00-05:00,2021-12-16,GLD,24h,0,0.0,0.0,0.0,[],[]
2021-12-17T15:45:00-05:00,2021-12-17,GLD,24h,0,0.0,0.0,0.0,[],[]
2021-12-20T15:45:00-05:00,2021-12-20,GLD,24h,0,0.0,0.0,0.0,[],[]
2021-12-21T15:45:00-05:00,2021-12-21,GLD,24h,0,0.0,0.0,0.0,[],[]
2021-12-22T15:45:00-05:00,2021-12-22,GLD,24h,0,0.0,0.0,0.0,[],[]
2021-12-23T15:45:00-05:00,2021-12-23,GLD,24h,0,0.0,0.0,0.0,[],[]
2021-12-24T15:45:00-05:00,2021-12-24,GLD,24h,0,0.0,0.0,0.0,[],[]
2021-12-27T15:45:00-05:00,2021-12-27,GLD,24h,0,0.0,0.0,0.0,[],[]
2021-12-28T15:45:00-05:00,2021-12-28,GLD,24h,0,0.0,0.0,0.0,[],[]
2021-12-29T15:45:00-05:00,2021-12-29,GLD,24h,0,0.0,0.0,0.0,[],[]
2021-12-30T15:45:00-05:00,2021-12-30,GLD,24h,0,0.0,0.0,0.0,[],[]
2021-12-31T15:45:00-05:00,2021-12-31,GLD,24h,0,0.0,0.0,0.0,[],[]
2022-01-03T15:45:00-05:00,2022-01-03,GLD,24h,0,0.0,0.0,0.0,[],[]
2022-01-04T15:45:00-05:00,2022-01-04,GLD,24h,0,0.0,0.0,0.0,[],[]
2022-01-05T15:45:00-05:00,2022-01-05,GLD,24h,0,0.0,0.0,0.0,[],[]
2022-01-06T15:45:00-05:00,2022-01-06,GLD,24h,0,0.0,0.0,0.0,[],[]
2022-01-07T15:45:00-05:00,2022-01-07,GLD,24h,0,0.0,0.0,0.0,[],[]
2022-01-10T15:45:00-05:00,2022-01-10,GLD,24h,0,0.0,0.0,0.0,[],[]
2022-01-11T15:45:00-05:00,2022-01-11,GLD,24h,0,0.0,0.0,0.0,[],[]
2022-01-12T15:45:00-05:00,2022-01-12,GLD,24h,0,0.0,0.0,0.0,[],[]
2022-01-13T15:45:00-05:00,2022-01-13,GLD,24h,0,0.0,0.0,0.0,[],[]
2022-01-14T15:45:00-05:00,2022-01-14,GLD,24h,0,0.0,0.0,0.0,[],[]
2022-01-17T15:45:00-05:00,2022-01-17,GLD,24h,0,0.0,0.0,0.0,[],[]
2022-01-18T15:45:00-05:00,2022-01-18,GLD,24h,0,0.0,0.0,0.0,[],[]
2022-01-19T15:45:00-05:00,2022-01-19,GLD,24h,0,0.0,0.0,0.0,[],[]
2022-01-20T15:45:00-05:00,2022-01-20,GLD,24h,0,0.0,0.0,0.0,[],[]
2022-01-21T15:45:00-05:00,2022-01-21,GLD,24h,0,0.0,0.0,0.0,[],[]
2022-01-24T15:45:00-05:00,2022-01-24,GLD,24h,0,0.0,0.0,0.0,[],[]
2022-01-25T15:45:00-05:00,2022-01-25,GLD,24h,0,0.0,0.0,0.0,[],[]
2022-01-26T15:45:00-05:00,2022-01-26,GLD,24h,0,0.0,0.0,0.0,[],[]
2022-01-27T15:45:00-05:00,2022-01-27,GLD,24h,0,0.0,0.0,0.0,[],[]
2022-01-28T15:45:00-05:00,2022-01-28,GLD,24h,0,0.0,0.0,0.0,[],[]
2022-01-31T15:45:00-05:00,2022-01-31,GLD,24h,0,0.0,0.0,0.0,[],[]
2022-02-01T15:45:00-05:00,2022-02-01,GLD,24h,0,0.0,0.0,0.0,[],[]
2022-02-02T15:45:00-05:00,2022-02-02,GLD,24h,0,0.0,0.0,0.0,[],[]
2022-02-03T15:45:00-05:00,2022-02-03,GLD,24h,0,0.0,0.0,0.0,[],[]
2022-02-04T15:45:00-05:00,2022-02-04,GLD,24h,0,0.0,0.0,0.0,[],[]
2022-02-07T15:45:00-05:00,2022-02-07,GLD,24h,0,0.0,0.0,0.0,[],[]
2022-02-08T15:45:00-05:00,2022-02-08,GLD,24h,0,0.0,0.0,0.0,[],[]
2022-02-09T15:45:00-05:00,2022-02-09,GLD,24h,0,0.0,0.0,0.0,[],[]
2022-02-10T15:45:00-05:00,2022-02-10,GLD,24h,0,0.0,0.0,0.0,[],[]
2022-02-11T15:45:00-05:00,2022-02-11,GLD,24h,0,0.0,0.0,0.0,[],[]
2022-02-14T15:45:00-05:00,2022-02-14,GLD,24h,0,0.0,0.0,0.0,[],[]
2022-02-15T15:45:00-05:00,2022-02-15,GLD,24h,0,0.0,0.0,0.0,[],[]
2022-02-16T15:45:00-05:00,2022-02-16,GLD,24h,0,0.0,0.0,0.0,[],[]
2022-02-17T15:45:00-05:00,2022-02-17,GLD,24h,0,0.0,0.0,0.0,[],[]
2022-02-18T15:45:00-05:00,2022-02-18,GLD,24h,0,0.0,0.0,0.0,[],[]
2022-02-21T15:45:00-05:00,2022-02-21,GLD,24h,0,0.0,0.0,0.0,[],[]
2022-02-22T15:45:00-05:00,2022-02-22,GLD,24h,0,0.0,0.0,0.0,[],[]
2022-02-23T15:45:00-05:00,2022-02-23,GLD,24h,0,0.0,0.0,0.0,[],[]
2022-02-24T15:45:00-05:00,2022-02-24,GLD,24h,0,0.0,0.0,0.0,[],[]
2022-02-25T15:45:00-05:00,2022-02-25,GLD,24h,0,0.0,0.0,0.0,[],[]
2022-02-28T15:45:00-05:00,2022-02-28,GLD,24h,0,0.0,0.0,0.0,[],[]
2022-03-01T15:45:00-05:00,2022-03-01,GLD,24h,0,0.0,0.0,0.0,[],[]
2022-03-02T15:45:00-05:00,2022-03-02,GLD,24h,0,0.0,0.0,0.0,[],[]
2022-03-03T15:45:00-05:00,2022-03-03,GLD,24h,0,0.0,0.0,0.0,[],[]
2022-03-04T15:45:00-05:00,2022-03-04,GLD,24h,0,0.0,0.0,0.0,[],[]
2022-03-07T15:45:00-05:00,2022-03-07,GLD,24h,0,0.0,0.0,0.0,[],[]
2022-03-08T15:45:00-05:00,2022-03-08,GLD,24h,0,0.0,0.0,0.0,[],[]
2022-03-09T15:45:00-05:00,2022-03-09,GLD,24h,0,0.0,0.0,0.0,[],[]
2022-03-10T15:45:00-05:00,2022-03-10,GLD,24h,0,0.0,0.0,0.0,[],[]
2022-03-11T15:45:00-05:00,2022-03-11,GLD,24h,0,0.0,0.0,0.0,[],[]
2022-03-14T15:45:00-04:00,2022-03-14,GLD,24h,0,0.0,0.0,0.0,[],[]
2022-03-15T15:45:00-04:00,2022-03-15,GLD,24h,0,0.0,0.0,0.0,[],[]
2022-03-16T15:45:00-04:00,2022-03-16,GLD,24h,0,0.0,0.0,0.0,[],[]
2022-03-17T15:45:00-04:00,2022-03-17,GLD,24h,0,0.0,0.0,0.0,[],[]
2022-03-18T15:45:00-04:00,2022-03-18,GLD,24h,0,0.0,0.0,0.0,[],[]
2022-03-21T15:45:00-04:00,2022-03-21,GLD,24h,0,0.0,0.0,0.0,[],[]
2022-03-22T15:45:00-04:00,2022-03-22,GLD,24h,0,0.0,0.0,0.0,[],[]
2022-03-23T15:45:00-04:00,2022-03-23,GLD,24h,0,0.0,0.0,0.0,[],[]
2022-03-24T15:45:00-04:00,2022-03-24,GLD,24h,0,0.0,0.0,0.0,[],[]
2022-03-25T15:45:00-04:00,2022-03-25,GLD,24h,0,0.0,0.0,0.0,[],[]
2022-03-28T15:45:00-04:00,2022-03-28,GLD,24h,0,0.0,0.0,0.0,[],[]
2022-03-29T15:45:00-04:00,2022-03-29,GLD,24h,0,0.0,0.0,0.0,[],[]
2022-03-30T15:45:00-04:00,2022-03-30,GLD,24h,0,0.0,0.0,0.0,[],[]
2022-03-31T15:45:00-04:00,2022-03-31,GLD,24h,0,0.0,0.0,0.0,[],[]
2022-04-01T15:45:00-04:00,2022-04-01,GLD,24h,0,0.0,0.0,0.0,[],[]
2022-04-04T15:45:00-04:00,2022-04-04,GLD,24h,0,0.0,0.0,0.0,[],[]
2022-04-05T15:45:00-04:00,2022-04-05,GLD,24h,0,0.0,0.0,0.0,[],[]
2022-04-06T15:45:00-04:00,2022-04-06,GLD,24h,0,0.0,0.0,0.0,[],[]
2022-04-07T15:45:00-04:00,2022-04-07,GLD,24h,0,0.0,0.0,0.0,[],[]
2022-04-08T15:45:00-04:00,2022-04-08,GLD,24h,0,0.0,0.0,0.0,[],[]
2022-04-11T15:45:00-04:00,2022-04-11,GLD,24h,0,0.0,0.0,0.0,[],[]
2022-04-12T15:45:00-04:00,2022-04-12,GLD,24h,0,0.0,0.0,0.0,[],[]
2022-04-13T15:45:00-04:00,2022-04-13,GLD,24h,0,0.0,0.0,0.0,[],[]
2022-04-14T15:45:00-04:00,2022-04-14,GLD,24h,0,0.0,0.0,0.0,[],[]
2022-04-15T15:45:00-04:00,2022-04-15,GLD,24h,0,0.0,0.0,0.0,[],[]
2022-04-18T15:45:00-04:00,2022-04-18,GLD,24h,0,0.0,0.0,0.0,[],[]
2022-04-19T15:45:00-04:00,2022-04-19,GLD,24h,0,0.0,0.0,0.0,[],[]
2022-04-20T15:45:00-04:00,2022-04-20,GLD,24h,0,0.0,0.0,0.0,[],[]
2022-04-21T15:45:00-04:00,2022-04-21,GLD,24h,0,0.0,0.0,0.0,[],[]
2022-04-22T15:45:00-04:00,2022-04-22,GLD,24h,0,0.0,0.0,0.0,[],[]
2022-04-25T15:45:00-04:00,2022-04-25,GLD,24h,0,0.0,0.0,0.0,[],[]
2022-04-26T15:45:00-04:00,2022-04-26,GLD,24h,0,0.0,0.0,0.0,[],[]
2022-04-27T15:45:00-04:00,2022-04-27,GLD,24h,0,0.0,0.0,0.0,[],[]
2022-04-28T15:45:00-04:00,2022-04-28,GLD,24h,0,0.0,0.0,0.0,[],[]
2022-04-29T15:45:00-04:00,2022-04-29,GLD,24h,0,0.0,0.0,0.0,[],[]
2022-05-02T15:45:00-04:00,2022-05-02,GLD,24h,0,0.0,0.0,0.0,[],[]
2022-05-03T15:45:00-04:00,2022-05-03,GLD,24h,0,0.0,0.0,0.0,[],[]
2022-05-04T15:45:00-04:00,2022-05-04,GLD,24h,0,0.0,0.0,0.0,[],[]
2022-05-05T15:45:00-04:00,2022-05-05,GLD,24h,0,0.0,0.0,0.0,[],[]
2022-05-06T15:45:00-04:00,2022-05-06,GLD,24h,0,0.0,0.0,0.0,[],[]
2022-05-09T15:45:00-04:00,2022-05-09,GLD,24h,0,0.0,0.0,0.0,[],[]
2022-05-10T15:45:00-04:00,2022-05-10,GLD,24h,0,0.0,0.0,0.0,[],[]
2022-05-11T15:45:00-04:00,2022-05-11,GLD,24h,0,0.0,0.0,0.0,[],[]
2022-05-12T15:45:00-04:00,2022-05-12,GLD,24h,0,0.0,0.0,0.0,[],[]
2022-05-13T15:45:00-04:00,2022-05-13,GLD,24h,0,0.0,0.0,0.0,[],[]
2022-05-16T15:45:00-04:00,2022-05-16,GLD,24h,0,0.0,0.0,0.0,[],[]
2022-05-17T15:45:00-04:00,2022-05-17,GLD,24h,0,0.0,0.0,0.0,[],[]
2022-05-18T15:45:00-04:00,2022-05-18,GLD,24h,0,0.0,0.0,0.0,[],[]
2022-05-19T15:45:00-04:00,2022-05-19,GLD,24h,0,0.0,0.0,0.0,[],[]
2022-05-20T15:45:00-04:00,2022-05-20,GLD,24h,0,0.0,0.0,0.0,[],[]
2022-05-23T15:45:00-04:00,2022-05-23,GLD,24h,0,0.0,0.0,0.0,[],[]
2022-05-24T15:45:00-04:00,2022-05-24,GLD,24h,0,0.0,0.0,0.0,[],[]
2022-05-25T15:45:00-04:00,2022-05-25,GLD,24h,0,0.0,0.0,0.0,[],[]
2022-05-26T15:45:00-04:00,2022-05-26,GLD,24h,0,0.0,0.0,0.0,[],[]
2022-05-27T15:45:00-04:00,2022-05-27,GLD,24h,0,0.0,0.0,0.0,[],[]
2022-05-30T15:45:00-04:00,2022-05-30,GLD,24h,0,0.0,0.0,0.0,[],[]
2022-05-31T15:45:00-04:00,2022-05-31,GLD,24h,0,0.0,0.0,0.0,[],[]
2022-06-01T15:45:00-04:00,2022-06-01,GLD,24h,0,0.0,0.0,0.0,[],[]
2022-06-02T15:45:00-04:00,2022-06-02,GLD,24h,0,0.0,0.0,0.0,[],[]
2022-06-03T15:45:00-04:00,2022-06-03,GLD,24h,0,0.0,0.0,0.0,[],[]
2022-06-06T15:45:00-04:00,2022-06-06,GLD,24h,0,0.0,0.0,0.0,[],[]
2022-06-07T15:45:00-04:00,2022-06-07,GLD,24h,0,0.0,0.0,0.0,[],[]
2022-06-08T15:45:00-04:00,2022-06-08,GLD,24h,0,0.0,0.0,0.0,[],[]
2022-06-09T15:45:00-04:00,2022-06-09,GLD,24h,0,0.0,0.0,0.0,[],[]
2022-06-10T15:45:00-04:00,2022-06-10,GLD,24h,0,0.0,0.0,0.0,[],[]
2022-06-13T15:45:00-04:00,2022-06-13,GLD,24h,0,0.0,0.0,0.0,[],[]
2022-06-14T15:45:00-04:00,2022-06-14,GLD,24h,0,0.0,0.0,0.0,[],[]
2022-06-15T15:45:00-04:00,2022-06-15,GLD,24h,0,0.0,0.0,0.0,[],[]
2022-06-16T15:45:00-04:00,2022-06-16,GLD,24h,0,0.0,0.0,0.0,[],[]
2022-06-17T15:45:00-04:00,2022-06-17,GLD,24h,0,0.0,0.0,0.0,[],[]
2022-06-20T15:45:00-04:00,2022-06-20,GLD,24h,0,0.0,0.0,0.0,[],[]
2022-06-21T15:45:00-04:00,2022-06-21,GLD,24h,0,0.0,0.0,0.0,[],[]
2022-06-22T15:45:00-04:00,2022-06-22,GLD,24h,0,0.0,0.0,0.0,[],[]
2022-06-23T15:45:00-04:00,2022-06-23,GLD,24h,0,0.0,0.0,0.0,[],[]
2022-06-24T15:45:00-04:00,2022-06-24,GLD,24h,0,0.0,0.0,0.0,[],[]
2022-06-27T15:45:00-04:00,2022-06-27,GLD,24h,0,0.0,0.0,0.0,[],[]
2022-06-28T15:45:00-04:00,2022-06-28,GLD,24h,0,0.0,0.0,0.0,[],[]
2022-06-29T15:45:00-04:00,2022-06-29,GLD,24h,0,0.0,0.0,0.0,[],[]
2022-06-30T15:45:00-04:00,2022-06-30,GLD,24h,0,0.0,0.0,0.0,[],[]
2022-07-01T15:45:00-04:00,2022-07-01,GLD,24h,0,0.0,0.0,0.0,[],[]
2022-07-04T15:45:00-04:00,2022-07-04,GLD,24h,0,0.0,0.0,0.0,[],[]
2022-07-05T15:45:00-04:00,2022-07-05,GLD,24h,0,0.0,0.0,0.0,[],[]
2022-07-06T15:45:00-04:00,2022-07-06,GLD,24h,0,0.0,0.0,0.0,[],[]
2022-07-07T15:45:00-04:00,2022-07-07,GLD,24h,0,0.0,0.0,0.0,[],[]
2022-07-08T15:45:00-04:00,2022-07-08,GLD,24h,0,0.0,0.0,0.0,[],[]
2022-07-11T15:45:00-04:00,2022-07-11,GLD,24h,0,0.0,0.0,0.0,[],[]
2022-07-12T15:45:00-04:00,2022-07-12,GLD,24h,0,0.0,0.0,0.0,[],[]
2022-07-13T15:45:00-04:00,2022-07-13,GLD,24h,0,0.0,0.0,0.0,[],[]
2022-07-14T15:45:00-04:00,2022-07-14,GLD,24h,0,0.0,0.0,0.0,[],[]
2022-07-15T15:45:00-04:00,2022-07-15,GLD,24h,0,0.0,0.0,0.0,[],[]
2022-07-18T15:45:00-04:00,2022-07-18,GLD,24h,0,0.0,0.0,0.0,[],[]
2022-07-19T15:45:00-04:00,2022-07-19,GLD,24h,0,0.0,0.0,0.0,[],[]
2022-07-20T15:45:00-04:00,2022-07-20,GLD,24h,0,0.0,0.0,0.0,[],[]
2022-07-21T15:45:00-04:00,2022-07-21,GLD,24h,0,0.0,0.0,0.0,[],[]
2022-07-22T15:45:00-04:00,2022-07-22,GLD,24h,0,0.0,0.0,0.0,[],[]
2022-07-25T15:45:00-04:00,2022-07-25,GLD,24h,0,0.0,0.0,0.0,[],[]
2022-07-26T15:45:00-04:00,2022-07-26,GLD,24h,0,0.0,0.0,0.0,[],[]
2022-07-27T15:45:00-04:00,2022-07-27,GLD,24h,0,0.0,0.0,0.0,[],[]
2022-07-28T15:45:00-04:00,2022-07-28,GLD,24h,0,0.0,0.0,0.0,[],[]
2022-07-29T15:45:00-04:00,2022-07-29,GLD,24h,0,0.0,0.0,0.0,[],[]
2022-08-01T15:45:00-04:00,2022-08-01,GLD,24h,0,0.0,0.0,0.0,[],[]
2022-08-02T15:45:00-04:00,2022-08-02,GLD,24h,0,0.0,0.0,0.0,[],[]
2022-08-03T15:45:00-04:00,2022-08-03,GLD,24h,0,0.0,0.0,0.0,[],[]
2022-08-04T15:45:00-04:00,2022-08-04,GLD,24h,0,0.0,0.0,0.0,[],[]
2022-08-05T15:45:00-04:00,2022-08-05,GLD,24h,0,0.0,0.0,0.0,[],[]
2022-08-08T15:45:00-04:00,2022-08-08,GLD,24h,0,0.0,0.0,0.0,[],[]
2022-08-09T15:45:00-04:00,2022-08-09,GLD,24h,0,0.0,0.0,0.0,[],[]
2022-08-10T15:45:00-04:00,2022-08-10,GLD,24h,0,0.0,0.0,0.0,[],[]
2022-08-11T15:45:00-04:00,2022-08-11,GLD,24h,0,0.0,0.0,0.0,[],[]
2022-08-12T15:45:00-04:00,2022-08-12,GLD,24h,0,0.0,0.0,0.0,[],[]
2022-08-15T15:45:00-04:00,2022-08-15,GLD,24h,0,0.0,0.0,0.0,[],[]
2022-08-16T15:45:00-04:00,2022-08-16,GLD,24h,0,0.0,0.0,0.0,[],[]
2022-08-17T15:45:00-04:00,2022-08-17,GLD,24h,0,0.0,0.0,0.0,[],[]
2022-08-18T15:45:00-04:00,2022-08-18,GLD,24h,0,0.0,0.0,0.0,[],[]
2022-08-19T15:45:00-04:00,2022-08-19,GLD,24h,0,0.0,0.0,0.0,[],[]
2022-08-22T15:45:00-04:00,2022-08-22,GLD,24h,0,0.0,0.0,0.0,[],[]
2022-08-23T15:45:00-04:00,2022-08-23,GLD,24h,0,0.0,0.0,0.0,[],[]
2022-08-24T15:45:00-04:00,2022-08-24,GLD,24h,0,0.0,0.0,0.0,[],[]
2022-08-25T15:45:00-04:00,2022-08-25,GLD,24h,0,0.0,0.0,0.0,[],[]
2022-08-26T15:45:00-04:00,2022-08-26,GLD,24h,0,0.0,0.0,0.0,[],[]
2022-08-29T15:45:00-04:00,2022-08-29,GLD,24h,0,0.0,0.0,0.0,[],[]
2022-08-30T15:45:00-04:00,2022-08-30,GLD,24h,0,0.0,0.0,0.0,[],[]
2022-08-31T15:45:00-04:00,2022-08-31,GLD,24h,0,0.0,0.0,0.0,[],[]
2022-09-01T15:45:00-04:00,2022-09-01,GLD,24h,0,0.0,0.0,0.0,[],[]
2022-09-02T15:45:00-04:00,2022-09-02,GLD,24h,0,0.0,0.0,0.0,[],[]
2022-09-05T15:45:00-04:00,2022-09-05,GLD,24h,0,0.0,0.0,0.0,[],[]
2022-09-06T15:45:00-04:00,2022-09-06,GLD,24h,0,0.0,0.0,0.0,[],[]
2022-09-07T15:45:00-04:00,2022-09-07,GLD,24h,0,0.0,0.0,0.0,[],[]
2022-09-08T15:45:00-04:00,2022-09-08,GLD,24h,0,0.0,0.0,0.0,[],[]
2022-09-09T15:45:00-04:00,2022-09-09,GLD,24h,0,0.0,0.0,0.0,[],[]
2022-09-12T15:45:00-04:00,2022-09-12,GLD,24h,0,0.0,0.0,0.0,[],[]
2022-09-13T15:45:00-04:00,2022-09-13,GLD,24h,0,0.0,0.0,0.0,[],[]
2022-09-14T15:45:00-04:00,2022-09-14,GLD,24h,0,0.0,0.0,0.0,[],[]
2022-09-15T15:45:00-04:00,2022-09-15,GLD,24h,0,0.0,0.0,0.0,[],[]
2022-09-16T15:45:00-04:00,2022-09-16,GLD,24h,0,0.0,0.0,0.0,[],[]
2022-09-19T15:45:00-04:00,2022-09-19,GLD,24h,0,0.0,0.0,0.0,[],[]
2022-09-20T15:45:00-04:00,2022-09-20,GLD,24h,0,0.0,0.0,0.0,[],[]
2022-09-21T15:45:00-04:00,2022-09-21,GLD,24h,0,0.0,0.0,0.0,[],[]
2022-09-22T15:45:00-04:00,2022-09-22,GLD,24h,0,0.0,0.0,0.0,[],[]
2022-09-23T15:45:00-04:00,2022-09-23,GLD,24h,0,0.0,0.0,0.0,[],[]
2022-09-26T15:45:00-04:00,2022-09-26,GLD,24h,0,0.0,0.0,0.0,[],[]
2022-09-27T15:45:00-04:00,2022-09-27,GLD,24h,0,0.0,0.0,0.0,[],[]
2022-09-28T15:45:00-04:00,2022-09-28,GLD,24h,0,0.0,0.0,0.0,[],[]
2022-09-29T15:45:00-04:00,2022-09-29,GLD,24h,0,0.0,0.0,0.0,[],[]
2022-09-30T15:45:00-04:00,2022-09-30,GLD,24h,0,0.0,0.0,0.0,[],[]
2022-10-03T15:45:00-04:00,2022-10-03,GLD,24h,0,0.0,0.0,0.0,[],[]
2022-10-04T15:45:00-04:00,2022-10-04,GLD,24h,0,0.0,0.0,0.0,[],[]
2022-10-05T15:45:00-04:00,2022-10-05,GLD,24h,0,0.0,0.0,0.0,[],[]
2022-10-06T15:45:00-04:00,2022-10-06,GLD,24h,0,0.0,0.0,0.0,[],[]
2022-10-07T15:45:00-04:00,2022-10-07,GLD,24h,0,0.0,0.0,0.0,[],[]
2022-10-10T15:45:00-04:00,2022-10-10,GLD,24h,0,0.0,0.0,0.0,[],[]
2022-10-11T15:45:00-04:00,2022-10-11,GLD,24h,0,0.0,0.0,0.0,[],[]
2022-10-12T15:45:00-04:00,2022-10-12,GLD,24h,0,0.0,0.0,0.0,[],[]
2022-10-13T15:45:00-04:00,2022-10-13,GLD,24h,0,0.0,0.0,0.0,[],[]
2022-10-14T15:45:00-04:00,2022-10-14,GLD,24h,0,0.0,0.0,0.0,[],[]
2022-10-17T15:45:00-04:00,2022-10-17,GLD,24h,0,0.0,0.0,0.0,[],[]
2022-10-18T15:45:00-04:00,2022-10-18,GLD,24h,0,0.0,0.0,0.0,[],[]
2022-10-19T15:45:00-04:00,2022-10-19,GLD,24h,0,0.0,0.0,0.0,[],[]
2022-10-20T15:45:00-04:00,2022-10-20,GLD,24h,0,0.0,0.0,0.0,[],[]
2022-10-21T15:45:00-04:00,2022-10-21,GLD,24h,0,0.0,0.0,0.0,[],[]
2022-10-24T15:45:00-04:00,2022-10-24,GLD,24h,0,0.0,0.0,0.0,[],[]
2022-10-25T15:45:00-04:00,2022-10-25,GLD,24h,0,0.0,0.0,0.0,[],[]
2022-10-26T15:45:00-04:00,2022-10-26,GLD,24h,0,0.0,0.0,0.0,[],[]
2022-10-27T15:45:00-04:00,2022-10-27,GLD,24h,0,0.0,0.0,0.0,[],[]
2022-10-28T15:45:00-04:00,2022-10-28,GLD,24h,0,0.0,0.0,0.0,[],[]
2022-10-31T15:45:00-04:00,2022-10-31,GLD,24h,0,0.0,0.0,0.0,[],[]
2022-11-01T15:45:00-04:00,2022-11-01,GLD,24h,0,0.0,0.0,0.0,[],[]
2022-11-02T15:45:00-04:00,2022-11-02,GLD,24h,0,0.0,0.0,0.0,[],[]
2022-11-03T15:45:00-04:00,2022-11-03,GLD,24h,0,0.0,0.0,0.0,[],[]
2022-11-04T15:45:00-04:00,2022-11-04,GLD,24h,0,0.0,0.0,0.0,[],[]
2022-11-07T15:45:00-05:00,2022-11-07,GLD,24h,0,0.0,0.0,0.0,[],[]
2022-11-08T15:45:00-05:00,2022-11-08,GLD,24h,0,0.0,0.0,0.0,[],[]
2022-11-09T15:45:00-05:00,2022-11-09,GLD,24h,0,0.0,0.0,0.0,[],[]
2022-11-10T15:45:00-05:00,2022-11-10,GLD,24h,0,0.0,0.0,0.0,[],[]
2022-11-11T15:45:00-05:00,2022-11-11,GLD,24h,0,0.0,0.0,0.0,[],[]
2022-11-14T15:45:00-05:00,2022-11-14,GLD,24h,0,0.0,0.0,0.0,[],[]
2022-11-15T15:45:00-05:00,2022-11-15,GLD,24h,0,0.0,0.0,0.0,[],[]
2022-11-16T15:45:00-05:00,2022-11-16,GLD,24h,0,0.0,0.0,0.0,[],[]
2022-11-17T15:45:00-05:00,2022-11-17,GLD,24h,0,0.0,0.0,0.0,[],[]
2022-11-18T15:45:00-05:00,2022-11-18,GLD,24h,0,0.0,0.0,0.0,[],[]
2022-11-21T15:45:00-05:00,2022-11-21,GLD,24h,0,0.0,0.0,0.0,[],[]
2022-11-22T15:45:00-05:00,2022-11-22,GLD,24h,0,0.0,0.0,0.0,[],[]
2022-11-23T15:45:00-05:00,2022-11-23,GLD,24h,0,0.0,0.0,0.0,[],[]
2022-11-24T15:45:00-05:00,2022-11-24,GLD,24h,0,0.0,0.0,0.0,[],[]
2022-11-25T15:45:00-05:00,2022-11-25,GLD,24h,0,0.0,0.0,0.0,[],[]
2022-11-28T15:45:00-05:00,2022-11-28,GLD,24h,0,0.0,0.0,0.0,[],[]
2022-11-29T15:45:00-05:00,2022-11-29,GLD,24h,0,0.0,0.0,0.0,[],[]
2022-11-30T15:45:00-05:00,2022-11-30,GLD,24h,0,0.0,0.0,0.0,[],[]
2022-12-01T15:45:00-05:00,2022-12-01,GLD,24h,0,0.0,0.0,0.0,[],[]
2022-12-02T15:45:00-05:00,2022-12-02,GLD,24h,0,0.0,0.0,0.0,[],[]
2022-12-05T15:45:00-05:00,2022-12-05,GLD,24h,0,0.0,0.0,0.0,[],[]
2022-12-06T15:45:00-05:00,2022-12-06,GLD,24h,0,0.0,0.0,0.0,[],[]
2022-12-07T15:45:00-05:00,2022-12-07,GLD,24h,0,0.0,0.0,0.0,[],[]
2022-12-08T15:45:00-05:00,2022-12-08,GLD,24h,0,0.0,0.0,0.0,[],[]
2022-12-09T15:45:00-05:00,2022-12-09,GLD,24h,0,0.0,0.0,0.0,[],[]
2022-12-12T15:45:00-05:00,2022-12-12,GLD,24h,0,0.0,0.0,0.0,[],[]
2022-12-13T15:45:00-05:00,2022-12-13,GLD,24h,0,0.0,0.0,0.0,[],[]
2022-12-14T15:45:00-05:00,2022-12-14,GLD,24h,0,0.0,0.0,0.0,[],[]
2022-12-15T15:45:00-05:00,2022-12-15,GLD,24h,0,0.0,0.0,0.0,[],[]
2022-12-16T15:45:00-05:00,2022-12-16,GLD,24h,0,0.0,0.0,0.0,[],[]
2022-12-19T15:45:00-05:00,2022-12-19,GLD,24h,0,0.0,0.0,0.0,[],[]
2022-12-20T15:45:00-05:00,2022-12-20,GLD,24h,0,0.0,0.0,0.0,[],[]
2022-12-21T15:45:00-05:00,2022-12-21,GLD,24h,0,0.0,0.0,0.0,[],[]
2022-12-22T15:45:00-05:00,2022-12-22,GLD,24h,0,0.0,0.0,0.0,[],[]
2022-12-23T15:45:00-05:00,2022-12-23,GLD,24h,0,0.0,0.0,0.0,[],[]
2022-12-26T15:45:00-05:00,2022-12-26,GLD,24h,0,0.0,0.0,0.0,[],[]
2022-12-27T15:45:00-05:00,2022-12-27,GLD,24h,0,0.0,0.0,0.0,[],[]
2022-12-28T15:45:00-05:00,2022-12-28,GLD,24h,0,0.0,0.0,0.0,[],[]
2022-12-29T15:45:00-05:00,2022-12-29,GLD,24h,0,0.0,0.0,0.0,[],[]
2022-12-30T15:45:00-05:00,2022-12-30,GLD,24h,0,0.0,0.0,0.0,[],[]
2020-01-01T15:45:00-05:00,2020-01-01,SLV,24h,1,0.7389,0.7389,0.0,[],"[""benzinga""]"
2020-01-02T15:45:00-05:00,2020-01-02,SLV,24h,0,0.0,0.0,0.0,[],[]
2020-01-03T15:45:00-05:00,2020-01-03,SLV,24h,0,0.0,0.0,0.0,[],[]
2020-01-06T15:45:00-05:00,2020-01-06,SLV,24h,0,0.0,0.0,0.0,[],[]
2020-01-07T15:45:00-05:00,2020-01-07,SLV,24h,0,0.0,0.0,0.0,[],[]
2020-01-08T15:45:00-05:00,2020-01-08,SLV,24h,0,0.0,0.0,0.0,[],[]
2020-01-09T15:45:00-05:00,2020-01-09,SLV,24h,1,0.9074,0.9074,0.0,[],"[""reuters""]"
2020-01-10T15:45:00-05:00,2020-01-10,SLV,24h,0,0.0,0.0,0.0,[],[]
2020-01-13T15:45:00-05:00,2020-01-13,SLV,24h,0,0.0,0.0,0.0,[],[]
2020-01-14T15:45:00-05:00,2020-01-14,SLV,24h,0,0.0,0.0,0.0,[],[]
2020-01-15T15:45:00-05:00,2020-01-15,SLV,24h,0,0.0,0.0,0.0,[],[]
2020-01-16T15:45:00-05:00,2020-01-16,SLV,24h,0,0.0,0.0,0.0,[],[]
2020-01-17T15:45:00-05:00,2020-01-17,SLV,24h,1,-0.9669,-0.9669,1.0,[],"[""businesswire""]"
2020-01-20T15:45:00-05:00,2020-01-20,SLV,24h,0,0.0,0.0,0.0,[],[]
2020-01-21T15:45:00-05:00,2020-01-21,SLV,24h,0,0.0,0.0,0.0,[],[]
2020-01-22T15:45:00-05:00,2020-01-22,SLV,24h,0,0.0,0.0,0.0,[],[]
2020-01-23T15:45:00-05:00,2020-01-23,SLV,24h,0,0.0,0.0,0.0,[],[]
2020-01-24T15:45:00-05:00,2020-01-24,SLV,24h,0,0.0,0.0,0.0,[],[]
2020-01-27T15:45:00-05:00,2020-01-27,SLV,24h,0,0.0,0.0,0.0,[],[]
2020-01-28T15:45:00-05:00,2020-01-28,SLV,24h,0,0.0,0.0,0.0,[],[]
2020-01-29T15:45:00-05:00,2020-01-29,SLV,24h,0,0.0,0.0,0.0,[],[]
2020-01-30T15:45:00-05:00,2020-01-30,SLV,24h,0,0.0,0.0,0.0,[],[]
2020-01-31T15:45:00-05:00,2020-01-31,SLV,24h,0,0.0,0.0,0.0,[],[]
2020-02-03T15:45:00-05:00,2020-02-03,SLV,24h,0,0.0,0.0,0.0,[],[]
2020-02-04T15:45:00-05:00,2020-02-04,SLV,24h,0,0.0,0.0,0.0,[],[]
2020-02-05T15:45:00-05:00,2020-02-05,SLV,24h,0,0.0,0.0,0.0,[],[]
2020-02-06T15:45:00-05:00,2020-02-06,SLV,24h,0,0.0,0.0,0.0,[],[]
2020-02-07T15:45:00-05:00,2020-02-07,SLV,24h,0,0.0,0.0,0.0,[],[]
2020-02-10T15:45:00-05:00,2020-02-10,SLV,24h,0,0.0,0.0,0.0,[],[]
2020-02-11T15:45:00-05:00,2020-02-11,SLV,24h,0,0.0,0.0,0.0,[],[]
2020-02-12T15:45:00-05:00,2020-02-12,SLV,24h,0,0.0,0.0,0.0,[],[]
2020-02-13T15:45:00-05:00,2020-02-13,SLV,24h,0,0.0,0.0,0.0,[],[]
2020-02-14T15:45:00-05:00,2020-02-14,SLV,24h,0,0.0,0.0,0.0,[],[]
2020-02-17T15:45:00-05:00,2020-02-17,SLV,24h,0,0.0,0.0,0.0,[],[]
2020-02-18T15:45:00-05:00,2020-02-18,SLV,24h,0,0.0,0.0,0.0,[],[]
2020-02-19T15:45:00-05:00,2020-02-19,SLV,24h,0,0.0,0.0,0.0,[],[]
2020-02-20T15:45:00-05:00,2020-02-20,SLV,24h,0,0.0,0.0,0.0,[],[]
2020-02-21T15:45:00-05:00,2020-02-21,SLV,24h,0,0.0,0.0,0.0,[],[]
2020-02-24T15:45:00-05:00,2020-02-24,SLV,24h,0,0.0,0.0,0.0,[],[]
2020-02-25T15:45:00-05:00,2020-02-25,SLV,24h,0,0.0,0.0,0.0,[],[]
2020-02-26T15:45:00-05:00,2020-02-26,SLV,24h,0,0.0,0.0,0.0,[],[]
2020-02-27T15:45:00-05:00,2020-02-27,SLV,24h,0,0.0,0.0,0.0,[],[]
2020-02-28T15:45:00-05:00,2020-02-28,SLV,24h,0,0.0,0.0,0.0,[],[]
2020-03-02T15:45:00-05:00,2020-03-02,SLV,24h,0,0.0,0.0,0.0,[],[]
2020-03-03T15:45:00-05:00,2020-03-03,SLV,24h,0,0.0,0.0,0.0,[],[]
2020-03-04T15:45:00-05:00,2020-03-04,SLV,24h,0,0.0,0.0,0.0,[],[]
2020-03-05T15:45:00-05:00,2020-03-05,SLV,24h,0,0.0,0.0,0.0,[],[]
2020-03-06T15:45:00-05:00,2020-03-06,SLV,24h,0,0.0,0.0,0.0,[],[]
2020-03-09T15:45:00-04:00,2020-03-09,SLV,24h,0,0.0,0.0,0.0,[],[]
2020-03-10T15:45:00-04:00,2020-03-10,SLV,24h,0,0.0,0.0,0.0,[],[]
2020-03-11T15:45:00-04:00,2020-03-11,SLV,24h,0,0.0,0.0,0.0,[],[]
2020-03-12T15:45:00-04:00,2020-03-12,SLV,24h,0,0.0,0.0,0.0,[],[]
2020-03-13T15:45:00-04:00,2020-03-13,SLV,24h,0,0.0,0.0,0.0,[],[]
2020-03-16T15:45:00-04:00,2020-03-16,SLV,24h,0,0.0,0.0,0.0,[],[]
2020-03-17T15:45:00-04:00,2020-03-17,SLV,24h,0,0.0,0.0,0.0,[],[]
2020-03-18T15:45:00-04:00,2020-03-18,SLV,24h,0,0.0,0.0,0.0,[],[]
2020-03-19T15:45:00-04:00,2020-03-19,SLV,24h,0,0.0,0.0,0.0,[],[]
2020-03-20T15:45:00-04:00,2020-03-20,SLV,24h,0,0.0,0.0,0.0,[],[]
2020-03-23T15:45:00-04:00,2020-03-23,SLV,24h,0,0.0,0.0,0.0,[],[]
2020-03-24T15:45:00-04:00,2020-03-24,SLV,24h,0,0.0,0.0,0.0,[],[]
2020-03-25T15:45:00-04:00,2020-03-25,SLV,24h,0,0.0,0.0,0.0,[],[]
2020-03-26T15:45:00-04:00,2020-03-26,SLV,24h,0,0.0,0.0,0.0,[],[]
2020-03-27T15:45:00-04:00,2020-03-27,SLV,24h,0,0.0,0.0,0.0,[],[]
2020-03-30T15:45:00-04:00,2020-03-30,SLV,24h,0,0.0,0.0,0.0,[],[]
2020-03-31T15:45:00-04:00,2020-03-31,SLV,24h,0,0.0,0.0,0.0,[],[]
2020-04-01T15:45:00-04:00,2020-04-01,SLV,24h,0,0.0,0.0,0.0,[],[]
2020-04-02T15:45:00-04:00,2020-04-02,SLV,24h,0,0.0,0.0,0.0,[],[]
2020-04-03T15:45:00-04:00,2020-04-03,SLV,24h,0,0.0,0.0,0.0,[],[]
2020-04-06T15:45:00-04:00,2020-04-06,SLV,24h,0,0.0,0.0,0.0,[],[]
2020-04-07T15:45:00-04:00,2020-04-07,SLV,24h,0,0.0,0.0,0.0,[],[]
2020-04-08T15:45:00-04:00,2020-04-08,SLV,24h,0,0.0,0.0,0.0,[],[]
2020-04-09T15:45:00-04:00,2020-04-09,SLV,24h,0,0.0,0.0,0.0,[],[]
2020-04-10T15:45:00-04:00,2020-04-10,SLV,24h,0,0.0,0.0,0.0,[],[]
2020-04-13T15:45:00-04:00,2020-04-13,SLV,24h,0,0.0,0.0,0.0,[],[]
2020-04-14T15:45:00-04:00,2020-04-14,SLV,24h,0,0.0,0.0,0.0,[],[]
2020-04-15T15:45:00-04:00,2020-04-15,SLV,24h,0,0.0,0.0,0.0,[],[]
2020-04-16T15:45:00-04:00,2020-04-16,SLV,24h,0,0.0,0.0,0.0,[],[]
2020-04-17T15:45:00-04:00,2020-04-17,SLV,24h,0,0.0,0.0,0.0,[],[]
2020-04-20T15:45:00-04:00,2020-04-20,SLV,24h,0,0.0,0.0,0.0,[],[]
2020-04-21T15:45:00-04:00,2020-04-21,SLV,24h,0,0.0,0.0,0.0,[],[]
2020-04-22T15:45:00-04:00,2020-04-22,SLV,24h,0,0.0,0.0,0.0,[],[]
2020-04-23T15:45:00-04:00,2020-04-23,SLV,24h,0,0.0,0.0,0.0,[],[]
2020-04-24T15:45:00-04:00,2020-04-24,SLV,24h,0,0.0,0.0,0.0,[],[]
2020-04-27T15:45:00-04:00,2020-04-27,SLV,24h,0,0.0,0.0,0.0,[],[]
2020-04-28T15:45:00-04:00,2020-04-28,SLV,24h,0,0.0,0.0,0.0,[],[]
2020-04-29T15:45:00-04:00,2020-04-29,SLV,24h,0,0.0,0.0,0.0,[],[]
2020-04-30T15:45:00-04:00,2020-04-30,SLV,24h,0,0.0,0.0,0.0,[],[]
2020-05-01T15:45:00-04:00,2020-05-01,SLV,24h,0,0.0,0.0,0.0,[],[]
2020-05-04T15:45:00-04:00,2020-05-04,SLV,24h,0,0.0,0.0,0.0,[],[]
2020-05-05T15:45:00-04:00,2020-05-05,SLV,24h,0,0.0,0.0,0.0,[],[]
2020-05-06T15:45:00-04:00,2020-05-06,SLV,24h,0,0.0,0.0,0.0,[],[]
2020-05-07T15:45:00-04:00,2020-05-07,SLV,24h,0,0.0,0.0,0.0,[],[]
2020-05-08T15:45:00-04:00,2020-05-08,SLV,24h,0,0.0,0.0,0.0,[],[]
2020-05-11T15:45:00-04:00,2020-05-11,SLV,24h,0,0.0,0.0,0.0,[],[]
2020-05-12T15:45:00-04:00,2020-05-12,SLV,24h,0,0.0,0.0,0.0,[],[]
2020-05-13T15:45:00-04:00,2020-05-13,SLV,24h,0,0.0,0.0,0.0,[],[]
2020-05-14T15:45:00-04:00,2020-05-14,SLV,24h,0,0.0,0.0,0.0,[],[]
2020-05-15T15:45:00-04:00,2020-05-15,SLV,24h,0,0.0,0.0,0.0,[],[]
2020-05-18T15:45:00-04:00,2020-05-18,SLV,24h,0,0.0,0.0,0.0,[],[]
2020-05-19T15:45:00-04:00,2020-05-19,SLV,24h,0,0.0,0.0,0.0,[],[]
2020-05-20T15:45:00-04:00,2020-05-20,SLV,24h,0,0.0,0.0,0.0,[],[]
2020-05-21T15:45:00-04:00,2020-05-21,SLV,24h,0,0.0,0.0,0.0,[],[]
2020-05-22T15:45:00-04:00,2020-05-22,SLV,24h,0,0.0,0.0,0.0,[],[]
2020-05-25T15:45:00-04:00,2020-05-25,SLV,24h,0,0.0,0.0,0.0,[],[]
2020-05-26T15:45:00-04:00,2020-05-26,SLV,24h,0,0.0,0.0,0.0,[],[]
2020-05-27T15:45:00-04:00,2020-05-27,SLV,24h,0,0.0,0.0,0.0,[],[]
2020-05-28T15:45:00-04:00,2020-05-28,SLV,24h,0,0.0,0.0,0.0,[],[]
2020-05-29T15:45:00-04:00,2020-05-29,SLV,24h,0,0.0,0.0,0.0,[],[]
2020-06-01T15:45:00-04:00,2020-06-01,SLV,24h,0,0.0,0.0,0.0,[],[]
2020-06-02T15:45:00-04:00,2020-06-02,SLV,24h,0,0.0,0.0,0.0,[],[]
2020-06-03T15:45:00-04:00,2020-06-03,SLV,24h,0,0.0,0.0,0.0,[],[]
2020-06-04T15:45:00-04:00,2020-06-04,SLV,24h,0,0.0,0.0,0.0,[],[]
2020-06-05T15:45:00-04:00,2020-06-05,SLV,24h,0,0.0,0.0,0.0,[],[]
2020-06-08T15:45:00-04:00,2020-06-08,SLV,24h,0,0.0,0.0,0.0,[],[]
2020-06-09T15:45:00-04:00,2020-06-09,SLV,24h,0,0.0,0.0,0.0,[],[]
2020-06-10T15:45:00-04:00,2020-06-10,SLV,24h,0,0.0,0.0,0.0,[],[]
2020-06-11T15:45:00-04:00,2020-06-11,SLV,24h,0,0.0,0.0,0.0,[],[]
2020-06-12T15:45:00-04:00,2020-06-12,SLV,24h,0,0.0,0.0,0.0,[],[]
2020-06-15T15:45:00-04:00,2020-06-15,SLV,24h,0,0.0,0.0,0.0,[],[]
2020-06-16T15:45:00-04:00,2020-06-16,SLV,24h,0,0.0,0.0,0.0,[],[]
2020-06-17T15:45:00-04:00,2020-06-17,SLV,24h,0,0.0,0.0,0.0,[],[]
2020-06-18T15:45:00-04:00,2020-06-18,SLV,24h,0,0.0,0.0,0.0,[],[]
2020-06-19T15:45:00-04:00,2020-06-19,SLV,24h,0,0.0,0.0,0.0,[],[]
2020-06-22T15:45:00-04:00,2020-06-22,SLV,24h,0,0.0,0.0,0.0,[],[]
2020-06-23T15:45:00-04:00,2020-06-23,SLV,24h,0,0.0,0.0,0.0,[],[]
2020-06-24T15:45:00-04:00,2020-06-24,SLV,24h,0,0.0,0.0,0.0,[],[]
2020-06-25T15:45:00-04:00,2020-06-25,SLV,24h,0,0.0,0.0,0.0,[],[]
2020-06-26T15:45:00-04:00,2020-06-26,SLV,24h,0,0.0,0.0,0.0,[],[]
2020-06-29T15:45:00-04:00,2020-06-29,SLV,24h,0,0.0,0.0,0.0,[],[]
2020-06-30T15:45:00-04:00,2020-06-30,SLV,24h,0,0.0,0.0,0.0,[],[]
2020-07-01T15:45:00-04:00,2020-07-01,SLV,24h,0,0.0,0.0,0.0,[],[]
2020-07-02T15:45:00-04:00,2020-07-02,SLV,24h,0,0.0,0.0,0.0,[],[]
2020-07-03T15:45:00-04:00,2020-07-03,SLV,24h,0,0.0,0.0,0.0,[],[]
2020-07-06T15:45:00-04:00,2020-07-06,SLV,24h,0,0.0,0.0,0.0,[],[]
2020-07-07T15:45:00-04:00,2020-07-07,SLV,24h,0,0.0,0.0,0.0,[],[]
2020-07-08T15:45:00-04:00,2020-07-08,SLV,24h,0,0.0,0.0,0.0,[],[]
2020-07-09T15:45:00-04:00,2020-07-09,SLV,24h,0,0.0,0.0,0.0,[],[]
2020-07-10T15:45:00-04:00,2020-07-10,SLV,24h,0,0.0,0.0,0.0,[],[]
2020-07-13T15:45:00-04:00,2020-07-13,SLV,24h,0,0.0,0.0,0.0,[],[]
2020-07-14T15:45:00-04:00,2020-07-14,SLV,24h,0,0.0,0.0,0.0,[],[]
2020-07-15T15:45:00-04:00,2020-07-15,SLV,24h,0,0.0,0.0,0.0,[],[]
2020-07-16T15:45:00-04:00,2020-07-16,SLV,24h,0,0.0,0.0,0.0,[],[]
2020-07-17T15:45:00-04:00,2020-07-17,SLV,24h,0,0.0,0.0,0.0,[],[]
2020-07-20T15:45:00-04:00,2020-07-20,SLV,24h,0,0.0,0.0,0.0,[],[]
2020-07-21T15:45:00-04:00,2020-07-21,SLV,24h,0,0.0,0.0,0.0,[],[]
2020-07-22T15:45:00-04:00,2020-07-22,SLV,24h,0,0.0,0.0,0.0,[],[]
2020-07-23T15:45:00-04:00,2020-07-23,SLV,24h,0,0.0,0.0,0.0,[],[]
2020-07-24T15:45:00-04:00,2020-07-24,SLV,24h,0,0.0,0.0,0.0,[],[]
2020-07-27T15:45:00-04:00,2020-07-27,SLV,24h,0,0.0,0.0,0.0,[],[]
2020-07-28T15:45:00-04:00,2020-07-28,SLV,24h,0,0.0,0.0,0.0,[],[]
2020-07-29T15:45:00-04:00,2020-07-29,SLV,24h,0,0.0,0.0,0.0,[],[]
2020-07-30T15:45:00-04:00,2020-07-30,SLV,24h,0,0.0,0.0,0.0,[],[]
2020-07-31T15:45:00-04:00,2020-07-31,SLV,24h,0,0.0,0.0,0.0,[],[]
2020-08-03T15:45:00-04:00,2020-08-03,SLV,24h,0,0.0,0.0,0.0,[],[]
2020-08-04T15:45:00-04:00,2020-08-04,SLV,24h,0,0.0,0.0,0.0,[],[]
2020-08-05T15:45:00-04:00,2020-08-05,SLV,24h,0,0.0,0.0,0.0,[],[]
2020-08-06T15:45:00-04:00,2020-08-06,SLV,24h,0,0.0,0.0,0.0,[],[]
2020-08-07T15:45:00-04:00,2020-08-07,SLV,24h,0,0.0,0.0,0.0,[],[]
2020-08-10T15:45:00-04:00,2020-08-10,SLV,24h,0,0.0,0.0,0.0,[],[]
2020-08-11T15:45:00-04:00,2020-08-11,SLV,24h,0,0.0,0.0,0.0,[],[]
2020-08-12T15:45:00-04:00,2020-08-12,SLV,24h,0,0.0,0.0,0.0,[],[]
2020-08-13T15:45:00-04:00,2020-08-13,SLV,24h,0,0.0,0.0,0.0,[],[]
2020-08-14T15:45:00-04:00,2020-08-14,SLV,24h,0,0.0,0.0,0.0,[],[]
2020-08-17T15:45:00-04:00,2020-08-17,SLV,24h,0,0.0,0.0,0.0,[],[]
2020-08-18T15:45:00-04:00,2020-08-18,SLV,24h,0,0.0,0.0,0.0,[],[]
2020-08-19T15:45:00-04:00,2020-08-19,SLV,24h,0,0.0,0.0,0.0,[],[]
2020-08-20T15:45:00-04:00,2020-08-20,SLV,24h,0,0.0,0.0,0.0,[],[]
2020-08-21T15:45:00-04:00,2020-08-21,SLV,24h,0,0.0,0.0,0.0,[],[]
2020-08-24T15:45:00-04:00,2020-08-24,SLV,24h,0,0.0,0.0,0.0,[],[]
2020-08-25T15:45:00-04:00,2020-08-25,SLV,24h,0,0.0,0.0,0.0,[],[]
2020-08-26T15:45:00-04:00,2020-08-26,SLV,24h,0,0.0,0.0,0.0,[],[]
2020-08-27T15:45:00-04:00,2020-08-27,SLV,24h,0,0.0,0.0,0.0,[],[]
2020-08-28T15:45:00-04:00,2020-08-28,SLV,24h,0,0.0,0.0,0.0,[],[]
2020-08-31T15:45:00-04:00,2020-08-31,SLV,24h,0,0.0,0.0,0.0,[],[]
2020-09-01T15:45:00-04:00,2020-09-01,SLV,24h,0,0.0,0.0,0.0,[],[]
2020-09-02T15:45:00-04:00,2020-09-02,SLV,24h,0,0.0,0.0,0.0,[],[]
2020-09-03T15:45:00-04:00,2020-09-03,SLV,24h,0,0.0,0.0,0.0,[],[]
2020-09-04T15:45:00-04:00,2020-09-04,SLV,24h,0,0.0,0.0,0.0,[],[]
2020-09-07T15:45:00-04:00,2020-09-07,SLV,24h,0,0.0,0.0,0.0,[],[]
2020-09-08T15:45:00-04:00,2020-09-08,SLV,24h,0,0.0,0.0,0.0,[],[]
2020-09-09T15:45:00-04:00,2020-09-09,SLV,24h,0,0.0,0.0,0.0,[],[]
2020-09-10T15:45:00-04:00,2020-09-10,SLV,24h,0,0.0,0.0,0.0,[],[]
2020-09-11T15:45:00-04:00,2020-09-11,SLV,24h,0,0.0,0.0,0.0,[],[]
2020-09-14T15:45:00-04:00,2020-09-14,SLV,24h,0,0.0,0.0,0.0,[],[]
2020-09-15T15:45:00-04:00,2020-09-15,SLV,24h,0,0.0,0.0,0.0,[],[]
2020-09-16T15:45:00-04:00,2020-09-16,SLV,24h,0,0.0,0.0,0.0,[],[]
2020-09-17T15:45:00-04:00,2020-09-17,SLV,24h,0,0.0,0.0,0.0,[],[]
2020-09-18T15:45:00-04:00,2020-09-18,SLV,24h,0,0.0,0.0,0.0,[],[]
2020-09-21T15:45:00-04:00,2020-09-21,SLV,24h,0,0.0,0.0,0.0,[],[]
2020-09-22T15:45:00-04:00,2020-09-22,SLV,24h,0,0.0,0.0,0.0,[],[]
2020-09-23T15:45:00-04:00,2020-09-23,SLV,24h,0,0.0,0.0,0.0,[],[]
2020-09-24T15:45:00-04:00,2020-09-24,SLV,24h,0,0.0,0.0,0.0,[],[]
2020-09-25T15:45:00-04:00,2020-09-25,SLV,24h,0,0.0,0.0,0.0,[],[]
2020-09-28T15:45:00-04:00,2020-09-28,SLV,24h,0,0.0,0.0,0.0,[],[]
2020-09-29T15:45:00-04:00,2020-09-29,SLV,24h,0,0.0,0.0,0.0,[],[]
2020-09-30T15:45:00-04:00,2020-09-30,SLV,24h,0,0.0,0.0,0.0,[],[]
2020-10-01T15:45:00-04:00,2020-10-01,SLV,24h,0,0.0,0.0,0.0,[],[]
2020-10-02T15:45:00-04:00,2020-10-02,SLV,24h,0,0.0,0.0,0.0,[],[]
2020-10-05T15:45:00-04:00,2020-10-05,SLV,24h,0,0.0,0.0,0.0,[],[]
2020-10-06T15:45:00-04:00,2020-10-06,SLV,24h,0,0.0,0.0,0.0,[],[]
2020-10-07T15:45:00-04:00,2020-10-07,SLV,24h,0,0.0,0.0,0.0,[],[]
2020-10-08T15:45:00-04:00,2020-10-08,SLV,24h,0,0.0,0.0,0.0,[],[]
2020-10-09T15:45:00-04:00,2020-10-09,SLV,24h,0,0.0,0.0,0.0,[],[]
2020-10-12T15:45:00-04:00,2020-10-12,SLV,24h,0,0.0,0.0,0.0,[],[]
2020-10-13T15:45:00-04:00,2020-10-13,SLV,24h,0,0.0,0.0,0.0,[],[]
2020-10-14T15:45:00-04:00,2020-10-14,SLV,24h,0,0.0,0.0,0.0,[],[]
2020-10-15T15:45:00-04:00,2020-10-15,SLV,24h,0,0.0,0.0,0.0,[],[]
2020-10-16T15:45:00-04:00,2020-10-16,SLV,24h,0,0.0,0.0,0.0,[],[]
2020-10-19T15:45:00-04:00,2020-10-19,SLV,24h,0,0.0,0.0,0.0,[],[]
2020-10-20T15:45:00-04:00,2020-10-20,SLV,24h,0,0.0,0.0,0.0,[],[]
2020-10-21T15:45:00-04:00,2020-10-21,SLV,24h,0,0.0,0.0,0.0,[],[]
2020-10-22T15:45:00-04:00,2020-10-22,SLV,24h,0,0.0,0.0,0.0,[],[]
2020-10-23T15:45:00-04:00,2020-10-23,SLV,24h,0,0.0,0.0,0.0,[],[]
2020-10-26T15:45:00-04:00,2020-10-26,SLV,24h,0,0.0,0.0,0.0,[],[]
2020-10-27T15:45:00-04:00,2020-10-27,SLV,24h,0,0.0,0.0,0.0,[],[]
2020-10-28T15:45:00-04:00,2020-10-28,SLV,24h,0,0.0,0.0,0.0,[],[]
2020-10-29T15:45:00-04:00,2020-10-29,SLV,24h,0,0.0,0.0,0.0,[],[]
2020-10-30T15:45:00-04:00,2020-10-30,SLV,24h,0,0.0,0.0,0.0,[],[]
2020-11-02T15:45:00-05:00,2020-11-02,SLV,24h,0,0.0,0.0,0.0,[],[]
2020-11-03T15:45:00-05:00,2020-11-03,SLV,24h,0,0.0,0.0,0.0,[],[]
2020-11-04T15:45:00-05:00,2020-11-04,SLV,24h,0,0.0,0.0,0.0,[],[]
2020-11-05T15:45:00-05:00,2020-11-05,SLV,24h,0,0.0,0.0,0.0,[],[]
2020-11-06T15:45:00-05:00,2020-11-06,SLV,24h,0,0.0,0.0,0.0,[],[]
2020-11-09T15:45:00-05:00,2020-11-09,SLV,24h,0,0.0,0.0,0.0,[],[]
2020-11-10T15:45:00-05:00,2020-11-10,SLV,24h,0,0.0,0.0,0.0,[],[]
2020-11-11T15:45:00-05:00,2020-11-11,SLV,24h,0,0.0,0.0,0.0,[],[]
2020-11-12T15:45:00-05:00,2020-11-12,SLV,24h,0,0.0,0.0,0.0,[],[]
2020-11-13T15:45:00-05:00,2020-11-13,SLV,24h,0,0.0,0.0,0.0,[],[]
2020-11-16T15:45:00-05:00,2020-11-16,SLV,24h,0,0.0,0.0,0.0,[],[]
2020-11-17T15:45:00-05:00,2020-11-17,SLV,24h,0,0.0,0.0,0.0,[],[]
2020-11-18T15:45:00-05:00,2020-11-18,SLV,24h,0,0.0,0.0,0.0,[],[]
2020-11-19T15:45:00-05:00,2020-11-19,SLV,24h,0,0.0,0.0,0.0,[],[]
2020-11-20T15:45:00-05:00,2020-11-20,SLV,24h,0,0.0,0.0,0.0,[],[]
2020-11-23T15:45:00-05:00,2020-11-23,SLV,24h,0,0.0,0.0,0.0,[],[]
2020-11-24T15:45:00-05:00,2020-11-24,SLV,24h,0,0.0,0.0,0.0,[],[]
2020-11-25T15:45:00-05:00,2020-11-25,SLV,24h,0,0.0,0.0,0.0,[],[]
2020-11-26T15:45:00-05:00,2020-11-26,SLV,24h,0,0.0,0.0,0.0,[],[]
2020-11-27T15:45:00-05:00,2020-11-27,SLV,24h,0,0.0,0.0,0.0,[],[]
2020-11-30T15:45:00-05:00,2020-11-30,SLV,24h,0,0.0,0.0,0.0,[],[]
2020-12-01T15:45:00-05:00,2020-12-01,SLV,24h,0,0.0,0.0,0.0,[],[]
2020-12-02T15:45:00-05:00,2020-12-02,SLV,24h,0,0.0,0.0,0.0,[],[]
2020-12-03T15:45:00-05:00,2020-12-03,SLV,24h,0,0.0,0.0,0.0,[],[]
2020-12-04T15:45:00-05:00,2020-12-04,SLV,24h,0,0.0,0.0,0.0,[],[]
2020-12-07T15:45:00-05:00,2020-12-07,SLV,24h,0,0.0,0.0,0.0,[],[]
2020-12-08T15:45:00-05:00,2020-12-08,SLV,24h,0,0.0,0.0,0.0,[],[]
2020-12-09T15:45:00-05:00,2020-12-09,SLV,24h,0,0.0,0.0,0.0,[],[]
2020-12-10T15:45:00-05:00,2020-12-10,SLV,24h,0,0.0,0.0,0.0,[],[]
2020-12-11T15:45:00-05:00,2020-12-11,SLV,24h,0,0.0,0.0,0.0,[],[]
2020-12-14T15:45:00-05:00,2020-12-14,SLV,24h,0,0.0,0.0,0.0,[],[]
2020-12-15T15:45:00-05:00,2020-12-15,SLV,24h,0,0.0,0.0,0.0,[],[]
2020-12-16T15:45:00-05:00,2020-12-16,SLV,24h,0,0.0,0.0,0.0,[],[]
2020-12-17T15:45:00-05:00,2020-12-17,SLV,24h,0,0.0,0.0,0.0,[],[]
2020-12-18T15:45:00-05:00,2020-12-18,SLV,24h,0,0.0,0.0,0.0,[],[]
2020-12-21T15:45:00-05:00,2020-12-21,SLV,24h,0,0.0,0.0,0.0,[],[]
2020-12-22T15:45:00-05:00,2020-12-22,SLV,24h,0,0.0,0.0,0.0,[],[]
2020-12-23T15:45:00-05:00,2020-12-23,SLV,24h,0,0.0,0.0,0.0,[],[]
2020-12-24T15:45:00-05:00,2020-12-24,SLV,24h,0,0.0,0.0,0.0,[],[]
2020-12-25T15:45:00-05:00,2020-12-25,SLV,24h,0,0.0,0.0,0.0,[],[]
2020-12-28T15:45:00-05:00,2020-12-28,SLV,24h,0,0.0,0.0,0.0,[],[]
2020-12-29T15:45:00-05:00,2020-12-29,SLV,24h,0,0.0,0.0,0.0,[],[]
2020-12-30T15:45:00-05:00,2020-12-30,SLV,24h,0,0.0,0.0,0.0,[],[]
2020-12-31T15:45:00-05:00,2020-12-31,SLV,24h,0,0.0,0.0,0.0,[],[]
2021-01-01T15:45:00-05:00,2021-01-01,SLV,24h,0,0.0,0.0,0.0,[],[]
2021-01-04T15:45:00-05:00,2021-01-04,SLV,24h,0,0.0,0.0,0.0,[],[]
2021-01-05T15:45:00-05:00,2021-01-05,SLV,24h,0,0.0,0.0,0.0,[],[]
2021-01-06T15:45:00-05:00,2021-01-06,SLV,24h,0,0.0,0.0,0.0,[],[]
2021-01-07T15:45:00-05:00,2021-01-07,SLV,24h,0,0.0,0.0,0.0,[],[]
2021-01-08T15:45:00-05:00,2021-01-08,SLV,24h,0,0.0,0.0,0.0,[],[]
2021-01-11T15:45:00-05:00,2021-01-11,SLV,24h,0,0.0,0.0,0.0,[],[]
2021-01-12T15:45:00-05:00,2021-01-12,SLV,24h,0,0.0,0.0,0.0,[],[]
2021-01-13T15:45:00-05:00,2021-01-13,SLV,24h,0,0.0,0.0,0.0,[],[]
2021-01-14T15:45:00-05:00,2021-01-14,SLV,24h,0,0.0,0.0,0.0,[],[]
2021-01-15T15:45:00-05:00,2021-01-15,SLV,24h,0,0.0,0.0,0.0,[],[]
2021-01-18T15:45:00-05:00,2021-01-18,SLV,24h,0,0.0,0.0,0.0,[],[]
2021-01-19T15:45:00-05:00,2021-01-19,SLV,24h,0,0.0,0.0,0.0,[],[]
2021-01-20T15:45:00-05:00,2021-01-20,SLV,24h,0,0.0,0.0,0.0,[],[]
2021-01-21T15:45:00-05:00,2021-01-21,SLV,24h,0,0.0,0.0,0.0,[],[]
2021-01-22T15:45:00-05:00,2021-01-22,SLV,24h,0,0.0,0.0,0.0,[],[]
2021-01-25T15:45:00-05:00,2021-01-25,SLV,24h,0,0.0,0.0,0.0,[],[]
2021-01-26T15:45:00-05:00,2021-01-26,SLV,24h,0,0.0,0.0,0.0,[],[]
2021-01-27T15:45:00-05:00,2021-01-27,SLV,24h,0,0.0,0.0,0.0,[],[]
2021-01-28T15:45:00-05:00,2021-01-28,SLV,24h,0,0.0,0.0,0.0,[],[]
2021-01-29T15:45:00-05:00,2021-01-29,SLV,24h,0,0.0,0.0,0.0,[],[]
2021-02-01T15:45:00-05:00,2021-02-01,SLV,24h,0,0.0,0.0,0.0,[],[]
2021-02-02T15:45:00-05:00,2021-02-02,SLV,24h,0,0.0,0.0,0.0,[],[]
2021-02-03T15:45:00-05:00,2021-02-03,SLV,24h,0,0.0,0.0,0.0,[],[]
2021-02-04T15:45:00-05:00,2021-02-04,SLV,24h,0,0.0,0.0,0.0,[],[]
2021-02-05T15:45:00-05:00,2021-02-05,SLV,24h,0,0.0,0.0,0.0,[],[]
2021-02-08T15:45:00-05:00,2021-02-08,SLV,24h,0,0.0,0.0,0.0,[],[]
2021-02-09T15:45:00-05:00,2021-02-09,SLV,24h,0,0.0,0.0,0.0,[],[]
2021-02-10T15:45:00-05:00,2021-02-10,SLV,24h,0,0.0,0.0,0.0,[],[]
2021-02-11T15:45:00-05:00,2021-02-11,SLV,24h,0,0.0,0.0,0.0,[],[]
2021-02-12T15:45:00-05:00,2021-02-12,SLV,24h,0,0.0,0.0,0.0,[],[]
2021-02-15T15:45:00-05:00,2021-02-15,SLV,24h,0,0.0,0.0,0.0,[],[]
2021-02-16T15:45:00-05:00,2021-02-16,SLV,24h,0,0.0,0.0,0.0,[],[]
2021-02-17T15:45:00-05:00,2021-02-17,SLV,24h,0,0.0,0.0,0.0,[],[]
2021-02-18T15:45:00-05:00,2021-02-18,SLV,24h,0,0.0,0.0,0.0,[],[]
2021-02-19T15:45:00-05:00,2021-02-19,SLV,24h,0,0.0,0.0,0.0,[],[]
2021-02-22T15:45:00-05:00,2021-02-22,SLV,24h,0,0.0,0.0,0.0,[],[]
2021-02-23T15:45:00-05:00,2021-02-23,SLV,24h,0,0.0,0.0,0.0,[],[]
2021-02-24T15:45:00-05:00,2021-02-24,SLV,24h,0,0.0,0.0,0.0,[],[]
2021-02-25T15:45:00-05:00,2021-02-25,SLV,24h,0,0.0,0.0,0.0,[],[]
2021-02-26T15:45:00-05:00,2021-02-26,SLV,24h,0,0.0,0.0,0.0,[],[]
2021-03-01T15:45:00-05:00,2021-03-01,SLV,24h,0,0.0,0.0,0.0,[],[]
2021-03-02T15:45:00-05:00,2021-03-02,SLV,24h,0,0.0,0.0,0.0,[],[]
2021-03-03T15:45:00-05:00,2021-03-03,SLV,24h,0,0.0,0.0,0.0,[],[]
2021-03-04T15:45:00-05:00,2021-03-04,SLV,24h,0,0.0,0.0,0.0,[],[]
2021-03-05T15:45:00-05:00,2021-03-05,SLV,24h,0,0.0,0.0,0.0,[],[]
2021-03-08T15:45:00-05:00,2021-03-08,SLV,24h,0,0.0,0.0,0.0,[],[]
2021-03-09T15:45:00-05:00,2021-03-09,SLV,24h,0,0.0,0.0,0.0,[],[]
2021-03-10T15:45:00-05:00,2021-03-10,SLV,24h,0,0.0,0.0,0.0,[],[]
2021-03-11T15:45:00-05:00,2021-03-11,SLV,24h,0,0.0,0.0,0.0,[],[]
2021-03-12T15:45:00-05:00,2021-03-12,SLV,24h,0,0.0,0.0,0.0,[],[]
2021-03-15T15:45:00-04:00,2021-03-15,SLV,24h,0,0.0,0.0,0.0,[],[]
2021-03-16T15:45:00-04:00,2021-03-16,SLV,24h,0,0.0,0.0,0.0,[],[]
2021-03-17T15:45:00-04:00,2021-03-17,SLV,24h,0,0.0,0.0,0.0,[],[]
2021-03-18T15:45:00-04:00,2021-03-18,SLV,24h,0,0.0,0.0,0.0,[],[]
2021-03-19T15:45:00-04:00,2021-03-19,SLV,24h,0,0.0,0.0,0.0,[],[]
2021-03-22T15:45:00-04:00,2021-03-22,SLV,24h,0,0.0,0.0,0.0,[],[]
2021-03-23T15:45:00-04:00,2021-03-23,SLV,24h,0,0.0,0.0,0.0,[],[]
2021-03-24T15:45:00-04:00,2021-03-24,SLV,24h,0,0.0,0.0,0.0,[],[]
2021-03-25T15:45:00-04:00,2021-03-25,SLV,24h,0,0.0,0.0,0.0,[],[]
2021-03-26T15:45:00-04:00,2021-03-26,SLV,24h,0,0.0,0.0,0.0,[],[]
2021-03-29T15:45:00-04:00,2021-03-29,SLV,24h,0,0.0,0.0,0.0,[],[]
2021-03-30T15:45:00-04:00,2021-03-30,SLV,24h,0,0.0,0.0,0.0,[],[]
2021-03-31T15:45:00-04:00,2021-03-31,SLV,24h,0,0.0,0.0,0.0,[],[]
2021-04-01T15:45:00-04:00,2021-04-01,SLV,24h,0,0.0,0.0,0.0,[],[]
2021-04-02T15:45:00-04:00,2021-04-02,SLV,24h,0,0.0,0.0,0.0,[],[]
2021-04-05T15:45:00-04:00,2021-04-05,SLV,24h,0,0.0,0.0,0.0,[],[]
2021-04-06T15:45:00-04:00,2021-04-06,SLV,24h,0,0.0,0.0,0.0,[],[]
2021-04-07T15:45:00-04:00,2021-04-07,SLV,24h,0,0.0,0.0,0.0,[],[]
2021-04-08T15:45:00-04:00,2021-04-08,SLV,24h,0,0.0,0.0,0.0,[],[]
2021-04-09T15:45:00-04:00,2021-04-09,SLV,24h,0,0.0,0.0,0.0,[],[]
2021-04-12T15:45:00-04:00,2021-04-12,SLV,24h,0,0.0,0.0,0.0,[],[]
2021-04-13T15:45:00-04:00,2021-04-13,SLV,24h,0,0.0,0.0,0.0,[],[]
2021-04-14T15:45:00-04:00,2021-04-14,SLV,24h,0,0.0,0.0,0.0,[],[]
2021-04-15T15:45:00-04:00,2021-04-15,SLV,24h,0,0.0,0.0,0.0,[],[]
2021-04-16T15:45:00-04:00,2021-04-16,SLV,24h,0,0.0,0.0,0.0,[],[]
2021-04-19T15:45:00-04:00,2021-04-19,SLV,24h,0,0.0,0.0,0.0,[],[]
2021-04-20T15:45:00-04:00,2021-04-20,SLV,24h,0,0.0,0.0,0.0,[],[]
2021-04-21T15:45:00-04:00,2021-04-21,SLV,24h,0,0.0,0.0,0.0,[],[]
2021-04-22T15:45:00-04:00,2021-04-22,SLV,24h,0,0.0,0.0,0.0,[],[]
2021-04-23T15:45:00-04:00,2021-04-23,SLV,24h,0,0.0,0.0,0.0,[],[]
2021-04-26T15:45:00-04:00,2021-04-26,SLV,24h,0,0.0,0.0,0.0,[],[]
2021-04-27T15:45:00-04:00,2021-04-27,SLV,24h,0,0.0,0.0,0.0,[],[]
2021-04-28T15:45:00-04:00,2021-04-28,SLV,24h,0,0.0,0.0,0.0,[],[]
2021-04-29T15:45:00-04:00,2021-04-29,SLV,24h,0,0.0,0.0,0.0,[],[]
2021-04-30T15:45:00-04:00,2021-04-30,SLV,24h,0,0.0,0.0,0.0,[],[]
2021-05-03T15:45:00-04:00,2021-05-03,SLV,24h,0,0.0,0.0,0.0,[],[]
2021-05-04T15:45:00-04:00,2021-05-04,SLV,24h,0,0.0,0.0,0.0,[],[]
2021-05-05T15:45:00-04:00,2021-05-05,SLV,24h,0,0.0,0.0,0.0,[],[]
2021-05-06T15:45:00-04:00,2021-05-06,SLV,24h,0,0.0,0.0,0.0,[],[]
2021-05-07T15:45:00-04:00,2021-05-07,SLV,24h,0,0.0,0.0,0.0,[],[]
2021-05-10T15:45:00-04:00,2021-05-10,SLV,24h,0,0.0,0.0,0.0,[],[]
2021-05-11T15:45:00-04:00,2021-05-11,SLV,24h,0,0.0,0.0,0.0,[],[]
2021-05-12T15:45:00-04:00,2021-05-12,SLV,24h,0,0.0,0.0,0.0,[],[]
2021-05-13T15:45:00-04:00,2021-05-13,SLV,24h,0,0.0,0.0,0.0,[],[]
2021-05-14T15:45:00-04:00,2021-05-14,SLV,24h,0,0.0,0.0,0.0,[],[]
2021-05-17T15:45:00-04:00,2021-05-17,SLV,24h,0,0.0,0.0,0.0,[],[]
2021-05-18T15:45:00-04:00,2021-05-18,SLV,24h,0,0.0,0.0,0.0,[],[]
2021-05-19T15:45:00-04:00,2021-05-19,SLV,24h,0,0.0,0.0,0.0,[],[]
2021-05-20T15:45:00-04:00,2021-05-20,SLV,24h,0,0.0,0.0,0.0,[],[]
2021-05-21T15:45:00-04:00,2021-05-21,SLV,24h,0,0.0,0.0,0.0,[],[]
2021-05-24T15:45:00-04:00,2021-05-24,SLV,24h,0,0.0,0.0,0.0,[],[]
2021-05-25T15:45:00-04:00,2021-05-25,SLV,24h,0,0.0,0.0,0.0,[],[]
2021-05-26T15:45:00-04:00,2021-05-26,SLV,24h,0,0.0,0.0,0.0,[],[]
2021-05-27T15:45:00-04:00,2021-05-27,SLV,24h,0,0.0,0.0,0.0,[],[]
2021-05-28T15:45:00-04:00,2021-05-28,SLV,24h,0,0.0,0.0,0.0,[],[]
2021-05-31T15:45:00-04:00,2021-05-31,SLV,24h,0,0.0,0.0,0.0,[],[]
2021-06-01T15:45:00-04:00,2021-06-01,SLV,24h,0,0.0,0.0,0.0,[],[]
2021-06-02T15:45:00-04:00,2021-06-02,SLV,24h,0,0.0,0.0,0.0,[],[]
2021-06-03T15:45:00-04:00,2021-06-03,SLV,24h,0,0.0,0.0,0.0,[],[]
2021-06-04T15:45:00-04:00,2021-06-04,SLV,24h,0,0.0,0.0,0.0,[],[]
2021-06-07T15:45:00-04:00,2021-06-07,SLV,24h,0,0.0,0.0,0.0,[],[]
2021-06-08T15:45:00-04:00,2021-06-08,SLV,24h,0,0.0,0.0,0.0,[],[]
2021-06-09T15:45:00-04:00,2021-06-09,SLV,24h,0,0.0,0.0,0.0,[],[]
2021-06-10T15:45:00-04:00,2021-06-10,SLV,24h,0,0.0,0.0,0.0,[],[]
2021-06-11T15:45:00-04:00,2021-06-11,SLV,24h,0,0.0,0.0,0.0,[],[]
2021-06-14T15:45:00-04:00,2021-06-14,SLV,24h,0,0.0,0.0,0.0,[],[]
2021-06-15T15:45:00-04:00,2021-06-15,SLV,24h,0,0.0,0.0,0.0,[],[]
2021-06-16T15:45:00-04:00,2021-06-16,SLV,24h,0,0.0,0.0,0.0,[],[]
2021-06-17T15:45:00-04:00,2021-06-17,SLV,24h,0,0.0,0.0,0.0,[],[]
2021-06-18T15:45:00-04:00,2021-06-18,SLV,24h,0,0.0,0.0,0.0,[],[]
2021-06-21T15:45:00-04:00,2021-06-21,SLV,24h,0,0.0,0.0,0.0,[],[]
2021-06-22T15:45:00-04:00,2021-06-22,SLV,24h,0,0.0,0.0,0.0,[],[]
2021-06-23T15:45:00-04:00,2021-06-23,SLV,24h,0,0.0,0.0,0.0,[],[]
2021-06-24T15:45:00-04:00,2021-06-24,SLV,24h,0,0.0,0.0,0.0,[],[]
2021-06-25T15:45:00-04:00,2021-06-25,SLV,24h,0,0.0,0.0,0.0,[],[]
2021-06-28T15:45:00-04:00,2021-06-28,SLV,24h,0,0.0,0.0,0.0,[],[]
2021-06-29T15:45:00-04:00,2021-06-29,SLV,24h,0,0.0,0.0,0.0,[],[]
2021-06-30T15:45:00-04:00,2021-06-30,SLV,24h,0,0.0,0.0,0.0,[],[]
2021-07-01T15:45:00-04:00,2021-07-01,SLV,24h,0,0.0,0.0,0.0,[],[]
2021-07-02T15:45:00-04:00,2021-07-02,SLV,24h,0,0.0,0.0,0.0,[],[]
2021-07-05T15:45:00-04:00,2021-07-05,SLV,24h,0,0.0,0.0,0.0,[],[]
2021-07-06T15:45:00-04:00,2021-07-06,SLV,24h,0,0.0,0.0,0.0,[],[]
2021-07-07T15:45:00-04:00,2021-07-07,SLV,24h,0,0.0,0.0,0.0,[],[]
2021-07-08T15:45:00-04:00,2021-07-08,SLV,24h,0,0.0,0.0,0.0,[],[]
2021-07-09T15:45:00-04:00,2021-07-09,SLV,24h,0,0.0,0.0,0.0,[],[]
2021-07-12T15:45:00-04:00,2021-07-12,SLV,24h,0,0.0,0.0,0.0,[],[]
2021-07-13T15:45:00-04:00,2021-07-13,SLV,24h,0,0.0,0.0,0.0,[],[]
2021-07-14T15:45:00-04:00,2021-07-14,SLV,24h,0,0.0,0.0,0.0,[],[]
2021-07-15T15:45:00-04:00,2021-07-15,SLV,24h,0,0.0,0.0,0.0,[],[]
2021-07-16T15:45:00-04:00,2021-07-16,SLV,24h,0,0.0,0.0,0.0,[],[]
2021-07-19T15:45:00-04:00,2021-07-19,SLV,24h,0,0.0,0.0,0.0,[],[]
2021-07-20T15:45:00-04:00,2021-07-20,SLV,24h,0,0.0,0.0,0.0,[],[]
2021-07-21T15:45:00-04:00,2021-07-21,SLV,24h,0,0.0,0.0,0.0,[],[]
2021-07-22T15:45:00-04:00,2021-07-22,SLV,24h,0,0.0,0.0,0.0,[],[]
2021-07-23T15:45:00-04:00,2021-07-23,SLV,24h,0,0.0,0.0,0.0,[],[]
2021-07-26T15:45:00-04:00,2021-07-26,SLV,24h,0,0.0,0.0,0.0,[],[]
2021-07-27T15:45:00-04:00,2021-07-27,SLV,24h,0,0.0,0.0,0.0,[],[]
2021-07-28T15:45:00-04:00,2021-07-28,SLV,24h,0,0.0,0.0,0.0,[],[]
2021-07-29T15:45:00-04:00,2021-07-29,SLV,24h,0,0.0,0.0,0.0,[],[]
2021-07-30T15:45:00-04:00,2021-07-30,SLV,24h,0,0.0,0.0,0.0,[],[]
2021-08-02T15:45:00-04:00,2021-08-02,SLV,24h,0,0.0,0.0,0.0,[],[]
2021-08-03T15:45:00-04:00,2021-08-03,SLV,24h,0,0.0,0.0,0.0,[],[]
2021-08-04T15:45:00-04:00,2021-08-04,SLV,24h,0,0.0,0.0,0.0,[],[]
2021-08-05T15:45:00-04:00,2021-08-05,SLV,24h,0,0.0,0.0,0.0,[],[]
2021-08-06T15:45:00-04:00,2021-08-06,SLV,24h,0,0.0,0.0,0.0,[],[]
2021-08-09T15:45:00-04:00,2021-08-09,SLV,24h,0,0.0,0.0,0.0,[],[]
2021-08-10T15:45:00-04:00,2021-08-10,SLV,24h,0,0.0,0.0,0.0,[],[]
2021-08-11T15:45:00-04:00,2021-08-11,SLV,24h,0,0.0,0.0,0.0,[],[]
2021-08-12T15:45:00-04:00,2021-08-12,SLV,24h,0,0.0,0.0,0.0,[],[]
2021-08-13T15:45:00-04:00,2021-08-13,SLV,24h,0,0.0,0.0,0.0,[],[]
2021-08-16T15:45:00-04:00,2021-08-16,SLV,24h,0,0.0,0.0,0.0,[],[]
2021-08-17T15:45:00-04:00,2021-08-17,SLV,24h,0,0.0,0.0,0.0,[],[]
2021-08-18T15:45:00-04:00,2021-08-18,SLV,24h,0,0.0,0.0,0.0,[],[]
2021-08-19T15:45:00-04:00,2021-08-19,SLV,24h,0,0.0,0.0,0.0,[],[]
2021-08-20T15:45:00-04:00,2021-08-20,SLV,24h,0,0.0,0.0,0.0,[],[]
2021-08-23T15:45:00-04:00,2021-08-23,SLV,24h,0,0.0,0.0,0.0,[],[]
2021-08-24T15:45:00-04:00,2021-08-24,SLV,24h,0,0.0,0.0,0.0,[],[]
2021-08-25T15:45:00-04:00,2021-08-25,SLV,24h,0,0.0,0.0,0.0,[],[]
2021-08-26T15:45:00-04:00,2021-08-26,SLV,24h,0,0.0,0.0,0.0,[],[]
2021-08-27T15:45:00-04:00,2021-08-27,SLV,24h,0,0.0,0.0,0.0,[],[]
2021-08-30T15:45:00-04:00,2021-08-30,SLV,24h,0,0.0,0.0,0.0,[],[]
2021-08-31T15:45:00-04:00,2021-08-31,SLV,24h,0,0.0,0.0,0.0,[],[]
2021-09-01T15:45:00-04:00,2021-09-01,SLV,24h,0,0.0,0.0,0.0,[],[]
2021-09-02T15:45:00-04:00,2021-09-02,SLV,24h,0,0.0,0.0,0.0,[],[]
2021-09-03T15:45:00-04:00,2021-09-03,SLV,24h,0,0.0,0.0,0.0,[],[]
2021-09-06T15:45:00-04:00,2021-09-06,SLV,24h,0,0.0,0.0,0.0,[],[]
2021-09-07T15:45:00-04:00,2021-09-07,SLV,24h,0,0.0,0.0,0.0,[],[]
2021-09-08T15:45:00-04:00,2021-09-08,SLV,24h,0,0.0,0.0,0.0,[],[]
2021-09-09T15:45:00-04:00,2021-09-09,SLV,24h,0,0.0,0.0,0.0,[],[]
2021-09-10T15:45:00-04:00,2021-09-10,SLV,24h,0,0.0,0.0,0.0,[],[]
2021-09-13T15:45:00-04:00,2021-09-13,SLV,24h,0,0.0,0.0,0.0,[],[]
2021-09-14T15:45:00-04:00,2021-09-14,SLV,24h,0,0.0,0.0,0.0,[],[]
2021-09-15T15:45:00-04:00,2021-09-15,SLV,24h,0,0.0,0.0,0.0,[],[]
2021-09-16T15:45:00-04:00,2021-09-16,SLV,24h,0,0.0,0.0,0.0,[],[]
2021-09-17T15:45:00-04:00,2021-09-17,SLV,24h,0,0.0,0.0,0.0,[],[]
2021-09-20T15:45:00-04:00,2021-09-20,SLV,24h,0,0.0,0.0,0.0,[],[]
2021-09-21T15:45:00-04:00,2021-09-21,SLV,24h,0,0.0,0.0,0.0,[],[]
2021-09-22T15:45:00-04:00,2021-09-22,SLV,24h,0,0.0,0.0,0.0,[],[]
2021-09-23T15:45:00-04:00,2021-09-23,SLV,24h,0,0.0,0.0,0.0,[],[]
2021-09-24T15:45:00-04:00,2021-09-24,SLV,24h,0,0.0,0.0,0.0,[],[]
2021-09-27T15:45:00-04:00,2021-09-27,SLV,24h,0,0.0,0.0,0.0,[],[]
2021-09-28T15:45:00-04:00,2021-09-28,SLV,24h,0,0.0,0.0,0.0,[],[]
2021-09-29T15:45:00-04:00,2021-09-29,SLV,24h,0,0.0,0.0,0.0,[],[]
2021-09-30T15:45:00-04:00,2021-09-30,SLV,24h,0,0.0,0.0,0.0,[],[]
2021-10-01T15:45:00-04:00,2021-10-01,SLV,24h,0,0.0,0.0,0.0,[],[]
2021-10-04T15:45:00-04:00,2021-10-04,SLV,24h,0,0.0,0.0,0.0,[],[]
2021-10-05T15:45:00-04:00,2021-10-05,SLV,24h,0,0.0,0.0,0.0,[],[]
2021-10-06T15:45:00-04:00,2021-10-06,SLV,24h,0,0.0,0.0,0.0,[],[]
2021-10-07T15:45:00-04:00,2021-10-07,SLV,24h,0,0.0,0.0,0.0,[],[]
2021-10-08T15:45:00-04:00,2021-10-08,SLV,24h,0,0.0,0.0,0.0,[],[]
2021-10-11T15:45:00-04:00,2021-10-11,SLV,24h,0,0.0,0.0,0.0,[],[]
2021-10-12T15:45:00-04:00,2021-10-12,SLV,24h,0,0.0,0.0,0.0,[],[]
2021-10-13T15:45:00-04:00,2021-10-13,SLV,24h,0,0.0,0.0,0.0,[],[]
2021-10-14T15:45:00-04:00,2021-10-14,SLV,24h,0,0.0,0.0,0.0,[],[]
2021-10-15T15:45:00-04:00,2021-10-15,SLV,24h,0,0.0,0.0,0.0,[],[]
2021-10-18T15:45:00-04:00,2021-10-18,SLV,24h,0,0.0,0.0,0.0,[],[]
2021-10-19T15:45:00-04:00,2021-10-19,SLV,24h,0,0.0,0.0,0.0,[],[]
2021-10-20T15:45:00-04:00,2021-10-20,SLV,24h,0,0.0,0.0,0.0,[],[]
2021-10-21T15:45:00-04:00,2021-10-21,SLV,24h,0,0.0,0.0,0.0,[],[]
2021-10-22T15:45:00-04:00,2021-10-22,SLV,24h,0,0.0,0.0,0.0,[],[]
2021-10-25T15:45:00-04:00,2021-10-25,SLV,24h,0,0.0,0.0,0.0,[],[]
2021-10-26T15:45:00-04:00,2021-10-26,SLV,24h,0,0.0,0.0,0.0,[],[]
2021-10-27T15:45:00-04:00,2021-10-27,SLV,24h,0,0.0,0.0,0.0,[],[]
2021-10-28T15:45:00-04:00,2021-10-28,SLV,24h,0,0.0,0.0,0.0,[],[]
2021-10-29T15:45:00-04:00,2021-10-29,SLV,24h,0,0.0,0.0,0.0,[],[]
2021-11-01T15:45:00-04:00,2021-11-01,SLV,24h,0,0.0,0.0,0.0,[],[]
2021-11-02T15:45:00-04:00,2021-11-02,SLV,24h,0,0.0,0.0,0.0,[],[]
2021-11-03T15:45:00-04:00,2021-11-03,SLV,24h,0,0.0,0.0,0.0,[],[]
2021-11-04T15:45:00-04:00,2021-11-04,SLV,24h,0,0.0,0.0,0.0,[],[]
2021-11-05T15:45:00-04:00,2021-11-05,SLV,24h,0,0.0,0.0,0.0,[],[]
2021-11-08T15:45:00-05:00,2021-11-08,SLV,24h,0,0.0,0.0,0.0,[],[]
2021-11-09T15:45:00-05:00,2021-11-09,SLV,24h,0,0.0,0.0,0.0,[],[]
2021-11-10T15:45:00-05:00,2021-11-10,SLV,24h,0,0.0,0.0,0.0,[],[]
2021-11-11T15:45:00-05:00,2021-11-11,SLV,24h,0,0.0,0.0,0.0,[],[]
2021-11-12T15:45:00-05:00,2021-11-12,SLV,24h,0,0.0,0.0,0.0,[],[]
2021-11-15T15:45:00-05:00,2021-11-15,SLV,24h,0,0.0,0.0,0.0,[],[]
2021-11-16T15:45:00-05:00,2021-11-16,SLV,24h,0,0.0,0.0,0.0,[],[]
2021-11-17T15:45:00-05:00,2021-11-17,SLV,24h,0,0.0,0.0,0.0,[],[]
2021-11-18T15:45:00-05:00,2021-11-18,SLV,24h,0,0.0,0.0,0.0,[],[]
2021-11-19T15:45:00-05:00,2021-11-19,SLV,24h,0,0.0,0.0,0.0,[],[]
2021-11-22T15:45:00-05:00,2021-11-22,SLV,24h,0,0.0,0.0,0.0,[],[]
2021-11-23T15:45:00-05:00,2021-11-23,SLV,24h,0,0.0,0.0,0.0,[],[]
2021-11-24T15:45:00-05:00,2021-11-24,SLV,24h,0,0.0,0.0,0.0,[],[]
2021-11-25T15:45:00-05:00,2021-11-25,SLV,24h,0,0.0,0.0,0.0,[],[]
2021-11-26T15:45:00-05:00,2021-11-26,SLV,24h,0,0.0,0.0,0.0,[],[]
2021-11-29T15:45:00-05:00,2021-11-29,SLV,24h,0,0.0,0.0,0.0,[],[]
2021-11-30T15:45:00-05:00,2021-11-30,SLV,24h,0,0.0,0.0,0.0,[],[]
2021-12-01T15:45:00-05:00,2021-12-01,SLV,24h,0,0.0,0.0,0.0,[],[]
2021-12-02T15:45:00-05:00,2021-12-02,SLV,24h,0,0.0,0.0,0.0,[],[]
2021-12-03T15:45:00-05:00,2021-12-03,SLV,24h,0,0.0,0.0,0.0,[],[]
2021-12-06T15:45:00-05:00,2021-12-06,SLV,24h,0,0.0,0.0,0.0,[],[]
2021-12-07T15:45:00-05:00,2021-12-07,SLV,24h,0,0.0,0.0,0.0,[],[]
2021-12-08T15:45:00-05:00,2021-12-08,SLV,24h,0,0.0,0.0,0.0,[],[]
2021-12-09T15:45:00-05:00,2021-12-09,SLV,24h,0,0.0,0.0,0.0,[],[]
2021-12-10T15:45:00-05:00,2021-12-10,SLV,24h,0,0.0,0.0,0.0,[],[]
2021-12-13T15:45:00-05:00,2021-12-13,SLV,24h,0,0.0,0.0,0.0,[],[]
2021-12-14T15:45:00-05:00,2021-12-14,SLV,24h,0,0.0,0.0,0.0,[],[]
2021-12-15T15:45:00-05:00,2021-12-15,SLV,24h,0,0.0,0.0,0.0,[],[]
2021-12-16T15:45:00-05:00,2021-12-16,SLV,24h,0,0.0,0.0,0.0,[],[]
2021-12-17T15:45:00-05:00,2021-12-17,SLV,24h,0,0.0,0.0,0.0,[],[]
2021-12-20T15:45:00-05:00,2021-12-20,SLV,24h,0,0.0,0.0,0.0,[],[]
2021-12-21T15:45:00-05:00,2021-12-21,SLV,24h,0,0.0,0.0,0.0,[],[]
2021-12-22T15:45:00-05:00,2021-12-22,SLV,24h,0,0.0,0.0,0.0,[],[]
2021-12-23T15:45:00-05:00,2021-12-23,SLV,24h,0,0.0,0.0,0.0,[],[]
2021-12-24T15:45:00-05:00,2021-12-24,SLV,24h,0,0.0,0.0,0.0,[],[]
2021-12-27T15:45:00-05:00,2021-12-27,SLV,24h,0,0.0,0.0,0.0,[],[]
2021-12-28T15:45:00-05:00,2021-12-28,SLV,24h,0,0.0,0.0,0.0,[],[]
2021-12-29T15:45:00-05:00,2021-12-29,SLV,24h,0,0.0,0.0,0.0,[],[]
2021-12-30T15:45:00-05:00,2021-12-30,SLV,24h,0,0.0,0.0,0.0,[],[]
2021-12-31T15:45:00-05:00,2021-12-31,SLV,24h,0,0.0,0.0,0.0,[],[]
2022-01-03T15:45:00-05:00,2022-01-03,SLV,24h,0,0.0,0.0,0.0,[],[]
2022-01-04T15:45:00-05:00,2022-01-04,SLV,24h,0,0.0,0.0,0.0,[],[]
2022-01-05T15:45:00-05:00,2022-01-05,SLV,24h,0,0.0,0.0,0.0,[],[]
2022-01-06T15:45:00-05:00,2022-01-06,SLV,24h,0,0.0,0.0,0.0,[],[]
2022-01-07T15:45:00-05:00,2022-01-07,SLV,24h,0,0.0,0.0,0.0,[],[]
2022-01-10T15:45:00-05:00,2022-01-10,SLV,24h,0,0.0,0.0,0.0,[],[]
2022-01-11T15:45:00-05:00,2022-01-11,SLV,24h,0,0.0,0.0,0.0,[],[]
2022-01-12T15:45:00-05:00,2022-01-12,SLV,24h,0,0.0,0.0,0.0,[],[]
2022-01-13T15:45:00-05:00,2022-01-13,SLV,24h,0,0.0,0.0,0.0,[],[]
2022-01-14T15:45:00-05:00,2022-01-14,SLV,24h,0,0.0,0.0,0.0,[],[]
2022-01-17T15:45:00-05:00,2022-01-17,SLV,24h,0,0.0,0.0,0.0,[],[]
2022-01-18T15:45:00-05:00,2022-01-18,SLV,24h,0,0.0,0.0,0.0,[],[]
2022-01-19T15:45:00-05:00,2022-01-19,SLV,24h,0,0.0,0.0,0.0,[],[]
2022-01-20T15:45:00-05:00,2022-01-20,SLV,24h,0,0.0,0.0,0.0,[],[]
2022-01-21T15:45:00-05:00,2022-01-21,SLV,24h,0,0.0,0.0,0.0,[],[]
2022-01-24T15:45:00-05:00,2022-01-24,SLV,24h,0,0.0,0.0,0.0,[],[]
2022-01-25T15:45:00-05:00,2022-01-25,SLV,24h,0,0.0,0.0,0.0,[],[]
2022-01-26T15:45:00-05:00,2022-01-26,SLV,24h,0,0.0,0.0,0.0,[],[]
2022-01-27T15:45:00-05:00,2022-01-27,SLV,24h,0,0.0,0.0,0.0,[],[]
2022-01-28T15:45:00-05:00,2022-01-28,SLV,24h,0,0.0,0.0,0.0,[],[]
2022-01-31T15:45:00-05:00,2022-01-31,SLV,24h,0,0.0,0.0,0.0,[],[]
2022-02-01T15:45:00-05:00,2022-02-01,SLV,24h,0,0.0,0.0,0.0,[],[]
2022-02-02T15:45:00-05:00,2022-02-02,SLV,24h,0,0.0,0.0,0.0,[],[]
2022-02-03T15:45:00-05:00,2022-02-03,SLV,24h,0,0.0,0.0,0.0,[],[]
2022-02-04T15:45:00-05:00,2022-02-04,SLV,24h,0,0.0,0.0,0.0,[],[]
2022-02-07T15:45:00-05:00,2022-02-07,SLV,24h,0,0.0,0.0,0.0,[],[]
2022-02-08T15:45:00-05:00,2022-02-08,SLV,24h,0,0.0,0.0,0.0,[],[]
2022-02-09T15:45:00-05:00,2022-02-09,SLV,24h,0,0.0,0.0,0.0,[],[]
2022-02-10T15:45:00-05:00,2022-02-10,SLV,24h,0,0.0,0.0,0.0,[],[]
2022-02-11T15:45:00-05:00,2022-02-11,SLV,24h,0,0.0,0.0,0.0,[],[]
2022-02-14T15:45:00-05:00,2022-02-14,SLV,24h,0,0.0,0.0,0.0,[],[]
2022-02-15T15:45:00-05:00,2022-02-15,SLV,24h,0,0.0,0.0,0.0,[],[]
2022-02-16T15:45:00-05:00,2022-02-16,SLV,24h,0,0.0,0.0,0.0,[],[]
2022-02-17T15:45:00-05:00,2022-02-17,SLV,24h,0,0.0,0.0,0.0,[],[]
2022-02-18T15:45:00-05:00,2022-02-18,SLV,24h,0,0.0,0.0,0.0,[],[]
2022-02-21T15:45:00-05:00,2022-02-21,SLV,24h,0,0.0,0.0,0.0,[],[]
2022-02-22T15:45:00-05:00,2022-02-22,SLV,24h,0,0.0,0.0,0.0,[],[]
2022-02-23T15:45:00-05:00,2022-02-23,SLV,24h,0,0.0,0.0,0.0,[],[]
2022-02-24T15:45:00-05:00,2022-02-24,SLV,24h,0,0.0,0.0,0.0,[],[]
2022-02-25T15:45:00-05:00,2022-02-25,SLV,24h,0,0.0,0.0,0.0,[],[]
2022-02-28T15:45:00-05:00,2022-02-28,SLV,24h,0,0.0,0.0,0.0,[],[]
2022-03-01T15:45:00-05:00,2022-03-01,SLV,24h,0,0.0,0.0,0.0,[],[]
2022-03-02T15:45:00-05:00,2022-03-02,SLV,24h,0,0.0,0.0,0.0,[],[]
2022-03-03T15:45:00-05:00,2022-03-03,SLV,24h,0,0.0,0.0,0.0,[],[]
2022-03-04T15:45:00-05:00,2022-03-04,SLV,24h,0,0.0,0.0,0.0,[],[]
2022-03-07T15:45:00-05:00,2022-03-07,SLV,24h,0,0.0,0.0,0.0,[],[]
2022-03-08T15:45:00-05:00,2022-03-08,SLV,24h,0,0.0,0.0,0.0,[],[]
2022-03-09T15:45:00-05:00,2022-03-09,SLV,24h,0,0.0,0.0,0.0,[],[]
2022-03-10T15:45:00-05:00,2022-03-10,SLV,24h,0,0.0,0.0,0.0,[],[]
2022-03-11T15:45:00-05:00,2022-03-11,SLV,24h,0,0.0,0.0,0.0,[],[]
2022-03-14T15:45:00-04:00,2022-03-14,SLV,24h,0,0.0,0.0,0.0,[],[]
2022-03-15T15:45:00-04:00,2022-03-15,SLV,24h,0,0.0,0.0,0.0,[],[]
2022-03-16T15:45:00-04:00,2022-03-16,SLV,24h,0,0.0,0.0,0.0,[],[]
2022-03-17T15:45:00-04:00,2022-03-17,SLV,24h,0,0.0,0.0,0.0,[],[]
2022-03-18T15:45:00-04:00,2022-03-18,SLV,24h,0,0.0,0.0,0.0,[],[]
2022-03-21T15:45:00-04:00,2022-03-21,SLV,24h,0,0.0,0.0,0.0,[],[]
2022-03-22T15:45:00-04:00,2022-03-22,SLV,24h,0,0.0,0.0,0.0,[],[]
2022-03-23T15:45:00-04:00,2022-03-23,SLV,24h,0,0.0,0.0,0.0,[],[]
2022-03-24T15:45:00-04:00,2022-03-24,SLV,24h,0,0.0,0.0,0.0,[],[]
2022-03-25T15:45:00-04:00,2022-03-25,SLV,24h,0,0.0,0.0,0.0,[],[]
2022-03-28T15:45:00-04:00,2022-03-28,SLV,24h,0,0.0,0.0,0.0,[],[]
2022-03-29T15:45:00-04:00,2022-03-29,SLV,24h,0,0.0,0.0,0.0,[],[]
2022-03-30T15:45:00-04:00,2022-03-30,SLV,24h,0,0.0,0.0,0.0,[],[]
2022-03-31T15:45:00-04:00,2022-03-31,SLV,24h,0,0.0,0.0,0.0,[],[]
2022-04-01T15:45:00-04:00,2022-04-01,SLV,24h,0,0.0,0.0,0.0,[],[]
2022-04-04T15:45:00-04:00,2022-04-04,SLV,24h,0,0.0,0.0,0.0,[],[]
2022-04-05T15:45:00-04:00,2022-04-05,SLV,24h,0,0.0,0.0,0.0,[],[]
2022-04-06T15:45:00-04:00,2022-04-06,SLV,24h,0,0.0,0.0,0.0,[],[]
2022-04-07T15:45:00-04:00,2022-04-07,SLV,24h,0,0.0,0.0,0.0,[],[]
2022-04-08T15:45:00-04:00,2022-04-08,SLV,24h,0,0.0,0.0,0.0,[],[]
2022-04-11T15:45:00-04:00,2022-04-11,SLV,24h,0,0.0,0.0,0.0,[],[]
2022-04-12T15:45:00-04:00,2022-04-12,SLV,24h,0,0.0,0.0,0.0,[],[]
2022-04-13T15:45:00-04:00,2022-04-13,SLV,24h,0,0.0,0.0,0.0,[],[]
2022-04-14T15:45:00-04:00,2022-04-14,SLV,24h,0,0.0,0.0,0.0,[],[]
2022-04-15T15:45:00-04:00,2022-04-15,SLV,24h,0,0.0,0.0,0.0,[],[]
2022-04-18T15:45:00-04:00,2022-04-18,SLV,24h,0,0.0,0.0,0.0,[],[]
2022-04-19T15:45:00-04:00,2022-04-19,SLV,24h,0,0.0,0.0,0.0,[],[]
2022-04-20T15:45:00-04:00,2022-04-20,SLV,24h,0,0.0,0.0,0.0,[],[]
2022-04-21T15:45:00-04:00,2022-04-21,SLV,24h,0,0.0,0.0,0.0,[],[]
2022-04-22T15:45:00-04:00,2022-04-22,SLV,24h,0,0.0,0.0,0.0,[],[]
2022-04-25T15:45:00-04:00,2022-04-25,SLV,24h,0,0.0,0.0,0.0,[],[]
2022-04-26T15:45:00-04:00,2022-04-26,SLV,24h,0,0.0,0.0,0.0,[],[]
2022-04-27T15:45:00-04:00,2022-04-27,SLV,24h,0,0.0,0.0,0.0,[],[]
2022-04-28T15:45:00-04:00,2022-04-28,SLV,24h,0,0.0,0.0,0.0,[],[]
2022-04-29T15:45:00-04:00,2022-04-29,SLV,24h,0,0.0,0.0,0.0,[],[]
2022-05-02T15:45:00-04:00,2022-05-02,SLV,24h,0,0.0,0.0,0.0,[],[]
2022-05-03T15:45:00-04:00,2022-05-03,SLV,24h,0,0.0,0.0,0.0,[],[]
2022-05-04T15:45:00-04:00,2022-05-04,SLV,24h,0,0.0,0.0,0.0,[],[]
2022-05-05T15:45:00-04:00,2022-05-05,SLV,24h,0,0.0,0.0,0.0,[],[]
2022-05-06T15:45:00-04:00,2022-05-06,SLV,24h,0,0.0,0.0,0.0,[],[]
2022-05-09T15:45:00-04:00,2022-05-09,SLV,24h,0,0.0,0.0,0.0,[],[]
2022-05-10T15:45:00-04:00,2022-05-10,SLV,24h,0,0.0,0.0,0.0,[],[]
2022-05-11T15:45:00-04:00,2022-05-11,SLV,24h,0,0.0,0.0,0.0,[],[]
2022-05-12T15:45:00-04:00,2022-05-12,SLV,24h,0,0.0,0.0,0.0,[],[]
2022-05-13T15:45:00-04:00,2022-05-13,SLV,24h,0,0.0,0.0,0.0,[],[]
2022-05-16T15:45:00-04:00,2022-05-16,SLV,24h,0,0.0,0.0,0.0,[],[]
2022-05-17T15:45:00-04:00,2022-05-17,SLV,24h,0,0.0,0.0,0.0,[],[]
2022-05-18T15:45:00-04:00,2022-05-18,SLV,24h,0,0.0,0.0,0.0,[],[]
2022-05-19T15:45:00-04:00,2022-05-19,SLV,24h,0,0.0,0.0,0.0,[],[]
2022-05-20T15:45:00-04:00,2022-05-20,SLV,24h,0,0.0,0.0,0.0,[],[]
2022-05-23T15:45:00-04:00,2022-05-23,SLV,24h,0,0.0,0.0,0.0,[],[]
2022-05-24T15:45:00-04:00,2022-05-24,SLV,24h,0,0.0,0.0,0.0,[],[]
2022-05-25T15:45:00-04:00,2022-05-25,SLV,24h,0,0.0,0.0,0.0,[],[]
2022-05-26T15:45:00-04:00,2022-05-26,SLV,24h,0,0.0,0.0,0.0,[],[]
2022-05-27T15:45:00-04:00,2022-05-27,SLV,24h,0,0.0,0.0,0.0,[],[]
2022-05-30T15:45:00-04:00,2022-05-30,SLV,24h,0,0.0,0.0,0.0,[],[]
2022-05-31T15:45:00-04:00,2022-05-31,SLV,24h,0,0.0,0.0,0.0,[],[]
2022-06-01T15:45:00-04:00,2022-06-01,SLV,24h,0,0.0,0.0,0.0,[],[]
2022-06-02T15:45:00-04:00,2022-06-02,SLV,24h,0,0.0,0.0,0.0,[],[]
2022-06-03T15:45:00-04:00,2022-06-03,SLV,24h,0,0.0,0.0,0.0,[],[]
2022-06-06T15:45:00-04:00,2022-06-06,SLV,24h,0,0.0,0.0,0.0,[],[]
2022-06-07T15:45:00-04:00,2022-06-07,SLV,24h,0,0.0,0.0,0.0,[],[]
2022-06-08T15:45:00-04:00,2022-06-08,SLV,24h,0,0.0,0.0,0.0,[],[]
2022-06-09T15:45:00-04:00,2022-06-09,SLV,24h,0,0.0,0.0,0.0,[],[]
2022-06-10T15:45:00-04:00,2022-06-10,SLV,24h,0,0.0,0.0,0.0,[],[]
2022-06-13T15:45:00-04:00,2022-06-13,SLV,24h,0,0.0,0.0,0.0,[],[]
2022-06-14T15:45:00-04:00,2022-06-14,SLV,24h,0,0.0,0.0,0.0,[],[]
2022-06-15T15:45:00-04:00,2022-06-15,SLV,24h,0,0.0,0.0,0.0,[],[]
2022-06-16T15:45:00-04:00,2022-06-16,SLV,24h,0,0.0,0.0,0.0,[],[]
2022-06-17T15:45:00-04:00,2022-06-17,SLV,24h,0,0.0,0.0,0.0,[],[]
2022-06-20T15:45:00-04:00,2022-06-20,SLV,24h,0,0.0,0.0,0.0,[],[]
2022-06-21T15:45:00-04:00,2022-06-21,SLV,24h,0,0.0,0.0,0.0,[],[]
2022-06-22T15:45:00-04:00,2022-06-22,SLV,24h,0,0.0,0.0,0.0,[],[]
2022-06-23T15:45:00-04:00,2022-06-23,SLV,24h,0,0.0,0.0,0.0,[],[]
2022-06-24T15:45:00-04:00,2022-06-24,SLV,24h,0,0.0,0.0,0.0,[],[]
2022-06-27T15:45:00-04:00,2022-06-27,SLV,24h,0,0.0,0.0,0.0,[],[]
2022-06-28T15:45:00-04:00,2022-06-28,SLV,24h,0,0.0,0.0,0.0,[],[]
2022-06-29T15:45:00-04:00,2022-06-29,SLV,24h,0,0.0,0.0,0.0,[],[]
2022-06-30T15:45:00-04:00,2022-06-30,SLV,24h,0,0.0,0.0,0.0,[],[]
2022-07-01T15:45:00-04:00,2022-07-01,SLV,24h,0,0.0,0.0,0.0,[],[]
2022-07-04T15:45:00-04:00,2022-07-04,SLV,24h,0,0.0,0.0,0.0,[],[]
2022-07-05T15:45:00-04:00,2022-07-05,SLV,24h,0,0.0,0.0,0.0,[],[]
2022-07-06T15:45:00-04:00,2022-07-06,SLV,24h,0,0.0,0.0,0.0,[],[]
2022-07-07T15:45:00-04:00,2022-07-07,SLV,24h,0,0.0,0.0,0.0,[],[]
2022-07-08T15:45:00-04:00,2022-07-08,SLV,24h,0,0.0,0.0,0.0,[],[]
2022-07-11T15:45:00-04:00,2022-07-11,SLV,24h,0,0.0,0.0,0.0,[],[]
2022-07-12T15:45:00-04:00,2022-07-12,SLV,24h,0,0.0,0.0,0.0,[],[]
2022-07-13T15:45:00-04:00,2022-07-13,SLV,24h,0,0.0,0.0,0.0,[],[]
2022-07-14T15:45:00-04:00,2022-07-14,SLV,24h,0,0.0,0.0,0.0,[],[]
2022-07-15T15:45:00-04:00,2022-07-15,SLV,24h,0,0.0,0.0,0.0,[],[]
2022-07-18T15:45:00-04:00,2022-07-18,SLV,24h,0,0.0,0.0,0.0,[],[]
2022-07-19T15:45:00-04:00,2022-07-19,SLV,24h,0,0.0,0.0,0.0,[],[]
2022-07-20T15:45:00-04:00,2022-07-20,SLV,24h,0,0.0,0.0,0.0,[],[]
2022-07-21T15:45:00-04:00,2022-07-21,SLV,24h,0,0.0,0.0,0.0,[],[]
2022-07-22T15:45:00-04:00,2022-07-22,SLV,24h,0,0.0,0.0,0.0,[],[]
2022-07-25T15:45:00-04:00,2022-07-25,SLV,24h,0,0.0,0.0,0.0,[],[]
2022-07-26T15:45:00-04:00,2022-07-26,SLV,24h,0,0.0,0.0,0.0,[],[]
2022-07-27T15:45:00-04:00,2022-07-27,SLV,24h,0,0.0,0.0,0.0,[],[]
2022-07-28T15:45:00-04:00,2022-07-28,SLV,24h,0,0.0,0.0,0.0,[],[]
2022-07-29T15:45:00-04:00,2022-07-29,SLV,24h,0,0.0,0.0,0.0,[],[]
2022-08-01T15:45:00-04:00,2022-08-01,SLV,24h,0,0.0,0.0,0.0,[],[]
2022-08-02T15:45:00-04:00,2022-08-02,SLV,24h,0,0.0,0.0,0.0,[],[]
2022-08-03T15:45:00-04:00,2022-08-03,SLV,24h,0,0.0,0.0,0.0,[],[]
2022-08-04T15:45:00-04:00,2022-08-04,SLV,24h,0,0.0,0.0,0.0,[],[]
2022-08-05T15:45:00-04:00,2022-08-05,SLV,24h,0,0.0,0.0,0.0,[],[]
2022-08-08T15:45:00-04:00,2022-08-08,SLV,24h,0,0.0,0.0,0.0,[],[]
2022-08-09T15:45:00-04:00,2022-08-09,SLV,24h,0,0.0,0.0,0.0,[],[]
2022-08-10T15:45:00-04:00,2022-08-10,SLV,24h,0,0.0,0.0,0.0,[],[]
2022-08-11T15:45:00-04:00,2022-08-11,SLV,24h,0,0.0,0.0,0.0,[],[]
2022-08-12T15:45:00-04:00,2022-08-12,SLV,24h,0,0.0,0.0,0.0,[],[]
2022-08-15T15:45:00-04:00,2022-08-15,SLV,24h,0,0.0,0.0,0.0,[],[]
2022-08-16T15:45:00-04:00,2022-08-16,SLV,24h,0,0.0,0.0,0.0,[],[]
2022-08-17T15:45:00-04:00,2022-08-17,SLV,24h,0,0.0,0.0,0.0,[],[]
2022-08-18T15:45:00-04:00,2022-08-18,SLV,24h,0,0.0,0.0,0.0,[],[]
2022-08-19T15:45:00-04:00,2022-08-19,SLV,24h,0,0.0,0.0,0.0,[],[]
2022-08-22T15:45:00-04:00,2022-08-22,SLV,24h,0,0.0,0.0,0.0,[],[]
2022-08-23T15:45:00-04:00,2022-08-23,SLV,24h,0,0.0,0.0,0.0,[],[]
2022-08-24T15:45:00-04:00,2022-08-24,SLV,24h,0,0.0,0.0,0.0,[],[]
2022-08-25T15:45:00-04:00,2022-08-25,SLV,24h,0,0.0,0.0,0.0,[],[]
2022-08-26T15:45:00-04:00,2022-08-26,SLV,24h,0,0.0,0.0,0.0,[],[]
2022-08-29T15:45:00-04:00,2022-08-29,SLV,24h,0,0.0,0.0,0.0,[],[]
2022-08-30T15:45:00-04:00,2022-08-30,SLV,24h,0,0.0,0.0,0.0,[],[]
2022-08-31T15:45:00-04:00,2022-08-31,SLV,24h,0,0.0,0.0,0.0,[],[]
2022-09-01T15:45:00-04:00,2022-09-01,SLV,24h,0,0.0,0.0,0.0,[],[]
2022-09-02T15:45:00-04:00,2022-09-02,SLV,24h,0,0.0,0.0,0.0,[],[]
2022-09-05T15:45:00-04:00,2022-09-05,SLV,24h,0,0.0,0.0,0.0,[],[]
2022-09-06T15:45:00-04:00,2022-09-06,SLV,24h,0,0.0,0.0,0.0,[],[]
2022-09-07T15:45:00-04:00,2022-09-07,SLV,24h,0,0.0,0.0,0.0,[],[]
2022-09-08T15:45:00-04:00,2022-09-08,SLV,24h,0,0.0,0.0,0.0,[],[]
2022-09-09T15:45:00-04:00,2022-09-09,SLV,24h,0,0.0,0.0,0.0,[],[]
2022-09-12T15:45:00-04:00,2022-09-12,SLV,24h,0,0.0,0.0,0.0,[],[]
2022-09-13T15:45:00-04:00,2022-09-13,SLV,24h,0,0.0,0.0,0.0,[],[]
2022-09-14T15:45:00-04:00,2022-09-14,SLV,24h,0,0.0,0.0,0.0,[],[]
2022-09-15T15:45:00-04:00,2022-09-15,SLV,24h,0,0.0,0.0,0.0,[],[]
2022-09-16T15:45:00-04:00,2022-09-16,SLV,24h,0,0.0,0.0,0.0,[],[]
2022-09-19T15:45:00-04:00,2022-09-19,SLV,24h,0,0.0,0.0,0.0,[],[]
2022-09-20T15:45:00-04:00,2022-09-20,SLV,24h,0,0.0,0.0,0.0,[],[]
2022-09-21T15:45:00-04:00,2022-09-21,SLV,24h,0,0.0,0.0,0.0,[],[]
2022-09-22T15:45:00-04:00,2022-09-22,SLV,24h,0,0.0,0.0,0.0,[],[]
2022-09-23T15:45:00-04:00,2022-09-23,SLV,24h,0,0.0,0.0,0.0,[],[]
2022-09-26T15:45:00-04:00,2022-09-26,SLV,24h,0,0.0,0.0,0.0,[],[]
2022-09-27T15:45:00-04:00,2022-09-27,SLV,24h,0,0.0,0.0,0.0,[],[]
2022-09-28T15:45:00-04:00,2022-09-28,SLV,24h,0,0.0,0.0,0.0,[],[]
2022-09-29T15:45:00-04:00,2022-09-29,SLV,24h,0,0.0,0.0,0.0,[],[]
2022-09-30T15:45:00-04:00,2022-09-30,SLV,24h,0,0.0,0.0,0.0,[],[]
2022-10-03T15:45:00-04:00,2022-10-03,SLV,24h,0,0.0,0.0,0.0,[],[]
2022-10-04T15:45:00-04:00,2022-10-04,SLV,24h,0,0.0,0.0,0.0,[],[]
2022-10-05T15:45:00-04:00,2022-10-05,SLV,24h,0,0.0,0.0,0.0,[],[]
2022-10-06T15:45:00-04:00,2022-10-06,SLV,24h,0,0.0,0.0,0.0,[],[]
2022-10-07T15:45:00-04:00,2022-10-07,SLV,24h,0,0.0,0.0,0.0,[],[]
2022-10-10T15:45:00-04:00,2022-10-10,SLV,24h,0,0.0,0.0,0.0,[],[]
2022-10-11T15:45:00-04:00,2022-10-11,SLV,24h,0,0.0,0.0,0.0,[],[]
2022-10-12T15:45:00-04:00,2022-10-12,SLV,24h,0,0.0,0.0,0.0,[],[]
2022-10-13T15:45:00-04:00,2022-10-13,SLV,24h,0,0.0,0.0,0.0,[],[]
2022-10-14T15:45:00-04:00,2022-10-14,SLV,24h,0,0.0,0.0,0.0,[],[]
2022-10-17T15:45:00-04:00,2022-10-17,SLV,24h,0,0.0,0.0,0.0,[],[]
2022-10-18T15:45:00-04:00,2022-10-18,SLV,24h,0,0.0,0.0,0.0,[],[]
2022-10-19T15:45:00-04:00,2022-10-19,SLV,24h,0,0.0,0.0,0.0,[],[]
2022-10-20T15:45:00-04:00,2022-10-20,SLV,24h,0,0.0,0.0,0.0,[],[]
2022-10-21T15:45:00-04:00,2022-10-21,SLV,24h,0,0.0,0.0,0.0,[],[]
2022-10-24T15:45:00-04:00,2022-10-24,SLV,24h,0,0.0,0.0,0.0,[],[]
2022-10-25T15:45:00-04:00,2022-10-25,SLV,24h,0,0.0,0.0,0.0,[],[]
2022-10-26T15:45:00-04:00,2022-10-26,SLV,24h,0,0.0,0.0,0.0,[],[]
2022-10-27T15:45:00-04:00,2022-10-27,SLV,24h,0,0.0,0.0,0.0,[],[]
2022-10-28T15:45:00-04:00,2022-10-28,SLV,24h,0,0.0,0.0,0.0,[],[]
2022-10-31T15:45:00-04:00,2022-10-31,SLV,24h,0,0.0,0.0,0.0,[],[]
2022-11-01T15:45:00-04:00,2022-11-01,SLV,24h,0,0.0,0.0,0.0,[],[]
2022-11-02T15:45:00-04:00,2022-11-02,SLV,24h,0,0.0,0.0,0.0,[],[]
2022-11-03T15:45:00-04:00,2022-11-03,SLV,24h,0,0.0,0.0,0.0,[],[]
2022-11-04T15:45:00-04:00,2022-11-04,SLV,24h,0,0.0,0.0,0.0,[],[]
2022-11-07T15:45:00-05:00,2022-11-07,SLV,24h,0,0.0,0.0,0.0,[],[]
2022-11-08T15:45:00-05:00,2022-11-08,SLV,24h,0,0.0,0.0,0.0,[],[]
2022-11-09T15:45:00-05:00,2022-11-09,SLV,24h,0,0.0,0.0,0.0,[],[]
2022-11-10T15:45:00-05:00,2022-11-10,SLV,24h,0,0.0,0.0,0.0,[],[]
2022-11-11T15:45:00-05:00,2022-11-11,SLV,24h,0,0.0,0.0,0.0,[],[]
2022-11-14T15:45:00-05:00,2022-11-14,SLV,24h,0,0.0,0.0,0.0,[],[]
2022-11-15T15:45:00-05:00,2022-11-15,SLV,24h,0,0.0,0.0,0.0,[],[]
2022-11-16T15:45:00-05:00,2022-11-16,SLV,24h,0,0.0,0.0,0.0,[],[]
2022-11-17T15:45:00-05:00,2022-11-17,SLV,24h,0,0.0,0.0,0.0,[],[]
2022-11-18T15:45:00-05:00,2022-11-18,SLV,24h,0,0.0,0.0,0.0,[],[]
2022-11-21T15:45:00-05:00,2022-11-21,SLV,24h,0,0.0,0.0,0.0,[],[]
2022-11-22T15:45:00-05:00,2022-11-22,SLV,24h,0,0.0,0.0,0.0,[],[]
2022-11-23T15:45:00-05:00,2022-11-23,SLV,24h,0,0.0,0.0,0.0,[],[]
2022-11-24T15:45:00-05:00,2022-11-24,SLV,24h,0,0.0,0.0,0.0,[],[]
2022-11-25T15:45:00-05:00,2022-11-25,SLV,24h,0,0.0,0.0,0.0,[],[]
2022-11-28T15:45:00-05:00,2022-11-28,SLV,24h,0,0.0,0.0,0.0,[],[]
2022-11-29T15:45:00-05:00,2022-11-29,SLV,24h,0,0.0,0.0,0.0,[],[]
2022-11-30T15:45:00-05:00,2022-11-30,SLV,24h,0,0.0,0.0,0.0,[],[]
2022-12-01T15:45:00-05:00,2022-12-01,SLV,24h,0,0.0,0.0,0.0,[],[]
2022-12-02T15:45:00-05:00,2022-12-02,SLV,24h,0,0.0,0.0,0.0,[],[]
2022-12-05T15:45:00-05:00,2022-12-05,SLV,24h,0,0.0,0.0,0.0,[],[]
2022-12-06T15:45:00-05:00,2022-12-06,SLV,24h,0,0.0,0.0,0.0,[],[]
2022-12-07T15:45:00-05:00,2022-12-07,SLV,24h,0,0.0,0.0,0.0,[],[]
2022-12-08T15:45:00-05:00,2022-12-08,SLV,24h,0,0.0,0.0,0.0,[],[]
2022-12-09T15:45:00-05:00,2022-12-09,SLV,24h,0,0.0,0.0,0.0,[],[]
2022-12-12T15:45:00-05:00,2022-12-12,SLV,24h,0,0.0,0.0,0.0,[],[]
2022-12-13T15:45:00-05:00,2022-12-13,SLV,24h,0,0.0,0.0,0.0,[],[]
2022-12-14T15:45:00-05:00,2022-12-14,SLV,24h,0,0.0,0.0,0.0,[],[]
2022-12-15T15:45:00-05:00,2022-12-15,SLV,24h,0,0.0,0.0,0.0,[],[]
2022-12-16T15:45:00-05:00,2022-12-16,SLV,24h,0,0.0,0.0,0.0,[],[]
2022-12-19T15:45:00-05:00,2022-12-19,SLV,24h,0,0.0,0.0,0.0,[],[]
2022-12-20T15:45:00-05:00,2022-12-20,SLV,24h,0,0.0,0.0,0.0,[],[]
2022-12-21T15:45:00-05:00,2022-12-21,SLV,24h,0,0.0,0.0,0.0,[],[]
2022-12-22T15:45:00-05:00,2022-12-22,SLV,24h,0,0.0,0.0,0.0,[],[]
2022-12-23T15:45:00-05:00,2022-12-23,SLV,24h,0,0.0,0.0,0.0,[],[]
2022-12-26T15:45:00-05:00,2022-12-26,SLV,24h,0,0.0,0.0,0.0,[],[]
2022-12-27T15:45:00-05:00,2022-12-27,SLV,24h,0,0.0,0.0,0.0,[],[]
2022-12-28T15:45:00-05:00,2022-12-28,SLV,24h,0,0.0,0.0,0.0,[],[]
2022-12-29T15:45:00-05:00,2022-12-29,SLV,24h,0,0.0,0.0,0.0,[],[]
2022-12-30T15:45:00-05:00,2022-12-30,SLV,24h,0,0.0,0.0,0.0,[],[]
