timestamp,open,high,low,close,volume,symbol
2026-06-25 09:30:00-04:00,725.91,726.76,723.15,723.595,3302132,QQQ
2026-06-25 09:35:00-04:00,723.56,724.39,721.982,722.09,910326,QQQ
2026-06-25 09:40:00-04:00,722.12,722.44,716.08,716.55,1583646,QQQ
2026-06-25 09:45:00-04:00,716.52,717.71,710.81,713.41,2225755,QQQ
2026-06-25 09:50:00-04:00,713.46,714.53,707.86,708.25,1959425,QQQ
2026-06-25 09:55:00-04:00,708.28,709.25,705.3,705.76,1709675,QQQ
2026-06-25 10:00:00-04:00,705.84,711.27,705.62,709.87,1747522,QQQ
2026-06-25 10:05:00-04:00,709.915,713.0413,709.88,712.815,1289312,QQQ
2026-06-25 10:10:00-04:00,712.785,714.8699,711.25,711.39,1662185,QQQ
2026-06-25 10:15:00-04:00,711.43,712.99,709.68,712.875,859726,QQQ
2026-06-25 10:20:00-04:00,712.82,714.65,710.77,711.8601,983575,QQQ
2026-06-25 10:25:00-04:00,711.9899,713.51,711.4721,712.31,488436,QQQ
2026-06-25 10:30:00-04:00,712.29,715.37,712.22,714.23,666467,QQQ
2026-06-25 10:35:00-04:00,714.25,715.21,712.7901,714.9899,585600,QQQ
2026-06-25 10:40:00-04:00,714.975,715.22,711.77,712.74,547493,QQQ
2026-06-25 10:45:00-04:00,712.67,714.63,711.68,714.28,353771,QQQ
2026-06-25 10:50:00-04:00,714.27,716.77,713.68,716.69,518797,QQQ
2026-06-25 10:55:00-04:00,716.69,716.69,712.96,713.43,723581,QQQ
2026-06-25 11:00:00-04:00,713.47,715.73,712.8001,715.64,732971,QQQ
2026-06-25 11:05:00-04:00,715.61,716.07,713.1956,713.7799,425545,QQQ
2026-06-25 11:10:00-04:00,713.655,714.0299,710.5,710.94,587898,QQQ
2026-06-25 11:15:00-04:00,711.03,712.805,709.24,712.39,645876,QQQ
2026-06-25 11:20:00-04:00,712.3748,714.1899,711.2,713.642,469210,QQQ
2026-06-25 11:25:00-04:00,713.64,713.65,712.2,712.92,627111,QQQ
2026-06-25 11:30:00-04:00,713.045,714.7699,712.78,713.08,325370,QQQ
2026-06-25 11:35:00-04:00,713.09,714.54,713.09,713.62,231323,QQQ
2026-06-25 11:40:00-04:00,713.605,715.04,713.4,714.915,243658,QQQ
2026-06-25 11:45:00-04:00,714.875,716.47,714.29,714.6,541485,QQQ
2026-06-25 11:50:00-04:00,714.51,715.3658,713.89,714.955,211022,QQQ
2026-06-25 11:55:00-04:00,714.9301,715.3639,713.89,714.05,180531,QQQ
2026-06-25 12:00:00-04:00,714.05,714.7,713.7,714.6434,226631,QQQ
2026-06-25 12:05:00-04:00,714.739,717.3405,714.49,717.175,473254,QQQ
2026-06-25 12:10:00-04:00,717.17,718.48,717.0,718.05,464483,QQQ
2026-06-25 12:15:00-04:00,718.08,719.11,717.7,717.88,511229,QQQ
2026-06-25 12:20:00-04:00,717.93,718.28,716.06,716.48,416083,QQQ
2026-06-25 12:25:00-04:00,716.45,716.7,715.85,716.57,189002,QQQ
2026-06-25 12:30:00-04:00,716.565,716.64,714.45,715.19,261735,QQQ
2026-06-25 12:35:00-04:00,715.3,715.865,714.41,714.63,283944,QQQ
2026-06-25 12:40:00-04:00,714.675,714.96,713.55,713.85,338429,QQQ
2026-06-25 12:45:00-04:00,713.84,715.2236,712.3,715.07,719223,QQQ
2026-06-25 12:50:00-04:00,715.05,715.4385,714.17,714.7601,293665,QQQ
2026-06-25 12:55:00-04:00,714.8244,714.87,713.8101,714.62,206758,QQQ
2026-06-25 13:00:00-04:00,714.6036,715.43,714.6,714.81,368063,QQQ
2026-06-25 13:05:00-04:00,714.7913,715.43,714.39,715.17,392545,QQQ
2026-06-25 13:10:00-04:00,715.26,716.915,715.26,716.24,391733,QQQ
2026-06-25 13:15:00-04:00,716.29,717.68,715.05,715.065,356140,QQQ
2026-06-25 13:20:00-04:00,715.08,716.0649,714.4101,715.86,228159,QQQ
2026-06-25 13:25:00-04:00,715.85,716.94,715.69,716.5868,173345,QQQ
2026-06-25 13:30:00-04:00,716.68,716.92,715.56,715.84,358905,QQQ
2026-06-25 13:35:00-04:00,715.89,716.8,715.79,716.705,150779,QQQ
2026-06-25 13:40:00-04:00,716.7,717.37,715.69,715.89,341871,QQQ
2026-06-25 13:45:00-04:00,715.91,715.91,714.6301,714.93,243862,QQQ
2026-06-25 13:50:00-04:00,714.9,716.47,714.63,716.1674,230563,QQQ
2026-06-25 13:55:00-04:00,716.12,717.49,715.68,717.3412,399352,QQQ
2026-06-25 14:00:00-04:00,717.31,717.4399,714.58,715.2868,593119,QQQ
2026-06-25 14:05:00-04:00,715.3301,717.67,714.89,717.36,302306,QQQ
2026-06-25 14:10:00-04:00,717.34,717.79,716.28,716.79,474512,QQQ
2026-06-25 14:15:00-04:00,716.8,719.1,716.14,718.3296,372947,QQQ
2026-06-25 14:20:00-04:00,718.3399,718.83,717.21,718.0599,309177,QQQ
2026-06-25 14:25:00-04:00,718.02,719.59,718.02,719.27,457503,QQQ
2026-06-25 14:30:00-04:00,719.26,719.26,716.57,716.6299,357589,QQQ
2026-06-25 14:35:00-04:00,716.68,717.5683,715.99,717.11,355049,QQQ
2026-06-25 14:40:00-04:00,717.03,717.43,716.32,717.16,227983,QQQ
2026-06-25 14:45:00-04:00,717.095,717.095,715.07,716.56,356437,QQQ
2026-06-25 14:50:00-04:00,716.56,717.6294,716.22,716.665,310914,QQQ
2026-06-25 14:55:00-04:00,716.64,717.27,716.2201,716.62,198134,QQQ
2026-06-25 15:00:00-04:00,716.8,716.8,714.75,714.85,283090,QQQ
2026-06-25 15:05:00-04:00,714.8052,715.4799,714.43,715.12,310547,QQQ
2026-06-25 15:10:00-04:00,715.17,715.34,714.06,714.32,374383,QQQ
2026-06-25 15:15:00-04:00,714.27,714.51,713.21,713.86,460231,QQQ
2026-06-25 15:20:00-04:00,713.845,714.41,713.48,714.32,449050,QQQ
2026-06-25 15:25:00-04:00,714.355,714.98,713.8502,714.58,355887,QQQ
2026-06-25 15:30:00-04:00,714.55,714.675,713.28,714.2,287591,QQQ
2026-06-25 15:35:00-04:00,714.19,714.19,713.1,713.71,321081,QQQ
2026-06-25 15:40:00-04:00,713.77,714.699,713.27,714.398,515770,QQQ
2026-06-25 15:45:00-04:00,714.31,714.5,713.39,713.84,379471,QQQ
2026-06-25 15:50:00-04:00,713.87,715.14,712.96,714.81,705670,QQQ
2026-06-25 15:55:00-04:00,714.84,716.36,714.5519,716.26,1719998,QQQ
2026-06-26 09:30:00-04:00,707.09,707.38,702.81,704.03,3284974,QQQ
2026-06-26 09:35:00-04:00,704.05,706.8212,703.97,704.25,903986,QQQ
2026-06-26 09:40:00-04:00,704.35,707.2591,703.7301,706.71,781668,QQQ
2026-06-26 09:45:00-04:00,706.73,706.9,704.2,704.87,705824,QQQ
2026-06-26 09:50:00-04:00,704.89,706.8,704.7566,706.32,494264,QQQ
2026-06-26 09:55:00-04:00,706.37,709.65,705.7401,709.12,921872,QQQ
2026-06-26 10:00:00-04:00,709.14,711.45,708.62,711.3392,846067,QQQ
2026-06-26 10:05:00-04:00,711.33,712.52,710.71,712.165,731452,QQQ
2026-06-26 10:10:00-04:00,712.16,712.94,710.6,712.59,761984,QQQ
2026-06-26 10:15:00-04:00,712.55,712.8923,710.97,711.12,598316,QQQ
2026-06-26 10:20:00-04:00,711.11,714.33,710.96,712.94,881319,QQQ
2026-06-26 10:25:00-04:00,712.98,713.68,712.07,712.7199,640105,QQQ
2026-06-26 10:30:00-04:00,712.69,713.25,711.26,712.46,542222,QQQ
2026-06-26 10:35:00-04:00,712.45,712.55,709.96,710.1,563163,QQQ
2026-06-26 10:40:00-04:00,710.12,711.74,709.37,710.2046,418130,QQQ
2026-06-26 10:45:00-04:00,710.265,712.026,710.11,711.195,399881,QQQ
2026-06-26 10:50:00-04:00,711.3358,712.3499,710.22,710.8664,309697,QQQ
2026-06-26 10:55:00-04:00,710.88,711.4,709.66,710.5001,267146,QQQ
2026-06-26 11:00:00-04:00,710.56,711.64,710.42,710.66,303218,QQQ
2026-06-26 11:05:00-04:00,710.63,711.26,709.655,710.9901,245200,QQQ
2026-06-26 11:10:00-04:00,711.01,711.24,708.915,709.06,205255,QQQ
2026-06-26 11:15:00-04:00,709.07,710.82,708.22,710.51,463110,QQQ
2026-06-26 11:20:00-04:00,710.42,711.78,709.9001,711.745,349393,QQQ
2026-06-26 11:25:00-04:00,711.75,712.56,711.28,712.51,269720,QQQ
2026-06-26 11:30:00-04:00,712.5201,714.1399,711.9738,712.3099,461510,QQQ
2026-06-26 11:35:00-04:00,712.37,714.539,712.35,714.33,326492,QQQ
2026-06-26 11:40:00-04:00,714.23,715.55,713.77,715.09,403154,QQQ
2026-06-26 11:45:00-04:00,715.07,715.27,713.325,713.3259,306878,QQQ
2026-06-26 11:50:00-04:00,713.395,714.33,711.11,711.76,658417,QQQ
2026-06-26 11:55:00-04:00,711.76,713.95,711.4901,713.21,349002,QQQ
2026-06-26 12:00:00-04:00,713.25,713.36,712.34,712.99,215086,QQQ
2026-06-26 12:05:00-04:00,712.97,713.12,711.3,711.5399,217882,QQQ
2026-06-26 12:10:00-04:00,711.54,711.92,710.88,711.72,261085,QQQ
2026-06-26 12:15:00-04:00,711.71,712.409,711.25,711.725,196284,QQQ
2026-06-26 12:20:00-04:00,711.78,712.09,710.27,711.4301,362737,QQQ
2026-06-26 12:25:00-04:00,711.41,712.26,711.26,711.85,179515,QQQ
2026-06-26 12:30:00-04:00,711.9,713.68,711.82,713.615,291804,QQQ
2026-06-26 12:35:00-04:00,713.59,713.7981,712.91,713.0,186584,QQQ
2026-06-26 12:40:00-04:00,712.98,713.51,712.66,712.68,250542,QQQ
2026-06-26 12:45:00-04:00,712.74,713.25,712.456,713.0366,142489,QQQ
2026-06-26 12:50:00-04:00,713.06,713.84,712.95,713.4,353196,QQQ
2026-06-26 12:55:00-04:00,713.37,713.4499,712.7801,713.045,142631,QQQ
2026-06-26 13:00:00-04:00,713.07,714.13,712.685,713.795,322064,QQQ
2026-06-26 13:05:00-04:00,713.81,714.96,713.68,714.9,184554,QQQ
2026-06-26 13:10:00-04:00,714.9199,715.1699,713.86,713.96,253768,QQQ
2026-06-26 13:15:00-04:00,714.0399,714.09,712.68,712.8,202923,QQQ
2026-06-26 13:20:00-04:00,712.88,713.41,712.24,712.63,157461,QQQ
2026-06-26 13:25:00-04:00,712.67,713.99,712.2001,713.615,295456,QQQ
2026-06-26 13:30:00-04:00,713.57,714.59,713.1501,713.3,317148,QQQ
2026-06-26 13:35:00-04:00,713.2,713.2,712.27,712.35,143969,QQQ
2026-06-26 13:40:00-04:00,712.37,713.0,711.7863,712.7218,220016,QQQ
2026-06-26 13:45:00-04:00,712.72,713.0699,712.06,712.11,148874,QQQ
2026-06-26 13:50:00-04:00,712.13,712.67,711.96,712.1901,219016,QQQ
2026-06-26 13:55:00-04:00,712.21,712.22,711.23,711.39,207025,QQQ
2026-06-26 14:00:00-04:00,711.47,712.04,711.36,711.81,169943,QQQ
2026-06-26 14:05:00-04:00,711.69,712.33,711.25,711.59,159117,QQQ
2026-06-26 14:10:00-04:00,711.495,711.6799,711.01,711.305,204973,QQQ
2026-06-26 14:15:00-04:00,711.29,711.61,710.12,710.4,284852,QQQ
2026-06-26 14:20:00-04:00,710.41,710.91,710.12,710.485,1501689,QQQ
2026-06-26 14:25:00-04:00,710.56,710.7994,709.34,709.49,238221,QQQ
2026-06-26 14:30:00-04:00,709.48,710.62,709.29,710.35,331143,QQQ
2026-06-26 14:35:00-04:00,710.385,710.43,709.46,709.74,181393,QQQ
2026-06-26 14:40:00-04:00,709.71,710.17,709.44,709.8,196349,QQQ
2026-06-26 14:45:00-04:00,709.71,709.71,708.64,708.95,656712,QQQ
2026-06-26 14:50:00-04:00,709.0,709.1,708.38,708.71,1664112,QQQ
2026-06-26 14:55:00-04:00,708.75,709.34,707.71,708.37,425183,QQQ
2026-06-26 15:00:00-04:00,708.43,708.97,708.08,708.11,610870,QQQ
2026-06-26 15:05:00-04:00,708.09,710.05,707.87,709.88,378015,QQQ
2026-06-26 15:10:00-04:00,709.84,710.5,709.4415,710.4601,473714,QQQ
2026-06-26 15:15:00-04:00,710.405,710.455,709.68,710.075,1647351,QQQ
2026-06-26 15:20:00-04:00,710.07,710.46,708.53,709.05,347032,QQQ
2026-06-26 15:25:00-04:00,709.03,709.46,708.88,709.24,198028,QQQ
2026-06-26 15:30:00-04:00,709.26,710.32,708.68,710.11,468364,QQQ
2026-06-26 15:35:00-04:00,710.1,710.59,709.5359,709.55,393988,QQQ
2026-06-26 15:40:00-04:00,709.58,711.49,709.5301,711.3,421790,QQQ
2026-06-26 15:45:00-04:00,711.31,712.01,710.6501,710.8892,497443,QQQ
2026-06-26 15:50:00-04:00,710.9,711.18,708.46,709.27,1181480,QQQ
2026-06-26 15:55:00-04:00,709.215,709.565,705.21,705.54,2050574,QQQ
2026-06-29 09:30:00-04:00,713.99,716.96,711.88,716.79,2885083,QQQ
2026-06-29 09:35:00-04:00,716.86,716.92,713.75,715.58,868559,QQQ
2026-06-29 09:40:00-04:00,715.48,717.5337,714.76,717.29,906818,QQQ
2026-06-29 09:45:00-04:00,717.29,718.24,716.48,716.88,850992,QQQ
2026-06-29 09:50:00-04:00,716.86,718.66,715.8244,716.8178,578593,QQQ
2026-06-29 09:55:00-04:00,716.82,717.0899,712.48,713.3899,976205,QQQ
2026-06-29 10:00:00-04:00,713.56,713.73,711.39,711.6001,1001652,QQQ
2026-06-29 10:05:00-04:00,711.64,711.88,709.46,710.54,942913,QQQ
2026-06-29 10:10:00-04:00,710.56,710.93,706.4601,706.54,927955,QQQ
2026-06-29 10:15:00-04:00,706.47,707.93,705.172,707.8,1391802,QQQ
2026-06-29 10:20:00-04:00,707.8,709.17,706.85,708.32,747458,QQQ
2026-06-29 10:25:00-04:00,708.37,711.97,708.11,711.84,953172,QQQ
2026-06-29 10:30:00-04:00,711.86,714.38,711.41,713.9,952453,QQQ
2026-06-29 10:35:00-04:00,713.87,714.15,712.19,712.86,483951,QQQ
2026-06-29 10:40:00-04:00,712.8,713.73,712.22,712.65,309647,QQQ
2026-06-29 10:45:00-04:00,712.5,712.73,710.65,712.485,446482,QQQ
2026-06-29 10:50:00-04:00,712.39,715.22,712.39,714.94,494251,QQQ
2026-06-29 10:55:00-04:00,714.88,715.96,714.14,715.9,462993,QQQ
2026-06-29 11:00:00-04:00,715.93,716.31,715.45,715.605,538075,QQQ
2026-06-29 11:05:00-04:00,715.62,716.23,715.086,715.92,354156,QQQ
2026-06-29 11:10:00-04:00,716.01,716.16,714.71,716.09,437941,QQQ
2026-06-29 11:15:00-04:00,716.18,716.8,715.11,715.3688,407551,QQQ
2026-06-29 11:20:00-04:00,715.38,716.5,714.56,715.08,419834,QQQ
2026-06-29 11:25:00-04:00,715.01,717.32,714.9801,717.23,299135,QQQ
2026-06-29 11:30:00-04:00,717.24,717.86,716.98,717.16,464253,QQQ
2026-06-29 11:35:00-04:00,717.14,718.0,716.41,717.8299,500191,QQQ
2026-06-29 11:40:00-04:00,717.81,718.55,717.35,718.47,421831,QQQ
2026-06-29 11:45:00-04:00,718.45,718.46,717.45,717.775,360436,QQQ
2026-06-29 11:50:00-04:00,717.8,718.6599,717.67,718.46,277350,QQQ
2026-06-29 11:55:00-04:00,718.41,719.06,717.84,718.949,317956,QQQ
2026-06-29 12:00:00-04:00,718.92,719.69,718.84,719.6,485994,QQQ
2026-06-29 12:05:00-04:00,719.6,719.85,719.2,719.39,767696,QQQ
2026-06-29 12:10:00-04:00,719.43,719.63,718.78,719.15,333701,QQQ
2026-06-29 12:15:00-04:00,719.1,720.07,719.1,719.86,300932,QQQ
2026-06-29 12:20:00-04:00,719.82,720.4204,719.57,720.395,316644,QQQ
2026-06-29 12:25:00-04:00,720.415,720.53,719.52,719.5986,202369,QQQ
2026-06-29 12:30:00-04:00,719.64,719.88,718.935,719.4,215287,QQQ
2026-06-29 12:35:00-04:00,719.37,720.01,719.23,719.94,266483,QQQ
2026-06-29 12:40:00-04:00,719.94,720.58,719.87,720.51,239576,QQQ
2026-06-29 12:45:00-04:00,720.49,720.8375,720.18,720.46,235548,QQQ
2026-06-29 12:50:00-04:00,720.47,721.12,720.3119,721.01,212624,QQQ
2026-06-29 12:55:00-04:00,720.94,721.0,720.6575,720.7088,146484,QQQ
2026-06-29 13:00:00-04:00,720.71,721.4401,720.67,721.36,273217,QQQ
2026-06-29 13:05:00-04:00,721.4,721.56,721.13,721.49,184862,QQQ
2026-06-29 13:10:00-04:00,721.51,722.73,721.48,722.4048,347328,QQQ
2026-06-29 13:15:00-04:00,722.43,722.74,722.23,722.48,242559,QQQ
2026-06-29 13:20:00-04:00,722.49,722.75,721.47,721.69,451611,QQQ
2026-06-29 13:25:00-04:00,721.69,723.047,721.54,723.0,210479,QQQ
2026-06-29 13:30:00-04:00,722.99,723.63,722.41,722.645,304488,QQQ
2026-06-29 13:35:00-04:00,722.64,723.02,722.53,722.95,261377,QQQ
2026-06-29 13:40:00-04:00,722.94,723.0,722.67,722.89,142085,QQQ
2026-06-29 13:45:00-04:00,722.88,723.34,722.58,723.24,175191,QQQ
2026-06-29 13:50:00-04:00,723.26,723.43,722.91,723.15,194931,QQQ
2026-06-29 13:55:00-04:00,723.15,723.44,722.5201,722.8201,281723,QQQ
2026-06-29 14:00:00-04:00,722.8395,723.25,722.58,723.0695,193776,QQQ
2026-06-29 14:05:00-04:00,723.08,723.32,722.85,722.97,271868,QQQ
2026-06-29 14:10:00-04:00,722.99,723.3,722.91,723.26,170916,QQQ
2026-06-29 14:15:00-04:00,723.25,723.33,722.97,723.22,165688,QQQ
2026-06-29 14:20:00-04:00,723.18,723.29,722.69,722.835,167642,QQQ
2026-06-29 14:25:00-04:00,722.83,722.86,722.43,722.5337,198438,QQQ
2026-06-29 14:30:00-04:00,722.6,723.38,722.48,723.295,171225,QQQ
2026-06-29 14:35:00-04:00,723.34,723.78,723.19,723.67,497630,QQQ
2026-06-29 14:40:00-04:00,723.67,724.1163,723.651,724.06,280433,QQQ
2026-06-29 14:45:00-04:00,724.06,724.42,723.9201,724.03,335921,QQQ
2026-06-29 14:50:00-04:00,723.9926,724.01,723.56,723.85,275328,QQQ
2026-06-29 14:55:00-04:00,723.84,723.94,723.37,723.49,247221,QQQ
2026-06-29 15:00:00-04:00,723.53,723.85,722.89,722.93,606428,QQQ
2026-06-29 15:05:00-04:00,722.89,723.68,722.75,723.34,394648,QQQ
2026-06-29 15:10:00-04:00,723.37,723.4901,723.0201,723.1505,200431,QQQ
2026-06-29 15:15:00-04:00,723.14,723.61,723.0,723.37,512107,QQQ
2026-06-29 15:20:00-04:00,723.38,724.25,723.38,723.945,659120,QQQ
2026-06-29 15:25:00-04:00,723.97,724.04,723.42,723.43,271154,QQQ
2026-06-29 15:30:00-04:00,723.46,723.56,722.98,723.07,455317,QQQ
2026-06-29 15:35:00-04:00,723.055,723.65,723.0301,723.63,280309,QQQ
2026-06-29 15:40:00-04:00,723.65,724.0099,723.1,723.37,223390,QQQ
2026-06-29 15:45:00-04:00,723.35,723.6,723.23,723.4,2308315,QQQ
2026-06-29 15:50:00-04:00,723.41,723.53,722.24,722.67,1023342,QQQ
2026-06-29 15:55:00-04:00,722.69,724.58,722.69,724.03,2600956,QQQ
2026-06-30 09:30:00-04:00,724.17,727.58,723.92,727.385,2547925,QQQ
2026-06-30 09:35:00-04:00,727.48,729.44,726.86,727.68,977604,QQQ
2026-06-30 09:40:00-04:00,727.65,728.9,726.81,728.26,755565,QQQ
2026-06-30 09:45:00-04:00,728.19,729.1412,727.77,728.21,557928,QQQ
2026-06-30 09:50:00-04:00,728.17,730.62,727.94,730.195,851425,QQQ
2026-06-30 09:55:00-04:00,730.2699,731.905,730.24,731.8701,605060,QQQ
2026-06-30 10:00:00-04:00,731.8701,732.59,729.73,732.59,1011347,QQQ
2026-06-30 10:05:00-04:00,732.52,732.54,730.87,731.17,604973,QQQ
2026-06-30 10:10:00-04:00,731.21,731.94,730.51,731.6,606275,QQQ
2026-06-30 10:15:00-04:00,731.59,732.2899,731.16,732.0399,388115,QQQ
2026-06-30 10:20:00-04:00,731.9,733.3,731.5515,733.05,518310,QQQ
2026-06-30 10:25:00-04:00,733.06,733.31,732.39,732.9884,393178,QQQ
2026-06-30 10:30:00-04:00,733.03,733.75,732.86,733.7399,409671,QQQ
2026-06-30 10:35:00-04:00,733.75,733.775,732.45,732.89,533815,QQQ
2026-06-30 10:40:00-04:00,732.86,733.25,732.05,733.07,316811,QQQ
2026-06-30 10:45:00-04:00,733.04,733.04,731.44,731.565,310815,QQQ
2026-06-30 10:50:00-04:00,731.6,732.24,730.61,730.73,326468,QQQ
2026-06-30 10:55:00-04:00,730.76,731.43,729.94,730.47,353879,QQQ
2026-06-30 11:00:00-04:00,730.52,732.07,730.37,732.0099,609127,QQQ
2026-06-30 11:05:00-04:00,732.0324,732.54,731.81,732.41,321236,QQQ
2026-06-30 11:10:00-04:00,732.42,733.03,731.85,732.81,291908,QQQ
2026-06-30 11:15:00-04:00,732.81,732.9475,732.07,732.35,322985,QQQ
2026-06-30 11:20:00-04:00,732.305,732.87,732.18,732.62,177951,QQQ
2026-06-30 11:25:00-04:00,732.69,733.17,732.53,733.025,196917,QQQ
2026-06-30 11:30:00-04:00,733.06,733.53,732.75,733.51,263588,QQQ
2026-06-30 11:35:00-04:00,733.5,733.5799,732.82,733.01,170358,QQQ
2026-06-30 11:40:00-04:00,732.97,733.4,732.59,733.149,276436,QQQ
2026-06-30 11:45:00-04:00,733.16,733.73,733.15,733.52,311036,QQQ
2026-06-30 11:50:00-04:00,733.6,734.4,733.5,734.39,344031,QQQ
2026-06-30 11:55:00-04:00,734.375,734.7197,734.16,734.229,257215,QQQ
2026-06-30 12:00:00-04:00,734.25,734.8337,734.03,734.78,153025,QQQ
2026-06-30 12:05:00-04:00,734.7303,735.08,734.68,734.81,331159,QQQ
2026-06-30 12:10:00-04:00,734.81,734.91,734.54,734.905,190933,QQQ
2026-06-30 12:15:00-04:00,734.92,735.3898,734.76,735.2188,334010,QQQ
2026-06-30 12:20:00-04:00,735.19,735.3,734.88,735.1299,176708,QQQ
2026-06-30 12:25:00-04:00,735.065,735.38,734.84,735.035,127028,QQQ
2026-06-30 12:30:00-04:00,735.039,735.195,734.64,734.82,160785,QQQ
2026-06-30 12:35:00-04:00,734.8306,735.1799,734.81,735.15,248015,QQQ
2026-06-30 12:40:00-04:00,735.18,735.47,735.02,735.43,121045,QQQ
2026-06-30 12:45:00-04:00,735.45,736.1,735.3801,736.0764,246932,QQQ
2026-06-30 12:50:00-04:00,736.1,736.35,735.88,736.2,204112,QQQ
2026-06-30 12:55:00-04:00,736.2001,736.2744,735.6678,735.82,122714,QQQ
2026-06-30 13:00:00-04:00,735.83,736.555,735.79,736.4,215677,QQQ
2026-06-30 13:05:00-04:00,736.4024,736.68,736.27,736.52,185313,QQQ
2026-06-30 13:10:00-04:00,736.4925,736.53,736.0,736.02,269648,QQQ
2026-06-30 13:15:00-04:00,736.0399,736.28,735.9,736.21,188562,QQQ
2026-06-30 13:20:00-04:00,736.1979,736.48,736.0009,736.135,133438,QQQ
2026-06-30 13:25:00-04:00,736.135,736.21,735.77,735.88,146773,QQQ
2026-06-30 13:30:00-04:00,735.94,735.98,735.5705,735.93,214477,QQQ
2026-06-30 13:35:00-04:00,735.922,736.115,735.64,735.69,149357,QQQ
2026-06-30 13:40:00-04:00,735.706,736.27,735.6301,736.23,147079,QQQ
2026-06-30 13:45:00-04:00,736.24,736.27,735.75,735.79,300018,QQQ
2026-06-30 13:50:00-04:00,735.8,736.01,735.58,735.87,1137870,QQQ
2026-06-30 13:55:00-04:00,735.88,735.9371,735.67,735.78,151934,QQQ
2026-06-30 14:00:00-04:00,735.81,736.15,735.6,735.885,168344,QQQ
2026-06-30 14:05:00-04:00,735.89,736.09,735.175,735.95,204096,QQQ
2026-06-30 14:10:00-04:00,735.91,736.04,735.75,735.81,120066,QQQ
2026-06-30 14:15:00-04:00,735.78,736.24,735.67,736.185,149815,QQQ
2026-06-30 14:20:00-04:00,736.17,736.36,735.95,735.9699,139651,QQQ
2026-06-30 14:25:00-04:00,735.96,736.1,735.88,735.98,225893,QQQ
2026-06-30 14:30:00-04:00,736.01,736.1,735.76,735.8999,168786,QQQ
2026-06-30 14:35:00-04:00,735.88,736.1175,735.8347,735.92,405755,QQQ
2026-06-30 14:40:00-04:00,735.91,736.56,735.87,736.51,284525,QQQ
2026-06-30 14:45:00-04:00,736.51,736.81,736.27,736.79,315734,QQQ
2026-06-30 14:50:00-04:00,736.8,736.9875,736.23,736.335,240846,QQQ
2026-06-30 14:55:00-04:00,736.31,736.68,736.3,736.49,473632,QQQ
2026-06-30 15:00:00-04:00,736.48,736.9,736.45,736.75,332548,QQQ
2026-06-30 15:05:00-04:00,736.75,737.15,736.45,737.08,520779,QQQ
2026-06-30 15:10:00-04:00,737.05,737.43,736.9246,737.39,803693,QQQ
2026-06-30 15:15:00-04:00,737.38,737.62,737.0601,737.135,536115,QQQ
2026-06-30 15:20:00-04:00,737.13,737.32,737.01,737.0669,430261,QQQ
2026-06-30 15:25:00-04:00,737.07,737.26,736.8535,737.05,415659,QQQ
2026-06-30 15:30:00-04:00,737.05,737.2397,736.8301,736.905,2508216,QQQ
2026-06-30 15:35:00-04:00,736.93,736.955,736.43,736.7399,733377,QQQ
2026-06-30 15:40:00-04:00,736.69,737.2063,736.67,737.16,815737,QQQ
2026-06-30 15:45:00-04:00,737.15,737.44,736.77,736.875,832461,QQQ
2026-06-30 15:50:00-04:00,736.89,737.6,736.26,737.04,1431104,QQQ
2026-06-30 15:55:00-04:00,737.05,737.62,735.76,735.76,3511749,QQQ
2026-07-01 09:30:00-04:00,729.16,729.7,725.98,726.23,4044368,QQQ
2026-07-01 09:35:00-04:00,726.23,727.32,725.52,726.285,1317445,QQQ
2026-07-01 09:40:00-04:00,726.14,727.87,725.82,726.9105,750037,QQQ
2026-07-01 09:45:00-04:00,726.705,728.95,726.2,728.4899,672397,QQQ
2026-07-01 09:50:00-04:00,728.47,729.69,728.05,729.12,860987,QQQ
2026-07-01 09:55:00-04:00,729.05,730.24,728.69,730.17,633567,QQQ
2026-07-01 10:00:00-04:00,730.24,730.8,729.305,729.8,637118,QQQ
2026-07-01 10:05:00-04:00,729.77,731.05,729.57,730.5999,366501,QQQ
2026-07-01 10:10:00-04:00,730.531,731.29,730.18,730.32,487225,QQQ
2026-07-01 10:15:00-04:00,730.35,730.91,729.445,730.685,367115,QQQ
2026-07-01 10:20:00-04:00,730.64,730.94,729.9801,730.48,375288,QQQ
2026-07-01 10:25:00-04:00,730.465,730.89,729.91,730.28,278525,QQQ
2026-07-01 10:30:00-04:00,730.24,730.35,728.69,729.0992,632491,QQQ
2026-07-01 10:35:00-04:00,729.0996,729.75,728.3001,729.745,586531,QQQ
2026-07-01 10:40:00-04:00,729.76,729.93,728.28,728.28,339587,QQQ
2026-07-01 10:45:00-04:00,728.24,728.29,726.6785,728.045,684492,QQQ
2026-07-01 10:50:00-04:00,728.01,729.21,727.95,728.61,314239,QQQ
2026-07-01 10:55:00-04:00,728.585,728.73,726.86,728.03,320182,QQQ
2026-07-01 11:00:00-04:00,728.03,729.93,727.89,729.73,357043,QQQ
2026-07-01 11:05:00-04:00,729.71,729.91,728.3001,728.82,274733,QQQ
2026-07-01 11:10:00-04:00,728.86,729.79,728.34,729.73,189581,QQQ
2026-07-01 11:15:00-04:00,729.77,730.98,729.77,730.57,382290,QQQ
2026-07-01 11:20:00-04:00,730.58,731.4353,730.58,730.675,372302,QQQ
2026-07-01 11:25:00-04:00,730.66,731.75,730.495,731.6216,425791,QQQ
2026-07-01 11:30:00-04:00,731.61,731.91,730.93,731.01,487585,QQQ
2026-07-01 11:35:00-04:00,731.0,731.24,730.22,730.54,376318,QQQ
2026-07-01 11:40:00-04:00,730.53,731.02,730.0516,730.35,314393,QQQ
2026-07-01 11:45:00-04:00,730.33,730.48,729.245,729.395,562936,QQQ
2026-07-01 11:50:00-04:00,729.4,729.85,729.0487,729.0487,332228,QQQ
2026-07-01 11:55:00-04:00,729.04,729.765,728.8,729.54,565286,QQQ
2026-07-01 12:00:00-04:00,729.5,730.0,729.03,729.1951,282222,QQQ
2026-07-01 12:05:00-04:00,729.11,729.75,728.94,729.1,249230,QQQ
2026-07-01 12:10:00-04:00,729.11,729.5999,728.7,729.17,259413,QQQ
2026-07-01 12:15:00-04:00,729.12,729.57,728.58,729.4885,282894,QQQ
2026-07-01 12:20:00-04:00,729.4272,730.17,729.28,729.77,241052,QQQ
2026-07-01 12:25:00-04:00,729.8,729.95,729.1901,729.23,157224,QQQ
2026-07-01 12:30:00-04:00,729.225,729.65,729.07,729.5,226865,QQQ
2026-07-01 12:35:00-04:00,729.49,729.49,728.6,728.6501,154939,QQQ
2026-07-01 12:40:00-04:00,728.66,728.82,728.1837,728.7,231079,QQQ
2026-07-01 12:45:00-04:00,728.6837,729.11,728.23,728.57,960855,QQQ
2026-07-01 12:50:00-04:00,728.58,728.84,728.08,728.44,231124,QQQ
2026-07-01 12:55:00-04:00,728.47,728.6,727.53,727.9,446011,QQQ
2026-07-01 13:00:00-04:00,727.9,728.546,727.43,727.67,313898,QQQ
2026-07-01 13:05:00-04:00,727.65,727.945,727.0,727.745,452163,QQQ
2026-07-01 13:10:00-04:00,727.74,728.19,727.3243,728.07,213559,QQQ
2026-07-01 13:15:00-04:00,728.07,728.46,727.89,728.43,485429,QQQ
2026-07-01 13:20:00-04:00,728.43,728.99,728.4,728.91,163235,QQQ
2026-07-01 13:25:00-04:00,728.88,729.12,728.24,728.33,170048,QQQ
2026-07-01 13:30:00-04:00,728.35,728.66,727.82,728.095,121503,QQQ
2026-07-01 13:35:00-04:00,728.11,728.36,727.75,728.2301,99142,QQQ
2026-07-01 13:40:00-04:00,728.2592,728.42,727.76,727.83,144930,QQQ
2026-07-01 13:45:00-04:00,727.87,728.02,727.3601,727.65,173772,QQQ
2026-07-01 13:50:00-04:00,727.66,728.27,727.64,727.93,315454,QQQ
2026-07-01 13:55:00-04:00,727.95,727.99,727.095,727.19,214933,QQQ
2026-07-01 14:00:00-04:00,727.225,727.79,727.14,727.786,136410,QQQ
2026-07-01 14:05:00-04:00,727.71,727.8,727.355,727.7375,113389,QQQ
2026-07-01 14:10:00-04:00,727.74,727.87,726.98,727.07,184504,QQQ
2026-07-01 14:15:00-04:00,727.02,727.28,726.61,727.27,193380,QQQ
2026-07-01 14:20:00-04:00,727.2376,727.54,727.064,727.525,143883,QQQ
2026-07-01 14:25:00-04:00,727.515,727.66,727.1,727.12,146180,QQQ
2026-07-01 14:30:00-04:00,727.09,727.24,726.73,727.13,293821,QQQ
2026-07-01 14:35:00-04:00,727.1495,727.49,726.865,727.01,203925,QQQ
2026-07-01 14:40:00-04:00,727.0,727.08,726.511,726.77,378953,QQQ
2026-07-01 14:45:00-04:00,726.75,726.76,725.91,726.2601,537342,QQQ
2026-07-01 14:50:00-04:00,726.21,726.51,725.7192,725.73,382151,QQQ
2026-07-01 14:55:00-04:00,725.73,726.55,725.6525,726.46,359211,QQQ
2026-07-01 15:00:00-04:00,726.45,727.5901,726.365,727.57,384618,QQQ
2026-07-01 15:05:00-04:00,727.58,728.49,727.44,728.4103,369611,QQQ
2026-07-01 15:10:00-04:00,728.43,728.47,727.67,727.8058,292773,QQQ
2026-07-01 15:15:00-04:00,727.78,728.05,727.3647,727.97,317364,QQQ
2026-07-01 15:20:00-04:00,727.98,728.37,727.8854,728.3036,588266,QQQ
2026-07-01 15:25:00-04:00,728.33,728.34,727.44,727.9091,184357,QQQ
2026-07-01 15:30:00-04:00,727.905,728.92,727.905,728.5,357364,QQQ
2026-07-01 15:35:00-04:00,728.48,728.49,727.25,727.3395,412327,QQQ
2026-07-01 15:40:00-04:00,727.34,727.44,726.57,726.74,551910,QQQ
2026-07-01 15:45:00-04:00,726.75,726.8,726.27,726.5,971652,QQQ
2026-07-01 15:50:00-04:00,726.51,727.18,725.61,726.16,1080638,QQQ
2026-07-01 15:55:00-04:00,726.11,726.1599,724.6,725.13,3113390,QQQ
2026-07-02 09:30:00-04:00,725.58,727.02,723.88,726.95,3409717,QQQ
2026-07-02 09:35:00-04:00,726.94,727.5899,724.4301,725.08,824495,QQQ
2026-07-02 09:40:00-04:00,725.06,728.23,725.06,726.79,759596,QQQ
2026-07-02 09:45:00-04:00,726.74,728.63,726.21,728.1,574751,QQQ
2026-07-02 09:50:00-04:00,728.05,730.0,727.57,729.4,614247,QQQ
2026-07-02 09:55:00-04:00,729.35,729.99,728.37,729.9,303592,QQQ
2026-07-02 10:00:00-04:00,729.97,730.82,729.23,729.9745,462823,QQQ
2026-07-02 10:05:00-04:00,729.95,730.02,727.76,728.07,417424,QQQ
2026-07-02 10:10:00-04:00,728.11,729.77,726.92,728.875,637093,QQQ
2026-07-02 10:15:00-04:00,728.885,729.12,726.34,727.42,598035,QQQ
2026-07-02 10:20:00-04:00,727.41,727.75,725.48,725.61,608844,QQQ
2026-07-02 10:25:00-04:00,725.6,725.945,721.52,722.17,1304390,QQQ
2026-07-02 10:30:00-04:00,722.18,723.83,720.94,721.2976,923997,QQQ
2026-07-02 10:35:00-04:00,721.29,723.31,720.7202,721.8544,710708,QQQ
2026-07-02 10:40:00-04:00,721.81,722.05,718.3,719.07,1232693,QQQ
2026-07-02 10:45:00-04:00,719.09,720.475,717.8,719.505,864878,QQQ
2026-07-02 10:50:00-04:00,719.495,720.115,717.21,718.09,762006,QQQ
2026-07-02 10:55:00-04:00,718.06,719.89,717.92,719.815,546323,QQQ
2026-07-02 11:00:00-04:00,719.845,720.09,716.8,716.805,504622,QQQ
2026-07-02 11:05:00-04:00,716.89,717.51,714.74,716.54,950308,QQQ
2026-07-02 11:10:00-04:00,716.545,718.3,716.08,716.89,636277,QQQ
2026-07-02 11:15:00-04:00,716.86,717.43,714.59,714.97,525890,QQQ
2026-07-02 11:20:00-04:00,715.01,717.015,714.2827,716.8807,574624,QQQ
2026-07-02 11:25:00-04:00,716.935,717.54,715.68,715.81,449246,QQQ
2026-07-02 11:30:00-04:00,715.76,718.04,715.69,717.82,1160267,QQQ
2026-07-02 11:35:00-04:00,717.9,719.3,717.6,718.42,409271,QQQ
2026-07-02 11:40:00-04:00,718.47,719.24,716.71,716.82,385048,QQQ
2026-07-02 11:45:00-04:00,716.7,717.58,716.24,716.45,350559,QQQ
2026-07-02 11:50:00-04:00,716.45,716.73,715.17,715.94,342566,QQQ
2026-07-02 11:55:00-04:00,715.9599,716.348,714.91,715.8147,303566,QQQ
2026-07-02 12:00:00-04:00,715.92,716.1579,713.94,714.89,832069,QQQ
2026-07-02 12:05:00-04:00,714.84,715.29,713.7,713.995,530199,QQQ
2026-07-02 12:10:00-04:00,714.0399,715.51,713.81,715.208,359385,QQQ
2026-07-02 12:15:00-04:00,715.195,715.27,713.8201,713.89,361012,QQQ
2026-07-02 12:20:00-04:00,713.85,713.975,712.78,712.94,504270,QQQ
2026-07-02 12:25:00-04:00,712.92,713.9,712.7659,713.01,526322,QQQ
2026-07-02 12:30:00-04:00,713.02,713.12,711.59,711.63,755650,QQQ
2026-07-02 12:35:00-04:00,711.57,711.98,710.54,711.31,589772,QQQ
2026-07-02 12:40:00-04:00,711.34,712.8,711.26,712.602,759264,QQQ
2026-07-02 12:45:00-04:00,712.6,712.6988,711.7608,711.89,199746,QQQ
2026-07-02 12:50:00-04:00,711.87,712.52,711.15,711.6835,422653,QQQ
2026-07-02 12:55:00-04:00,711.7,711.72,710.12,710.785,500824,QQQ
2026-07-02 13:00:00-04:00,710.82,710.9266,709.04,709.51,511104,QQQ
2026-07-02 13:05:00-04:00,709.5,711.244,708.99,710.44,454449,QQQ
2026-07-02 13:10:00-04:00,710.42,710.905,709.86,710.58,340325,QQQ
2026-07-02 13:15:00-04:00,710.55,711.29,710.0,710.16,550138,QQQ
2026-07-02 13:20:00-04:00,710.17,711.2867,709.95,710.32,280200,QQQ
2026-07-02 13:25:00-04:00,710.36,710.5508,709.8301,710.4,279019,QQQ
2026-07-02 13:30:00-04:00,710.39,711.0798,709.97,709.98,269490,QQQ
2026-07-02 13:35:00-04:00,709.95,710.18,708.67,708.79,456527,QQQ
2026-07-02 13:40:00-04:00,708.79,709.72,708.32,709.45,441411,QQQ
2026-07-02 13:45:00-04:00,709.38,709.53,707.92,708.38,622114,QQQ
2026-07-02 13:50:00-04:00,708.36,709.215,707.94,709.0899,376907,QQQ
2026-07-02 13:55:00-04:00,709.0,709.2,707.56,707.79,398768,QQQ
2026-07-02 14:00:00-04:00,707.85,708.89,707.63,708.84,342126,QQQ
2026-07-02 14:05:00-04:00,708.8205,711.24,708.775,711.22,509334,QQQ
2026-07-02 14:10:00-04:00,711.19,711.82,710.58,710.7682,516074,QQQ
2026-07-02 14:15:00-04:00,710.77,710.95,709.59,709.94,433977,QQQ
2026-07-02 14:20:00-04:00,709.91,710.76,709.9,710.6,245016,QQQ
2026-07-02 14:25:00-04:00,710.5,711.45,710.2387,711.43,299201,QQQ
2026-07-02 14:30:00-04:00,711.44,712.33,711.0205,711.3,354407,QQQ
2026-07-02 14:35:00-04:00,711.3395,711.83,710.87,711.545,254654,QQQ
2026-07-02 14:40:00-04:00,711.56,711.758,711.0,711.2901,209399,QQQ
2026-07-02 14:45:00-04:00,711.28,711.73,710.28,711.575,423639,QQQ
2026-07-02 14:50:00-04:00,711.6004,712.405,711.2609,711.43,341461,QQQ
2026-07-02 14:55:00-04:00,711.4,711.71,710.67,711.5,305065,QQQ
2026-07-02 15:00:00-04:00,711.5,711.84,709.34,709.395,275093,QQQ
2026-07-02 15:05:00-04:00,709.44,709.99,708.9,709.275,606434,QQQ
2026-07-02 15:10:00-04:00,709.29,709.9,708.88,709.6,271400,QQQ
2026-07-02 15:15:00-04:00,709.57,709.825,708.85,709.15,251173,QQQ
2026-07-02 15:20:00-04:00,709.22,709.335,708.2299,708.3645,428218,QQQ
2026-07-02 15:25:00-04:00,708.3787,710.405,708.07,709.85,645089,QQQ
2026-07-02 15:30:00-04:00,709.89,711.0,709.54,710.78,477300,QQQ
2026-07-02 15:35:00-04:00,710.79,711.12,709.93,710.6603,331013,QQQ
2026-07-02 15:40:00-04:00,710.69,710.78,710.02,710.57,843070,QQQ
2026-07-02 15:45:00-04:00,710.63,710.75,710.05,710.445,462702,QQQ
2026-07-02 15:50:00-04:00,710.48,712.5,710.48,712.47,958811,QQQ
2026-07-02 15:55:00-04:00,712.48,713.78,711.88,712.74,2661137,QQQ
2026-07-06 09:30:00-04:00,719.7,722.27,718.48,722.04,2520516,QQQ
2026-07-06 09:35:00-04:00,722.02,722.04,718.78,721.3399,1112968,QQQ
2026-07-06 09:40:00-04:00,721.3,721.97,720.04,721.8,706147,QQQ
2026-07-06 09:45:00-04:00,721.75,722.97,721.304,722.6754,877154,QQQ
2026-07-06 09:50:00-04:00,722.68,723.99,722.0,723.115,781705,QQQ
2026-07-06 09:55:00-04:00,723.115,723.5427,721.805,722.18,419587,QQQ
2026-07-06 10:00:00-04:00,722.27,723.25,721.5,722.17,413475,QQQ
2026-07-06 10:05:00-04:00,722.13,723.94,721.8,723.7,640809,QQQ
2026-07-06 10:10:00-04:00,723.6,724.48,723.17,724.34,510971,QQQ
2026-07-06 10:15:00-04:00,724.32,724.835,723.84,723.96,429596,QQQ
2026-07-06 10:20:00-04:00,724.02,724.77,723.5365,724.16,369703,QQQ
2026-07-06 10:25:00-04:00,724.185,724.58,723.62,724.1,418697,QQQ
2026-07-06 10:30:00-04:00,724.15,725.1553,723.87,724.9,422419,QQQ
2026-07-06 10:35:00-04:00,724.89,725.07,724.25,724.47,372906,QQQ
2026-07-06 10:40:00-04:00,724.485,725.03,723.55,724.735,323414,QQQ
2026-07-06 10:45:00-04:00,724.77,725.17,724.38,724.81,206607,QQQ
2026-07-06 10:50:00-04:00,724.86,725.4184,724.23,724.2872,320958,QQQ
2026-07-06 10:55:00-04:00,724.34,724.54,723.52,724.41,307599,QQQ
2026-07-06 11:00:00-04:00,724.54,724.88,723.79,724.47,192170,QQQ
2026-07-06 11:05:00-04:00,724.43,724.6789,723.52,724.0,180750,QQQ
2026-07-06 11:10:00-04:00,724.01,724.27,722.86,723.4301,210323,QQQ
2026-07-06 11:15:00-04:00,723.39,723.455,722.44,723.31,353814,QQQ
2026-07-06 11:20:00-04:00,723.29,724.0,722.98,723.98,321562,QQQ
2026-07-06 11:25:00-04:00,723.98,725.32,723.9,725.3,314926,QQQ
2026-07-06 11:30:00-04:00,725.25,725.55,724.89,725.02,416239,QQQ
2026-07-06 11:35:00-04:00,725.0,725.42,724.6101,725.11,275851,QQQ
2026-07-06 11:40:00-04:00,725.1211,725.69,724.92,725.48,208799,QQQ
2026-07-06 11:45:00-04:00,725.48,725.7,725.29,725.62,199427,QQQ
2026-07-06 11:50:00-04:00,725.6199,725.84,725.08,725.1,248110,QQQ
2026-07-06 11:55:00-04:00,725.0301,725.77,725.02,725.54,126805,QQQ
2026-07-06 12:00:00-04:00,725.57,725.5899,725.11,725.18,120445,QQQ
2026-07-06 12:05:00-04:00,725.22,725.96,725.16,725.64,159144,QQQ
2026-07-06 12:10:00-04:00,725.7136,726.08,725.52,725.52,180879,QQQ
2026-07-06 12:15:00-04:00,725.52,725.66,725.09,725.4,108318,QQQ
2026-07-06 12:20:00-04:00,725.41,725.57,724.79,724.97,142856,QQQ
2026-07-06 12:25:00-04:00,724.932,725.0,724.45,724.6,140078,QQQ
2026-07-06 12:30:00-04:00,724.64,724.9,724.3,724.63,168699,QQQ
2026-07-06 12:35:00-04:00,724.65,724.66,723.92,724.32,165244,QQQ
2026-07-06 12:40:00-04:00,724.3299,724.64,724.17,724.2595,98281,QQQ
2026-07-06 12:45:00-04:00,724.2106,724.66,723.91,724.64,124627,QQQ
2026-07-06 12:50:00-04:00,724.64,724.745,723.75,723.8,179965,QQQ
2026-07-06 12:55:00-04:00,723.8,724.005,723.42,723.58,188132,QQQ
2026-07-06 13:00:00-04:00,723.59,723.94,723.27,723.74,125374,QQQ
2026-07-06 13:05:00-04:00,723.73,724.64,723.66,724.55,260966,QQQ
2026-07-06 13:10:00-04:00,724.6,724.7,724.1001,724.27,142163,QQQ
2026-07-06 13:15:00-04:00,724.3099,724.59,723.7,723.87,112515,QQQ
2026-07-06 13:20:00-04:00,723.86,723.896,723.0,723.36,200853,QQQ
2026-07-06 13:25:00-04:00,723.37,723.74,722.58,722.76,217875,QQQ
2026-07-06 13:30:00-04:00,722.76,722.895,721.92,722.26,368462,QQQ
2026-07-06 13:35:00-04:00,722.31,722.38,721.81,722.02,282546,QQQ
2026-07-06 13:40:00-04:00,721.99,721.99,721.03,721.6,350212,QQQ
2026-07-06 13:45:00-04:00,721.58,722.22,721.08,721.92,306760,QQQ
2026-07-06 13:50:00-04:00,722.01,722.33,721.49,721.52,208608,QQQ
2026-07-06 13:55:00-04:00,721.56,721.66,721.1237,721.36,172948,QQQ
2026-07-06 14:00:00-04:00,721.46,722.27,721.4,722.06,186608,QQQ
2026-07-06 14:05:00-04:00,722.06,723.12,722.06,722.98,280221,QQQ
2026-07-06 14:10:00-04:00,722.97,723.0928,722.58,722.65,438643,QQQ
2026-07-06 14:15:00-04:00,722.69,723.73,722.69,723.46,145128,QQQ
2026-07-06 14:20:00-04:00,723.495,723.7,723.2405,723.63,119085,QQQ
2026-07-06 14:25:00-04:00,723.62,723.86,723.09,723.15,226361,QQQ
2026-07-06 14:30:00-04:00,723.16,723.36,722.66,722.68,108662,QQQ
2026-07-06 14:35:00-04:00,722.64,723.33,722.63,722.87,104857,QQQ
2026-07-06 14:40:00-04:00,722.9,723.505,722.9,723.3581,310850,QQQ
2026-07-06 14:45:00-04:00,723.365,723.9395,723.26,723.59,169809,QQQ
2026-07-06 14:50:00-04:00,723.56,723.7499,723.34,723.65,296683,QQQ
2026-07-06 14:55:00-04:00,723.64,723.98,723.443,723.68,160100,QQQ
2026-07-06 15:00:00-04:00,723.68,724.1398,723.43,723.66,165431,QQQ
2026-07-06 15:05:00-04:00,723.655,724.115,723.61,724.115,154307,QQQ
2026-07-06 15:10:00-04:00,724.12,724.525,724.03,724.21,258282,QQQ
2026-07-06 15:15:00-04:00,724.2,724.81,724.04,724.735,352855,QQQ
2026-07-06 15:20:00-04:00,724.73,725.19,724.58,725.08,387709,QQQ
2026-07-06 15:25:00-04:00,725.075,725.17,724.71,724.79,645486,QQQ
2026-07-06 15:30:00-04:00,724.81,724.84,723.96,724.56,279577,QQQ
2026-07-06 15:35:00-04:00,724.58,724.73,723.94,724.03,341494,QQQ
2026-07-06 15:40:00-04:00,723.99,724.66,723.86,724.53,253388,QQQ
2026-07-06 15:45:00-04:00,724.52,724.82,724.44,724.51,356223,QQQ
2026-07-06 15:50:00-04:00,724.48,724.53,723.08,723.095,685901,QQQ
2026-07-06 15:55:00-04:00,723.12,723.4,722.21,722.65,2039122,QQQ
2026-07-07 09:30:00-04:00,714.14,716.3397,712.225,712.7,3543580,QQQ
2026-07-07 09:35:00-04:00,712.62,713.7,711.63,712.89,961629,QQQ
2026-07-07 09:40:00-04:00,712.92,714.43,712.51,714.145,792067,QQQ
2026-07-07 09:45:00-04:00,714.14,714.17,712.0,712.23,575818,QQQ
2026-07-07 09:50:00-04:00,712.12,712.78,710.56,710.79,715543,QQQ
2026-07-07 09:55:00-04:00,710.76,711.5,710.0,711.1728,762718,QQQ
2026-07-07 10:00:00-04:00,711.08,712.025,710.02,710.52,491028,QQQ
2026-07-07 10:05:00-04:00,710.54,711.24,709.8001,710.48,718733,QQQ
2026-07-07 10:10:00-04:00,710.47,710.47,707.86,708.0899,914492,QQQ
2026-07-07 10:15:00-04:00,708.05,708.73,707.23,708.6312,869729,QQQ
2026-07-07 10:20:00-04:00,708.61,708.94,706.82,706.86,791654,QQQ
2026-07-07 10:25:00-04:00,706.88,707.37,706.08,707.22,903682,QQQ
2026-07-07 10:30:00-04:00,707.21,707.76,706.385,706.65,730323,QQQ
2026-07-07 10:35:00-04:00,706.62,706.74,705.69,706.05,853237,QQQ
2026-07-07 10:40:00-04:00,706.04,706.43,704.9,705.59,927676,QQQ
2026-07-07 10:45:00-04:00,705.59,706.91,705.455,706.3187,655025,QQQ
2026-07-07 10:50:00-04:00,706.29,707.49,706.02,706.9905,574366,QQQ
2026-07-07 10:55:00-04:00,706.96,707.75,706.75,707.19,818119,QQQ
2026-07-07 11:00:00-04:00,707.17,707.72,706.445,707.51,364207,QQQ
2026-07-07 11:05:00-04:00,707.435,707.96,707.05,707.74,316690,QQQ
2026-07-07 11:10:00-04:00,707.72,708.5,707.55,707.5557,460267,QQQ
2026-07-07 11:15:00-04:00,707.55,707.56,706.5,706.63,653741,QQQ
2026-07-07 11:20:00-04:00,706.63,707.5,706.42,706.59,343806,QQQ
2026-07-07 11:25:00-04:00,706.63,707.6,706.55,707.4494,245469,QQQ
2026-07-07 11:30:00-04:00,707.46,707.67,706.88,706.92,165554,QQQ
2026-07-07 11:35:00-04:00,706.91,707.3938,706.13,706.13,245588,QQQ
2026-07-07 11:40:00-04:00,706.155,707.8096,705.84,707.8096,358253,QQQ
2026-07-07 11:45:00-04:00,707.8,708.93,707.7,707.9095,340334,QQQ
2026-07-07 11:50:00-04:00,707.89,709.025,707.8501,708.76,316922,QQQ
2026-07-07 11:55:00-04:00,708.72,709.25,708.29,709.2,371008,QQQ
2026-07-07 12:00:00-04:00,709.21,710.26,708.99,710.01,524935,QQQ
2026-07-07 12:05:00-04:00,710.02,710.79,709.47,709.81,541120,QQQ
2026-07-07 12:10:00-04:00,709.83,711.24,709.83,711.13,415107,QQQ
2026-07-07 12:15:00-04:00,711.125,711.32,710.75,711.17,222127,QQQ
2026-07-07 12:20:00-04:00,711.16,713.02,711.15,712.05,607793,QQQ
2026-07-07 12:25:00-04:00,712.07,713.0462,711.93,712.7,434208,QQQ
2026-07-07 12:30:00-04:00,712.66,713.31,712.21,712.62,475451,QQQ
2026-07-07 12:35:00-04:00,712.61,712.77,711.58,712.2605,422090,QQQ
2026-07-07 12:40:00-04:00,712.0937,712.585,711.72,712.56,414503,QQQ
2026-07-07 12:45:00-04:00,712.54,713.06,712.4204,712.895,268511,QQQ
2026-07-07 12:50:00-04:00,712.905,713.29,712.638,712.76,281630,QQQ
2026-07-07 12:55:00-04:00,712.745,713.0,711.995,712.85,186965,QQQ
2026-07-07 13:00:00-04:00,712.81,713.26,712.65,713.16,166207,QQQ
2026-07-07 13:05:00-04:00,713.13,713.8699,713.09,713.72,733888,QQQ
2026-07-07 13:10:00-04:00,713.715,713.75,712.66,712.72,294959,QQQ
2026-07-07 13:15:00-04:00,712.72,712.78,712.2002,712.58,211246,QQQ
2026-07-07 13:20:00-04:00,712.54,713.663,712.5,713.272,305364,QQQ
2026-07-07 13:25:00-04:00,713.19,713.19,712.52,712.74,182632,QQQ
2026-07-07 13:30:00-04:00,712.75,713.39,712.75,713.085,175159,QQQ
2026-07-07 13:35:00-04:00,713.055,713.52,712.8,713.3,283043,QQQ
2026-07-07 13:40:00-04:00,713.27,713.59,713.0,713.45,215218,QQQ
2026-07-07 13:45:00-04:00,713.44,713.53,712.66,712.975,169285,QQQ
2026-07-07 13:50:00-04:00,712.96,713.36,712.68,712.84,172117,QQQ
2026-07-07 13:55:00-04:00,712.87,713.5699,712.745,713.56,128715,QQQ
2026-07-07 14:00:00-04:00,713.58,713.74,712.8995,713.17,147630,QQQ
2026-07-07 14:05:00-04:00,713.22,713.48,712.7,712.92,269960,QQQ
2026-07-07 14:10:00-04:00,712.95,713.4,712.835,713.09,154038,QQQ
2026-07-07 14:15:00-04:00,713.1,713.2687,712.65,713.01,188625,QQQ
2026-07-07 14:20:00-04:00,713.03,713.365,712.79,713.16,324028,QQQ
2026-07-07 14:25:00-04:00,713.159,713.25,712.24,712.355,188412,QQQ
2026-07-07 14:30:00-04:00,712.36,712.71,711.84,712.04,299413,QQQ
2026-07-07 14:35:00-04:00,712.02,712.37,711.67,712.0592,164178,QQQ
2026-07-07 14:40:00-04:00,712.05,712.05,710.76,711.29,355360,QQQ
2026-07-07 14:45:00-04:00,711.27,711.555,709.98,710.78,300383,QQQ
2026-07-07 14:50:00-04:00,710.81,710.88,709.485,710.03,383375,QQQ
2026-07-07 14:55:00-04:00,709.99,710.08,709.15,709.2968,456892,QQQ
2026-07-07 15:00:00-04:00,709.35,709.5602,708.44,708.93,368688,QQQ
2026-07-07 15:05:00-04:00,708.945,709.7875,707.93,707.975,566748,QQQ
2026-07-07 15:10:00-04:00,708.005,708.31,707.6,707.96,554874,QQQ
2026-07-07 15:15:00-04:00,707.96,707.98,706.43,707.31,601278,QQQ
2026-07-07 15:20:00-04:00,707.24,707.69,706.96,707.4,442019,QQQ
2026-07-07 15:25:00-04:00,707.375,707.88,706.692,707.68,475675,QQQ
2026-07-07 15:30:00-04:00,707.58,708.88,707.54,708.8275,448335,QQQ
2026-07-07 15:35:00-04:00,708.8283,708.8283,707.585,707.72,274662,QQQ
2026-07-07 15:40:00-04:00,707.75,707.83,707.24,707.3875,309834,QQQ
2026-07-07 15:45:00-04:00,707.4,708.13,707.28,708.05,389559,QQQ
2026-07-07 15:50:00-04:00,708.06,708.81,707.62,708.78,1022509,QQQ
2026-07-07 15:55:00-04:00,708.78,709.62,708.68,709.38,1803810,QQQ
2026-07-08 09:30:00-04:00,704.94,707.92,704.94,707.4,4042083,QQQ
2026-07-08 09:35:00-04:00,707.42,708.25,706.225,707.81,922637,QQQ
2026-07-08 09:40:00-04:00,707.8496,709.42,707.5904,708.545,1162042,QQQ
2026-07-08 09:45:00-04:00,708.52,709.8,707.42,707.44,1033575,QQQ
2026-07-08 09:50:00-04:00,707.44,709.09,707.08,707.89,478895,QQQ
2026-07-08 09:55:00-04:00,707.88,709.5899,707.13,708.95,412343,QQQ
2026-07-08 10:00:00-04:00,708.91,709.47,707.3002,707.72,437944,QQQ
2026-07-08 10:05:00-04:00,707.86,708.47,707.47,707.88,355048,QQQ
2026-07-08 10:10:00-04:00,707.88,708.18,705.99,706.68,594535,QQQ
2026-07-08 10:15:00-04:00,706.6,707.7171,705.7428,707.0449,419748,QQQ
2026-07-08 10:20:00-04:00,706.975,709.06,706.5999,707.7,466885,QQQ
2026-07-08 10:25:00-04:00,707.68,708.76,706.3,707.2,339363,QQQ
2026-07-08 10:30:00-04:00,707.1,708.19,706.5,707.56,369917,QQQ
2026-07-08 10:35:00-04:00,707.64,707.64,705.96,706.27,360754,QQQ
2026-07-08 10:40:00-04:00,706.191,706.865,705.15,706.2,423736,QQQ
2026-07-08 10:45:00-04:00,706.23,706.29,704.23,704.2301,505397,QQQ
2026-07-08 10:50:00-04:00,704.23,707.29,703.75,706.2,643780,QQQ
2026-07-08 10:55:00-04:00,706.0,707.1014,704.81,705.2,407088,QQQ
2026-07-08 11:00:00-04:00,705.26,705.52,704.43,704.57,303658,QQQ
2026-07-08 11:05:00-04:00,704.5,705.47,704.47,704.81,343333,QQQ
2026-07-08 11:10:00-04:00,704.8081,705.157,703.29,703.46,443234,QQQ
2026-07-08 11:15:00-04:00,703.42,703.97,702.33,703.53,700115,QQQ
2026-07-08 11:20:00-04:00,703.5,703.7312,701.45,701.66,448042,QQQ
2026-07-08 11:25:00-04:00,701.57,701.85,700.91,701.45,559908,QQQ
2026-07-08 11:30:00-04:00,701.48,702.66,700.98,702.65,460122,QQQ
2026-07-08 11:35:00-04:00,702.6,703.77,702.155,702.67,436901,QQQ
2026-07-08 11:40:00-04:00,702.67,703.55,702.56,702.83,232571,QQQ
2026-07-08 11:45:00-04:00,702.78,703.2516,702.06,702.395,296375,QQQ
2026-07-08 11:50:00-04:00,702.445,702.49,701.315,701.97,250093,QQQ
2026-07-08 11:55:00-04:00,702.04,702.6773,701.59,702.405,221044,QQQ
2026-07-08 12:00:00-04:00,702.51,703.495,702.34,703.42,269495,QQQ
2026-07-08 12:05:00-04:00,703.41,704.3,703.12,704.1799,277629,QQQ
2026-07-08 12:10:00-04:00,704.18,705.44,704.1799,705.2899,323230,QQQ
2026-07-08 12:15:00-04:00,705.27,705.9093,704.76,705.87,236298,QQQ
2026-07-08 12:20:00-04:00,705.9,707.25,705.84,706.27,491692,QQQ
2026-07-08 12:25:00-04:00,706.28,707.34,706.2,706.7766,286338,QQQ
2026-07-08 12:30:00-04:00,706.74,708.05,706.6,706.75,453742,QQQ
2026-07-08 12:35:00-04:00,706.68,707.66,706.05,707.19,474655,QQQ
2026-07-08 12:40:00-04:00,707.13,708.5,706.7,708.0501,394761,QQQ
2026-07-08 12:45:00-04:00,708.07,708.57,707.54,708.47,231032,QQQ
2026-07-08 12:50:00-04:00,708.49,709.058,708.08,708.7,383534,QQQ
2026-07-08 12:55:00-04:00,708.695,709.17,708.44,709.07,250167,QQQ
2026-07-08 13:00:00-04:00,709.09,709.09,708.3637,708.545,208928,QQQ
2026-07-08 13:05:00-04:00,708.58,709.46,708.43,708.81,262650,QQQ
2026-07-08 13:10:00-04:00,708.785,708.86,708.16,708.1737,229339,QQQ
2026-07-08 13:15:00-04:00,708.17,709.31,708.16,709.18,308348,QQQ
2026-07-08 13:20:00-04:00,709.28,710.2299,708.98,710.2,390188,QQQ
2026-07-08 13:25:00-04:00,710.23,710.8199,710.08,710.6801,255103,QQQ
2026-07-08 13:30:00-04:00,710.76,711.14,710.55,710.62,334181,QQQ
2026-07-08 13:35:00-04:00,710.615,710.89,710.26,710.3299,157110,QQQ
2026-07-08 13:40:00-04:00,710.28,710.34,709.3,709.45,239798,QQQ
2026-07-08 13:45:00-04:00,709.44,709.48,708.45,708.62,265885,QQQ
2026-07-08 13:50:00-04:00,708.61,709.47,708.52,708.6599,352631,QQQ
2026-07-08 13:55:00-04:00,708.64,708.64,707.88,708.605,160539,QQQ
2026-07-08 14:00:00-04:00,708.64,710.21,708.02,709.87,289880,QQQ
2026-07-08 14:05:00-04:00,709.86,710.1,709.18,710.03,152767,QQQ
2026-07-08 14:10:00-04:00,710.031,710.39,709.59,709.8935,138285,QQQ
2026-07-08 14:15:00-04:00,709.91,710.18,709.35,710.03,260429,QQQ
2026-07-08 14:20:00-04:00,710.01,710.01,709.31,709.3201,105311,QQQ
2026-07-08 14:25:00-04:00,709.36,709.85,709.01,709.0701,618419,QQQ
2026-07-08 14:30:00-04:00,709.0,709.28,708.5,708.76,175765,QQQ
2026-07-08 14:35:00-04:00,708.76,710.0298,708.67,709.9522,261098,QQQ
2026-07-08 14:40:00-04:00,709.93,710.12,709.0905,709.81,113053,QQQ
2026-07-08 14:45:00-04:00,709.785,709.97,709.2801,709.8,348438,QQQ
2026-07-08 14:50:00-04:00,709.76,710.33,709.65,709.86,176001,QQQ
2026-07-08 14:55:00-04:00,709.89,709.97,709.3822,709.91,111233,QQQ
2026-07-08 15:00:00-04:00,709.93,710.6,709.61,709.7817,208992,QQQ
2026-07-08 15:05:00-04:00,709.82,710.15,709.24,710.02,187705,QQQ
2026-07-08 15:10:00-04:00,710.01,710.08,709.55,709.7,134135,QQQ
2026-07-08 15:15:00-04:00,709.72,709.8696,709.35,709.55,240724,QQQ
2026-07-08 15:20:00-04:00,709.605,710.25,709.44,709.95,188758,QQQ
2026-07-08 15:25:00-04:00,710.04,710.73,709.94,710.3901,176130,QQQ
2026-07-08 15:30:00-04:00,710.44,710.61,709.55,709.79,206596,QQQ
2026-07-08 15:35:00-04:00,709.77,710.4762,709.63,710.16,180694,QQQ
2026-07-08 15:40:00-04:00,710.17,710.2971,709.73,710.2799,176719,QQQ
2026-07-08 15:45:00-04:00,710.24,710.4,709.41,709.9499,278077,QQQ
2026-07-08 15:50:00-04:00,709.94,711.36,709.55,711.31,714745,QQQ
2026-07-08 15:55:00-04:00,711.34,712.2599,711.11,711.28,1403238,QQQ
2026-07-09 09:30:00-04:00,718.29,719.17,716.5,719.05,2926674,QQQ
2026-07-09 09:35:00-04:00,719.08,721.07,718.82,720.84,938914,QQQ
2026-07-09 09:40:00-04:00,720.84,721.3,719.88,721.02,698006,QQQ
2026-07-09 09:45:00-04:00,721.02,721.76,719.7801,720.64,743996,QQQ
2026-07-09 09:50:00-04:00,720.62,722.4,720.025,722.01,549850,QQQ
2026-07-09 09:55:00-04:00,722.03,722.75,721.93,722.17,733509,QQQ
2026-07-09 10:00:00-04:00,722.21,722.54,721.71,722.26,460727,QQQ
2026-07-09 10:05:00-04:00,722.205,722.37,720.83,720.83,365777,QQQ
2026-07-09 10:10:00-04:00,720.86,720.91,719.3,719.725,455628,QQQ
2026-07-09 10:15:00-04:00,719.65,719.65,716.641,717.0,857010,QQQ
2026-07-09 10:20:00-04:00,717.04,717.555,715.125,717.52,860735,QQQ
2026-07-09 10:25:00-04:00,717.5,719.14,717.0,718.77,643374,QQQ
2026-07-09 10:30:00-04:00,718.8,718.9835,717.16,718.1701,515525,QQQ
2026-07-09 10:35:00-04:00,718.21,719.43,717.906,719.27,704279,QQQ
2026-07-09 10:40:00-04:00,719.28,719.61,718.47,718.64,479783,QQQ
2026-07-09 10:45:00-04:00,718.66,719.9395,718.57,719.54,342123,QQQ
2026-07-09 10:50:00-04:00,719.61,719.61,717.82,718.71,287603,QQQ
2026-07-09 10:55:00-04:00,718.82,720.13,718.535,719.32,352446,QQQ
2026-07-09 11:00:00-04:00,719.39,720.19,719.13,720.145,307208,QQQ
2026-07-09 11:05:00-04:00,720.13,721.15,720.1201,721.0101,486605,QQQ
2026-07-09 11:10:00-04:00,721.04,721.16,720.43,720.94,225693,QQQ
2026-07-09 11:15:00-04:00,720.81,721.46,720.33,720.51,269454,QQQ
2026-07-09 11:20:00-04:00,720.61,721.56,720.5268,721.485,401797,QQQ
2026-07-09 11:25:00-04:00,721.49,721.64,721.13,721.36,351290,QQQ
2026-07-09 11:30:00-04:00,721.38,721.6,720.95,721.12,315869,QQQ
2026-07-09 11:35:00-04:00,721.11,721.3987,721.0,721.38,148962,QQQ
2026-07-09 11:40:00-04:00,721.38,722.0,721.3129,721.5674,290647,QQQ
2026-07-09 11:45:00-04:00,721.58,721.98,721.53,721.97,351918,QQQ
2026-07-09 11:50:00-04:00,721.98,722.067,721.67,721.82,176383,QQQ
2026-07-09 11:55:00-04:00,721.83,721.95,721.475,721.6644,111226,QQQ
2026-07-09 12:00:00-04:00,721.7,722.31,721.7,722.13,240000,QQQ
2026-07-09 12:05:00-04:00,722.115,722.56,722.07,722.23,205740,QQQ
2026-07-09 12:10:00-04:00,722.22,722.33,721.911,722.03,185327,QQQ
2026-07-09 12:15:00-04:00,722.0091,722.41,721.82,722.115,225914,QQQ
2026-07-09 12:20:00-04:00,722.11,722.295,721.85,722.22,411375,QQQ
2026-07-09 12:25:00-04:00,722.23,722.23,721.5225,721.76,223284,QQQ
2026-07-09 12:30:00-04:00,721.7875,722.28,721.565,721.565,161645,QQQ
2026-07-09 12:35:00-04:00,721.5619,721.71,721.13,721.7,271700,QQQ
2026-07-09 12:40:00-04:00,721.73,722.38,721.73,722.23,161892,QQQ
2026-07-09 12:45:00-04:00,722.185,722.2981,721.79,721.9051,161333,QQQ
2026-07-09 12:50:00-04:00,721.9,722.23,721.89,722.11,249469,QQQ
2026-07-09 12:55:00-04:00,722.105,722.18,721.68,721.94,128667,QQQ
2026-07-09 13:00:00-04:00,721.935,722.54,721.86,722.46,170643,QQQ
2026-07-09 13:05:00-04:00,722.47,723.19,722.29,723.025,342040,QQQ
2026-07-09 13:10:00-04:00,723.03,723.66,723.02,723.335,570449,QQQ
2026-07-09 13:15:00-04:00,723.33,724.005,723.324,723.95,404901,QQQ
2026-07-09 13:20:00-04:00,723.96,724.16,723.705,723.91,832747,QQQ
2026-07-09 13:25:00-04:00,723.9,724.15,723.82,724.11,215230,QQQ
2026-07-09 13:30:00-04:00,724.1499,724.23,723.53,723.555,420630,QQQ
2026-07-09 13:35:00-04:00,723.57,724.08,723.5,723.79,401260,QQQ
2026-07-09 13:40:00-04:00,723.8,723.899,723.57,723.78,322069,QQQ
2026-07-09 13:45:00-04:00,723.79,724.195,723.76,723.9632,281645,QQQ
2026-07-09 13:50:00-04:00,723.98,724.06,723.84,723.89,100205,QQQ
2026-07-09 13:55:00-04:00,723.89,723.93,723.07,723.78,210523,QQQ
2026-07-09 14:00:00-04:00,723.77,723.985,723.48,723.575,127916,QQQ
2026-07-09 14:05:00-04:00,723.62,724.04,723.6,723.98,191269,QQQ
2026-07-09 14:10:00-04:00,723.975,724.03,723.74,723.87,281394,QQQ
2026-07-09 14:15:00-04:00,723.87,723.94,723.5314,723.71,117428,QQQ
2026-07-09 14:20:00-04:00,723.71,723.721,723.16,723.222,141649,QQQ
2026-07-09 14:25:00-04:00,723.1901,723.49,723.045,723.43,194126,QQQ
2026-07-09 14:30:00-04:00,723.4,723.65,723.29,723.32,142639,QQQ
2026-07-09 14:35:00-04:00,723.31,723.41,723.11,723.17,114640,QQQ
2026-07-09 14:40:00-04:00,723.175,723.47,722.98,723.44,171408,QQQ
2026-07-09 14:45:00-04:00,723.43,723.59,723.33,723.415,164237,QQQ
2026-07-09 14:50:00-04:00,723.43,723.49,723.14,723.21,175359,QQQ
2026-07-09 14:55:00-04:00,723.2,723.2,722.74,722.96,348831,QQQ
2026-07-09 15:00:00-04:00,722.99,723.01,722.27,722.34,392797,QQQ
2026-07-09 15:05:00-04:00,722.38,722.91,722.21,722.625,241631,QQQ
2026-07-09 15:10:00-04:00,722.605,722.75,722.345,722.45,127213,QQQ
2026-07-09 15:15:00-04:00,722.47,723.34,722.18,723.21,208632,QQQ
2026-07-09 15:20:00-04:00,723.2,723.42,723.01,723.02,222912,QQQ
2026-07-09 15:25:00-04:00,723.01,723.075,722.73,722.8,112004,QQQ
2026-07-09 15:30:00-04:00,722.79,722.8,722.27,722.46,252254,QQQ
2026-07-09 15:35:00-04:00,722.48,723.09,722.439,723.05,345098,QQQ
2026-07-09 15:40:00-04:00,723.07,723.155,722.69,723.1,207565,QQQ
2026-07-09 15:45:00-04:00,723.11,723.26,722.925,723.0,345901,QQQ
2026-07-09 15:50:00-04:00,722.97,722.97,721.97,721.98,595986,QQQ
2026-07-09 15:55:00-04:00,721.98,723.36,721.98,723.18,1086242,QQQ
2026-07-10 09:30:00-04:00,720.7,722.8038,720.22,722.36,2163286,QQQ
2026-07-10 09:35:00-04:00,722.38,723.19,721.315,721.494,446601,QQQ
2026-07-10 09:40:00-04:00,721.42,721.67,719.83,721.23,614472,QQQ
2026-07-10 09:45:00-04:00,721.27,723.53,721.19,723.31,910821,QQQ
2026-07-10 09:50:00-04:00,723.31,724.04,722.6162,723.2,480215,QQQ
2026-07-10 09:55:00-04:00,723.19,723.61,722.41,722.835,278647,QQQ
2026-07-10 10:00:00-04:00,722.8,723.7728,722.59,723.29,375220,QQQ
2026-07-10 10:05:00-04:00,723.29,723.75,722.49,723.29,211227,QQQ
2026-07-10 10:10:00-04:00,723.41,723.8994,723.1502,723.25,386273,QQQ
2026-07-10 10:15:00-04:00,723.28,723.5499,722.062,722.346,309517,QQQ
2026-07-10 10:20:00-04:00,722.4101,722.53,721.0,722.15,410273,QQQ
2026-07-10 10:25:00-04:00,722.07,723.25,721.36,722.4541,238242,QQQ
2026-07-10 10:30:00-04:00,722.51,723.66,717.0,721.085,1580464,QQQ
2026-07-10 10:35:00-04:00,721.07,722.15,720.35,721.83,585753,QQQ
2026-07-10 10:40:00-04:00,721.7901,722.27,720.8301,721.995,446722,QQQ
2026-07-10 10:45:00-04:00,721.98,722.43,721.385,722.29,188677,QQQ
2026-07-10 10:50:00-04:00,722.47,722.58,721.12,721.125,201500,QQQ
2026-07-10 10:55:00-04:00,721.1699,721.379,720.06,720.3499,332383,QQQ
2026-07-10 11:00:00-04:00,720.43,720.65,719.63,719.9499,399748,QQQ
2026-07-10 11:05:00-04:00,719.8801,721.31,719.36,721.26,268551,QQQ
2026-07-10 11:10:00-04:00,721.33,721.83,721.29,721.55,157215,QQQ
2026-07-10 11:15:00-04:00,721.59,723.5982,721.58,722.9,381244,QQQ
2026-07-10 11:20:00-04:00,722.93,723.47,722.62,723.36,244400,QQQ
2026-07-10 11:25:00-04:00,723.4,724.29,723.39,724.0509,315047,QQQ
2026-07-10 11:30:00-04:00,724.09,724.34,723.68,724.08,352530,QQQ
2026-07-10 11:35:00-04:00,724.11,724.1499,722.47,722.57,308535,QQQ
2026-07-10 11:40:00-04:00,722.56,722.62,720.58,721.52,430261,QQQ
2026-07-10 11:45:00-04:00,721.58,722.68,720.95,722.48,274700,QQQ
2026-07-10 11:50:00-04:00,722.44,723.12,722.26,722.96,283265,QQQ
2026-07-10 11:55:00-04:00,722.9287,723.38,722.545,723.24,181666,QQQ
2026-07-10 12:00:00-04:00,723.33,724.21,723.33,724.15,317086,QQQ
2026-07-10 12:05:00-04:00,724.15,724.27,723.69,723.88,206281,QQQ
2026-07-10 12:10:00-04:00,723.88,724.27,723.66,724.09,254203,QQQ
2026-07-10 12:15:00-04:00,724.14,725.0,724.14,725.0,444856,QQQ
2026-07-10 12:20:00-04:00,724.9864,725.2,724.6,724.93,278055,QQQ
2026-07-10 12:25:00-04:00,724.9,725.27,724.61,724.84,170249,QQQ
2026-07-10 12:30:00-04:00,724.89,725.2,724.87,725.1344,198778,QQQ
2026-07-10 12:35:00-04:00,725.16,725.4,724.73,724.83,165428,QQQ
2026-07-10 12:40:00-04:00,724.82,725.2,724.815,725.0,110717,QQQ
2026-07-10 12:45:00-04:00,724.97,725.38,724.97,725.18,124537,QQQ
2026-07-10 12:50:00-04:00,725.16,725.57,725.0,725.245,200054,QQQ
2026-07-10 12:55:00-04:00,725.17,725.41,724.876,725.2018,148858,QQQ
2026-07-10 13:00:00-04:00,725.24,725.36,724.59,724.72,120847,QQQ
2026-07-10 13:05:00-04:00,724.745,725.1599,724.6001,724.73,100526,QQQ
2026-07-10 13:10:00-04:00,724.79,725.02,724.53,724.9808,181409,QQQ
2026-07-10 13:15:00-04:00,724.9485,725.29,724.84,724.9099,105784,QQQ
2026-07-10 13:20:00-04:00,724.88,725.44,724.865,725.41,142691,QQQ
2026-07-10 13:25:00-04:00,725.42,725.79,725.4,725.77,133289,QQQ
2026-07-10 13:30:00-04:00,725.7682,725.96,725.48,725.651,178337,QQQ
2026-07-10 13:35:00-04:00,725.68,726.24,725.55,726.085,322953,QQQ
2026-07-10 13:40:00-04:00,726.085,726.22,725.94,726.105,150357,QQQ
2026-07-10 13:45:00-04:00,726.11,726.26,726.02,726.13,173627,QQQ
2026-07-10 13:50:00-04:00,726.14,726.2,725.79,725.8125,163544,QQQ
2026-07-10 13:55:00-04:00,725.7965,725.85,725.3301,725.469,590676,QQQ
2026-07-10 14:00:00-04:00,725.54,725.97,725.4118,725.758,113387,QQQ
2026-07-10 14:05:00-04:00,725.755,726.1,725.72,725.88,113649,QQQ
2026-07-10 14:10:00-04:00,725.9,726.24,725.74,725.8,1088017,QQQ
2026-07-10 14:15:00-04:00,725.78,725.83,725.25,725.4999,110728,QQQ
2026-07-10 14:20:00-04:00,725.48,725.85,725.16,725.73,164468,QQQ
2026-07-10 14:25:00-04:00,725.74,726.16,725.5791,725.7,179500,QQQ
2026-07-10 14:30:00-04:00,725.71,725.96,725.51,725.9,60091,QQQ
2026-07-10 14:35:00-04:00,725.9,725.9,725.35,725.5799,87255,QQQ
2026-07-10 14:40:00-04:00,725.59,725.75,725.48,725.5598,110732,QQQ
2026-07-10 14:45:00-04:00,725.55,725.64,725.31,725.41,94028,QQQ
2026-07-10 14:50:00-04:00,725.37,725.6831,725.25,725.45,70477,QQQ
2026-07-10 14:55:00-04:00,725.46,725.7,725.42,725.48,77460,QQQ
2026-07-10 15:00:00-04:00,725.49,726.39,725.38,726.25,226833,QQQ
2026-07-10 15:05:00-04:00,726.25,726.27,725.65,725.71,150124,QQQ
2026-07-10 15:10:00-04:00,725.73,726.01,725.59,725.98,139245,QQQ
2026-07-10 15:15:00-04:00,725.93,725.98,725.45,725.7501,136377,QQQ
2026-07-10 15:20:00-04:00,725.76,725.82,725.5,725.5,118141,QQQ
2026-07-10 15:25:00-04:00,725.5,725.88,725.47,725.72,140415,QQQ
2026-07-10 15:30:00-04:00,725.68,726.17,725.68,725.82,261403,QQQ
2026-07-10 15:35:00-04:00,725.82,726.18,725.7,725.95,114308,QQQ
2026-07-10 15:40:00-04:00,725.95,726.17,725.86,725.86,170623,QQQ
2026-07-10 15:45:00-04:00,725.86,725.94,725.66,725.72,598682,QQQ
2026-07-10 15:50:00-04:00,725.74,726.11,725.5,725.61,792914,QQQ
2026-07-10 15:55:00-04:00,725.6,725.88,725.26,725.53,1143739,QQQ
2026-07-13 09:30:00-04:00,717.72,718.43,715.925,716.23,3074197,QQQ
2026-07-13 09:35:00-04:00,716.26,716.895,715.37,715.64,1129056,QQQ
2026-07-13 09:40:00-04:00,715.65,715.65,713.95,715.02,808348,QQQ
2026-07-13 09:45:00-04:00,715.02,715.11,713.6,714.7,1572116,QQQ
2026-07-13 09:50:00-04:00,714.7,714.96,713.15,713.72,766703,QQQ
2026-07-13 09:55:00-04:00,713.64,716.05,713.31,715.77,671398,QQQ
2026-07-13 10:00:00-04:00,715.85,716.6,714.68,714.745,664645,QQQ
2026-07-13 10:05:00-04:00,714.7094,715.66,714.1885,715.57,372326,QQQ
2026-07-13 10:10:00-04:00,715.54,716.4494,715.27,716.3,417317,QQQ
2026-07-13 10:15:00-04:00,716.27,716.5,712.56,714.685,1157762,QQQ
2026-07-13 10:20:00-04:00,714.6724,716.9,714.3422,716.68,1456633,QQQ
2026-07-13 10:25:00-04:00,716.67,717.585,716.3018,717.5,475654,QQQ
2026-07-13 10:30:00-04:00,717.61,718.1,717.11,717.51,422036,QQQ
2026-07-13 10:35:00-04:00,717.48,717.64,716.4,717.1204,255635,QQQ
2026-07-13 10:40:00-04:00,717.18,717.195,715.65,715.972,299458,QQQ
2026-07-13 10:45:00-04:00,715.9452,717.39,715.1401,717.2,475091,QQQ
2026-07-13 10:50:00-04:00,717.19,717.47,715.78,716.0,246031,QQQ
2026-07-13 10:55:00-04:00,716.0,717.99,715.7393,717.91,211236,QQQ
2026-07-13 11:00:00-04:00,717.93,718.74,717.62,717.72,420572,QQQ
2026-07-13 11:05:00-04:00,717.72,718.12,717.05,717.265,170463,QQQ
2026-07-13 11:10:00-04:00,717.22,717.9,716.77,717.07,176823,QQQ
2026-07-13 11:15:00-04:00,716.965,717.59,716.56,717.47,148161,QQQ
2026-07-13 11:20:00-04:00,717.44,718.17,717.23,717.915,142074,QQQ
2026-07-13 11:25:00-04:00,717.94,717.98,717.14,717.66,126332,QQQ
2026-07-13 11:30:00-04:00,717.65,718.03,717.07,717.32,171844,QQQ
2026-07-13 11:35:00-04:00,717.37,717.51,716.61,717.09,166750,QQQ
2026-07-13 11:40:00-04:00,717.0501,717.203,716.24,716.37,135125,QQQ
2026-07-13 11:45:00-04:00,716.3,716.41,715.52,715.9629,201921,QQQ
2026-07-13 11:50:00-04:00,715.98,716.0565,715.06,715.66,273760,QQQ
2026-07-13 11:55:00-04:00,715.73,715.84,715.0,715.36,201799,QQQ
2026-07-13 12:00:00-04:00,715.3301,715.47,714.9,714.95,150522,QQQ
2026-07-13 12:05:00-04:00,714.92,715.58,714.68,715.5497,185831,QQQ
2026-07-13 12:10:00-04:00,715.52,715.975,715.0,715.37,180090,QQQ
2026-07-13 12:15:00-04:00,715.41,715.41,714.26,714.73,184132,QQQ
2026-07-13 12:20:00-04:00,714.69,714.6999,714.0,714.25,288038,QQQ
2026-07-13 12:25:00-04:00,714.24,714.29,713.52,714.06,301753,QQQ
2026-07-13 12:30:00-04:00,713.99,713.99,712.88,712.91,454442,QQQ
2026-07-13 12:35:00-04:00,712.91,713.37,711.7,713.07,797411,QQQ
2026-07-13 12:40:00-04:00,713.05,713.83,712.59,713.53,601642,QQQ
2026-07-13 12:45:00-04:00,713.62,713.99,712.89,712.9252,147248,QQQ
2026-07-13 12:50:00-04:00,712.9,713.1713,711.7209,712.77,259569,QQQ
2026-07-13 12:55:00-04:00,712.7,713.69,712.35,713.26,312568,QQQ
2026-07-13 13:00:00-04:00,713.3,713.91,713.03,713.345,269874,QQQ
2026-07-13 13:05:00-04:00,713.31,714.32,713.19,714.1701,182968,QQQ
2026-07-13 13:10:00-04:00,714.2,714.55,713.38,713.6,215864,QQQ
2026-07-13 13:15:00-04:00,713.645,713.8308,712.88,713.65,256599,QQQ
2026-07-13 13:20:00-04:00,713.5873,713.68,712.84,712.88,225587,QQQ
2026-07-13 13:25:00-04:00,712.9,713.14,712.545,713.01,247034,QQQ
2026-07-13 13:30:00-04:00,713.02,713.35,712.7216,713.165,201560,QQQ
2026-07-13 13:35:00-04:00,713.19,713.19,712.28,712.55,163151,QQQ
2026-07-13 13:40:00-04:00,712.485,713.07,712.21,712.86,215367,QQQ
2026-07-13 13:45:00-04:00,712.9,713.19,712.34,712.38,284632,QQQ
2026-07-13 13:50:00-04:00,712.38,712.47,711.8,712.23,440410,QQQ
2026-07-13 13:55:00-04:00,712.25,712.5,712.0,712.05,260673,QQQ
2026-07-13 14:00:00-04:00,712.11,713.04,711.97,712.63,218746,QQQ
2026-07-13 14:05:00-04:00,712.62,713.51,712.62,712.76,227334,QQQ
2026-07-13 14:10:00-04:00,712.77,713.03,712.0304,712.98,329361,QQQ
2026-07-13 14:15:00-04:00,712.965,713.115,711.8301,712.1801,218540,QQQ
2026-07-13 14:20:00-04:00,712.22,712.67,711.97,712.65,268849,QQQ
2026-07-13 14:25:00-04:00,712.64,712.66,711.91,711.98,318559,QQQ
2026-07-13 14:30:00-04:00,711.96,712.535,711.525,712.0,404363,QQQ
2026-07-13 14:35:00-04:00,712.005,712.78,711.92,712.5223,324326,QQQ
2026-07-13 14:40:00-04:00,712.5307,713.0,712.42,712.62,301559,QQQ
2026-07-13 14:45:00-04:00,712.64,712.92,712.35,712.8499,210915,QQQ
2026-07-13 14:50:00-04:00,712.85,713.115,712.43,712.71,204626,QQQ
2026-07-13 14:55:00-04:00,712.71,712.89,712.22,712.42,206761,QQQ
2026-07-13 15:00:00-04:00,712.46,713.1399,712.03,713.03,379733,QQQ
2026-07-13 15:05:00-04:00,713.05,713.2288,712.12,712.12,256862,QQQ
2026-07-13 15:10:00-04:00,712.11,712.16,711.44,711.72,349262,QQQ
2026-07-13 15:15:00-04:00,711.74,711.82,711.45,711.5325,299928,QQQ
2026-07-13 15:20:00-04:00,711.56,711.58,710.65,711.02,489852,QQQ
2026-07-13 15:25:00-04:00,711.0,711.04,710.31,710.63,483311,QQQ
2026-07-13 15:30:00-04:00,710.66,711.39,710.5,711.11,475902,QQQ
2026-07-13 15:35:00-04:00,711.09,711.095,710.1,710.325,636088,QQQ
2026-07-13 15:40:00-04:00,710.33,711.52,710.17,711.4,637993,QQQ
2026-07-13 15:45:00-04:00,711.44,711.69,711.025,711.6,441222,QQQ
2026-07-13 15:50:00-04:00,711.64,712.61,711.58,711.805,1078202,QQQ
2026-07-13 15:55:00-04:00,711.84,712.67,711.66,711.72,1609281,QQQ
2026-07-14 09:30:00-04:00,720.14,720.286,717.2526,717.2953,3340947,QQQ
2026-07-14 09:35:00-04:00,717.33,719.85,717.12,719.25,717223,QQQ
2026-07-14 09:40:00-04:00,719.27,719.48,717.55,718.86,436260,QQQ
2026-07-14 09:45:00-04:00,718.83,720.08,718.135,719.09,620757,QQQ
2026-07-14 09:50:00-04:00,719.18,719.86,717.9,718.85,382001,QQQ
2026-07-14 09:55:00-04:00,718.89,719.79,718.46,719.39,1050406,QQQ
2026-07-14 10:00:00-04:00,719.43,720.0,717.29,717.34,509794,QQQ
2026-07-14 10:05:00-04:00,717.36,717.59,716.02,716.67,507615,QQQ
2026-07-14 10:10:00-04:00,716.63,717.24,716.05,716.72,393000,QQQ
2026-07-14 10:15:00-04:00,716.6,716.6,714.34,715.8511,630378,QQQ
2026-07-14 10:20:00-04:00,715.76,717.84,715.76,716.515,361614,QQQ
2026-07-14 10:25:00-04:00,716.52,718.26,716.0284,717.18,266200,QQQ
2026-07-14 10:30:00-04:00,717.13,720.88,716.538,719.289,826195,QQQ
2026-07-14 10:35:00-04:00,719.16,719.85,718.78,719.585,728685,QQQ
2026-07-14 10:40:00-04:00,719.55,719.92,717.935,718.19,393114,QQQ
2026-07-14 10:45:00-04:00,718.21,718.64,717.03,717.18,604536,QQQ
2026-07-14 10:50:00-04:00,717.21,718.98,716.62,718.94,291765,QQQ
2026-07-14 10:55:00-04:00,718.97,719.57,718.84,719.3,216960,QQQ
2026-07-14 11:00:00-04:00,719.47,720.91,718.87,720.065,586359,QQQ
2026-07-14 11:05:00-04:00,719.99,721.47,719.89,721.28,461737,QQQ
2026-07-14 11:10:00-04:00,721.2899,721.5,720.88,721.11,252957,QQQ
2026-07-14 11:15:00-04:00,721.32,721.525,720.58,721.1,212097,QQQ
2026-07-14 11:20:00-04:00,721.0701,721.89,720.76,721.755,375896,QQQ
2026-07-14 11:25:00-04:00,721.75,722.085,721.39,722.02,396456,QQQ
2026-07-14 11:30:00-04:00,722.05,722.28,720.83,721.04,335015,QQQ
2026-07-14 11:35:00-04:00,721.04,721.55,720.58,721.41,197748,QQQ
2026-07-14 11:40:00-04:00,721.4099,721.4099,719.95,720.845,766661,QQQ
2026-07-14 11:45:00-04:00,720.82,721.23,720.66,720.66,116778,QQQ
2026-07-14 11:50:00-04:00,720.6801,720.88,719.23,719.41,222101,QQQ
2026-07-14 11:55:00-04:00,719.43,719.92,719.05,719.63,213873,QQQ
2026-07-14 12:00:00-04:00,719.75,719.75,718.0,718.44,79451,QQQ
2026-07-14 12:05:00-04:00,718.44,719.08,717.89,718.7,253509,QQQ
2026-07-14 12:10:00-04:00,718.7,718.9,718.12,718.535,123093,QQQ
2026-07-14 12:15:00-04:00,718.58,718.8,717.72,718.79,181192,QQQ
2026-07-14 12:20:00-04:00,718.8,719.07,718.28,718.94,399954,QQQ
2026-07-14 12:25:00-04:00,718.97,719.6299,718.97,719.51,374411,QQQ
2026-07-14 12:30:00-04:00,719.535,719.77,718.86,719.63,168608,QQQ
2026-07-14 12:35:00-04:00,719.63,719.9,719.26,719.7,137786,QQQ
2026-07-14 12:40:00-04:00,719.66,720.55,719.55,720.215,165426,QQQ
2026-07-14 12:45:00-04:00,720.23,720.7106,719.59,720.23,157376,QQQ
2026-07-14 12:50:00-04:00,720.21,720.52,720.09,720.18,140950,QQQ
2026-07-14 12:55:00-04:00,720.249,720.62,720.2,720.62,135370,QQQ
2026-07-14 13:00:00-04:00,720.63,720.89,720.4,720.47,220892,QQQ
2026-07-14 13:05:00-04:00,720.51,721.118,720.35,721.0368,447230,QQQ
2026-07-14 13:10:00-04:00,721.0,721.18,720.5001,720.505,132395,QQQ
2026-07-14 13:15:00-04:00,720.56,720.83,720.14,720.825,150977,QQQ
2026-07-14 13:20:00-04:00,720.825,721.505,720.825,721.36,240833,QQQ
2026-07-14 13:25:00-04:00,721.38,721.57,721.11,721.15,113193,QQQ
2026-07-14 13:30:00-04:00,721.22,721.46,720.75,720.75,132310,QQQ
2026-07-14 13:35:00-04:00,720.7276,721.24,720.41,721.23,110333,QQQ
2026-07-14 13:40:00-04:00,721.195,721.36,720.92,721.1,307152,QQQ
2026-07-14 13:45:00-04:00,721.09,721.365,720.69,721.15,98096,QQQ
2026-07-14 13:50:00-04:00,721.17,721.52,721.145,721.46,128814,QQQ
2026-07-14 13:55:00-04:00,721.445,721.55,721.3,721.5,287430,QQQ
2026-07-14 14:00:00-04:00,721.51,721.64,721.04,721.55,158592,QQQ
2026-07-14 14:05:00-04:00,721.555,721.6,721.08,721.55,135496,QQQ
2026-07-14 14:10:00-04:00,721.55,721.6873,721.42,721.65,100387,QQQ
2026-07-14 14:15:00-04:00,721.66,721.855,721.4501,721.6,147261,QQQ
2026-07-14 14:20:00-04:00,721.59,721.68,721.25,721.2725,188895,QQQ
2026-07-14 14:25:00-04:00,721.335,721.58,721.15,721.26,88411,QQQ
2026-07-14 14:30:00-04:00,721.26,721.5259,721.1,721.47,121028,QQQ
2026-07-14 14:35:00-04:00,721.4994,721.65,720.79,721.18,199865,QQQ
2026-07-14 14:40:00-04:00,721.185,721.19,720.07,720.6,605737,QQQ
2026-07-14 14:45:00-04:00,720.62,720.91,720.39,720.42,114841,QQQ
2026-07-14 14:50:00-04:00,720.41,721.05,720.35,720.9,108464,QQQ
2026-07-14 14:55:00-04:00,720.87,720.88,720.5,720.62,84890,QQQ
2026-07-14 15:00:00-04:00,720.59,720.77,719.87,719.9799,246541,QQQ
2026-07-14 15:05:00-04:00,719.96,720.11,719.525,719.75,328839,QQQ
2026-07-14 15:10:00-04:00,719.76,720.57,719.64,720.41,282849,QQQ
2026-07-14 15:15:00-04:00,720.38,720.67,720.07,720.5494,198737,QQQ
2026-07-14 15:20:00-04:00,720.48,720.9,720.304,720.88,186064,QQQ
2026-07-14 15:25:00-04:00,720.83,720.875,719.94,719.95,196267,QQQ
2026-07-14 15:30:00-04:00,719.98,720.105,719.29,720.04,419113,QQQ
2026-07-14 15:35:00-04:00,720.01,720.25,719.71,719.83,403607,QQQ
2026-07-14 15:40:00-04:00,719.8,720.4,719.75,720.26,152301,QQQ
2026-07-14 15:45:00-04:00,720.28,720.58,720.2,720.52,205956,QQQ
2026-07-14 15:50:00-04:00,720.52,720.8395,719.9806,720.11,413572,QQQ
2026-07-14 15:55:00-04:00,720.09,720.37,719.48,719.68,1067759,QQQ
2026-07-15 09:30:00-04:00,723.94,724.35,722.78,723.76,1715582,QQQ
2026-07-15 09:35:00-04:00,723.79,724.0794,721.33,722.05,466549,QQQ
2026-07-15 09:40:00-04:00,722.0415,722.085,720.83,720.87,413458,QQQ
2026-07-15 09:45:00-04:00,720.86,721.17,719.5,719.67,787000,QQQ
2026-07-15 09:50:00-04:00,719.715,720.16,718.93,720.06,527346,QQQ
2026-07-15 09:55:00-04:00,720.0491,720.64,719.65,720.632,792956,QQQ
2026-07-15 10:00:00-04:00,720.7,721.77,720.66,721.1495,363350,QQQ
2026-07-15 10:05:00-04:00,721.12,722.2801,720.75,721.545,337393,QQQ
2026-07-15 10:10:00-04:00,721.5009,721.8,720.22,720.22,324064,QQQ
2026-07-15 10:15:00-04:00,720.21,720.7593,719.775,720.015,293928,QQQ
2026-07-15 10:20:00-04:00,720.0246,720.09,716.57,717.0205,749449,QQQ
2026-07-15 10:25:00-04:00,717.05,718.34,716.206,718.215,725118,QQQ
2026-07-15 10:30:00-04:00,718.25,718.53,716.4,717.39,374243,QQQ
2026-07-15 10:35:00-04:00,717.3801,717.7,714.96,715.315,693825,QQQ
2026-07-15 10:40:00-04:00,715.28,715.78,713.72,715.25,552785,QQQ
2026-07-15 10:45:00-04:00,715.24,716.305,714.33,716.23,450203,QQQ
2026-07-15 10:50:00-04:00,716.21,716.24,714.73,715.24,289676,QQQ
2026-07-15 10:55:00-04:00,715.25,716.01,714.86,715.96,704172,QQQ
2026-07-15 11:00:00-04:00,716.0,716.21,714.79,714.9697,261492,QQQ
2026-07-15 11:05:00-04:00,714.95,716.54,714.72,716.46,250779,QQQ
2026-07-15 11:10:00-04:00,716.465,716.6999,714.91,715.015,293786,QQQ
2026-07-15 11:15:00-04:00,715.0,715.42,713.584,715.4,465530,QQQ
2026-07-15 11:20:00-04:00,715.395,715.395,713.81,714.72,305140,QQQ
2026-07-15 11:25:00-04:00,714.73,716.21,714.525,716.21,280190,QQQ
2026-07-15 11:30:00-04:00,716.17,716.5399,715.53,716.08,260808,QQQ
2026-07-15 11:35:00-04:00,716.02,716.4599,715.0,716.29,230530,QQQ
2026-07-15 11:40:00-04:00,716.375,716.55,715.36,715.58,214652,QQQ
2026-07-15 11:45:00-04:00,715.58,715.6,714.7109,715.11,252950,QQQ
2026-07-15 11:50:00-04:00,715.095,715.12,714.27,714.78,184870,QQQ
2026-07-15 11:55:00-04:00,714.78,714.9,714.3701,714.74,113911,QQQ
2026-07-15 12:00:00-04:00,714.71,715.14,713.1901,713.5501,399639,QQQ
2026-07-15 12:05:00-04:00,713.56,713.59,712.28,713.14,553576,QQQ
2026-07-15 12:10:00-04:00,713.14,713.29,712.07,712.14,655480,QQQ
2026-07-15 12:15:00-04:00,712.13,712.6699,711.88,712.11,516040,QQQ
2026-07-15 12:20:00-04:00,712.105,712.31,711.08,711.32,893486,QQQ
2026-07-15 12:25:00-04:00,711.32,711.95,711.145,711.845,441729,QQQ
2026-07-15 12:30:00-04:00,711.82,712.345,710.999,711.1499,332901,QQQ
2026-07-15 12:35:00-04:00,711.16,711.18,710.53,710.73,526680,QQQ
2026-07-15 12:40:00-04:00,710.713,711.4962,710.23,711.44,328501,QQQ
2026-07-15 12:45:00-04:00,711.44,713.65,711.18,712.19,586963,QQQ
2026-07-15 12:50:00-04:00,712.15,713.17,712.15,712.6,239655,QQQ
2026-07-15 12:55:00-04:00,712.635,713.02,711.81,713.02,297038,QQQ
2026-07-15 13:00:00-04:00,713.02,713.7,712.58,713.381,319553,QQQ
2026-07-15 13:05:00-04:00,713.395,714.19,713.25,713.935,205332,QQQ
2026-07-15 13:10:00-04:00,713.93,714.1797,713.4888,713.5,168613,QQQ
2026-07-15 13:15:00-04:00,713.5035,714.81,713.41,714.7001,203555,QQQ
2026-07-15 13:20:00-04:00,714.7,715.07,714.36,714.86,219153,QQQ
2026-07-15 13:25:00-04:00,714.88,715.33,714.51,715.26,967730,QQQ
2026-07-15 13:30:00-04:00,715.28,715.78,715.26,715.66,318637,QQQ
2026-07-15 13:35:00-04:00,715.66,715.93,715.33,715.8858,190186,QQQ
2026-07-15 13:40:00-04:00,715.8801,716.04,715.65,715.91,151716,QQQ
2026-07-15 13:45:00-04:00,715.95,717.12,715.74,717.02,263002,QQQ
2026-07-15 13:50:00-04:00,717.03,717.7,716.8252,717.62,397344,QQQ
2026-07-15 13:55:00-04:00,717.6,717.66,717.0956,717.2,267018,QQQ
2026-07-15 14:00:00-04:00,717.2564,717.89,717.13,717.601,252358,QQQ
2026-07-15 14:05:00-04:00,717.55,718.17,717.51,718.045,219691,QQQ
2026-07-15 14:10:00-04:00,718.05,718.28,717.95,717.9799,196260,QQQ
2026-07-15 14:15:00-04:00,717.95,717.95,717.2,717.695,251139,QQQ
2026-07-15 14:20:00-04:00,717.68,718.59,717.65,718.43,171704,QQQ
2026-07-15 14:25:00-04:00,718.45,718.48,718.0743,718.1695,166284,QQQ
2026-07-15 14:30:00-04:00,718.17,718.43,718.02,718.161,118599,QQQ
2026-07-15 14:35:00-04:00,718.15,718.15,717.315,717.315,154494,QQQ
2026-07-15 14:40:00-04:00,717.325,717.6699,716.6,716.68,222691,QQQ
2026-07-15 14:45:00-04:00,716.67,716.76,716.0,716.235,249562,QQQ
2026-07-15 14:50:00-04:00,716.23,716.36,715.3,715.805,294699,QQQ
2026-07-15 14:55:00-04:00,715.8,716.035,715.05,715.46,293943,QQQ
2026-07-15 15:00:00-04:00,715.48,716.67,715.29,716.57,444756,QQQ
2026-07-15 15:05:00-04:00,716.58,716.87,715.97,716.105,337933,QQQ
2026-07-15 15:10:00-04:00,716.075,716.51,715.94,716.2601,214451,QQQ
2026-07-15 15:15:00-04:00,716.275,716.355,715.58,715.58,128958,QQQ
2026-07-15 15:20:00-04:00,715.57,715.6,715.0,715.25,239557,QQQ
2026-07-15 15:25:00-04:00,715.22,716.22,714.9205,716.22,141993,QQQ
2026-07-15 15:30:00-04:00,716.25,716.85,715.55,715.79,517797,QQQ
2026-07-15 15:35:00-04:00,715.81,716.66,715.46,716.57,201413,QQQ
2026-07-15 15:40:00-04:00,716.5501,717.5325,716.535,717.29,356104,QQQ
2026-07-15 15:45:00-04:00,717.23,717.32,716.42,716.535,238297,QQQ
2026-07-15 15:50:00-04:00,716.54,717.41,716.54,717.16,455229,QQQ
2026-07-15 15:55:00-04:00,717.2,717.84,717.2,717.69,1075877,QQQ
2026-07-16 09:30:00-04:00,712.0,713.595,711.2,711.215,2453922,QQQ
2026-07-16 09:35:00-04:00,711.44,712.17,709.93,710.1,813479,QQQ
2026-07-16 09:40:00-04:00,710.1182,711.24,708.23,708.39,777343,QQQ
2026-07-16 09:45:00-04:00,708.41,709.02,707.2,707.37,697809,QQQ
2026-07-16 09:50:00-04:00,707.34,709.33,707.21,707.83,584572,QQQ
2026-07-16 09:55:00-04:00,707.8,709.46,707.0,709.175,514466,QQQ
2026-07-16 10:00:00-04:00,709.09,710.8699,708.65,710.43,583922,QQQ
2026-07-16 10:05:00-04:00,710.45,712.765,710.08,712.38,506752,QQQ
2026-07-16 10:10:00-04:00,712.38,712.69,711.61,712.085,369519,QQQ
2026-07-16 10:15:00-04:00,712.13,712.9,711.55,712.442,421958,QQQ
2026-07-16 10:20:00-04:00,712.49,712.6299,710.41,711.47,295712,QQQ
2026-07-16 10:25:00-04:00,711.36,712.56,710.6111,712.47,226662,QQQ
2026-07-16 10:30:00-04:00,712.475,712.48,711.41,711.99,309812,QQQ
2026-07-16 10:35:00-04:00,711.935,713.07,711.61,711.79,242185,QQQ
2026-07-16 10:40:00-04:00,711.8356,712.17,711.12,711.995,231679,QQQ
2026-07-16 10:45:00-04:00,712.01,712.31,711.43,711.44,169929,QQQ
2026-07-16 10:50:00-04:00,711.39,711.5,709.9362,710.24,353504,QQQ
2026-07-16 10:55:00-04:00,710.205,711.35,709.59,711.265,460643,QQQ
2026-07-16 11:00:00-04:00,711.41,711.86,710.59,710.725,212310,QQQ
2026-07-16 11:05:00-04:00,710.56,710.67,709.66,710.29,275133,QQQ
2026-07-16 11:10:00-04:00,710.26,710.4899,708.92,709.45,350222,QQQ
2026-07-16 11:15:00-04:00,709.44,710.22,708.96,710.22,339347,QQQ
2026-07-16 11:20:00-04:00,710.24,710.25,709.26,710.16,243800,QQQ
2026-07-16 11:25:00-04:00,710.135,711.66,710.095,710.595,316621,QQQ
2026-07-16 11:30:00-04:00,710.585,711.4,709.73,711.4,259367,QQQ
2026-07-16 11:35:00-04:00,711.34,712.02,710.79,711.81,299371,QQQ
2026-07-16 11:40:00-04:00,711.75,711.85,709.97,710.35,181912,QQQ
2026-07-16 11:45:00-04:00,710.29,710.33,709.35,710.22,290820,QQQ
2026-07-16 11:50:00-04:00,710.22,711.28,710.2001,710.91,255885,QQQ
2026-07-16 11:55:00-04:00,710.85,710.9,709.8,710.22,136476,QQQ
2026-07-16 12:00:00-04:00,710.25,710.3,708.83,708.96,399237,QQQ
2026-07-16 12:05:00-04:00,708.96,709.3255,708.34,708.975,342495,QQQ
2026-07-16 12:10:00-04:00,708.9057,708.9465,707.76,707.8814,1400993,QQQ
2026-07-16 12:15:00-04:00,707.84,708.31,707.53,707.98,328229,QQQ
2026-07-16 12:20:00-04:00,707.95,707.95,707.12,707.5103,552748,QQQ
2026-07-16 12:25:00-04:00,707.51,717.74,707.26,707.96,465129,QQQ
2026-07-16 12:30:00-04:00,707.97,708.93,707.84,708.37,273955,QQQ
2026-07-16 12:35:00-04:00,708.3113,708.48,707.7301,707.79,176584,QQQ
2026-07-16 12:40:00-04:00,707.825,708.52,707.64,707.85,369695,QQQ
2026-07-16 12:45:00-04:00,707.8,708.14,707.275,707.56,234530,QQQ
2026-07-16 12:50:00-04:00,707.59,708.6,707.341,708.49,222879,QQQ
2026-07-16 12:55:00-04:00,708.49,709.2,708.47,708.8671,271776,QQQ
2026-07-16 13:00:00-04:00,708.93,708.94,707.62,708.365,203774,QQQ
2026-07-16 13:05:00-04:00,708.31,708.765,707.64,708.54,179475,QQQ
2026-07-16 13:10:00-04:00,708.54,708.75,707.6078,707.675,124379,QQQ
2026-07-16 13:15:00-04:00,707.7177,708.19,707.42,707.89,227856,QQQ
2026-07-16 13:20:00-04:00,707.93,708.09,707.47,707.48,164900,QQQ
2026-07-16 13:25:00-04:00,707.45,708.98,707.35,708.74,503578,QQQ
2026-07-16 13:30:00-04:00,708.79,709.01,707.53,707.7,152363,QQQ
2026-07-16 13:35:00-04:00,707.7,707.88,707.18,707.25,279945,QQQ
2026-07-16 13:40:00-04:00,707.25,707.25,706.31,706.59,517596,QQQ
2026-07-16 13:45:00-04:00,706.6,707.1799,706.04,706.935,326585,QQQ
2026-07-16 13:50:00-04:00,706.94,707.18,706.44,706.8299,218264,QQQ
2026-07-16 13:55:00-04:00,706.8,706.81,706.12,706.61,484258,QQQ
2026-07-16 14:00:00-04:00,706.59,706.98,706.26,706.36,218364,QQQ
2026-07-16 14:05:00-04:00,706.35,706.71,706.06,706.3606,939670,QQQ
2026-07-16 14:10:00-04:00,706.37,707.4334,706.34,706.36,405461,QQQ
2026-07-16 14:15:00-04:00,706.3799,707.3963,706.0,707.19,235986,QQQ
2026-07-16 14:20:00-04:00,707.19,708.06,707.13,707.73,237041,QQQ
2026-07-16 14:25:00-04:00,707.72,707.9856,707.03,707.21,146046,QQQ
2026-07-16 14:30:00-04:00,707.1,707.1,706.48,706.63,682905,QQQ
2026-07-16 14:35:00-04:00,706.56,706.5601,706.05,706.1508,549707,QQQ
2026-07-16 14:40:00-04:00,706.17,706.7355,705.5,706.46,291593,QQQ
2026-07-16 14:45:00-04:00,706.365,706.81,706.09,706.57,202442,QQQ
2026-07-16 14:50:00-04:00,706.57,706.75,705.805,705.82,237514,QQQ
2026-07-16 14:55:00-04:00,705.82,706.08,705.54,705.81,240572,QQQ
2026-07-16 15:00:00-04:00,705.77,706.56,705.6,706.2106,349657,QQQ
2026-07-16 15:05:00-04:00,706.2001,706.515,705.05,705.15,506378,QQQ
2026-07-16 15:10:00-04:00,705.11,705.44,704.93,705.1,514759,QQQ
2026-07-16 15:15:00-04:00,705.07,705.17,704.22,704.6438,434686,QQQ
2026-07-16 15:20:00-04:00,704.62,705.08,704.24,704.31,514583,QQQ
2026-07-16 15:25:00-04:00,704.32,704.6,703.59,704.29,410838,QQQ
2026-07-16 15:30:00-04:00,704.29,704.83,703.5601,704.29,827808,QQQ
2026-07-16 15:35:00-04:00,704.28,704.63,703.56,704.37,738227,QQQ
2026-07-16 15:40:00-04:00,704.35,704.57,703.57,703.59,830680,QQQ
2026-07-16 15:45:00-04:00,703.6,703.68,702.61,702.92,1301679,QQQ
2026-07-16 15:50:00-04:00,702.93,704.96,702.93,704.91,1141638,QQQ
2026-07-16 15:55:00-04:00,704.93,706.46,704.93,706.02,1795138,QQQ
2026-07-17 09:30:00-04:00,691.63,693.54,690.0,690.2725,4376261,QQQ
2026-07-17 09:35:00-04:00,690.31,690.7,688.0,688.11,1592798,QQQ
2026-07-17 09:40:00-04:00,688.12,689.29,686.76,687.06,1308867,QQQ
2026-07-17 09:45:00-04:00,687.06,689.43,686.8732,688.975,1459064,QQQ
2026-07-17 09:50:00-04:00,688.94,691.74,688.67,691.485,1338104,QQQ
2026-07-17 09:55:00-04:00,691.46,693.41,690.9309,693.35,1149984,QQQ
2026-07-17 10:00:00-04:00,693.355,695.93,693.04,694.33,1384960,QQQ
2026-07-17 10:05:00-04:00,694.37,696.75,694.37,696.57,1241977,QQQ
2026-07-17 10:10:00-04:00,696.6011,697.8399,695.9,696.44,1305029,QQQ
2026-07-17 10:15:00-04:00,696.35,698.38,695.83,697.5001,688122,QQQ
2026-07-17 10:20:00-04:00,697.45,698.17,696.66,697.95,462657,QQQ
2026-07-17 10:25:00-04:00,697.8747,698.42,696.66,697.0299,497621,QQQ
2026-07-17 10:30:00-04:00,697.055,697.45,695.31,696.065,707075,QQQ
2026-07-17 10:35:00-04:00,696.03,698.55,696.0,698.52,479547,QQQ
2026-07-17 10:40:00-04:00,698.5,698.57,696.3988,696.83,362789,QQQ
2026-07-17 10:45:00-04:00,696.76,697.66,695.5,696.04,667159,QQQ
2026-07-17 10:50:00-04:00,696.0,696.5779,695.04,695.36,524755,QQQ
2026-07-17 10:55:00-04:00,695.35,696.4599,694.355,694.47,391816,QQQ
2026-07-17 11:00:00-04:00,694.54,694.8888,693.46,693.57,2277034,QQQ
2026-07-17 11:05:00-04:00,693.52,694.63,693.29,694.5892,485314,QQQ
2026-07-17 11:10:00-04:00,694.55,695.17,693.57,694.0,444149,QQQ
2026-07-17 11:15:00-04:00,693.97,694.95,693.5,694.465,361429,QQQ
2026-07-17 11:20:00-04:00,694.45,694.8617,693.14,693.61,519858,QQQ
2026-07-17 11:25:00-04:00,693.69,695.28,693.59,695.045,499552,QQQ
2026-07-17 11:30:00-04:00,695.135,696.02,694.31,695.14,399723,QQQ
2026-07-17 11:35:00-04:00,695.15,697.0225,694.4722,696.845,354883,QQQ
2026-07-17 11:40:00-04:00,696.81,697.29,695.43,696.195,470054,QQQ
2026-07-17 11:45:00-04:00,696.18,696.94,695.83,696.86,395982,QQQ
2026-07-17 11:50:00-04:00,696.875,698.3,696.3,698.26,708383,QQQ
2026-07-17 11:55:00-04:00,698.29,699.87,698.19,699.49,777962,QQQ
2026-07-17 12:00:00-04:00,699.49,700.05,697.65,698.33,1067000,QQQ
2026-07-17 12:05:00-04:00,698.3349,699.08,697.36,699.08,1216806,QQQ
2026-07-17 12:10:00-04:00,699.08,699.77,698.58,699.67,307305,QQQ
2026-07-17 12:15:00-04:00,699.665,700.05,699.32,699.71,431116,QQQ
2026-07-17 12:20:00-04:00,699.7,699.88,697.85,697.915,454683,QQQ
2026-07-17 12:25:00-04:00,697.915,699.71,697.72,699.0,232801,QQQ
2026-07-17 12:30:00-04:00,698.98,699.4,698.37,698.835,266911,QQQ
2026-07-17 12:35:00-04:00,698.815,699.6685,698.815,699.325,184545,QQQ
2026-07-17 12:40:00-04:00,699.3128,700.41,698.72,700.41,323603,QQQ
2026-07-17 12:45:00-04:00,700.39,701.14,700.21,701.02,455369,QQQ
2026-07-17 12:50:00-04:00,701.08,701.76,700.7,701.37,1011339,QQQ
2026-07-17 12:55:00-04:00,701.35,701.57,700.22,700.5,546864,QQQ
2026-07-17 13:00:00-04:00,700.53,701.9207,700.335,701.39,322363,QQQ
2026-07-17 13:05:00-04:00,701.35,702.08,701.18,701.94,524307,QQQ
2026-07-17 13:10:00-04:00,701.95,702.3,701.0002,701.005,244159,QQQ
2026-07-17 13:15:00-04:00,701.12,702.15,700.83,701.19,386992,QQQ
2026-07-17 13:20:00-04:00,701.19,701.225,700.65,700.9,354034,QQQ
2026-07-17 13:25:00-04:00,700.89,702.12,700.88,702.0,507741,QQQ
2026-07-17 13:30:00-04:00,701.99,702.15,701.4517,701.57,250212,QQQ
2026-07-17 13:35:00-04:00,701.58,701.665,700.46,700.67,359632,QQQ
2026-07-17 13:40:00-04:00,700.66,700.7,699.75,699.9299,430227,QQQ
2026-07-17 13:45:00-04:00,699.9,700.35,699.66,700.12,139469,QQQ
2026-07-17 13:50:00-04:00,700.2,700.3,699.11,699.16,170774,QQQ
2026-07-17 13:55:00-04:00,699.22,699.2994,698.28,698.6001,230001,QQQ
2026-07-17 14:00:00-04:00,698.64,699.53,698.27,698.8699,643833,QQQ
2026-07-17 14:05:00-04:00,698.77,698.77,697.95,697.99,221776,QQQ
2026-07-17 14:10:00-04:00,698.0035,698.24,697.61,697.7501,573027,QQQ
2026-07-17 14:15:00-04:00,697.77,697.91,697.0,697.39,484427,QQQ
2026-07-17 14:20:00-04:00,697.37,697.72,696.85,697.13,610841,QQQ
2026-07-17 14:25:00-04:00,697.09,697.57,696.77,697.52,245816,QQQ
2026-07-17 14:30:00-04:00,697.5,698.42,696.84,697.25,307690,QQQ
2026-07-17 14:35:00-04:00,697.25,697.53,696.96,697.12,151796,QQQ
2026-07-17 14:40:00-04:00,697.2,697.23,696.12,696.4,500083,QQQ
2026-07-17 14:45:00-04:00,696.4,697.82,696.14,697.33,383820,QQQ
2026-07-17 14:50:00-04:00,697.3,698.17,696.95,698.1566,307048,QQQ
2026-07-17 14:55:00-04:00,698.1696,698.25,697.48,697.7,154764,QQQ
2026-07-17 15:00:00-04:00,697.69,697.85,696.94,697.4,186019,QQQ
2026-07-17 15:05:00-04:00,697.51,697.62,696.43,696.58,202613,QQQ
2026-07-17 15:10:00-04:00,696.58,696.67,695.19,695.25,373846,QQQ
2026-07-17 15:15:00-04:00,695.2,695.5887,694.6,695.46,668896,QQQ
2026-07-17 15:20:00-04:00,695.42,695.42,694.61,694.61,391676,QQQ
2026-07-17 15:25:00-04:00,694.6,696.3,694.23,696.09,481810,QQQ
2026-07-17 15:30:00-04:00,696.12,697.25,696.04,696.24,633250,QQQ
2026-07-17 15:35:00-04:00,696.23,696.81,695.4,695.405,339920,QQQ
2026-07-17 15:40:00-04:00,695.41,696.4,695.08,696.09,482736,QQQ
2026-07-17 15:45:00-04:00,696.08,696.9,695.87,696.82,620413,QQQ
2026-07-17 15:50:00-04:00,696.88,697.5,696.46,697.09,895357,QQQ
2026-07-17 15:55:00-04:00,697.11,697.35,695.17,695.3,1291760,QQQ
2026-07-20 09:30:00-04:00,702.26,704.4,701.78,704.355,2604370,QQQ
2026-07-20 09:35:00-04:00,704.44,705.1695,704.06,704.2,708179,QQQ
2026-07-20 09:40:00-04:00,704.23,705.55,704.125,705.48,554405,QQQ
2026-07-20 09:45:00-04:00,705.49,705.8,703.92,704.01,711797,QQQ
2026-07-20 09:50:00-04:00,704.02,704.35,701.87,702.79,705835,QQQ
2026-07-20 09:55:00-04:00,702.66,702.8,700.66,701.09,613732,QQQ
2026-07-20 10:00:00-04:00,701.1,702.36,700.27,701.69,598985,QQQ
2026-07-20 10:05:00-04:00,701.66,701.85,700.77,701.38,528463,QQQ
2026-07-20 10:10:00-04:00,701.36,701.36,699.685,700.5,529147,QQQ
2026-07-20 10:15:00-04:00,700.5,701.27,699.6771,700.2199,417793,QQQ
2026-07-20 10:20:00-04:00,700.18,700.8,698.91,700.4,442766,QQQ
2026-07-20 10:25:00-04:00,700.38,701.93,700.3,701.895,298448,QQQ
2026-07-20 10:30:00-04:00,701.88,702.36,700.74,701.24,296518,QQQ
2026-07-20 10:35:00-04:00,701.22,701.81,700.5001,700.945,214997,QQQ
2026-07-20 10:40:00-04:00,700.99,701.55,700.03,700.34,238003,QQQ
2026-07-20 10:45:00-04:00,700.27,701.24,699.38,699.44,303363,QQQ
2026-07-20 10:50:00-04:00,699.34,699.865,698.69,699.04,301448,QQQ
2026-07-20 10:55:00-04:00,698.98,699.42,698.11,698.54,449166,QQQ
2026-07-20 11:00:00-04:00,698.51,700.07,698.08,699.4,386469,QQQ
2026-07-20 11:05:00-04:00,699.2879,700.8099,698.355,700.8,234955,QQQ
2026-07-20 11:10:00-04:00,700.79,700.89,699.58,699.79,170944,QQQ
2026-07-20 11:15:00-04:00,699.905,701.03,699.41,700.45,191660,QQQ
2026-07-20 11:20:00-04:00,700.465,701.72,700.1305,701.185,258307,QQQ
2026-07-20 11:25:00-04:00,701.19,701.575,700.42,701.54,186667,QQQ
2026-07-20 11:30:00-04:00,701.5405,701.8634,701.3962,701.645,347688,QQQ
2026-07-20 11:35:00-04:00,701.65,701.79,701.1,701.11,130784,QQQ
2026-07-20 11:40:00-04:00,701.14,701.95,700.8,701.79,153646,QQQ
2026-07-20 11:45:00-04:00,701.81,701.89,700.61,700.7997,273992,QQQ
2026-07-20 11:50:00-04:00,700.78,702.48,700.54,702.205,193599,QQQ
2026-07-20 11:55:00-04:00,702.25,702.69,702.22,702.38,203834,QQQ
2026-07-20 12:00:00-04:00,702.4099,702.8,701.8354,702.7299,170300,QQQ
2026-07-20 12:05:00-04:00,702.73,703.72,702.7278,703.67,252763,QQQ
2026-07-20 12:10:00-04:00,703.67,704.02,703.47,703.72,246478,QQQ
2026-07-20 12:15:00-04:00,703.79,703.82,703.21,703.65,200778,QQQ
2026-07-20 12:20:00-04:00,703.69,703.85,703.42,703.545,252592,QQQ
2026-07-20 12:25:00-04:00,703.58,703.68,702.82,703.1874,502728,QQQ
2026-07-20 12:30:00-04:00,703.26,703.54,702.21,702.25,625664,QQQ
2026-07-20 12:35:00-04:00,702.23,702.95,702.19,702.935,102010,QQQ
2026-07-20 12:40:00-04:00,702.935,703.14,700.31,701.3,499745,QQQ
2026-07-20 12:45:00-04:00,701.22,702.4,700.99,702.38,362869,QQQ
2026-07-20 12:50:00-04:00,702.37,702.3999,700.585,700.6301,180292,QQQ
2026-07-20 12:55:00-04:00,700.59,700.91,700.14,700.82,565970,QQQ
2026-07-20 13:00:00-04:00,700.79,701.16,700.11,700.25,138182,QQQ
2026-07-20 13:05:00-04:00,700.2301,700.4399,699.675,700.32,135149,QQQ
2026-07-20 13:10:00-04:00,700.36,700.46,699.295,699.405,168988,QQQ
2026-07-20 13:15:00-04:00,699.37,700.2,699.03,700.14,210654,QQQ
2026-07-20 13:20:00-04:00,700.07,700.58,699.7801,700.15,217426,QQQ
2026-07-20 13:25:00-04:00,700.12,700.525,699.83,700.153,127062,QQQ
2026-07-20 13:30:00-04:00,700.16,700.42,699.88,700.13,110006,QQQ
2026-07-20 13:35:00-04:00,700.13,700.5154,699.77,699.8109,123102,QQQ
2026-07-20 13:40:00-04:00,699.86,699.89,698.8,699.03,171098,QQQ
2026-07-20 13:45:00-04:00,699.015,700.1084,698.99,699.89,108379,QQQ
2026-07-20 13:50:00-04:00,699.8201,700.74,699.7941,700.46,149155,QQQ
2026-07-20 13:55:00-04:00,700.4121,700.4447,699.7637,700.1499,130872,QQQ
2026-07-20 14:00:00-04:00,700.27,701.0,700.2696,700.47,552736,QQQ
2026-07-20 14:05:00-04:00,700.48,700.9099,700.15,700.9099,152589,QQQ
2026-07-20 14:10:00-04:00,700.925,701.22,700.635,700.9901,98113,QQQ
2026-07-20 14:15:00-04:00,700.99,701.39,700.705,701.0,108751,QQQ
2026-07-20 14:20:00-04:00,701.03,701.073,699.7392,699.7392,187026,QQQ
2026-07-20 14:25:00-04:00,699.76,700.5,699.56,699.9347,130101,QQQ
2026-07-20 14:30:00-04:00,699.95,699.9599,698.66,698.94,0,QQQ
2026-07-20 14:35:00-04:00,698.91,699.9,698.71,698.9249,176445,QQQ
2026-07-20 14:40:00-04:00,698.95,699.07,697.8,697.81,413072,QQQ
2026-07-20 14:45:00-04:00,697.8306,698.56,697.73,698.12,266213,QQQ
2026-07-20 14:50:00-04:00,698.09,698.79,697.91,698.605,248628,QQQ
2026-07-20 14:55:00-04:00,698.59,698.71,697.72,698.07,168446,QQQ
2026-07-20 15:00:00-04:00,698.09,698.68,697.27,697.465,377000,QQQ
2026-07-20 15:05:00-04:00,697.475,697.75,697.13,697.525,478565,QQQ
2026-07-20 15:10:00-04:00,697.52,698.25,696.54,696.56,332799,QQQ
2026-07-20 15:15:00-04:00,696.5748,697.19,696.26,696.72,428707,QQQ
2026-07-20 15:20:00-04:00,696.73,697.1596,696.3,696.965,246184,QQQ
2026-07-20 15:25:00-04:00,696.98,698.0,696.32,697.68,401504,QQQ
2026-07-20 15:30:00-04:00,697.71,698.34,697.2,697.98,446093,QQQ
2026-07-20 15:35:00-04:00,697.96,698.08,697.245,697.84,238182,QQQ
2026-07-20 15:40:00-04:00,697.77,698.5992,697.64,697.9,317073,QQQ
2026-07-20 15:45:00-04:00,697.95,698.2582,697.32,697.92,248604,QQQ
2026-07-20 15:50:00-04:00,697.89,697.89,696.14,696.41,890879,QQQ
2026-07-20 15:55:00-04:00,696.42,696.5,695.51,695.99,1802771,QQQ
2026-07-21 09:30:00-04:00,706.68,707.13,704.45,704.785,2480614,QQQ
2026-07-21 09:35:00-04:00,704.72,706.64,704.5688,705.825,556460,QQQ
2026-07-21 09:40:00-04:00,705.8,705.845,704.39,704.71,718384,QQQ
2026-07-21 09:45:00-04:00,704.71,704.92,703.55,704.685,436199,QQQ
2026-07-21 09:50:00-04:00,704.72,705.5099,704.1,704.66,387712,QQQ
2026-07-21 09:55:00-04:00,704.645,705.19,703.505,704.9,318669,QQQ
2026-07-21 10:00:00-04:00,704.97,705.75,703.34,704.0021,427488,QQQ
2026-07-21 10:05:00-04:00,703.943,704.585,703.05,703.24,389369,QQQ
2026-07-21 10:10:00-04:00,703.155,704.5438,702.81,704.37,409577,QQQ
2026-07-21 10:15:00-04:00,704.3499,705.14,702.9,705.01,320088,QQQ
2026-07-21 10:20:00-04:00,705.01,705.36,703.9899,704.79,721975,QQQ
2026-07-21 10:25:00-04:00,704.82,706.45,704.6405,706.23,376801,QQQ
2026-07-21 10:30:00-04:00,706.22,706.7779,706.12,706.5,333691,QQQ
2026-07-21 10:35:00-04:00,706.51,707.0,705.76,706.12,459126,QQQ
2026-07-21 10:40:00-04:00,706.11,706.7,705.2,706.66,235676,QQQ
2026-07-21 10:45:00-04:00,706.71,707.4,706.33,706.74,325904,QQQ
2026-07-21 10:50:00-04:00,706.73,706.95,706.31,706.75,192996,QQQ
2026-07-21 10:55:00-04:00,706.81,707.08,706.34,707.0,232647,QQQ
2026-07-21 11:00:00-04:00,706.98,707.14,705.88,706.1,232919,QQQ
2026-07-21 11:05:00-04:00,706.08,708.01,705.65,707.84,329002,QQQ
2026-07-21 11:10:00-04:00,707.87,708.45,707.77,708.29,299550,QQQ
2026-07-21 11:15:00-04:00,708.31,708.45,708.03,708.12,275704,QQQ
2026-07-21 11:20:00-04:00,708.07,708.72,707.835,708.53,327754,QQQ
2026-07-21 11:25:00-04:00,708.5,708.99,708.46,708.69,282350,QQQ
2026-07-21 11:30:00-04:00,708.66,708.68,707.75,708.41,236230,QQQ
2026-07-21 11:35:00-04:00,708.43,708.66,707.9,707.945,222144,QQQ
2026-07-21 11:40:00-04:00,707.9299,708.08,707.51,707.58,219500,QQQ
2026-07-21 11:45:00-04:00,707.56,708.3,707.53,708.26,282318,QQQ
2026-07-21 11:50:00-04:00,708.28,708.5,707.895,707.91,149738,QQQ
2026-07-21 11:55:00-04:00,707.91,708.11,707.48,707.5203,227847,QQQ
2026-07-21 12:00:00-04:00,707.5925,708.61,707.43,708.5901,215476,QQQ
2026-07-21 12:05:00-04:00,708.59,709.1,708.5,708.74,207325,QQQ
2026-07-21 12:10:00-04:00,708.74,708.84,708.45,708.54,309381,QQQ
2026-07-21 12:15:00-04:00,708.59,709.0,708.56,708.9,367900,QQQ
2026-07-21 12:20:00-04:00,708.9,709.41,708.855,709.13,279301,QQQ
2026-07-21 12:25:00-04:00,709.12,709.27,708.655,708.83,275085,QQQ
2026-07-21 12:30:00-04:00,708.85,709.07,708.63,708.8623,323300,QQQ
2026-07-21 12:35:00-04:00,708.91,709.3,708.75,709.28,434791,QQQ
2026-07-21 12:40:00-04:00,709.27,709.385,708.865,709.0,240796,QQQ
2026-07-21 12:45:00-04:00,709.0,709.22,708.83,709.1001,169676,QQQ
2026-07-21 12:50:00-04:00,709.115,709.69,709.09,709.68,277272,QQQ
2026-07-21 12:55:00-04:00,709.6701,709.79,709.29,709.3,211916,QQQ
2026-07-21 13:00:00-04:00,709.3,709.75,709.29,709.69,558285,QQQ
2026-07-21 13:05:00-04:00,709.69,709.88,709.61,709.67,257628,QQQ
2026-07-21 13:10:00-04:00,709.695,709.74,709.3037,709.36,309756,QQQ
2026-07-21 13:15:00-04:00,709.37,709.61,709.23,709.28,171659,QQQ
2026-07-21 13:20:00-04:00,709.26,709.49,709.16,709.24,170098,QQQ
2026-07-21 13:25:00-04:00,709.29,709.41,709.09,709.315,102094,QQQ
2026-07-21 13:30:00-04:00,709.33,709.76,709.2,709.4,177848,QQQ
2026-07-21 13:35:00-04:00,709.415,709.745,709.31,709.65,122408,QQQ
2026-07-21 13:40:00-04:00,709.66,709.68,709.36,709.53,235370,QQQ
2026-07-21 13:45:00-04:00,709.55,709.9098,709.345,709.9055,128517,QQQ
2026-07-21 13:50:00-04:00,709.91,710.05,709.58,709.61,186956,QQQ
2026-07-21 13:55:00-04:00,709.6163,709.685,709.33,709.53,251497,QQQ
2026-07-21 14:00:00-04:00,709.54,709.86,709.47,709.6,495719,QQQ
2026-07-21 14:05:00-04:00,709.56,710.03,709.55,709.77,364938,QQQ
2026-07-21 14:10:00-04:00,709.77,709.795,709.441,709.49,252064,QQQ
2026-07-21 14:15:00-04:00,709.49,709.5794,709.36,709.47,134026,QQQ
2026-07-21 14:20:00-04:00,709.4895,709.62,709.28,709.53,201869,QQQ
2026-07-21 14:25:00-04:00,709.51,709.52,709.03,709.16,204173,QQQ
2026-07-21 14:30:00-04:00,709.15,709.25,708.8,708.93,224485,QQQ
2026-07-21 14:35:00-04:00,708.96,709.4,708.93,709.21,145291,QQQ
2026-07-21 14:40:00-04:00,709.21,709.72,709.02,709.7,313939,QQQ
2026-07-21 14:45:00-04:00,709.7,709.89,709.389,709.53,282657,QQQ
2026-07-21 14:50:00-04:00,709.51,709.57,709.11,709.11,125108,QQQ
2026-07-21 14:55:00-04:00,709.125,709.32,708.95,709.2299,163466,QQQ
2026-07-21 15:00:00-04:00,709.23,709.4,708.8,708.995,332178,QQQ
2026-07-21 15:05:00-04:00,708.9594,709.17,708.6602,708.7797,163452,QQQ
2026-07-21 15:10:00-04:00,708.78,708.9578,708.635,708.75,137416,QQQ
2026-07-21 15:15:00-04:00,708.74,709.0,708.6405,708.9151,127667,QQQ
2026-07-21 15:20:00-04:00,708.9,708.98,708.7,708.78,101141,QQQ
2026-07-21 15:25:00-04:00,708.75,708.83,708.33,708.39,184071,QQQ
2026-07-21 15:30:00-04:00,708.42,708.819,708.33,708.7,205810,QQQ
2026-07-21 15:35:00-04:00,708.69,709.31,708.67,709.18,506189,QQQ
2026-07-21 15:40:00-04:00,709.18,709.54,709.07,709.47,635640,QQQ
2026-07-21 15:45:00-04:00,709.45,709.55,709.2,709.5315,298352,QQQ
2026-07-21 15:50:00-04:00,709.52,709.86,708.96,709.52,1315666,QQQ
2026-07-21 15:55:00-04:00,709.53,709.74,708.65,708.95,3741788,QQQ
2026-07-22 09:30:00-04:00,704.35,705.35,703.64,705.075,2873966,QQQ
2026-07-22 09:35:00-04:00,705.1,705.39,704.16,705.1838,552849,QQQ
2026-07-22 09:40:00-04:00,705.19,705.9,704.6037,705.725,733103,QQQ
2026-07-22 09:45:00-04:00,705.72,706.67,705.245,705.57,624933,QQQ
2026-07-22 09:50:00-04:00,705.6,707.21,705.1,707.159,404267,QQQ
2026-07-22 09:55:00-04:00,707.11,708.1,706.95,708.1,567464,QQQ
2026-07-22 10:00:00-04:00,708.09,708.24,707.175,707.625,479548,QQQ
2026-07-22 10:05:00-04:00,707.64,708.109,706.75,706.81,330029,QQQ
2026-07-22 10:10:00-04:00,706.8,707.74,706.64,707.09,288865,QQQ
2026-07-22 10:15:00-04:00,707.08,707.5,706.16,707.49,352058,QQQ
2026-07-22 10:20:00-04:00,707.46,707.99,706.22,706.66,312308,QQQ
2026-07-22 10:25:00-04:00,706.65,707.0,706.28,706.7099,288967,QQQ
2026-07-22 10:30:00-04:00,706.69,707.66,706.48,706.66,317243,QQQ
2026-07-22 10:35:00-04:00,706.67,707.3101,706.4184,706.73,307138,QQQ
2026-07-22 10:40:00-04:00,706.69,707.0,705.58,705.9,526419,QQQ
2026-07-22 10:45:00-04:00,705.87,706.95,705.62,706.82,246562,QQQ
2026-07-22 10:50:00-04:00,706.8,706.865,705.93,706.23,172918,QQQ
2026-07-22 10:55:00-04:00,706.22,707.29,705.84,707.19,208421,QQQ
2026-07-22 11:00:00-04:00,707.2,708.03,707.2,707.93,351748,QQQ
2026-07-22 11:05:00-04:00,707.92,708.7,707.73,708.46,273520,QQQ
2026-07-22 11:10:00-04:00,708.4321,708.96,708.37,708.794,263494,QQQ
2026-07-22 11:15:00-04:00,708.8,708.97,708.44,708.86,279507,QQQ
2026-07-22 11:20:00-04:00,708.86,709.28,708.5503,709.18,247489,QQQ
2026-07-22 11:25:00-04:00,709.14,709.6473,709.1201,709.23,275219,QQQ
2026-07-22 11:30:00-04:00,709.24,709.47,708.34,708.43,277440,QQQ
2026-07-22 11:35:00-04:00,708.42,708.87,708.12,708.2,283092,QQQ
2026-07-22 11:40:00-04:00,708.19,708.68,708.0137,708.37,141402,QQQ
2026-07-22 11:45:00-04:00,708.35,708.85,708.35,708.808,134832,QQQ
2026-07-22 11:50:00-04:00,708.81,709.41,708.71,708.8,213134,QQQ
2026-07-22 11:55:00-04:00,708.784,709.41,708.6238,709.36,83682,QQQ
2026-07-22 12:00:00-04:00,709.37,709.44,708.94,709.1,97602,QQQ
2026-07-22 12:05:00-04:00,709.1,709.43,708.99,709.3112,106128,QQQ
2026-07-22 12:10:00-04:00,709.3,709.45,709.02,709.33,163482,QQQ
2026-07-22 12:15:00-04:00,709.33,709.4877,709.08,709.35,205546,QQQ
2026-07-22 12:20:00-04:00,709.31,709.31,708.8401,708.9999,135986,QQQ
2026-07-22 12:25:00-04:00,708.97,709.03,708.65,708.9025,81626,QQQ
2026-07-22 12:30:00-04:00,708.9,709.32,708.82,709.2,76880,QQQ
2026-07-22 12:35:00-04:00,709.18,709.21,708.69,708.76,160200,QQQ
2026-07-22 12:40:00-04:00,708.78,708.78,708.25,708.4,112786,QQQ
2026-07-22 12:45:00-04:00,708.4,708.55,708.07,708.34,117191,QQQ
2026-07-22 12:50:00-04:00,708.33,708.52,708.16,708.41,105238,QQQ
2026-07-22 12:55:00-04:00,708.395,709.16,708.39,708.87,110431,QQQ
2026-07-22 13:00:00-04:00,708.88,709.24,708.68,708.82,122610,QQQ
2026-07-22 13:05:00-04:00,708.83,709.35,708.82,709.23,86777,QQQ
2026-07-22 13:10:00-04:00,709.245,709.3,708.78,708.86,126009,QQQ
2026-07-22 13:15:00-04:00,708.85,709.06,708.66,708.8801,170017,QQQ
2026-07-22 13:20:00-04:00,708.83,708.99,708.502,708.94,81467,QQQ
2026-07-22 13:25:00-04:00,708.89,709.0773,708.605,708.7698,120550,QQQ
2026-07-22 13:30:00-04:00,708.715,709.09,708.18,708.2101,85737,QQQ
2026-07-22 13:35:00-04:00,708.235,708.9899,708.15,708.96,85185,QQQ
2026-07-22 13:40:00-04:00,708.95,708.95,708.4,708.51,53257,QQQ
2026-07-22 13:45:00-04:00,708.51,708.57,708.18,708.21,55040,QQQ
2026-07-22 13:50:00-04:00,708.22,708.3164,707.42,707.425,176970,QQQ
2026-07-22 13:55:00-04:00,707.4001,707.68,707.04,707.2738,301788,QQQ
2026-07-22 14:00:00-04:00,707.27,707.6823,707.0,707.505,113767,QQQ
2026-07-22 14:05:00-04:00,707.4899,707.92,707.33,707.33,84623,QQQ
2026-07-22 14:10:00-04:00,707.32,707.52,706.81,706.81,112050,QQQ
2026-07-22 14:15:00-04:00,706.82,707.2,706.74,706.9501,137378,QQQ
2026-07-22 14:20:00-04:00,707.0,707.49,706.82,706.9,133687,QQQ
2026-07-22 14:25:00-04:00,706.92,707.3599,706.81,707.13,124344,QQQ
2026-07-22 14:30:00-04:00,707.1201,707.17,706.4,706.57,158873,QQQ
2026-07-22 14:35:00-04:00,706.53,707.13,706.47,706.99,122540,QQQ
2026-07-22 14:40:00-04:00,707.03,707.05,706.76,706.9,63229,QQQ
2026-07-22 14:45:00-04:00,706.91,707.3644,706.88,706.975,98955,QQQ
2026-07-22 14:50:00-04:00,707.01,707.51,706.79,707.465,64480,QQQ
2026-07-22 14:55:00-04:00,707.47,707.6199,707.29,707.425,131903,QQQ
2026-07-22 15:00:00-04:00,707.34,707.63,707.06,707.41,197353,QQQ
2026-07-22 15:05:00-04:00,707.39,707.52,707.1901,707.36,73854,QQQ
2026-07-22 15:10:00-04:00,707.35,707.35,706.59,706.805,234758,QQQ
2026-07-22 15:15:00-04:00,706.82,707.32,706.64,707.2,222735,QQQ
2026-07-22 15:20:00-04:00,707.18,707.38,706.82,707.1303,137997,QQQ
2026-07-22 15:25:00-04:00,707.14,707.68,706.8916,707.5004,174465,QQQ
2026-07-22 15:30:00-04:00,707.5,707.53,706.8339,706.9,201639,QQQ
2026-07-22 15:35:00-04:00,706.94,707.07,706.06,706.2113,248502,QQQ
2026-07-22 15:40:00-04:00,706.25,706.8,706.11,706.5001,258750,QQQ
2026-07-22 15:45:00-04:00,706.52,706.9,706.435,706.78,305099,QQQ
2026-07-22 15:50:00-04:00,706.82,707.31,706.14,706.255,530487,QQQ
2026-07-22 15:55:00-04:00,706.27,706.42,705.19,705.27,1154206,QQQ
2026-07-23 09:30:00-04:00,694.64,695.825,693.21,695.75,4009689,QQQ
2026-07-23 09:35:00-04:00,695.71,697.2,695.16,696.57,1243998,QQQ
2026-07-23 09:40:00-04:00,696.61,698.66,696.61,698.0,707370,QQQ
2026-07-23 09:45:00-04:00,698.0,698.29,695.41,695.715,757410,QQQ
2026-07-23 09:50:00-04:00,695.72,697.1099,694.68,697.045,713878,QQQ
2026-07-23 09:55:00-04:00,697.03,697.5,694.19,694.46,448775,QQQ
2026-07-23 10:00:00-04:00,694.61,695.91,694.44,695.44,480570,QQQ
2026-07-23 10:05:00-04:00,695.48,696.69,693.76,694.66,795131,QQQ
2026-07-23 10:10:00-04:00,694.71,695.95,694.17,694.4,512970,QQQ
2026-07-23 10:15:00-04:00,694.3,695.32,693.98,694.38,492808,QQQ
2026-07-23 10:20:00-04:00,694.375,696.15,694.04,694.525,473989,QQQ
2026-07-23 10:25:00-04:00,694.48,695.3085,694.12,695.14,261789,QQQ
2026-07-23 10:30:00-04:00,695.015,695.47,692.85,693.54,573384,QQQ
2026-07-23 10:35:00-04:00,693.545,695.79,692.98,695.59,629778,QQQ
2026-07-23 10:40:00-04:00,695.58,695.99,692.48,692.92,758636,QQQ
2026-07-23 10:45:00-04:00,692.9,693.5299,692.34,692.53,449556,QQQ
2026-07-23 10:50:00-04:00,692.575,692.94,691.335,691.41,675181,QQQ
2026-07-23 10:55:00-04:00,691.4,692.299,691.295,691.75,381887,QQQ
2026-07-23 11:00:00-04:00,691.78,691.9399,690.83,691.06,569520,QQQ
2026-07-23 11:05:00-04:00,691.05,691.14,690.05,690.114,575890,QQQ
2026-07-23 11:10:00-04:00,690.1,690.47,688.98,689.265,832688,QQQ
2026-07-23 11:15:00-04:00,689.27,690.35,689.21,690.3295,564341,QQQ
2026-07-23 11:20:00-04:00,690.33,691.085,688.46,689.58,929625,QQQ
2026-07-23 11:25:00-04:00,689.46,689.58,688.155,688.63,431110,QQQ
2026-07-23 11:30:00-04:00,688.63,689.23,687.8,689.13,600467,QQQ
2026-07-23 11:35:00-04:00,689.145,690.32,689.145,690.1199,517110,QQQ
2026-07-23 11:40:00-04:00,690.11,690.67,689.27,689.285,350633,QQQ
2026-07-23 11:45:00-04:00,689.26,690.11,688.92,689.972,292625,QQQ
2026-07-23 11:50:00-04:00,689.97,690.82,689.54,690.78,396874,QQQ
2026-07-23 11:55:00-04:00,690.82,691.6,690.66,691.56,352837,QQQ
2026-07-23 12:00:00-04:00,691.59,692.5,691.2,692.24,480341,QQQ
2026-07-23 12:05:00-04:00,692.22,692.36,691.27,692.36,685085,QQQ
2026-07-23 12:10:00-04:00,692.3999,692.86,692.27,692.56,451928,QQQ
2026-07-23 12:15:00-04:00,692.56,692.88,692.07,692.58,487087,QQQ
2026-07-23 12:20:00-04:00,692.6,694.15,692.56,693.9147,435433,QQQ
2026-07-23 12:25:00-04:00,693.9596,694.59,693.6001,694.42,284888,QQQ
2026-07-23 12:30:00-04:00,694.39,694.44,693.905,693.98,267414,QQQ
2026-07-23 12:35:00-04:00,694.05,695.15,693.8108,694.97,379624,QQQ
2026-07-23 12:40:00-04:00,695.01,695.03,693.89,693.95,248994,QQQ
2026-07-23 12:45:00-04:00,693.905,693.905,692.651,692.705,361244,QQQ
2026-07-23 12:50:00-04:00,692.66,692.91,692.02,692.1,309696,QQQ
2026-07-23 12:55:00-04:00,692.06,692.8799,692.05,692.805,287315,QQQ
2026-07-23 13:00:00-04:00,692.76,693.29,692.13,692.17,236209,QQQ
2026-07-23 13:05:00-04:00,692.17,692.48,691.4916,692.41,369186,QQQ
2026-07-23 13:10:00-04:00,692.39,693.2,692.39,692.8401,200303,QQQ
2026-07-23 13:15:00-04:00,692.78,693.15,692.15,692.707,145272,QQQ
2026-07-23 13:20:00-04:00,692.77,693.53,692.49,693.33,324078,QQQ
2026-07-23 13:25:00-04:00,693.38,693.65,693.08,693.1399,139618,QQQ
2026-07-23 13:30:00-04:00,693.0,693.13,691.95,692.27,138486,QQQ
2026-07-23 13:35:00-04:00,692.29,692.37,691.431,691.48,208333,QQQ
2026-07-23 13:40:00-04:00,691.56,691.87,691.08,691.652,259778,QQQ
2026-07-23 13:45:00-04:00,691.635,692.48,691.39,692.3,273980,QQQ
2026-07-23 13:50:00-04:00,692.31,692.45,691.71,691.71,164862,QQQ
2026-07-23 13:55:00-04:00,691.72,691.72,690.945,691.02,173647,QQQ
2026-07-23 14:00:00-04:00,691.01,691.34,690.62,690.88,176579,QQQ
2026-07-23 14:05:00-04:00,690.85,691.06,690.4038,690.4999,449564,QQQ
2026-07-23 14:10:00-04:00,690.5,691.25,690.41,690.829,383554,QQQ
2026-07-23 14:15:00-04:00,690.83,691.28,690.495,690.735,218154,QQQ
2026-07-23 14:20:00-04:00,690.77,691.3398,690.575,691.31,129019,QQQ
2026-07-23 14:25:00-04:00,691.31,691.41,690.72,691.17,374981,QQQ
2026-07-23 14:30:00-04:00,691.14,691.71,690.98,691.66,290499,QQQ
2026-07-23 14:35:00-04:00,691.7,691.85,690.67,691.0,156044,QQQ
2026-07-23 14:40:00-04:00,690.99,691.18,690.43,690.59,259936,QQQ
2026-07-23 14:45:00-04:00,690.57,691.23,690.57,690.87,235963,QQQ
2026-07-23 14:50:00-04:00,690.9,691.01,690.08,690.104,206323,QQQ
2026-07-23 14:55:00-04:00,690.1101,690.5999,689.97,690.56,208764,QQQ
2026-07-23 15:00:00-04:00,690.55,690.94,689.69,689.71,273769,QQQ
2026-07-23 15:05:00-04:00,689.7074,690.02,689.52,689.55,265211,QQQ
2026-07-23 15:10:00-04:00,689.55,689.89,689.35,689.4401,203955,QQQ
2026-07-23 15:15:00-04:00,689.43,690.32,689.43,689.918,189489,QQQ
2026-07-23 15:20:00-04:00,689.91,691.0723,689.89,691.07,501214,QQQ
2026-07-23 15:25:00-04:00,691.07,691.5699,690.79,691.28,269418,QQQ
2026-07-23 15:30:00-04:00,691.33,691.62,690.09,690.76,320371,QQQ
2026-07-23 15:35:00-04:00,690.77,690.89,690.23,690.23,214464,QQQ
2026-07-23 15:40:00-04:00,690.25,690.389,689.33,689.33,405001,QQQ
2026-07-23 15:45:00-04:00,689.34,689.54,688.93,689.23,667459,QQQ
2026-07-23 15:50:00-04:00,689.27,690.3799,689.27,690.08,1046172,QQQ
2026-07-23 15:55:00-04:00,690.11,692.43,690.11,691.92,2060446,QQQ
2026-07-24 09:30:00-04:00,690.25,692.05,689.52,691.995,2301531,QQQ
2026-07-24 09:35:00-04:00,692.0,692.45,689.61,690.11,769972,QQQ
2026-07-24 09:40:00-04:00,690.19,690.2795,688.5,689.1785,820283,QQQ
2026-07-24 09:45:00-04:00,689.18,689.72,688.21,689.54,767202,QQQ
2026-07-24 09:50:00-04:00,689.48,689.54,685.55,685.69,1128547,QQQ
2026-07-24 09:55:00-04:00,685.68,686.28,685.025,685.22,890508,QQQ
2026-07-24 10:00:00-04:00,685.17,686.91,684.86,685.542,1001630,QQQ
2026-07-24 10:05:00-04:00,685.62,687.9999,685.53,687.76,744886,QQQ
2026-07-24 10:10:00-04:00,687.7,688.29,686.74,687.6,569050,QQQ
2026-07-24 10:15:00-04:00,687.6,687.85,685.0187,685.045,374530,QQQ
2026-07-24 10:20:00-04:00,684.96,687.64,684.93,686.88,642904,QQQ
2026-07-24 10:25:00-04:00,686.9,687.26,686.2,686.88,403638,QQQ
2026-07-24 10:30:00-04:00,686.9064,686.98,684.76,684.76,453229,QQQ
2026-07-24 10:35:00-04:00,684.8399,685.71,684.05,684.21,447222,QQQ
2026-07-24 10:40:00-04:00,684.24,684.798,683.74,684.36,495780,QQQ
2026-07-24 10:45:00-04:00,684.3999,685.23,683.546,685.15,439269,QQQ
2026-07-24 10:50:00-04:00,685.145,686.23,684.96,685.83,529956,QQQ
2026-07-24 10:55:00-04:00,685.8999,688.539,685.84,688.27,442521,QQQ
2026-07-24 11:00:00-04:00,688.3,688.94,687.14,687.18,509406,QQQ
2026-07-24 11:05:00-04:00,687.17,687.5681,686.13,686.15,326131,QQQ
2026-07-24 11:10:00-04:00,686.19,689.68,685.975,689.335,781890,QQQ
2026-07-24 11:15:00-04:00,689.31,690.85,688.43,688.625,793453,QQQ
2026-07-24 11:20:00-04:00,688.68,690.05,688.47,689.49,479202,QQQ
2026-07-24 11:25:00-04:00,689.5,690.7,689.3,689.4975,448036,QQQ
2026-07-24 11:30:00-04:00,689.5,690.46,689.12,689.16,666523,QQQ
2026-07-24 11:35:00-04:00,689.19,691.03,689.14,690.93,422723,QQQ
2026-07-24 11:40:00-04:00,690.95,691.3,689.2,689.6,365737,QQQ
2026-07-24 11:45:00-04:00,689.64,690.19,689.26,689.57,351750,QQQ
2026-07-24 11:50:00-04:00,689.605,690.67,689.605,690.28,280671,QQQ
2026-07-24 11:55:00-04:00,690.32,691.49,690.29,691.2804,242897,QQQ
2026-07-24 12:00:00-04:00,691.3,691.78,690.65,691.665,268226,QQQ
2026-07-24 12:05:00-04:00,691.67,692.2875,691.41,691.96,279508,QQQ
2026-07-24 12:10:00-04:00,691.99,692.63,691.23,691.35,264031,QQQ
2026-07-24 12:15:00-04:00,691.29,691.3,690.7,691.045,218443,QQQ
2026-07-24 12:20:00-04:00,691.075,691.73,691.0155,691.5,140554,QQQ
2026-07-24 12:25:00-04:00,691.5,691.7,691.09,691.113,125423,QQQ
2026-07-24 12:30:00-04:00,691.03,691.11,690.1,690.46,417418,QQQ
2026-07-24 12:35:00-04:00,690.4601,690.81,689.8519,690.0558,294543,QQQ
2026-07-24 12:40:00-04:00,689.99,689.99,689.345,689.46,235906,QQQ
2026-07-24 12:45:00-04:00,689.4516,689.72,688.64,688.9901,281287,QQQ
2026-07-24 12:50:00-04:00,689.0,689.15,688.505,688.8101,352494,QQQ
2026-07-24 12:55:00-04:00,688.84,689.72,688.56,689.34,195811,QQQ
2026-07-24 13:00:00-04:00,689.38,689.4759,688.67,688.91,277960,QQQ
2026-07-24 13:05:00-04:00,688.9,689.13,687.88,687.93,387432,QQQ
2026-07-24 13:10:00-04:00,687.9,688.74,687.7,688.4601,203209,QQQ
2026-07-24 13:15:00-04:00,688.44,689.24,688.0201,689.1401,271307,QQQ
2026-07-24 13:20:00-04:00,689.15,689.33,688.54,689.21,163883,QQQ
2026-07-24 13:25:00-04:00,689.2,689.99,688.78,689.79,292304,QQQ
2026-07-24 13:30:00-04:00,689.81,690.5063,689.59,690.42,176309,QQQ
2026-07-24 13:35:00-04:00,690.48,690.5,689.115,689.15,145683,QQQ
2026-07-24 13:40:00-04:00,689.16,689.18,688.595,688.605,207225,QQQ
2026-07-24 13:45:00-04:00,688.58,689.06,688.29,689.0517,132793,QQQ
2026-07-24 13:50:00-04:00,689.09,689.49,688.66,689.0396,301259,QQQ
2026-07-24 13:55:00-04:00,689.09,689.22,688.61,688.65,102755,QQQ
2026-07-24 14:00:00-04:00,688.66,689.11,688.28,688.36,167111,QQQ
2026-07-24 14:05:00-04:00,688.36,688.65,688.08,688.23,159951,QQQ
2026-07-24 14:10:00-04:00,688.28,688.31,687.54,687.7,204093,QQQ
2026-07-24 14:15:00-04:00,687.65,687.7399,686.96,687.015,386557,QQQ
2026-07-24 14:20:00-04:00,687.0,687.0,686.42,686.4779,384465,QQQ
2026-07-24 14:25:00-04:00,686.47,686.54,685.45,685.485,587463,QQQ
2026-07-24 14:30:00-04:00,685.5175,685.72,684.44,684.57,683080,QQQ
2026-07-24 14:35:00-04:00,684.565,685.14,684.12,684.5,802036,QQQ
2026-07-24 14:40:00-04:00,684.49,684.5,683.63,684.04,599769,QQQ
2026-07-24 14:45:00-04:00,684.02,685.26,683.9,684.71,402459,QQQ
2026-07-24 14:50:00-04:00,684.72,685.08,684.33,684.57,625038,QQQ
2026-07-24 14:55:00-04:00,684.52,685.27,684.447,684.6799,946128,QQQ
2026-07-24 15:00:00-04:00,684.64,685.297,684.16,684.24,271827,QQQ
2026-07-24 15:05:00-04:00,684.19,684.86,682.81,682.89,542193,QQQ
2026-07-24 15:10:00-04:00,682.89,683.58,682.63,682.67,754912,QQQ
2026-07-24 15:15:00-04:00,682.671,683.21,682.48,683.19,335240,QQQ
2026-07-24 15:20:00-04:00,683.17,683.535,682.63,682.87,457329,QQQ
2026-07-24 15:25:00-04:00,682.88,683.78,682.66,683.47,509042,QQQ
2026-07-24 15:30:00-04:00,683.48,684.55,683.45,684.17,358025,QQQ
2026-07-24 15:35:00-04:00,684.16,684.66,683.82,683.94,618478,QQQ
2026-07-24 15:40:00-04:00,683.95,684.17,683.12,684.0,791901,QQQ
2026-07-24 15:45:00-04:00,684.0,684.18,683.21,684.0399,961117,QQQ
2026-07-24 15:50:00-04:00,684.04,684.26,682.76,683.89,1171049,QQQ
2026-07-24 15:55:00-04:00,683.92,684.51,683.34,684.22,1796393,QQQ
2026-07-27 09:30:00-04:00,691.72,692.26,689.19,690.4,2352044,QQQ
2026-07-27 09:35:00-04:00,690.44,692.25,690.15,690.57,554734,QQQ
2026-07-27 09:40:00-04:00,690.62,690.8,687.74,688.355,963291,QQQ
2026-07-27 09:45:00-04:00,688.395,689.2247,687.66,688.58,617786,QQQ
2026-07-27 09:50:00-04:00,688.5999,689.58,688.25,688.545,422585,QQQ
2026-07-27 09:55:00-04:00,688.5,688.64,685.6727,685.8,626780,QQQ
2026-07-27 10:00:00-04:00,685.83,686.37,684.33,685.04,1168968,QQQ
2026-07-27 10:05:00-04:00,685.12,685.79,684.1,685.17,774024,QQQ
2026-07-27 10:10:00-04:00,685.18,685.23,682.97,683.48,938205,QQQ
2026-07-27 10:15:00-04:00,683.56,684.6,682.81,683.69,713728,QQQ
2026-07-27 10:20:00-04:00,683.64,683.68,681.42,681.81,728446,QQQ
2026-07-27 10:25:00-04:00,681.8,681.84,679.27,679.46,1204041,QQQ
2026-07-27 10:30:00-04:00,679.46,679.91,678.37,678.63,1289811,QQQ
2026-07-27 10:35:00-04:00,678.625,678.96,677.2601,678.13,957283,QQQ
2026-07-27 10:40:00-04:00,678.12,678.44,675.945,676.4,1062838,QQQ
2026-07-27 10:45:00-04:00,676.39,679.1399,676.39,678.93,750584,QQQ
2026-07-27 10:50:00-04:00,678.95,680.48,678.93,679.9,686029,QQQ
2026-07-27 10:55:00-04:00,679.9,681.74,679.5201,681.47,531154,QQQ
2026-07-27 11:00:00-04:00,681.52,681.9,680.71,681.37,590043,QQQ
2026-07-27 11:05:00-04:00,681.3,682.1503,680.72,681.04,390920,QQQ
2026-07-27 11:10:00-04:00,681.0,681.72,680.33,680.4241,430778,QQQ
2026-07-27 11:15:00-04:00,680.39,680.61,678.53,679.94,659566,QQQ
2026-07-27 11:20:00-04:00,679.92,681.04,678.89,679.201,431246,QQQ
2026-07-27 11:25:00-04:00,679.2199,679.63,678.545,679.12,245190,QQQ
2026-07-27 11:30:00-04:00,679.22,679.41,677.66,678.065,330895,QQQ
2026-07-27 11:35:00-04:00,678.07,678.15,676.91,677.75,418602,QQQ
2026-07-27 11:40:00-04:00,677.76,678.52,677.2301,678.35,345704,QQQ
2026-07-27 11:45:00-04:00,678.36,678.5599,677.295,677.67,202841,QQQ
2026-07-27 11:50:00-04:00,677.68,678.2699,677.3101,677.88,210170,QQQ
2026-07-27 11:55:00-04:00,677.93,679.155,677.79,678.88,291362,QQQ
2026-07-27 12:00:00-04:00,678.92,680.3,678.8,680.28,317776,QQQ
2026-07-27 12:05:00-04:00,680.27,680.6199,679.5505,680.39,415758,QQQ
2026-07-27 12:10:00-04:00,680.42,681.1,679.17,679.29,383049,QQQ
2026-07-27 12:15:00-04:00,679.32,679.45,678.48,678.9569,588835,QQQ
2026-07-27 12:20:00-04:00,678.97,679.74,678.53,679.6999,388656,QQQ
2026-07-27 12:25:00-04:00,679.71,682.34,679.66,681.095,717031,QQQ
2026-07-27 12:30:00-04:00,681.11,682.13,680.59,681.005,661403,QQQ
2026-07-27 12:35:00-04:00,681.0,681.725,680.15,681.46,243392,QQQ
2026-07-27 12:40:00-04:00,681.51,681.72,680.29,680.6801,205732,QQQ
2026-07-27 12:45:00-04:00,680.63,681.159,680.19,680.235,193457,QQQ
2026-07-27 12:50:00-04:00,680.19,680.19,678.6,678.82,359214,QQQ
2026-07-27 12:55:00-04:00,678.81,678.82,678.05,678.54,448976,QQQ
2026-07-27 13:00:00-04:00,678.57,678.74,677.35,677.5192,380001,QQQ
2026-07-27 13:05:00-04:00,677.55,678.1,677.25,677.79,336115,QQQ
2026-07-27 13:10:00-04:00,677.77,678.4599,677.52,678.245,257027,QQQ
2026-07-27 13:15:00-04:00,678.2,678.41,677.08,677.435,260643,QQQ
2026-07-27 13:20:00-04:00,677.42,678.225,677.27,677.67,310845,QQQ
2026-07-27 13:25:00-04:00,677.675,677.9195,677.26,677.39,324660,QQQ
2026-07-27 13:30:00-04:00,677.39,678.84,677.34,678.7801,329811,QQQ
2026-07-27 13:35:00-04:00,678.7401,678.91,678.09,678.15,295417,QQQ
2026-07-27 13:40:00-04:00,678.07,678.405,677.74,678.22,139730,QQQ
2026-07-27 13:45:00-04:00,678.26,678.76,677.718,678.14,137068,QQQ
2026-07-27 13:50:00-04:00,678.11,679.5,678.0741,679.41,188404,QQQ
2026-07-27 13:55:00-04:00,679.47,679.93,679.11,679.85,263244,QQQ
2026-07-27 14:00:00-04:00,679.99,680.3,679.58,679.66,314164,QQQ
2026-07-27 14:05:00-04:00,679.6401,680.16,679.46,679.76,265178,QQQ
2026-07-27 14:10:00-04:00,679.74,680.07,679.61,679.83,184531,QQQ
2026-07-27 14:15:00-04:00,679.84,679.91,678.602,678.9,236783,QQQ
2026-07-27 14:20:00-04:00,678.88,679.45,678.6537,679.28,206687,QQQ
2026-07-27 14:25:00-04:00,679.32,679.59,679.06,679.34,536290,QQQ
2026-07-27 14:30:00-04:00,679.36,679.36,678.3401,678.3868,154729,QQQ
2026-07-27 14:35:00-04:00,678.305,678.69,678.06,678.15,360524,QQQ
2026-07-27 14:40:00-04:00,678.02,679.51,677.85,679.3,522814,QQQ
2026-07-27 14:45:00-04:00,679.38,679.78,679.05,679.17,160400,QQQ
2026-07-27 14:50:00-04:00,679.175,681.245,679.09,681.055,433334,QQQ
2026-07-27 14:55:00-04:00,681.08,682.0,681.08,681.935,402094,QQQ
2026-07-27 15:00:00-04:00,681.9381,682.13,681.52,681.59,326792,QQQ
2026-07-27 15:05:00-04:00,681.61,682.85,681.42,682.61,446804,QQQ
2026-07-27 15:10:00-04:00,682.61,683.03,682.08,682.27,310831,QQQ
2026-07-27 15:15:00-04:00,682.25,682.7,682.13,682.58,247733,QQQ
2026-07-27 15:20:00-04:00,682.72,683.145,682.32,682.8746,376056,QQQ
2026-07-27 15:25:00-04:00,682.9699,683.37,682.39,683.28,725720,QQQ
2026-07-27 15:30:00-04:00,683.3499,683.6,683.08,683.0899,718978,QQQ
2026-07-27 15:35:00-04:00,683.09,683.28,681.79,681.87,368753,QQQ
2026-07-27 15:40:00-04:00,681.89,682.33,681.58,681.68,392866,QQQ
2026-07-27 15:45:00-04:00,681.67,681.92,681.165,681.89,585387,QQQ
2026-07-27 15:50:00-04:00,681.91,682.14,681.4,681.7,732652,QQQ
2026-07-27 15:55:00-04:00,681.71,682.32,681.27,682.06,1750772,QQQ
2026-07-28 09:30:00-04:00,676.19,677.3,674.35,674.47,4528793,QQQ
2026-07-28 09:35:00-04:00,674.48,675.61,672.32,672.37,1395914,QQQ
2026-07-28 09:40:00-04:00,672.37,673.55,670.83,671.35,1595044,QQQ
2026-07-28 09:45:00-04:00,671.33,671.71,669.19,671.5,1740125,QQQ
2026-07-28 09:50:00-04:00,671.52,672.53,669.8001,670.115,1022954,QQQ
2026-07-28 09:55:00-04:00,670.14,670.68,668.8564,669.38,1121124,QQQ
2026-07-28 10:00:00-04:00,669.33,671.38,669.0601,670.56,813527,QQQ
2026-07-28 10:05:00-04:00,670.4912,672.433,669.41,669.6,819839,QQQ
2026-07-28 10:10:00-04:00,669.58,670.91,668.02,668.53,927441,QQQ
2026-07-28 10:15:00-04:00,668.51,669.08,667.88,668.14,1174076,QQQ
2026-07-28 10:20:00-04:00,668.1,670.64,667.93,669.58,1070814,QQQ
2026-07-28 10:25:00-04:00,669.66,670.5,669.25,670.37,735368,QQQ
2026-07-28 10:30:00-04:00,670.39,670.89,669.45,669.685,584001,QQQ
2026-07-28 10:35:00-04:00,669.75,671.72,669.57,670.74,605424,QQQ
2026-07-28 10:40:00-04:00,670.77,672.46,670.56,671.96,591819,QQQ
2026-07-28 10:45:00-04:00,671.92,673.97,671.31,673.87,787707,QQQ
2026-07-28 10:50:00-04:00,673.82,674.83,673.815,673.895,731367,QQQ
2026-07-28 10:55:00-04:00,673.95,674.499,672.59,672.71,612929,QQQ
2026-07-28 11:00:00-04:00,672.71,673.58,672.18,672.25,593977,QQQ
2026-07-28 11:05:00-04:00,672.23,673.54,671.83,673.24,547318,QQQ
2026-07-28 11:10:00-04:00,673.24,674.6001,672.69,673.92,679270,QQQ
2026-07-28 11:15:00-04:00,673.89,675.45,673.53,675.43,522402,QQQ
2026-07-28 11:20:00-04:00,675.41,676.87,675.38,676.87,991475,QQQ
2026-07-28 11:25:00-04:00,676.79,677.75,676.43,676.64,758691,QQQ
2026-07-28 11:30:00-04:00,676.63,677.35,676.22,676.96,499692,QQQ
2026-07-28 11:35:00-04:00,677.0,677.89,676.9,677.6,416693,QQQ
2026-07-28 11:40:00-04:00,677.545,678.31,677.215,678.23,367218,QQQ
2026-07-28 11:45:00-04:00,678.23,678.98,678.18,678.6,539300,QQQ
2026-07-28 11:50:00-04:00,678.56,678.87,677.73,678.31,383043,QQQ
2026-07-28 11:55:00-04:00,678.275,678.97,677.82,678.59,278618,QQQ
2026-07-28 12:00:00-04:00,678.63,679.13,678.28,678.68,760415,QQQ
2026-07-28 12:05:00-04:00,678.73,679.04,677.62,677.62,615025,QQQ
2026-07-28 12:10:00-04:00,677.615,678.14,677.38,677.65,367674,QQQ
2026-07-28 12:15:00-04:00,677.62,678.24,677.27,678.2,308413,QQQ
2026-07-28 12:20:00-04:00,678.18,678.55,677.18,677.41,464264,QQQ
2026-07-28 12:25:00-04:00,677.425,677.65,677.08,677.3047,482055,QQQ
2026-07-28 12:30:00-04:00,677.359,677.37,676.33,676.845,323441,QQQ
2026-07-28 12:35:00-04:00,676.87,678.03,676.6801,678.025,714011,QQQ
2026-07-28 12:40:00-04:00,677.99,678.49,677.79,678.29,455308,QQQ
2026-07-28 12:45:00-04:00,678.245,678.44,677.315,677.89,217335,QQQ
2026-07-28 12:50:00-04:00,677.86,679.4,677.84,679.12,353841,QQQ
2026-07-28 12:55:00-04:00,679.13,679.35,678.71,678.81,193989,QQQ
2026-07-28 13:00:00-04:00,678.82,679.0299,677.94,677.94,300839,QQQ
2026-07-28 13:05:00-04:00,677.98,678.2199,677.03,677.12,245081,QQQ
2026-07-28 13:10:00-04:00,677.13,677.68,676.7,677.14,362393,QQQ
2026-07-28 13:15:00-04:00,677.18,677.41,676.81,677.29,205582,QQQ
2026-07-28 13:20:00-04:00,677.3,678.54,677.1001,677.1567,302129,QQQ
2026-07-28 13:25:00-04:00,677.13,677.93,676.85,677.4,137081,QQQ
2026-07-28 13:30:00-04:00,677.375,678.22,677.216,677.97,575133,QQQ
2026-07-28 13:35:00-04:00,678.01,678.45,677.2896,677.3,168899,QQQ
2026-07-28 13:40:00-04:00,677.29,677.67,676.235,676.35,265449,QQQ
2026-07-28 13:45:00-04:00,676.34,677.102,675.98,676.9899,240567,QQQ
2026-07-28 13:50:00-04:00,676.955,676.955,675.9374,676.04,150381,QQQ
2026-07-28 13:55:00-04:00,676.03,676.8396,675.65,676.7742,251900,QQQ
2026-07-28 14:00:00-04:00,676.84,677.4401,676.33,676.7372,365658,QQQ
2026-07-28 14:05:00-04:00,676.7295,676.79,675.98,676.13,146723,QQQ
2026-07-28 14:10:00-04:00,676.06,676.2199,675.4,675.4401,298506,QQQ
2026-07-28 14:15:00-04:00,675.48,675.9499,675.35,675.75,224059,QQQ
2026-07-28 14:20:00-04:00,675.76,676.2,675.59,675.68,457219,QQQ
2026-07-28 14:25:00-04:00,675.65,675.89,675.39,675.645,345839,QQQ
2026-07-28 14:30:00-04:00,675.68,676.57,675.57,676.11,327136,QQQ
2026-07-28 14:35:00-04:00,676.14,676.39,675.79,675.82,250791,QQQ
2026-07-28 14:40:00-04:00,675.82,676.11,675.56,675.93,142054,QQQ
2026-07-28 14:45:00-04:00,675.98,676.86,675.741,676.38,220233,QQQ
2026-07-28 14:50:00-04:00,676.45,676.93,676.1037,676.29,197076,QQQ
2026-07-28 14:55:00-04:00,676.28,676.96,675.984,676.8005,143120,QQQ
2026-07-28 15:00:00-04:00,676.82,677.925,676.7901,677.8427,356015,QQQ
2026-07-28 15:05:00-04:00,677.85,678.01,676.87,676.955,372541,QQQ
2026-07-28 15:10:00-04:00,676.9201,677.325,676.785,677.155,188281,QQQ
2026-07-28 15:15:00-04:00,677.13,677.34,676.67,677.28,455870,QQQ
2026-07-28 15:20:00-04:00,677.21,677.93,677.07,677.89,178126,QQQ
2026-07-28 15:25:00-04:00,677.93,678.01,677.12,677.91,237393,QQQ
2026-07-28 15:30:00-04:00,677.95,678.06,677.37,677.52,492149,QQQ
2026-07-28 15:35:00-04:00,677.5,677.5144,676.1083,676.25,854880,QQQ
2026-07-28 15:40:00-04:00,676.22,676.5938,676.1301,676.39,374165,QQQ
2026-07-28 15:45:00-04:00,676.38,676.47,675.82,676.3201,515387,QQQ
2026-07-28 15:50:00-04:00,676.34,677.17,675.91,677.05,570830,QQQ
2026-07-28 15:55:00-04:00,677.02,677.02,675.28,675.5,2755291,QQQ
2026-07-29 09:30:00-04:00,675.46,677.16,673.62,676.56,2936605,QQQ
2026-07-29 09:35:00-04:00,676.62,677.46,674.34,674.8551,721042,QQQ
2026-07-29 09:40:00-04:00,674.98,675.67,674.1502,675.57,620503,QQQ
2026-07-29 09:45:00-04:00,675.54,676.285,673.17,673.965,659640,QQQ
2026-07-29 09:50:00-04:00,673.965,674.09,670.87,671.65,798701,QQQ
2026-07-29 09:55:00-04:00,671.59,671.6,669.56,671.1899,724960,QQQ
2026-07-29 10:00:00-04:00,671.19,672.5,671.18,672.46,607209,QQQ
2026-07-29 10:05:00-04:00,672.49,673.4,670.8,671.02,782966,QQQ
2026-07-29 10:10:00-04:00,670.89,671.46,668.82,669.115,688464,QQQ
2026-07-29 10:15:00-04:00,669.14,670.1199,669.0,669.48,492930,QQQ
2026-07-29 10:20:00-04:00,669.485,670.33,668.11,668.475,539697,QQQ
2026-07-29 10:25:00-04:00,668.45,668.52,666.485,667.28,768576,QQQ
2026-07-29 10:30:00-04:00,667.27,669.2,667.19,668.48,664119,QQQ
2026-07-29 10:35:00-04:00,668.46,668.55,666.8913,667.1399,329464,QQQ
2026-07-29 10:40:00-04:00,667.01,667.26,665.77,666.44,711140,QQQ
2026-07-29 10:45:00-04:00,666.44,667.33,665.99,667.12,493271,QQQ
2026-07-29 10:50:00-04:00,667.09,668.35,666.93,667.94,458678,QQQ
2026-07-29 10:55:00-04:00,667.98,668.28,666.795,668.0,211596,QQQ
2026-07-29 11:00:00-04:00,667.99,669.1,667.51,668.9199,327616,QQQ
2026-07-29 11:05:00-04:00,668.905,669.3,667.75,669.0001,355182,QQQ
2026-07-29 11:10:00-04:00,669.0,669.125,667.12,667.38,220532,QQQ
2026-07-29 11:15:00-04:00,667.395,668.52,666.96,667.04,204004,QQQ
2026-07-29 11:20:00-04:00,667.1,668.05,666.71,668.045,265886,QQQ
2026-07-29 11:25:00-04:00,668.0,668.36,666.75,666.83,242533,QQQ
2026-07-29 11:30:00-04:00,666.88,667.5388,666.47,666.97,360414,QQQ
2026-07-29 11:35:00-04:00,666.96,667.81,666.35,666.365,400733,QQQ
2026-07-29 11:40:00-04:00,666.35,666.88,665.96,666.3,240339,QQQ
2026-07-29 11:45:00-04:00,666.319,667.06,665.98,666.9099,354945,QQQ
2026-07-29 11:50:00-04:00,666.87,667.08,665.21,665.37,399461,QQQ
2026-07-29 11:55:00-04:00,665.41,666.03,664.64,665.93,655463,QQQ
2026-07-29 12:00:00-04:00,665.99,666.46,664.42,664.5,458311,QQQ
2026-07-29 12:05:00-04:00,664.559,664.59,663.73,664.56,426474,QQQ
2026-07-29 12:10:00-04:00,664.55,664.66,663.56,663.59,388598,QQQ
2026-07-29 12:15:00-04:00,663.56,664.31,663.3,664.2,585357,QQQ
2026-07-29 12:20:00-04:00,664.21,666.18,664.0,665.885,707159,QQQ
2026-07-29 12:25:00-04:00,665.89,666.84,665.8505,666.78,384528,QQQ
2026-07-29 12:30:00-04:00,666.7,667.5604,666.1,666.1,355517,QQQ
2026-07-29 12:35:00-04:00,666.1,666.29,665.37,666.15,693496,QQQ
2026-07-29 12:40:00-04:00,666.11,666.41,665.15,665.58,207377,QQQ
2026-07-29 12:45:00-04:00,665.5501,666.8005,665.24,666.76,684034,QQQ
2026-07-29 12:50:00-04:00,666.75,667.3,666.31,667.0,477197,QQQ
2026-07-29 12:55:00-04:00,666.98,667.98,666.8352,667.94,311629,QQQ
2026-07-29 13:00:00-04:00,668.0,669.48,667.82,669.35,567206,QQQ
2026-07-29 13:05:00-04:00,669.2975,669.42,668.77,669.1555,312221,QQQ
2026-07-29 13:10:00-04:00,669.18,671.2,669.08,671.14,563528,QQQ
2026-07-29 13:15:00-04:00,671.2,671.26,670.53,670.675,619933,QQQ
2026-07-29 13:20:00-04:00,670.66,671.51,670.12,670.175,397750,QQQ
2026-07-29 13:25:00-04:00,670.1784,670.37,669.11,669.11,479815,QQQ
2026-07-29 13:30:00-04:00,669.23,670.18,668.6,669.71,351131,QQQ
2026-07-29 13:35:00-04:00,669.64,669.76,668.8301,669.298,166918,QQQ
2026-07-29 13:40:00-04:00,669.286,670.06,669.17,669.83,283986,QQQ
2026-07-29 13:45:00-04:00,669.83,670.2131,669.21,670.17,292696,QQQ
2026-07-29 13:50:00-04:00,670.17,670.93,670.16,670.5101,449577,QQQ
2026-07-29 13:55:00-04:00,670.49,670.8,669.78,670.8,342330,QQQ
2026-07-29 14:00:00-04:00,670.43,674.9,670.43,672.79,1908384,QQQ
2026-07-29 14:05:00-04:00,672.84,674.81,672.48,674.05,1002930,QQQ
2026-07-29 14:10:00-04:00,674.0766,674.5,672.17,672.8,839775,QQQ
2026-07-29 14:15:00-04:00,672.75,673.8,671.55,671.915,371902,QQQ
2026-07-29 14:20:00-04:00,671.95,672.14,671.0401,671.57,350535,QQQ
2026-07-29 14:25:00-04:00,671.48,672.2,671.03,672.19,351459,QQQ
2026-07-29 14:30:00-04:00,672.17,673.22,670.6302,671.7,845242,QQQ
2026-07-29 14:35:00-04:00,671.8,674.96,671.02,674.46,686068,QQQ
2026-07-29 14:40:00-04:00,674.47,677.3004,674.39,677.0,918428,QQQ
2026-07-29 14:45:00-04:00,677.03,678.91,676.68,678.66,889241,QQQ
2026-07-29 14:50:00-04:00,678.7,679.73,677.65,679.67,640073,QQQ
2026-07-29 14:55:00-04:00,679.71,679.95,678.17,679.01,586852,QQQ
2026-07-29 15:00:00-04:00,679.0648,680.05,676.87,677.45,915572,QQQ
2026-07-29 15:05:00-04:00,677.56,677.64,674.7663,674.77,724840,QQQ
2026-07-29 15:10:00-04:00,674.75,675.95,673.8675,675.46,544749,QQQ
2026-07-29 15:15:00-04:00,675.5,676.215,673.0,673.42,561731,QQQ
2026-07-29 15:20:00-04:00,673.5,673.54,670.056,670.71,682499,QQQ
2026-07-29 15:25:00-04:00,670.68,671.0399,669.09,670.77,1066356,QQQ
2026-07-29 15:30:00-04:00,670.77,671.568,667.415,668.32,702180,QQQ
2026-07-29 15:35:00-04:00,668.38,668.8,665.76,665.91,748932,QQQ
2026-07-29 15:40:00-04:00,665.86,666.65,664.7,665.05,1054834,QQQ
2026-07-29 15:45:00-04:00,665.02,665.97,663.8,665.75,950750,QQQ
2026-07-29 15:50:00-04:00,665.68,665.68,663.08,664.045,1404688,QQQ
2026-07-29 15:55:00-04:00,664.02,664.02,661.145,661.63,4089764,QQQ
2026-07-30 09:30:00-04:00,674.69,675.18,673.3,674.655,4621949,QQQ
2026-07-30 09:35:00-04:00,674.62,675.81,674.11,675.06,977946,QQQ
2026-07-30 09:40:00-04:00,675.07,677.69,674.12,677.25,1255241,QQQ
2026-07-30 09:45:00-04:00,677.25,679.44,677.17,679.405,1428462,QQQ
2026-07-30 09:50:00-04:00,679.4,680.84,678.88,680.31,1260361,QQQ
2026-07-30 09:55:00-04:00,680.34,681.65,679.86,681.515,1123059,QQQ
2026-07-30 10:00:00-04:00,681.49,682.32,680.95,681.72,984631,QQQ
2026-07-30 10:05:00-04:00,681.68,681.8,679.53,679.86,1033813,QQQ
2026-07-30 10:10:00-04:00,679.865,680.6,679.4105,680.41,701332,QQQ
2026-07-30 10:15:00-04:00,680.421,681.15,679.75,680.5,558816,QQQ
2026-07-30 10:20:00-04:00,680.51,682.0,680.31,681.77,488106,QQQ
2026-07-30 10:25:00-04:00,681.8,683.64,681.445,683.22,1506373,QQQ
2026-07-30 10:30:00-04:00,683.26,683.7,682.4,683.5,501162,QQQ
2026-07-30 10:35:00-04:00,683.4722,683.71,682.74,683.125,508571,QQQ
2026-07-30 10:40:00-04:00,683.14,683.65,681.67,682.03,533332,QQQ
2026-07-30 10:45:00-04:00,682.025,682.53,680.98,681.825,509115,QQQ
2026-07-30 10:50:00-04:00,681.815,682.03,679.33,679.47,1066455,QQQ
2026-07-30 10:55:00-04:00,679.47,680.08,678.36,679.53,1076498,QQQ
2026-07-30 11:00:00-04:00,679.5,680.5813,678.13,680.394,938469,QQQ
2026-07-30 11:05:00-04:00,680.32,681.15,679.21,681.0716,590077,QQQ
2026-07-30 11:10:00-04:00,681.0701,681.15,678.34,678.45,600202,QQQ
2026-07-30 11:15:00-04:00,678.43,679.7,678.04,678.9,442894,QQQ
2026-07-30 11:20:00-04:00,678.95,680.26,678.65,679.0837,333680,QQQ
2026-07-30 11:25:00-04:00,679.07,679.68,677.75,678.195,433627,QQQ
2026-07-30 11:30:00-04:00,678.16,679.62,677.9,679.615,387313,QQQ
2026-07-30 11:35:00-04:00,679.6699,680.06,678.78,679.62,390436,QQQ
2026-07-30 11:40:00-04:00,679.59,680.47,679.225,679.99,678963,QQQ
2026-07-30 11:45:00-04:00,680.06,681.11,680.0401,680.6106,981402,QQQ
2026-07-30 11:50:00-04:00,680.59,680.81,679.08,680.47,536036,QQQ
2026-07-30 11:55:00-04:00,680.5251,681.02,679.63,679.79,462443,QQQ
2026-07-30 12:00:00-04:00,679.77,681.68,679.32,681.5,879461,QQQ
2026-07-30 12:05:00-04:00,681.5,681.8899,681.17,681.36,394682,QQQ
2026-07-30 12:10:00-04:00,681.33,682.47,681.3,682.37,824164,QQQ
2026-07-30 12:15:00-04:00,682.37,682.55,681.97,682.0399,802316,QQQ
2026-07-30 12:20:00-04:00,682.04,682.35,681.46,681.68,896327,QQQ
2026-07-30 12:25:00-04:00,681.65,681.82,681.29,681.35,675309,QQQ
2026-07-30 12:30:00-04:00,681.355,681.49,680.575,680.78,212836,QQQ
2026-07-30 12:35:00-04:00,680.78,681.29,680.66,680.73,950187,QQQ
2026-07-30 12:40:00-04:00,680.73,680.74,679.25,679.55,687221,QQQ
2026-07-30 12:45:00-04:00,679.54,680.5,679.5,680.26,703277,QQQ
2026-07-30 12:50:00-04:00,680.31,681.17,679.8,680.62,305045,QQQ
2026-07-30 12:55:00-04:00,680.64,681.15,680.56,680.96,470856,QQQ
2026-07-30 13:00:00-04:00,680.97,682.13,680.95,681.94,1594350,QQQ
2026-07-30 13:05:00-04:00,681.95,682.33,681.78,681.97,632752,QQQ
2026-07-30 13:10:00-04:00,681.97,682.3048,681.63,681.74,362851,QQQ
2026-07-30 13:15:00-04:00,681.76,682.8704,681.69,682.82,677478,QQQ
2026-07-30 13:20:00-04:00,682.81,682.8911,682.22,682.5,422972,QQQ
2026-07-30 13:25:00-04:00,682.47,682.52,681.88,681.98,316597,QQQ
2026-07-30 13:30:00-04:00,682.0,682.33,681.6101,681.83,398316,QQQ
2026-07-30 13:35:00-04:00,681.8599,682.27,681.27,681.45,580154,QQQ
2026-07-30 13:40:00-04:00,681.46,682.6823,681.46,682.4233,385444,QQQ
2026-07-30 13:45:00-04:00,682.45,682.7694,682.3499,682.3499,530240,QQQ
2026-07-30 13:50:00-04:00,682.33,682.92,682.11,682.16,357019,QQQ
2026-07-30 13:55:00-04:00,682.1699,682.44,681.89,682.17,183749,QQQ
2026-07-30 14:00:00-04:00,682.22,682.75,681.96,681.9895,193718,QQQ
2026-07-30 14:05:00-04:00,681.962,682.63,681.962,682.54,151212,QQQ
2026-07-30 14:10:00-04:00,682.55,682.85,682.3,682.75,227856,QQQ
2026-07-30 14:15:00-04:00,682.76,682.82,681.84,681.96,448749,QQQ
2026-07-30 14:20:00-04:00,681.99,682.56,681.85,682.38,597225,QQQ
2026-07-30 14:25:00-04:00,682.42,682.54,682.1135,682.33,180882,QQQ
2026-07-30 14:30:00-04:00,682.325,682.73,682.06,682.13,315273,QQQ
2026-07-30 14:35:00-04:00,682.13,682.14,681.51,681.7196,345306,QQQ
2026-07-30 14:40:00-04:00,681.72,682.02,681.55,681.97,226564,QQQ
2026-07-30 14:45:00-04:00,681.97,682.45,681.93,682.24,369410,QQQ
2026-07-30 14:50:00-04:00,682.23,682.41,681.87,681.89,278552,QQQ
2026-07-30 14:55:00-04:00,681.89,682.42,681.67,682.31,694778,QQQ
2026-07-30 15:00:00-04:00,682.31,683.03,682.29,682.71,381705,QQQ
2026-07-30 15:05:00-04:00,682.74,684.1,682.65,684.09,753082,QQQ
2026-07-30 15:10:00-04:00,684.09,685.04,684.045,684.58,698551,QQQ
2026-07-30 15:15:00-04:00,684.56,685.12,684.26,684.84,669537,QQQ
2026-07-30 15:20:00-04:00,684.86,684.87,684.13,684.31,431943,QQQ
2026-07-30 15:25:00-04:00,684.3,684.475,683.78,683.84,1138648,QQQ
2026-07-30 15:30:00-04:00,683.82,684.1498,683.63,683.8,702576,QQQ
2026-07-30 15:35:00-04:00,683.82,683.91,683.25,683.72,1356328,QQQ
2026-07-30 15:40:00-04:00,683.72,683.83,683.32,683.6,730998,QQQ
2026-07-30 15:45:00-04:00,683.61,683.88,683.23,683.7,1422806,QQQ
2026-07-30 15:50:00-04:00,683.69,683.79,683.0,683.42,1809239,QQQ
2026-07-30 15:55:00-04:00,683.42,684.35,682.9,683.6,4042344,QQQ
2026-07-31 09:30:00-04:00,692.12,695.3399,691.33,694.7,3762519,QQQ
2026-07-31 09:35:00-04:00,694.69,695.77,691.605,691.75,1742891,QQQ
2026-07-31 09:40:00-04:00,691.75,692.09,688.18,688.225,1429928,QQQ
2026-07-31 09:45:00-04:00,688.28,689.58,685.85,686.88,1586127,QQQ
2026-07-31 09:50:00-04:00,686.82,687.9895,685.29,686.19,1304720,QQQ
2026-07-31 09:55:00-04:00,686.18,688.14,685.66,686.79,1484352,QQQ
2026-07-31 10:00:00-04:00,686.76,687.58,683.9,683.97,1361205,QQQ
2026-07-31 10:05:00-04:00,683.98,684.6769,681.0401,681.77,1626815,QQQ
2026-07-31 10:10:00-04:00,681.82,682.72,680.52,681.46,1296097,QQQ
2026-07-31 10:15:00-04:00,681.45,683.3,680.0512,682.41,1011549,QQQ
2026-07-31 10:20:00-04:00,682.36,684.1,681.934,682.81,935732,QQQ
2026-07-31 10:25:00-04:00,682.81,684.3499,682.04,684.2,487532,QQQ
2026-07-31 10:30:00-04:00,684.24,684.94,683.24,683.925,822988,QQQ
2026-07-31 10:35:00-04:00,683.89,685.24,683.79,684.66,663736,QQQ
2026-07-31 10:40:00-04:00,684.66,685.27,683.28,684.615,512952,QQQ
2026-07-31 10:45:00-04:00,684.65,686.335,683.8662,686.19,1167271,QQQ
2026-07-31 10:50:00-04:00,686.195,686.51,685.19,685.3476,1046726,QQQ
2026-07-31 10:55:00-04:00,685.4,686.23,684.32,685.61,427881,QQQ
2026-07-31 11:00:00-04:00,685.63,686.09,684.83,685.9591,438858,QQQ
2026-07-31 11:05:00-04:00,685.99,686.43,684.37,684.82,362870,QQQ
2026-07-31 11:10:00-04:00,684.875,685.4096,683.33,684.6301,411475,QQQ
2026-07-31 11:15:00-04:00,684.66,686.3,683.89,684.47,395737,QQQ
2026-07-31 11:20:00-04:00,684.42,684.7195,682.84,682.86,436919,QQQ
2026-07-31 11:25:00-04:00,682.82,683.15,681.07,681.77,521655,QQQ
2026-07-31 11:30:00-04:00,681.72,682.47,680.94,682.34,446096,QQQ
2026-07-31 11:35:00-04:00,682.36,684.4001,682.28,683.7799,347024,QQQ
2026-07-31 11:40:00-04:00,683.76,684.11,682.1,683.28,227287,QQQ
2026-07-31 11:45:00-04:00,683.33,683.58,682.15,682.8,232772,QQQ
2026-07-31 11:50:00-04:00,682.825,685.06,682.75,684.905,379886,QQQ
2026-07-31 11:55:00-04:00,684.89,685.25,684.21,684.7863,289020,QQQ
2026-07-31 12:00:00-04:00,684.75,685.6,684.36,685.125,375281,QQQ
2026-07-31 12:05:00-04:00,685.13,685.31,684.02,684.76,248148,QQQ
2026-07-31 12:10:00-04:00,684.78,685.6,684.69,685.39,225381,QQQ
2026-07-31 12:15:00-04:00,685.42,685.64,684.36,685.2172,278167,QQQ
2026-07-31 12:20:00-04:00,685.15,686.39,685.122,686.19,337412,QQQ
2026-07-31 12:25:00-04:00,686.204,686.93,685.57,686.93,271255,QQQ
2026-07-31 12:30:00-04:00,686.95,687.54,686.67,687.265,532756,QQQ
2026-07-31 12:35:00-04:00,687.2401,687.55,686.76,686.97,409098,QQQ
2026-07-31 12:40:00-04:00,686.96,687.13,685.78,685.94,271166,QQQ
2026-07-31 12:45:00-04:00,685.925,686.62,685.63,686.6087,230919,QQQ
2026-07-31 12:50:00-04:00,686.64,687.42,686.515,686.73,243916,QQQ
2026-07-31 12:55:00-04:00,686.71,687.625,686.69,687.07,213945,QQQ
2026-07-31 13:00:00-04:00,687.04,688.058,686.89,687.731,195237,QQQ
2026-07-31 13:05:00-04:00,687.74,687.96,687.0,687.33,233261,QQQ
2026-07-31 13:10:00-04:00,687.26,688.14,687.0711,687.91,388055,QQQ
2026-07-31 13:15:00-04:00,687.92,688.39,687.765,688.3009,216116,QQQ
2026-07-31 13:20:00-04:00,688.27,689.2,687.78,689.14,274872,QQQ
2026-07-31 13:25:00-04:00,689.14,689.72,689.07,689.36,318463,QQQ
2026-07-31 13:30:00-04:00,689.37,689.93,689.07,689.85,291503,QQQ
2026-07-31 13:35:00-04:00,689.83,690.35,689.19,689.2,343059,QQQ
2026-07-31 13:40:00-04:00,689.2,689.62,688.91,689.235,306165,QQQ
2026-07-31 13:45:00-04:00,689.25,689.7,688.28,688.4,304455,QQQ
2026-07-31 13:50:00-04:00,688.36,689.4,688.265,688.92,317479,QQQ
2026-07-31 13:55:00-04:00,688.93,689.28,688.47,688.575,768878,QQQ
2026-07-31 14:00:00-04:00,688.565,689.27,688.35,688.53,209288,QQQ
2026-07-31 14:05:00-04:00,688.5231,689.12,688.25,688.575,199970,QQQ
2026-07-31 14:10:00-04:00,688.56,688.76,687.76,687.97,252101,QQQ
2026-07-31 14:15:00-04:00,687.91,688.97,687.85,688.57,203782,QQQ
2026-07-31 14:20:00-04:00,688.54,688.95,688.36,688.77,215716,QQQ
2026-07-31 14:25:00-04:00,688.765,688.81,688.17,688.38,242506,QQQ
2026-07-31 14:30:00-04:00,688.58,689.015,688.53,688.73,159710,QQQ
2026-07-31 14:35:00-04:00,688.73,688.7398,688.27,688.54,300104,QQQ
2026-07-31 14:40:00-04:00,688.51,688.9006,688.273,688.66,165633,QQQ
2026-07-31 14:45:00-04:00,688.65,689.08,688.425,689.035,149120,QQQ
2026-07-31 14:50:00-04:00,689.08,689.39,688.93,689.0,242216,QQQ
2026-07-31 14:55:00-04:00,688.99,689.145,688.27,688.71,271310,QQQ
2026-07-31 15:00:00-04:00,688.7,689.27,688.3,688.37,260811,QQQ
2026-07-31 15:05:00-04:00,688.41,688.6599,688.03,688.54,257300,QQQ
2026-07-31 15:10:00-04:00,688.545,688.8859,688.33,688.6405,393799,QQQ
2026-07-31 15:15:00-04:00,688.67,689.98,688.55,689.94,756790,QQQ
2026-07-31 15:20:00-04:00,689.945,690.25,689.53,689.57,452236,QQQ
2026-07-31 15:25:00-04:00,689.57,689.84,689.355,689.7,328473,QQQ
2026-07-31 15:30:00-04:00,689.67,689.84,688.91,689.3435,954026,QQQ
2026-07-31 15:35:00-04:00,689.34,689.68,689.135,689.3,440072,QQQ
2026-07-31 15:40:00-04:00,689.29,689.88,688.71,689.72,479116,QQQ
2026-07-31 15:45:00-04:00,689.74,690.5,689.74,690.49,852961,QQQ
2026-07-31 15:50:00-04:00,690.5,690.88,689.65,690.47,809516,QQQ
2026-07-31 15:55:00-04:00,690.57,690.6,687.48,688.01,1432494,QQQ
2026-08-03 09:30:00-04:00,687.0,687.97,685.82,687.44,3089656,QQQ
2026-08-03 09:35:00-04:00,687.41,691.2837,687.29,690.395,985258,QQQ
2026-08-03 09:40:00-04:00,690.39,690.845,688.34,690.14,621039,QQQ
2026-08-03 09:45:00-04:00,690.16,691.2236,688.95,689.71,550801,QQQ
2026-08-03 09:50:00-04:00,689.72,690.94,689.28,690.94,446184,QQQ
2026-08-03 09:55:00-04:00,690.935,693.4,690.69,693.305,724561,QQQ
2026-08-03 10:00:00-04:00,693.21,693.4,691.2,691.63,844114,QQQ
2026-08-03 10:05:00-04:00,691.6,692.69,691.08,692.015,332581,QQQ
2026-08-03 10:10:00-04:00,692.03,693.1,691.72,692.0,375952,QQQ
2026-08-03 10:15:00-04:00,692.01,693.68,691.752,693.09,419005,QQQ
2026-08-03 10:20:00-04:00,693.1,694.3221,692.89,694.21,550016,QQQ
2026-08-03 10:25:00-04:00,694.22,694.75,693.72,694.62,692735,QQQ
2026-08-03 10:30:00-04:00,694.67,694.94,694.22,694.79,366355,QQQ
2026-08-03 10:35:00-04:00,694.785,695.91,694.74,695.57,519379,QQQ
2026-08-03 10:40:00-04:00,695.53,696.0,695.2,695.31,896253,QQQ
2026-08-03 10:45:00-04:00,695.36,696.2,695.16,696.07,1232598,QQQ
2026-08-03 10:50:00-04:00,696.05,697.69,695.8878,697.0405,913039,QQQ
2026-08-03 10:55:00-04:00,697.1,697.63,697.06,697.585,376909,QQQ
2026-08-03 11:00:00-04:00,697.59,697.59,697.1,697.345,490013,QQQ
2026-08-03 11:05:00-04:00,697.32,697.42,696.52,696.7,682205,QQQ
2026-08-03 11:10:00-04:00,696.67,697.075,696.25,696.49,435506,QQQ
2026-08-03 11:15:00-04:00,696.474,697.24,696.465,697.0501,458736,QQQ
2026-08-03 11:20:00-04:00,697.09,697.48,696.78,697.074,436138,QQQ
2026-08-03 11:25:00-04:00,697.04,697.34,695.66,695.92,487858,QQQ
2026-08-03 11:30:00-04:00,695.95,697.04,695.875,696.65,303949,QQQ
2026-08-03 11:35:00-04:00,696.6301,696.9866,696.25,696.705,346192,QQQ
2026-08-03 11:40:00-04:00,696.7399,697.27,696.7,697.11,218179,QQQ
2026-08-03 11:45:00-04:00,697.1593,697.45,696.98,697.19,232702,QQQ
2026-08-03 11:50:00-04:00,697.19,697.868,696.98,697.67,348768,QQQ
2026-08-03 11:55:00-04:00,697.66,697.7,697.06,697.38,410595,QQQ
2026-08-03 12:00:00-04:00,697.5,697.93,697.3425,697.73,766469,QQQ
2026-08-03 12:05:00-04:00,697.72,698.07,697.54,697.87,263551,QQQ
2026-08-03 12:10:00-04:00,697.86,697.99,697.6,697.9,166855,QQQ
2026-08-03 12:15:00-04:00,697.89,698.69,697.865,698.6696,359100,QQQ
2026-08-03 12:20:00-04:00,698.67,698.6924,698.246,698.37,285037,QQQ
2026-08-03 12:25:00-04:00,698.45,698.55,698.2,698.49,384588,QQQ
2026-08-03 12:30:00-04:00,698.48,698.67,698.16,698.45,499298,QQQ
2026-08-03 12:35:00-04:00,698.455,698.51,697.97,698.12,224585,QQQ
2026-08-03 12:40:00-04:00,698.115,698.44,697.87,698.42,621670,QQQ
2026-08-03 12:45:00-04:00,698.405,698.6,698.33,698.38,163481,QQQ
2026-08-03 12:50:00-04:00,698.38,698.6165,698.06,698.135,146494,QQQ
2026-08-03 12:55:00-04:00,698.14,698.37,698.05,698.06,189384,QQQ
2026-08-03 13:00:00-04:00,698.11,698.34,697.89,698.21,192207,QQQ
2026-08-03 13:05:00-04:00,698.23,698.58,698.145,698.46,146923,QQQ
2026-08-03 13:10:00-04:00,698.44,699.08,698.44,698.98,250950,QQQ
2026-08-03 13:15:00-04:00,698.94,699.29,698.92,699.2794,370351,QQQ
2026-08-03 13:20:00-04:00,699.28,699.55,699.03,699.48,247707,QQQ
2026-08-03 13:25:00-04:00,699.495,699.7598,699.3309,699.67,586361,QQQ
2026-08-03 13:30:00-04:00,699.67,699.85,699.42,699.7987,596426,QQQ
2026-08-03 13:35:00-04:00,699.82,699.87,699.49,699.51,353816,QQQ
2026-08-03 13:40:00-04:00,699.51,699.73,699.4,699.7,652070,QQQ
2026-08-03 13:45:00-04:00,699.69,699.93,699.67,699.83,522685,QQQ
2026-08-03 13:50:00-04:00,699.85,700.03,699.8,700.005,319396,QQQ
2026-08-03 13:55:00-04:00,700.01,700.56,699.99,700.46,685444,QQQ
2026-08-03 14:00:00-04:00,700.46,701.16,700.46,701.14,419499,QQQ
2026-08-03 14:05:00-04:00,701.1201,701.445,701.03,701.34,455824,QQQ
2026-08-03 14:10:00-04:00,701.37,701.59,700.85,700.995,401535,QQQ
2026-08-03 14:15:00-04:00,701.015,701.44,700.64,700.6904,374832,QQQ
2026-08-03 14:20:00-04:00,700.71,700.835,700.4702,700.515,369313,QQQ
2026-08-03 14:25:00-04:00,700.5,700.66,699.79,699.8001,338336,QQQ
2026-08-03 14:30:00-04:00,699.84,700.16,699.67,699.83,478989,QQQ
2026-08-03 14:35:00-04:00,699.825,700.0499,699.61,699.75,213769,QQQ
2026-08-03 14:40:00-04:00,699.77,700.365,699.695,700.345,398019,QQQ
2026-08-03 14:45:00-04:00,700.34,700.57,699.835,700.55,284202,QQQ
2026-08-03 14:50:00-04:00,700.55,700.67,700.26,700.41,185749,QQQ
2026-08-03 14:55:00-04:00,700.42,700.47,700.15,700.2372,335758,QQQ
2026-08-03 15:00:00-04:00,700.23,701.11,700.21,700.855,366661,QQQ
2026-08-03 15:05:00-04:00,700.85,700.91,700.11,700.28,497935,QQQ
2026-08-03 15:10:00-04:00,700.26,700.52,699.93,700.07,345278,QQQ
2026-08-03 15:15:00-04:00,700.03,700.66,700.01,700.61,445413,QQQ
2026-08-03 15:20:00-04:00,700.62,700.67,700.335,700.46,524886,QQQ
2026-08-03 15:25:00-04:00,700.47,700.63,700.27,700.36,443305,QQQ
2026-08-03 15:30:00-04:00,700.38,700.6793,700.16,700.35,541533,QQQ
2026-08-03 15:35:00-04:00,700.36,700.63,700.115,700.1892,338543,QQQ
2026-08-03 15:40:00-04:00,700.18,700.51,700.04,700.405,571984,QQQ
2026-08-03 15:45:00-04:00,700.4,700.57,700.09,700.46,622316,QQQ
2026-08-03 15:50:00-04:00,700.47,700.94,699.86,700.08,2106744,QQQ
2026-08-03 15:55:00-04:00,700.07,700.18,699.27,700.08,2529534,QQQ
2026-08-04 09:30:00-04:00,708.205,711.8,707.59,711.75,3535308,QQQ
2026-08-04 09:35:00-04:00,711.77,712.5238,711.15,711.98,906311,QQQ
2026-08-04 09:40:00-04:00,712.07,713.48,711.85,712.5195,1105220,QQQ
2026-08-04 09:45:00-04:00,712.5095,713.67,712.5095,713.61,801025,QQQ
2026-08-04 09:50:00-04:00,713.65,714.65,713.53,714.62,825878,QQQ
2026-08-04 09:55:00-04:00,714.615,714.65,712.8,713.65,686479,QQQ
2026-08-04 10:00:00-04:00,713.64,714.52,712.98,714.25,755276,QQQ
2026-08-04 10:05:00-04:00,714.26,715.4,714.23,715.04,945746,QQQ
2026-08-04 10:10:00-04:00,715.025,715.67,714.77,715.6,684981,QQQ
2026-08-04 10:15:00-04:00,715.6,715.74,714.68,715.2,688939,QQQ
2026-08-04 10:20:00-04:00,715.17,715.185,714.255,714.8,650332,QQQ
2026-08-04 10:25:00-04:00,714.78,716.22,714.76,716.005,839502,QQQ
2026-08-04 10:30:00-04:00,716.08,716.2,715.22,715.65,555746,QQQ
2026-08-04 10:35:00-04:00,715.66,716.39,715.07,715.25,547363,QQQ
2026-08-04 10:40:00-04:00,715.28,716.08,715.15,716.0,1778438,QQQ
2026-08-04 10:45:00-04:00,716.02,716.1,715.67,715.75,382176,QQQ
2026-08-04 10:50:00-04:00,715.74,715.98,715.33,715.7,385296,QQQ
2026-08-04 10:55:00-04:00,715.72,715.885,715.24,715.8008,659638,QQQ
2026-08-04 11:00:00-04:00,715.88,716.79,715.74,716.69,485720,QQQ
2026-08-04 11:05:00-04:00,716.705,716.95,716.27,716.915,584887,QQQ
2026-08-04 11:10:00-04:00,716.93,717.65,716.77,717.535,1178942,QQQ
2026-08-04 11:15:00-04:00,717.525,717.89,717.4,717.83,609319,QQQ
2026-08-04 11:20:00-04:00,717.835,718.53,717.8,718.47,666145,QQQ
2026-08-04 11:25:00-04:00,718.46,718.57,717.88,717.99,881302,QQQ
2026-08-04 11:30:00-04:00,717.98,718.12,717.58,717.74,746797,QQQ
2026-08-04 11:35:00-04:00,717.74,719.02,717.735,718.7,1004908,QQQ
2026-08-04 11:40:00-04:00,718.6501,718.98,718.43,718.93,660128,QQQ
2026-08-04 11:45:00-04:00,718.94,719.25,718.93,719.075,642295,QQQ
2026-08-04 11:50:00-04:00,719.075,719.4,718.86,718.88,681175,QQQ
2026-08-04 11:55:00-04:00,718.89,719.12,718.72,718.78,550279,QQQ
2026-08-04 12:00:00-04:00,718.785,719.46,718.765,719.205,541153,QQQ
2026-08-04 12:05:00-04:00,719.22,719.435,718.9101,718.9305,363046,QQQ
2026-08-04 12:10:00-04:00,718.93,719.14,718.56,718.89,469151,QQQ
2026-08-04 12:15:00-04:00,718.92,719.69,718.89,719.63,492527,QQQ
2026-08-04 12:20:00-04:00,719.64,719.97,719.57,719.88,508021,QQQ
2026-08-04 12:25:00-04:00,719.88,719.9,719.61,719.65,582115,QQQ
2026-08-04 12:30:00-04:00,719.665,720.13,719.4,720.01,469933,QQQ
2026-08-04 12:35:00-04:00,720.019,720.27,719.7,719.88,751966,QQQ
2026-08-04 12:40:00-04:00,719.875,720.24,719.65,720.14,523837,QQQ
2026-08-04 12:45:00-04:00,720.135,720.5671,720.135,720.5671,776103,QQQ
2026-08-04 12:50:00-04:00,720.57,720.6,720.37,720.405,765262,QQQ
2026-08-04 12:55:00-04:00,720.4064,720.58,720.29,720.56,610147,QQQ
2026-08-04 13:00:00-04:00,720.57,721.5,720.48,721.46,1287537,QQQ
2026-08-04 13:05:00-04:00,721.4696,721.789,721.22,721.59,456875,QQQ
2026-08-04 13:10:00-04:00,721.575,721.9,721.4901,721.83,350978,QQQ
2026-08-04 13:15:00-04:00,721.84,722.0,721.51,721.635,525103,QQQ
2026-08-04 13:20:00-04:00,721.68,722.03,721.44,721.98,383904,QQQ
2026-08-04 13:25:00-04:00,721.98,722.5,721.95,722.35,528175,QQQ
2026-08-04 13:30:00-04:00,722.32,722.44,721.985,722.35,271288,QQQ
2026-08-04 13:35:00-04:00,722.33,723.05,722.29,723.02,370468,QQQ
2026-08-04 13:40:00-04:00,723.02,723.48,722.99,723.48,465362,QQQ
2026-08-04 13:45:00-04:00,723.49,724.28,723.481,723.86,700120,QQQ
2026-08-04 13:50:00-04:00,723.85,723.86,722.91,723.02,930199,QQQ
2026-08-04 13:55:00-04:00,723.02,723.46,722.71,722.73,868290,QQQ
2026-08-04 14:00:00-04:00,722.73,723.19,722.12,722.33,729032,QQQ
2026-08-04 14:05:00-04:00,722.38,723.0315,722.15,722.82,380131,QQQ
2026-08-04 14:10:00-04:00,722.86,723.34,722.48,723.3399,411428,QQQ
2026-08-04 14:15:00-04:00,723.34,723.695,723.24,723.56,431500,QQQ
2026-08-04 14:20:00-04:00,723.56,723.9,723.36,723.59,546722,QQQ
2026-08-04 14:25:00-04:00,723.59,723.8299,723.36,723.8299,259436,QQQ
2026-08-04 14:30:00-04:00,723.84,724.1552,723.5901,723.67,366071,QQQ
2026-08-04 14:35:00-04:00,723.66,723.78,723.21,723.35,224096,QQQ
2026-08-04 14:40:00-04:00,723.32,723.41,722.87,723.18,328103,QQQ
2026-08-04 14:45:00-04:00,723.2,724.2,723.2,723.88,365346,QQQ
2026-08-04 14:50:00-04:00,723.855,724.2,723.73,723.84,256738,QQQ
2026-08-04 14:55:00-04:00,723.85,723.97,723.71,723.85,413841,QQQ
2026-08-04 15:00:00-04:00,723.86,724.94,723.8,724.63,472368,QQQ
2026-08-04 15:05:00-04:00,724.63,725.06,724.39,725.03,362184,QQQ
2026-08-04 15:10:00-04:00,725.02,725.2,724.85,724.955,625112,QQQ
2026-08-04 15:15:00-04:00,724.95,725.38,724.86,725.275,379831,QQQ
2026-08-04 15:20:00-04:00,725.26,725.325,724.72,724.82,370813,QQQ
2026-08-04 15:25:00-04:00,724.835,724.95,724.01,724.2944,470770,QQQ
2026-08-04 15:30:00-04:00,724.285,724.66,724.03,724.575,424834,QQQ
2026-08-04 15:35:00-04:00,724.575,725.05,724.39,724.83,499058,QQQ
2026-08-04 15:40:00-04:00,724.81,725.53,724.78,725.49,410926,QQQ
2026-08-04 15:45:00-04:00,725.49,725.65,724.76,724.81,870606,QQQ
2026-08-04 15:50:00-04:00,724.82,725.0,723.6001,723.605,1224051,QQQ
2026-08-04 15:55:00-04:00,723.63,724.21,723.1,723.68,2934970,QQQ
2026-08-05 09:30:00-04:00,726.225,727.09,725.225,727.08,2436254,QQQ
2026-08-05 09:35:00-04:00,727.06,727.49,724.63,726.8675,850123,QQQ
2026-08-05 09:40:00-04:00,726.855,728.1824,726.365,728.04,717187,QQQ
2026-08-05 09:45:00-04:00,728.095,728.54,727.21,728.14,572800,QQQ
2026-08-05 09:50:00-04:00,728.1916,728.39,726.085,727.42,790050,QQQ
2026-08-05 09:55:00-04:00,727.43,728.19,726.36,727.99,424648,QQQ
2026-08-05 10:00:00-04:00,727.9,727.9,724.81,725.92,672918,QQQ
2026-08-05 10:05:00-04:00,725.93,727.49,725.865,726.85,788487,QQQ
2026-08-05 10:10:00-04:00,726.85,727.25,726.07,726.71,332437,QQQ
2026-08-05 10:15:00-04:00,726.74,727.4,726.12,726.1699,191705,QQQ
2026-08-05 10:20:00-04:00,726.165,726.22,724.4,725.795,811684,QQQ
2026-08-05 10:25:00-04:00,725.785,726.485,724.635,724.72,478341,QQQ
2026-08-05 10:30:00-04:00,724.67,724.7999,723.19,723.95,596150,QQQ
2026-08-05 10:35:00-04:00,723.95,724.67,722.8561,722.865,515020,QQQ
2026-08-05 10:40:00-04:00,722.86,723.6,722.4799,723.3718,597027,QQQ
2026-08-05 10:45:00-04:00,723.38,724.43,722.81,724.12,1527117,QQQ
2026-08-05 10:50:00-04:00,724.12,724.435,721.6,722.45,616137,QQQ
2026-08-05 10:55:00-04:00,722.44,723.4,721.93,723.04,565816,QQQ
2026-08-05 11:00:00-04:00,723.07,723.815,722.51,722.9831,462392,QQQ
2026-08-05 11:05:00-04:00,723.0,723.99,722.5751,723.63,595707,QQQ
2026-08-05 11:10:00-04:00,723.6,724.115,722.715,722.84,248772,QQQ
2026-08-05 11:15:00-04:00,722.84,723.065,721.02,722.64,623688,QQQ
2026-08-05 11:20:00-04:00,722.6301,723.065,722.2101,722.36,268611,QQQ
2026-08-05 11:25:00-04:00,722.325,722.6538,721.771,722.085,287987,QQQ
2026-08-05 11:30:00-04:00,722.08,723.325,722.035,722.36,293455,QQQ
2026-08-05 11:35:00-04:00,722.33,723.2,722.33,722.9337,159850,QQQ
2026-08-05 11:40:00-04:00,722.94,723.135,722.17,722.35,147521,QQQ
2026-08-05 11:45:00-04:00,722.3599,722.3599,721.58,721.69,191950,QQQ
2026-08-05 11:50:00-04:00,721.695,722.03,721.18,721.3,427847,QQQ
2026-08-05 11:55:00-04:00,721.295,721.305,719.77,720.35,459460,QQQ
2026-08-05 12:00:00-04:00,720.38,721.03,719.72,720.865,414510,QQQ
2026-08-05 12:05:00-04:00,720.85,720.9378,719.52,719.978,450218,QQQ
2026-08-05 12:10:00-04:00,719.982,720.22,719.49,720.18,441526,QQQ
2026-08-05 12:15:00-04:00,720.2,720.95,719.8905,720.35,312892,QQQ
2026-08-05 12:20:00-04:00,720.3764,721.81,720.35,721.155,462384,QQQ
2026-08-05 12:25:00-04:00,721.16,722.71,721.16,722.665,364099,QQQ
2026-08-05 12:30:00-04:00,722.655,722.88,721.17,721.84,256971,QQQ
2026-08-05 12:35:00-04:00,721.83,722.17,721.26,721.82,144632,QQQ
2026-08-05 12:40:00-04:00,721.86,722.415,721.56,721.65,177352,QQQ
2026-08-05 12:45:00-04:00,721.658,721.928,721.4,721.66,142372,QQQ
2026-08-05 12:50:00-04:00,721.62,722.529,721.57,722.33,227101,QQQ
2026-08-05 12:55:00-04:00,722.3,722.47,721.9813,722.13,280067,QQQ
2026-08-05 13:00:00-04:00,722.17,722.4,721.21,721.3507,205430,QQQ
2026-08-05 13:05:00-04:00,721.33,721.56,720.7703,720.945,178019,QQQ
2026-08-05 13:10:00-04:00,720.9637,721.509,720.55,721.14,158452,QQQ
2026-08-05 13:15:00-04:00,721.1,721.415,720.64,720.98,146921,QQQ
2026-08-05 13:20:00-04:00,720.94,721.07,720.45,721.04,141265,QQQ
2026-08-05 13:25:00-04:00,721.02,721.4393,720.73,720.77,127057,QQQ
2026-08-05 13:30:00-04:00,720.8,721.165,720.41,720.81,122139,QQQ
2026-08-05 13:35:00-04:00,720.85,721.13,720.67,720.92,319452,QQQ
2026-08-05 13:40:00-04:00,720.9,721.37,720.78,720.87,86825,QQQ
2026-08-05 13:45:00-04:00,720.76,721.26,720.32,721.05,121538,QQQ
2026-08-05 13:50:00-04:00,721.08,721.27,720.69,720.7581,119107,QQQ
2026-08-05 13:55:00-04:00,720.7,721.16,720.575,720.855,78190,QQQ
2026-08-05 14:00:00-04:00,720.865,721.56,720.77,721.49,465415,QQQ
2026-08-05 14:05:00-04:00,721.46,721.49,720.82,721.17,280229,QQQ
2026-08-05 14:10:00-04:00,721.18,721.51,721.0,721.0,120420,QQQ
2026-08-05 14:15:00-04:00,720.94,721.46,720.82,721.25,114400,QQQ
2026-08-05 14:20:00-04:00,721.2201,721.37,720.92,721.08,26092,QQQ
2026-08-05 14:25:00-04:00,721.06,721.42,721.05,721.31,128854,QQQ
2026-08-05 14:30:00-04:00,721.32,721.32,720.13,720.41,246057,QQQ
2026-08-05 14:35:00-04:00,720.37,720.85,720.33,720.47,188196,QQQ
2026-08-05 14:40:00-04:00,720.465,720.675,720.29,720.48,157214,QQQ
2026-08-05 14:45:00-04:00,720.49,721.03,720.38,720.76,250121,QQQ
2026-08-05 14:50:00-04:00,720.755,720.93,720.48,720.56,145626,QQQ
2026-08-05 14:55:00-04:00,720.56,720.59,720.05,720.09,149564,QQQ
2026-08-05 15:00:00-04:00,720.11,720.95,719.94,720.91,266205,QQQ
2026-08-05 15:05:00-04:00,720.9299,721.35,720.79,721.11,242984,QQQ
2026-08-05 15:10:00-04:00,721.139,721.35,720.99,721.28,143850,QQQ
2026-08-05 15:15:00-04:00,721.27,721.41,721.055,721.0974,321905,QQQ
2026-08-05 15:20:00-04:00,721.11,721.31,720.835,721.085,127723,QQQ
2026-08-05 15:25:00-04:00,721.07,721.3392,720.86,720.8888,309580,QQQ
2026-08-05 15:30:00-04:00,720.875,721.03,720.14,720.27,271304,QQQ
2026-08-05 15:35:00-04:00,720.24,720.41,719.815,719.91,445066,QQQ
2026-08-05 15:40:00-04:00,719.885,720.3691,719.66,719.7799,358633,QQQ
2026-08-05 15:45:00-04:00,719.78,719.9725,719.26,719.86,448665,QQQ
2026-08-05 15:50:00-04:00,719.95,720.32,719.525,719.775,499199,QQQ
2026-08-05 15:55:00-04:00,719.78,719.84,716.93,717.22,1446764,QQQ
2026-08-06 09:30:00-04:00,710.76,711.64,708.5,710.915,2968857,QQQ
2026-08-06 09:35:00-04:00,710.905,713.525,710.5305,712.02,877424,QQQ
2026-08-06 09:40:00-04:00,711.99,714.164,711.79,713.78,881779,QQQ
2026-08-06 09:45:00-04:00,713.78,715.64,713.52,715.44,1033606,QQQ
2026-08-06 09:50:00-04:00,715.45,716.03,714.58,714.85,623973,QQQ
2026-08-06 09:55:00-04:00,714.87,715.72,714.482,715.48,425934,QQQ
2026-08-06 10:00:00-04:00,715.5,716.19,714.52,715.17,670649,QQQ
2026-08-06 10:05:00-04:00,715.3,716.84,714.9787,716.725,594316,QQQ
2026-08-06 10:10:00-04:00,716.75,717.72,716.71,717.455,637695,QQQ
2026-08-06 10:15:00-04:00,717.44,718.51,716.9,718.21,786703,QQQ
2026-08-06 10:20:00-04:00,718.23,718.86,717.98,718.02,629281,QQQ
2026-08-06 10:25:00-04:00,718.09,718.216,716.42,716.84,636288,QQQ
2026-08-06 10:30:00-04:00,716.95,718.17,716.66,718.05,416755,QQQ
2026-08-06 10:35:00-04:00,717.98,718.46,716.05,716.078,390663,QQQ
2026-08-06 10:40:00-04:00,716.07,717.7538,715.9,716.8,368724,QQQ
2026-08-06 10:45:00-04:00,716.8174,716.8174,715.615,716.21,382923,QQQ
2026-08-06 10:50:00-04:00,716.18,717.55,716.0,717.54,341575,QQQ
2026-08-06 10:55:00-04:00,717.595,718.625,717.2,718.592,312137,QQQ
2026-08-06 11:00:00-04:00,718.65,719.09,717.21,717.49,378343,QQQ
2026-08-06 11:05:00-04:00,717.52,719.0,717.52,718.95,303177,QQQ
2026-08-06 11:10:00-04:00,718.96,719.32,718.23,718.34,333721,QQQ
2026-08-06 11:15:00-04:00,718.32,718.75,716.73,716.74,397707,QQQ
2026-08-06 11:20:00-04:00,716.74,717.3201,716.37,716.68,362919,QQQ
2026-08-06 11:25:00-04:00,716.6608,717.498,716.4,717.42,253387,QQQ
2026-08-06 11:30:00-04:00,717.48,717.8599,716.08,716.08,253826,QQQ
2026-08-06 11:35:00-04:00,716.09,716.73,715.75,716.3899,297022,QQQ
2026-08-06 11:40:00-04:00,716.39,716.84,715.595,715.6253,213842,QQQ
2026-08-06 11:45:00-04:00,715.6199,717.52,715.54,716.9,299558,QQQ
2026-08-06 11:50:00-04:00,716.965,717.8,715.345,715.43,472283,QQQ
2026-08-06 11:55:00-04:00,715.43,716.12,714.965,715.17,280272,QQQ
2026-08-06 12:00:00-04:00,715.17,715.35,714.29,714.822,316576,QQQ
2026-08-06 12:05:00-04:00,714.84,715.81,714.674,715.4,274449,QQQ
2026-08-06 12:10:00-04:00,715.5,715.8,714.4,714.49,292205,QQQ
2026-08-06 12:15:00-04:00,714.51,714.9,713.659,714.635,419984,QQQ
2026-08-06 12:20:00-04:00,714.65,714.737,713.53,714.48,362944,QQQ
2026-08-06 12:25:00-04:00,714.5,714.63,713.91,714.09,309266,QQQ
2026-08-06 12:30:00-04:00,714.11,714.96,713.86,714.265,295621,QQQ
2026-08-06 12:35:00-04:00,714.28,715.32,714.0,715.32,333815,QQQ
2026-08-06 12:40:00-04:00,715.35,715.43,714.21,714.235,173746,QQQ
2026-08-06 12:45:00-04:00,714.248,715.125,714.025,715.105,178398,QQQ
2026-08-06 12:50:00-04:00,715.1199,715.5799,714.91,715.04,201820,QQQ
2026-08-06 12:55:00-04:00,715.06,716.16,715.01,716.1499,313103,QQQ
2026-08-06 13:00:00-04:00,716.14,716.58,715.79,715.86,279876,QQQ
2026-08-06 13:05:00-04:00,715.92,716.565,715.57,715.72,137590,QQQ
2026-08-06 13:10:00-04:00,715.665,715.96,715.22,715.34,127507,QQQ
2026-08-06 13:15:00-04:00,715.355,716.002,715.07,715.78,103689,QQQ
2026-08-06 13:20:00-04:00,715.81,715.985,715.25,715.325,169191,QQQ
2026-08-06 13:25:00-04:00,715.36,715.97,715.36,715.39,183297,QQQ
2026-08-06 13:30:00-04:00,715.39,715.75,715.28,715.515,172576,QQQ
2026-08-06 13:35:00-04:00,715.535,715.75,715.02,715.08,124006,QQQ
2026-08-06 13:40:00-04:00,715.1,715.25,714.605,715.0,202808,QQQ
2026-08-06 13:45:00-04:00,715.06,715.26,714.7,714.7,207531,QQQ
2026-08-06 13:50:00-04:00,714.7,715.45,714.62,715.27,167986,QQQ
2026-08-06 13:55:00-04:00,715.23,715.52,714.97,715.41,96159,QQQ
2026-08-06 14:00:00-04:00,715.48,715.65,714.92,715.49,250231,QQQ
2026-08-06 14:05:00-04:00,715.4499,715.6655,715.16,715.54,163308,QQQ
2026-08-06 14:10:00-04:00,715.545,715.86,715.195,715.76,249154,QQQ
2026-08-06 14:15:00-04:00,715.79,716.47,714.0,716.01,548199,QQQ
2026-08-06 14:20:00-04:00,716.05,716.55,715.945,716.38,230745,QQQ
2026-08-06 14:25:00-04:00,716.38,716.43,715.87,716.12,165439,QQQ
2026-08-06 14:30:00-04:00,716.1,716.21,715.52,715.595,205075,QQQ
2026-08-06 14:35:00-04:00,715.55,715.855,715.11,715.16,194332,QQQ
2026-08-06 14:40:00-04:00,715.21,715.3,714.76,715.22,197406,QQQ
2026-08-06 14:45:00-04:00,715.24,715.6,714.97,715.0,259342,QQQ
2026-08-06 14:50:00-04:00,715.0187,715.22,714.88,715.0562,191889,QQQ
2026-08-06 14:55:00-04:00,715.05,715.4299,714.94,715.07,270161,QQQ
2026-08-06 15:00:00-04:00,715.08,716.26,715.0,716.24,347777,QQQ
2026-08-06 15:05:00-04:00,716.21,716.365,715.55,716.27,413108,QQQ
2026-08-06 15:10:00-04:00,716.3,716.405,715.51,715.57,227941,QQQ
2026-08-06 15:15:00-04:00,715.58,715.6598,715.33,715.38,165767,QQQ
2026-08-06 15:20:00-04:00,715.39,715.95,714.9,714.925,318852,QQQ
2026-08-06 15:25:00-04:00,714.925,715.305,714.66,714.9,288118,QQQ
2026-08-06 15:30:00-04:00,714.9,715.81,714.46,715.66,278795,QQQ
2026-08-06 15:35:00-04:00,715.65,715.65,714.94,714.97,170332,QQQ
2026-08-06 15:40:00-04:00,714.95,715.0685,714.5426,714.84,350452,QQQ
2026-08-06 15:45:00-04:00,714.82,715.02,714.415,714.905,537578,QQQ
2026-08-06 15:50:00-04:00,714.91,715.59,714.1101,715.47,691843,QQQ
2026-08-06 15:55:00-04:00,715.47,715.47,714.17,714.62,1253341,QQQ
2026-08-07 09:30:00-04:00,720.0,722.545,719.68,722.3895,3047596,QQQ
2026-08-07 09:35:00-04:00,722.36,722.465,719.8,720.61,601896,QQQ
2026-08-07 09:40:00-04:00,720.64,722.14,719.92,721.9739,517685,QQQ
2026-08-07 09:45:00-04:00,721.9,722.71,720.08,721.565,465611,QQQ
2026-08-07 09:50:00-04:00,721.58,722.2195,720.94,721.17,505831,QQQ
2026-08-07 09:55:00-04:00,721.04,721.28,718.46,719.31,603642,QQQ
2026-08-07 10:00:00-04:00,719.305,720.09,717.8,717.805,453886,QQQ
2026-08-07 10:05:00-04:00,717.8,719.39,717.7,718.09,474994,QQQ
2026-08-07 10:10:00-04:00,718.095,718.54,716.52,716.975,646240,QQQ
2026-08-07 10:15:00-04:00,716.99,720.215,716.6,720.19,629039,QQQ
2026-08-07 10:20:00-04:00,720.23,720.8,719.43,719.8101,571082,QQQ
2026-08-07 10:25:00-04:00,719.81,721.65,719.81,721.25,536351,QQQ
2026-08-07 10:30:00-04:00,721.268,721.54,720.08,720.49,437510,QQQ
2026-08-07 10:35:00-04:00,720.4966,720.81,719.055,719.23,422604,QQQ
2026-08-07 10:40:00-04:00,719.24,720.2,718.83,719.16,328769,QQQ
2026-08-07 10:45:00-04:00,719.16,720.55,718.99,719.9699,320297,QQQ
2026-08-07 10:50:00-04:00,719.9,720.38,718.995,719.3,279851,QQQ
2026-08-07 10:55:00-04:00,719.38,720.5499,719.19,720.27,281265,QQQ
2026-08-07 11:00:00-04:00,720.27,720.885,720.03,720.82,403530,QQQ
2026-08-07 11:05:00-04:00,720.83,721.4,720.75,721.1,316886,QQQ
2026-08-07 11:10:00-04:00,721.13,721.75,720.69,721.21,413793,QQQ
2026-08-07 11:15:00-04:00,721.19,721.38,720.895,721.16,288658,QQQ
2026-08-07 11:20:00-04:00,721.17,722.148,721.04,722.07,484661,QQQ
2026-08-07 11:25:00-04:00,722.07,722.86,722.0398,722.8,444062,QQQ
2026-08-07 11:30:00-04:00,722.8,723.4999,722.8,723.11,588503,QQQ
2026-08-07 11:35:00-04:00,723.16,723.21,722.62,722.7632,344105,QQQ
2026-08-07 11:40:00-04:00,722.82,723.065,722.0405,722.44,262754,QQQ
2026-08-07 11:45:00-04:00,722.41,722.99,722.24,722.88,366687,QQQ
2026-08-07 11:50:00-04:00,722.88,723.2,722.09,722.54,475805,QQQ
2026-08-07 11:55:00-04:00,722.55,722.68,722.1,722.49,246287,QQQ
2026-08-07 12:00:00-04:00,722.5301,722.66,722.06,722.465,210252,QQQ
2026-08-07 12:05:00-04:00,722.44,722.91,722.4,722.78,250845,QQQ
2026-08-07 12:10:00-04:00,722.78,722.86,722.17,722.195,347167,QQQ
2026-08-07 12:15:00-04:00,722.15,722.62,721.89,722.03,142952,QQQ
2026-08-07 12:20:00-04:00,722.045,722.635,720.87,720.93,309595,QQQ
2026-08-07 12:25:00-04:00,720.86,721.045,719.5016,720.1,361449,QQQ
2026-08-07 12:30:00-04:00,720.1,720.67,719.05,720.6263,366295,QQQ
2026-08-07 12:35:00-04:00,720.6,721.125,720.23,721.005,237295,QQQ
2026-08-07 12:40:00-04:00,721.0,721.21,720.6,721.05,225012,QQQ
2026-08-07 12:45:00-04:00,721.08,721.5,721.055,721.37,258521,QQQ
2026-08-07 12:50:00-04:00,721.38,721.68,720.73,720.82,266786,QQQ
2026-08-07 12:55:00-04:00,720.88,721.29,720.68,720.68,128470,QQQ
2026-08-07 13:00:00-04:00,720.68,721.11,720.395,720.81,256121,QQQ
2026-08-07 13:05:00-04:00,720.7999,721.37,720.785,721.3,157817,QQQ
2026-08-07 13:10:00-04:00,721.31,721.36,720.58,720.605,129126,QQQ
2026-08-07 13:15:00-04:00,720.61,721.1679,720.5,721.12,141956,QQQ
2026-08-07 13:20:00-04:00,721.1165,721.2996,720.5,720.5499,117482,QQQ
2026-08-07 13:25:00-04:00,720.55,721.11,720.38,720.92,134302,QQQ
2026-08-07 13:30:00-04:00,720.9,721.06,720.4199,720.6014,189647,QQQ
2026-08-07 13:35:00-04:00,720.64,721.27,720.6,721.222,98575,QQQ
2026-08-07 13:40:00-04:00,721.25,721.2588,720.7,720.8325,217069,QQQ
2026-08-07 13:45:00-04:00,720.83,721.06,720.72,720.86,94665,QQQ
2026-08-07 13:50:00-04:00,720.87,721.16,720.63,720.98,120593,QQQ
2026-08-07 13:55:00-04:00,720.98,721.149,720.8,720.8,102984,QQQ
2026-08-07 14:00:00-04:00,720.795,721.07,720.75,720.8899,136409,QQQ
2026-08-07 14:05:00-04:00,720.89,721.05,720.5801,720.81,167683,QQQ
2026-08-07 14:10:00-04:00,720.81,720.92,720.08,720.2,171239,QQQ
2026-08-07 14:15:00-04:00,720.26,720.59,720.1625,720.425,222624,QQQ
2026-08-07 14:20:00-04:00,720.41,720.52,720.08,720.22,120140,QQQ
2026-08-07 14:25:00-04:00,720.2,720.27,719.8201,719.89,118728,QQQ
2026-08-07 14:30:00-04:00,719.9,720.35,719.78,719.865,203016,QQQ
2026-08-07 14:35:00-04:00,719.875,720.01,719.5401,719.71,210933,QQQ
2026-08-07 14:40:00-04:00,719.71,719.8,719.27,719.3,240939,QQQ
2026-08-07 14:45:00-04:00,719.315,719.8,719.235,719.75,333306,QQQ
2026-08-07 14:50:00-04:00,719.745,720.05,719.66,719.7,143009,QQQ
2026-08-07 14:55:00-04:00,719.7299,720.49,719.5,720.38,357571,QQQ
2026-08-07 15:00:00-04:00,720.37,721.47,720.345,720.84,459540,QQQ
2026-08-07 15:05:00-04:00,720.83,722.0,720.825,721.98,329098,QQQ
2026-08-07 15:10:00-04:00,722.0,722.4,721.99,722.1699,437616,QQQ
2026-08-07 15:15:00-04:00,722.17,722.72,721.9803,721.995,369083,QQQ
2026-08-07 15:20:00-04:00,722.0,722.51,722.0,722.11,332395,QQQ
2026-08-07 15:25:00-04:00,722.09,722.43,722.0564,722.42,148357,QQQ
2026-08-07 15:30:00-04:00,722.425,722.425,721.59,721.6337,314208,QQQ
2026-08-07 15:35:00-04:00,721.645,722.18,721.53,722.045,300170,QQQ
2026-08-07 15:40:00-04:00,722.04,722.09,721.5002,721.6699,307161,QQQ
2026-08-07 15:45:00-04:00,721.65,722.05,721.62,721.9399,342164,QQQ
2026-08-07 15:50:00-04:00,721.9,722.98,721.83,722.85,523657,QQQ
2026-08-07 15:55:00-04:00,722.85,723.62,722.59,723.015,1648862,QQQ
2026-08-10 09:30:00-04:00,722.65,723.25,720.75,720.83,1942042,QQQ
2026-08-10 09:35:00-04:00,720.79,722.5,720.5762,721.37,588519,QQQ
2026-08-10 09:40:00-04:00,721.395,721.967,720.34,721.69,400397,QQQ
2026-08-10 09:45:00-04:00,721.72,722.92,721.55,722.72,428139,QQQ
2026-08-10 09:50:00-04:00,722.74,723.06,721.2,721.72,680484,QQQ
2026-08-10 09:55:00-04:00,721.685,722.7,721.27,722.47,407023,QQQ
2026-08-10 10:00:00-04:00,722.47,723.07,722.04,722.765,417665,QQQ
2026-08-10 10:05:00-04:00,722.75,724.1,722.72,724.09,851642,QQQ
2026-08-10 10:10:00-04:00,724.08,724.505,724.01,724.24,704978,QQQ
2026-08-10 10:15:00-04:00,724.235,724.67,723.64,723.86,326047,QQQ
2026-08-10 10:20:00-04:00,723.76,724.32,722.96,723.2,328870,QQQ
2026-08-10 10:25:00-04:00,723.235,723.95,722.64,723.67,260538,QQQ
2026-08-10 10:30:00-04:00,723.7099,724.24,723.525,723.7587,650750,QQQ
2026-08-10 10:35:00-04:00,723.77,724.52,723.41,723.7195,456249,QQQ
2026-08-10 10:40:00-04:00,723.71,724.24,723.61,723.91,241164,QQQ
2026-08-10 10:45:00-04:00,723.89,724.3225,723.8192,723.97,262232,QQQ
2026-08-10 10:50:00-04:00,724.03,724.11,722.15,722.21,485495,QQQ
2026-08-10 10:55:00-04:00,722.17,722.63,721.75,721.78,452900,QQQ
2026-08-10 11:00:00-04:00,721.84,722.63,721.57,722.2699,341777,QQQ
2026-08-10 11:05:00-04:00,722.28,722.77,721.85,721.85,190974,QQQ
2026-08-10 11:10:00-04:00,721.86,722.36,721.44,722.11,156537,QQQ
2026-08-10 11:15:00-04:00,722.08,722.64,722.0,722.25,148388,QQQ
2026-08-10 11:20:00-04:00,722.2605,722.47,721.63,721.86,188892,QQQ
2026-08-10 11:25:00-04:00,721.855,721.97,721.145,721.69,205061,QQQ
2026-08-10 11:30:00-04:00,721.65,721.89,721.01,721.03,204699,QQQ
2026-08-10 11:35:00-04:00,721.04,721.5,720.83,721.34,192850,QQQ
2026-08-10 11:40:00-04:00,721.32,722.465,721.12,722.46,199240,QQQ
2026-08-10 11:45:00-04:00,722.54,722.7,721.96,722.13,196495,QQQ
2026-08-10 11:50:00-04:00,722.17,723.431,722.11,723.3899,301797,QQQ
2026-08-10 11:55:00-04:00,723.375,723.5562,723.165,723.305,198251,QQQ
2026-08-10 12:00:00-04:00,723.325,723.645,723.25,723.43,163568,QQQ
2026-08-10 12:05:00-04:00,723.4,723.47,722.65,722.86,449788,QQQ
2026-08-10 12:10:00-04:00,722.86,723.05,722.54,722.78,149447,QQQ
2026-08-10 12:15:00-04:00,722.71,723.08,722.38,722.76,207872,QQQ
2026-08-10 12:20:00-04:00,722.75,723.2208,722.655,723.2194,108976,QQQ
2026-08-10 12:25:00-04:00,723.22,723.3,722.4701,722.48,113038,QQQ
2026-08-10 12:30:00-04:00,722.45,722.65,720.8,721.7,589238,QQQ
2026-08-10 12:35:00-04:00,721.74,722.17,721.32,721.53,235336,QQQ
2026-08-10 12:40:00-04:00,721.5,721.6399,720.57,720.785,237501,QQQ
2026-08-10 12:45:00-04:00,720.89,721.47,720.64,721.47,184693,QQQ
2026-08-10 12:50:00-04:00,721.44,721.465,720.85,721.17,302812,QQQ
2026-08-10 12:55:00-04:00,721.17,721.77,721.17,721.77,559348,QQQ
2026-08-10 13:00:00-04:00,721.78,721.84,721.32,721.63,92080,QQQ
2026-08-10 13:05:00-04:00,721.59,722.31,721.54,722.29,119284,QQQ
2026-08-10 13:10:00-04:00,722.32,722.51,722.12,722.315,122872,QQQ
2026-08-10 13:15:00-04:00,722.32,722.54,722.0204,722.16,111352,QQQ
2026-08-10 13:20:00-04:00,722.19,722.38,722.09,722.22,104520,QQQ
2026-08-10 13:25:00-04:00,722.18,722.245,721.7037,721.94,105785,QQQ
2026-08-10 13:30:00-04:00,721.94,722.1666,721.91,721.955,96189,QQQ
2026-08-10 13:35:00-04:00,721.99,722.03,721.39,721.54,151616,QQQ
2026-08-10 13:40:00-04:00,721.51,721.72,721.19,721.26,91994,QQQ
2026-08-10 13:45:00-04:00,721.275,721.3556,721.14,721.195,141349,QQQ
2026-08-10 13:50:00-04:00,721.1201,721.31,720.91,721.08,278251,QQQ
2026-08-10 13:55:00-04:00,721.09,721.4098,720.935,721.27,107776,QQQ
2026-08-10 14:00:00-04:00,721.305,721.47,721.05,721.15,79474,QQQ
2026-08-10 14:05:00-04:00,721.18,721.5,721.03,721.4,168857,QQQ
2026-08-10 14:10:00-04:00,721.37,721.57,721.03,721.08,146200,QQQ
2026-08-10 14:15:00-04:00,721.0795,721.1799,720.895,720.975,121032,QQQ
2026-08-10 14:20:00-04:00,720.98,721.1399,720.86,721.0799,110138,QQQ
2026-08-10 14:25:00-04:00,721.05,721.1763,720.9,720.975,57683,QQQ
2026-08-10 14:30:00-04:00,720.97,721.4036,720.69,721.375,143847,QQQ
2026-08-10 14:35:00-04:00,721.375,721.54,720.95,721.16,80919,QQQ
2026-08-10 14:40:00-04:00,721.1789,721.61,721.1595,721.555,117249,QQQ
2026-08-10 14:45:00-04:00,721.57,721.6175,721.31,721.425,88643,QQQ
2026-08-10 14:50:00-04:00,721.46,721.79,721.45,721.635,71174,QQQ
2026-08-10 14:55:00-04:00,721.655,721.88,721.47,721.835,78866,QQQ
2026-08-10 15:00:00-04:00,721.83,722.09,721.775,721.8399,181376,QQQ
2026-08-10 15:05:00-04:00,721.84,721.96,721.67,721.91,123745,QQQ
2026-08-10 15:10:00-04:00,721.93,722.12,721.83,722.0,215172,QQQ
2026-08-10 15:15:00-04:00,721.995,722.1399,721.8101,721.88,161234,QQQ
2026-08-10 15:20:00-04:00,721.89,722.1,721.79,722.08,118007,QQQ
2026-08-10 15:25:00-04:00,722.08,722.13,721.75,721.8,170790,QQQ
2026-08-10 15:30:00-04:00,721.88,721.9499,721.64,721.72,325382,QQQ
2026-08-10 15:35:00-04:00,721.675,722.07,721.6,721.95,425427,QQQ
2026-08-10 15:40:00-04:00,721.95,721.97,721.53,721.645,208302,QQQ
2026-08-10 15:45:00-04:00,721.65,721.85,721.405,721.8,425732,QQQ
2026-08-10 15:50:00-04:00,721.79,721.8,720.62,720.655,765693,QQQ
2026-08-10 15:55:00-04:00,720.67,721.135,720.33,720.805,2456816,QQQ
2026-08-11 09:30:00-04:00,723.3,723.3,720.6,720.8,1985338,QQQ
2026-08-11 09:35:00-04:00,720.76,720.9063,719.45,719.925,583206,QQQ
2026-08-11 09:40:00-04:00,719.96,721.25,719.95,720.46,562135,QQQ
2026-08-11 09:45:00-04:00,720.41,720.47,718.401,719.0,1022404,QQQ
2026-08-11 09:50:00-04:00,718.99,719.808,718.6,719.04,377910,QQQ
2026-08-11 09:55:00-04:00,719.03,720.74,718.91,720.72,393935,QQQ
2026-08-11 10:00:00-04:00,720.7,721.68,720.37,721.32,434637,QQQ
2026-08-11 10:05:00-04:00,721.29,722.1556,721.2,721.83,376095,QQQ
2026-08-11 10:10:00-04:00,721.86,722.1,721.32,721.4593,299774,QQQ
2026-08-11 10:15:00-04:00,721.45,722.13,720.91,721.12,290484,QQQ
2026-08-11 10:20:00-04:00,721.1,721.68,720.865,721.09,274627,QQQ
2026-08-11 10:25:00-04:00,721.09,721.91,720.98,721.83,249634,QQQ
2026-08-11 10:30:00-04:00,721.8,721.965,720.83,721.67,201740,QQQ
2026-08-11 10:35:00-04:00,721.69,721.79,720.965,721.03,301984,QQQ
2026-08-11 10:40:00-04:00,721.0,721.31,720.615,720.94,271086,QQQ
2026-08-11 10:45:00-04:00,720.94,721.93,720.9,721.87,290232,QQQ
2026-08-11 10:50:00-04:00,721.86,722.44,721.52,722.215,364136,QQQ
2026-08-11 10:55:00-04:00,722.2,722.4099,721.68,721.79,263559,QQQ
2026-08-11 11:00:00-04:00,721.8,722.14,721.66,721.765,176176,QQQ
2026-08-11 11:05:00-04:00,721.76,721.775,720.26,720.28,658073,QQQ
2026-08-11 11:10:00-04:00,720.27,720.6,720.035,720.25,304929,QQQ
2026-08-11 11:15:00-04:00,720.22,720.38,719.89,720.1399,166162,QQQ
2026-08-11 11:20:00-04:00,720.16,720.8,720.0,720.0695,239953,QQQ
2026-08-11 11:25:00-04:00,720.105,720.46,719.99,719.99,138327,QQQ
2026-08-11 11:30:00-04:00,720.035,720.365,719.11,719.3,241423,QQQ
2026-08-11 11:35:00-04:00,719.31,719.77,719.135,719.225,218651,QQQ
2026-08-11 11:40:00-04:00,719.205,719.82,719.1,719.77,218144,QQQ
2026-08-11 11:45:00-04:00,719.775,719.775,719.18,719.2001,143273,QQQ
2026-08-11 11:50:00-04:00,719.18,719.58,719.01,719.12,141085,QQQ
2026-08-11 11:55:00-04:00,719.12,719.35,718.9716,719.0699,135009,QQQ
2026-08-11 12:00:00-04:00,719.08,719.3255,718.68,718.7684,195272,QQQ
2026-08-11 12:05:00-04:00,718.79,719.45,718.76,719.43,232792,QQQ
2026-08-11 12:10:00-04:00,719.4499,719.46,718.72,718.75,218075,QQQ
2026-08-11 12:15:00-04:00,718.77,719.18,718.61,718.67,119062,QQQ
2026-08-11 12:20:00-04:00,718.69,718.97,718.48,718.54,203472,QQQ
2026-08-11 12:25:00-04:00,718.53,718.63,718.035,718.63,369197,QQQ
2026-08-11 12:30:00-04:00,718.61,718.71,718.267,718.32,202703,QQQ
2026-08-11 12:35:00-04:00,718.3,719.07,718.28,718.98,306140,QQQ
2026-08-11 12:40:00-04:00,718.98,718.98,718.33,718.385,562636,QQQ
2026-08-11 12:45:00-04:00,718.3995,718.42,717.93,718.28,243947,QQQ
2026-08-11 12:50:00-04:00,718.29,718.52,718.26,718.48,245865,QQQ
2026-08-11 12:55:00-04:00,718.49,718.51,718.045,718.14,313884,QQQ
2026-08-11 13:00:00-04:00,718.14,718.3272,717.61,717.655,392604,QQQ
2026-08-11 13:05:00-04:00,717.63,718.05,717.555,717.82,297786,QQQ
2026-08-11 13:10:00-04:00,717.81,717.81,716.95,716.98,280979,QQQ
2026-08-11 13:15:00-04:00,716.96,717.66,716.87,717.5,246880,QQQ
2026-08-11 13:20:00-04:00,717.53,717.9,717.32,717.68,227491,QQQ
2026-08-11 13:25:00-04:00,717.68,717.92,717.48,717.66,265581,QQQ
2026-08-11 13:30:00-04:00,717.668,717.85,717.5,717.85,209019,QQQ
2026-08-11 13:35:00-04:00,717.8412,718.19,717.635,717.8109,368279,QQQ
2026-08-11 13:40:00-04:00,717.745,718.42,717.74,718.335,262901,QQQ
2026-08-11 13:45:00-04:00,718.335,718.47,718.09,718.21,123312,QQQ
2026-08-11 13:50:00-04:00,718.235,718.46,718.235,718.43,187366,QQQ
2026-08-11 13:55:00-04:00,718.44,718.45,718.06,718.19,167158,QQQ
2026-08-11 14:00:00-04:00,718.2009,718.36,717.95,718.245,320887,QQQ
2026-08-11 14:05:00-04:00,718.22,718.3172,717.55,717.63,218491,QQQ
2026-08-11 14:10:00-04:00,717.62,717.85,717.58,717.6801,129795,QQQ
2026-08-11 14:15:00-04:00,717.69,717.83,717.55,717.62,88535,QQQ
2026-08-11 14:20:00-04:00,717.61,717.61,716.92,717.13,351187,QQQ
2026-08-11 14:25:00-04:00,717.13,717.2,715.79,716.18,540123,QQQ
2026-08-11 14:30:00-04:00,716.18,716.81,716.1,716.74,1039213,QQQ
2026-08-11 14:35:00-04:00,716.755,716.938,716.45,716.63,160567,QQQ
2026-08-11 14:40:00-04:00,716.575,716.575,716.16,716.28,246363,QQQ
2026-08-11 14:45:00-04:00,716.28,717.23,716.28,717.1822,189876,QQQ
2026-08-11 14:50:00-04:00,717.16,717.49,717.05,717.4,372229,QQQ
2026-08-11 14:55:00-04:00,717.39,717.43,717.09,717.09,169709,QQQ
2026-08-11 15:00:00-04:00,717.095,717.41,716.91,717.36,275373,QQQ
2026-08-11 15:05:00-04:00,717.35,717.37,716.82,717.0801,420493,QQQ
2026-08-11 15:10:00-04:00,717.1,717.84,717.03,717.685,420951,QQQ
2026-08-11 15:15:00-04:00,717.68,717.86,717.56,717.62,252691,QQQ
2026-08-11 15:20:00-04:00,717.63,717.9,717.5815,717.825,161037,QQQ
2026-08-11 15:25:00-04:00,717.825,718.1364,717.66,718.065,299246,QQQ
2026-08-11 15:30:00-04:00,718.09,718.43,717.99,718.39,380474,QQQ
2026-08-11 15:35:00-04:00,718.4,718.935,718.2723,718.935,470722,QQQ
2026-08-11 15:40:00-04:00,718.92,718.93,718.4,718.44,387075,QQQ
2026-08-11 15:45:00-04:00,718.44,718.51,717.9731,718.135,607835,QQQ
2026-08-11 15:50:00-04:00,718.16,718.6499,717.65,718.59,637795,QQQ
2026-08-11 15:55:00-04:00,718.57,718.6899,717.77,718.34,1496620,QQQ
2026-08-12 09:30:00-04:00,726.97,727.25,724.29,724.3163,3266538,QQQ
2026-08-12 09:35:00-04:00,724.27,725.84,724.07,724.5701,857483,QQQ
2026-08-12 09:40:00-04:00,724.5675,724.9262,723.7381,724.83,646041,QQQ
2026-08-12 09:45:00-04:00,724.81,726.5,724.1702,726.335,793363,QQQ
2026-08-12 09:50:00-04:00,726.31,726.335,724.515,724.735,573838,QQQ
2026-08-12 09:55:00-04:00,724.75,725.35,723.89,725.09,571403,QQQ
2026-08-12 10:00:00-04:00,725.04,725.16,723.82,723.82,475322,QQQ
2026-08-12 10:05:00-04:00,723.8,725.39,723.61,725.35,323382,QQQ
2026-08-12 10:10:00-04:00,725.31,725.718,724.5,724.69,647347,QQQ
2026-08-12 10:15:00-04:00,724.67,725.2634,724.2805,724.305,411700,QQQ
2026-08-12 10:20:00-04:00,724.34,725.4001,724.02,725.385,252398,QQQ
2026-08-12 10:25:00-04:00,725.38,725.93,724.96,725.23,283411,QQQ
2026-08-12 10:30:00-04:00,725.24,725.42,723.25,724.33,860453,QQQ
2026-08-12 10:35:00-04:00,724.32,725.535,723.961,725.25,1404978,QQQ
2026-08-12 10:40:00-04:00,725.3888,725.5,724.75,725.43,494345,QQQ
2026-08-12 10:45:00-04:00,725.46,725.6,724.66,724.96,219465,QQQ
2026-08-12 10:50:00-04:00,724.93,724.96,723.8001,723.95,364467,QQQ
2026-08-12 10:55:00-04:00,723.95,724.36,723.63,724.11,200402,QQQ
2026-08-12 11:00:00-04:00,724.1,724.33,723.39,723.7,307355,QQQ
2026-08-12 11:05:00-04:00,723.64,724.3562,723.47,724.2,187824,QQQ
2026-08-12 11:10:00-04:00,724.1716,724.63,723.65,724.425,369290,QQQ
2026-08-12 11:15:00-04:00,724.365,724.5699,723.99,724.14,102395,QQQ
2026-08-12 11:20:00-04:00,724.18,724.33,723.545,723.71,599871,QQQ
2026-08-12 11:25:00-04:00,723.71,724.23,723.525,724.23,190531,QQQ
2026-08-12 11:30:00-04:00,724.25,724.31,722.92,723.22,253473,QQQ
2026-08-12 11:35:00-04:00,723.22,723.84,723.2,723.21,273812,QQQ
2026-08-12 11:40:00-04:00,723.2205,723.455,722.92,723.135,251045,QQQ
2026-08-12 11:45:00-04:00,723.15,723.6,722.92,723.575,179322,QQQ
2026-08-12 11:50:00-04:00,723.59,723.734,723.28,723.35,183222,QQQ
2026-08-12 11:55:00-04:00,723.36,723.465,723.175,723.24,182055,QQQ
2026-08-12 12:00:00-04:00,723.24,723.92,723.16,723.71,175327,QQQ
2026-08-12 12:05:00-04:00,723.6601,724.1762,723.55,724.165,320236,QQQ
2026-08-12 12:10:00-04:00,724.175,724.3,723.89,724.2,145794,QQQ
2026-08-12 12:15:00-04:00,724.22,724.285,723.8707,723.92,224358,QQQ
2026-08-12 12:20:00-04:00,723.925,724.4875,723.88,724.41,131133,QQQ
2026-08-12 12:25:00-04:00,724.41,724.55,724.125,724.2,144735,QQQ
2026-08-12 12:30:00-04:00,724.2295,724.36,723.67,723.71,113145,QQQ
2026-08-12 12:35:00-04:00,723.69,724.505,723.68,724.5,244365,QQQ
2026-08-12 12:40:00-04:00,724.57,724.72,724.41,724.48,167370,QQQ
2026-08-12 12:45:00-04:00,724.495,724.82,724.36,724.75,170980,QQQ
2026-08-12 12:50:00-04:00,724.76,725.25,724.76,725.09,271428,QQQ
2026-08-12 12:55:00-04:00,725.12,725.16,724.94,724.99,259270,QQQ
2026-08-12 13:00:00-04:00,724.985,725.4,724.91,725.32,209163,QQQ
2026-08-12 13:05:00-04:00,725.31,725.43,725.05,725.07,186589,QQQ
2026-08-12 13:10:00-04:00,725.05,725.16,724.805,725.1199,124931,QQQ
2026-08-12 13:15:00-04:00,725.1199,725.1199,724.59,724.82,187611,QQQ
2026-08-12 13:20:00-04:00,724.82,725.08,724.82,724.96,115133,QQQ
2026-08-12 13:25:00-04:00,724.97,725.32,724.95,725.08,135098,QQQ
2026-08-12 13:30:00-04:00,725.07,725.32,724.92,725.0901,345402,QQQ
2026-08-12 13:35:00-04:00,725.06,725.28,725.03,725.19,101587,QQQ
2026-08-12 13:40:00-04:00,725.2,725.38,725.04,725.215,131736,QQQ
2026-08-12 13:45:00-04:00,725.23,725.33,725.115,725.145,202619,QQQ
2026-08-12 13:50:00-04:00,725.14,725.415,724.975,725.0207,141520,QQQ
2026-08-12 13:55:00-04:00,725.03,725.19,724.91,725.115,140600,QQQ
2026-08-12 14:00:00-04:00,725.115,725.24,724.86,724.9101,89296,QQQ
2026-08-12 14:05:00-04:00,724.89,724.965,724.66,724.86,234084,QQQ
2026-08-12 14:10:00-04:00,724.86,725.3231,724.85,725.051,102234,QQQ
2026-08-12 14:15:00-04:00,725.045,725.1,724.73,724.91,131680,QQQ
2026-08-12 14:20:00-04:00,724.91,725.12,724.66,725.09,335889,QQQ
2026-08-12 14:25:00-04:00,725.1,725.2003,724.71,724.74,255001,QQQ
2026-08-12 14:30:00-04:00,724.74,725.17,724.74,724.935,152202,QQQ
2026-08-12 14:35:00-04:00,724.94,725.17,724.93,725.1164,92131,QQQ
2026-08-12 14:40:00-04:00,725.135,725.56,725.1299,725.32,145484,QQQ
2026-08-12 14:45:00-04:00,725.325,725.3494,725.08,725.3,98782,QQQ
2026-08-12 14:50:00-04:00,725.31,725.415,725.07,725.07,97677,QQQ
2026-08-12 14:55:00-04:00,725.09,725.09,724.51,724.63,140572,QQQ
2026-08-12 15:00:00-04:00,724.63,724.93,724.59,724.65,228805,QQQ
2026-08-12 15:05:00-04:00,724.66,724.96,724.63,724.67,104682,QQQ
2026-08-12 15:10:00-04:00,724.66,724.71,724.375,724.49,122267,QQQ
2026-08-12 15:15:00-04:00,724.485,724.82,724.45,724.63,283711,QQQ
2026-08-12 15:20:00-04:00,724.62,724.63,724.0325,724.035,142437,QQQ
2026-08-12 15:25:00-04:00,724.07,724.23,723.82,724.1,208651,QQQ
2026-08-12 15:30:00-04:00,724.09,724.1099,723.73,723.88,241870,QQQ
2026-08-12 15:35:00-04:00,723.88,724.0024,723.67,723.74,595053,QQQ
2026-08-12 15:40:00-04:00,723.75,723.78,723.22,723.65,482068,QQQ
2026-08-12 15:45:00-04:00,723.64,724.09,723.41,724.06,514097,QQQ
2026-08-12 15:50:00-04:00,724.04,724.07,723.37,723.78,526177,QQQ
2026-08-12 15:55:00-04:00,723.8,723.95,723.035,723.67,1816053,QQQ
2026-08-13 09:30:00-04:00,725.125,726.02,724.04,725.9701,1733372,QQQ
2026-08-13 09:35:00-04:00,725.97,728.26,725.9,728.24,988962,QQQ
2026-08-13 09:40:00-04:00,728.24,728.61,727.235,727.62,811782,QQQ
2026-08-13 09:45:00-04:00,727.64,730.83,727.47,730.59,1570258,QQQ
2026-08-13 09:50:00-04:00,730.585,731.15,730.205,730.865,1287165,QQQ
2026-08-13 09:55:00-04:00,730.855,731.68,730.29,731.57,830326,QQQ
2026-08-13 10:00:00-04:00,731.565,731.79,731.1,731.5901,693439,QQQ
2026-08-13 10:05:00-04:00,731.61,731.9099,731.21,731.64,606250,QQQ
2026-08-13 10:10:00-04:00,731.64,732.48,731.6313,732.26,670786,QQQ
2026-08-13 10:15:00-04:00,732.27,732.56,732.0,732.08,458169,QQQ
2026-08-13 10:20:00-04:00,732.08,732.525,731.8,732.29,410315,QQQ
2026-08-13 10:25:00-04:00,732.31,733.04,732.1,732.96,369205,QQQ
2026-08-13 10:30:00-04:00,732.95,733.735,732.8248,733.68,669435,QQQ
2026-08-13 10:35:00-04:00,733.66,733.755,733.125,733.4,690362,QQQ
2026-08-13 10:40:00-04:00,733.38,733.5889,732.94,733.015,495219,QQQ
2026-08-13 10:45:00-04:00,733.0,733.1299,732.44,732.58,940560,QQQ
2026-08-13 10:50:00-04:00,732.58,732.825,732.36,732.82,406253,QQQ
2026-08-13 10:55:00-04:00,732.77,732.8,732.12,732.15,215597,QQQ
2026-08-13 11:00:00-04:00,732.14,732.9,732.0444,732.12,246159,QQQ
2026-08-13 11:05:00-04:00,732.12,732.72,732.11,732.495,446199,QQQ
2026-08-13 11:10:00-04:00,732.5,732.84,732.31,732.5809,367036,QQQ
2026-08-13 11:15:00-04:00,732.6,732.79,732.21,732.79,204416,QQQ
2026-08-13 11:20:00-04:00,732.755,733.1,732.69,732.91,230758,QQQ
2026-08-13 11:25:00-04:00,732.91,733.03,731.7,731.91,434691,QQQ
2026-08-13 11:30:00-04:00,731.92,732.125,730.82,730.85,355289,QQQ
2026-08-13 11:35:00-04:00,730.86,731.35,730.47,731.015,332131,QQQ
2026-08-13 11:40:00-04:00,731.01,731.6233,730.5301,731.1404,266826,QQQ
2026-08-13 11:45:00-04:00,731.055,731.055,730.4,730.7,165565,QQQ
2026-08-13 11:50:00-04:00,730.73,730.8,729.88,730.2003,289775,QQQ
2026-08-13 11:55:00-04:00,730.23,730.65,729.86,730.14,273012,QQQ
2026-08-13 12:00:00-04:00,730.15,731.33,730.11,730.96,753175,QQQ
2026-08-13 12:05:00-04:00,731.015,731.51,730.99,731.31,207535,QQQ
2026-08-13 12:10:00-04:00,731.3,731.5,730.6858,730.69,115103,QQQ
2026-08-13 12:15:00-04:00,730.74,730.985,730.58,730.85,108376,QQQ
2026-08-13 12:20:00-04:00,730.825,731.41,730.654,731.34,338005,QQQ
2026-08-13 12:25:00-04:00,731.34,731.88,731.31,731.83,190145,QQQ
2026-08-13 12:30:00-04:00,731.84,732.16,731.79,731.869,267148,QQQ
2026-08-13 12:35:00-04:00,731.8337,732.03,731.4001,731.59,107316,QQQ
2026-08-13 12:40:00-04:00,731.605,731.855,731.435,731.76,201189,QQQ
2026-08-13 12:45:00-04:00,731.75,732.06,731.75,731.98,102973,QQQ
2026-08-13 12:50:00-04:00,731.98,732.24,731.76,731.805,110932,QQQ
2026-08-13 12:55:00-04:00,731.745,732.0,731.62,731.975,120599,QQQ
2026-08-13 13:00:00-04:00,732.0,732.63,732.0,732.59,254962,QQQ
2026-08-13 13:05:00-04:00,732.585,732.92,732.575,732.81,173965,QQQ
2026-08-13 13:10:00-04:00,732.83,732.95,732.74,732.8,175138,QQQ
2026-08-13 13:15:00-04:00,732.795,733.2,732.77,733.195,154397,QQQ
2026-08-13 13:20:00-04:00,733.195,733.35,733.02,733.11,162143,QQQ
2026-08-13 13:25:00-04:00,733.165,733.26,733.035,733.0484,104895,QQQ
2026-08-13 13:30:00-04:00,733.05,733.2263,732.9,732.965,318300,QQQ
2026-08-13 13:35:00-04:00,732.985,733.0399,732.6737,732.76,95465,QQQ
2026-08-13 13:40:00-04:00,732.74,732.92,732.53,732.53,156216,QQQ
2026-08-13 13:45:00-04:00,732.525,732.84,732.5201,732.6,250707,QQQ
2026-08-13 13:50:00-04:00,732.6299,732.71,732.31,732.35,289269,QQQ
2026-08-13 13:55:00-04:00,732.4,732.63,732.28,732.28,152583,QQQ
2026-08-13 14:00:00-04:00,732.3,732.46,732.23,732.37,109336,QQQ
2026-08-13 14:05:00-04:00,732.3586,732.55,732.04,732.11,94002,QQQ
2026-08-13 14:10:00-04:00,732.14,732.32,731.93,732.23,202860,QQQ
2026-08-13 14:15:00-04:00,732.225,732.37,732.05,732.07,319521,QQQ
2026-08-13 14:20:00-04:00,732.065,732.22,731.765,731.8001,145805,QQQ
2026-08-13 14:25:00-04:00,731.81,732.1,731.81,732.0,218504,QQQ
2026-08-13 14:30:00-04:00,732.01,732.69,732.01,732.585,198419,QQQ
2026-08-13 14:35:00-04:00,732.585,732.77,732.515,732.7,184324,QQQ
2026-08-13 14:40:00-04:00,732.71,733.09,732.6,732.9,252046,QQQ
2026-08-13 14:45:00-04:00,732.9,733.2295,732.89,733.18,243929,QQQ
2026-08-13 14:50:00-04:00,733.18,733.27,732.97,733.15,254315,QQQ
2026-08-13 14:55:00-04:00,733.15,733.31,733.07,733.29,162278,QQQ
2026-08-13 15:00:00-04:00,733.29,733.535,733.2301,733.308,214987,QQQ
2026-08-13 15:05:00-04:00,733.31,733.96,733.162,733.83,260333,QQQ
2026-08-13 15:10:00-04:00,733.81,733.82,732.95,733.13,242121,QQQ
2026-08-13 15:15:00-04:00,733.12,733.185,732.7301,733.185,233470,QQQ
2026-08-13 15:20:00-04:00,733.1898,733.32,733.0,733.035,197867,QQQ
2026-08-13 15:25:00-04:00,733.0,733.045,732.58,732.77,172498,QQQ
2026-08-13 15:30:00-04:00,732.74,732.864,732.46,732.58,179289,QQQ
2026-08-13 15:35:00-04:00,732.57,732.77,732.51,732.67,267316,QQQ
2026-08-13 15:40:00-04:00,732.69,732.7376,732.24,732.275,329252,QQQ
2026-08-13 15:45:00-04:00,732.27,732.32,732.05,732.225,388180,QQQ
2026-08-13 15:50:00-04:00,732.21,732.28,731.75,731.99,769918,QQQ
2026-08-13 15:55:00-04:00,732.01,732.12,731.55,732.06,1031078,QQQ
2026-08-14 09:30:00-04:00,733.26,734.09,732.6,732.6,1623066,QQQ
2026-08-14 09:35:00-04:00,732.63,732.965,731.7201,732.94,414957,QQQ
2026-08-14 09:40:00-04:00,732.965,733.92,732.3267,733.9,345491,QQQ
2026-08-14 09:45:00-04:00,733.86,734.39,733.07,733.375,462274,QQQ
2026-08-14 09:50:00-04:00,733.43,733.98,732.89,733.39,330493,QQQ
2026-08-14 09:55:00-04:00,733.39,733.63,732.7,733.05,242650,QQQ
2026-08-14 10:00:00-04:00,732.95,733.7975,732.64,733.735,225453,QQQ
2026-08-14 10:05:00-04:00,733.72,734.16,733.15,733.2499,302724,QQQ
2026-08-14 10:10:00-04:00,733.22,733.5,732.805,732.975,230346,QQQ
2026-08-14 10:15:00-04:00,732.99,733.115,731.682,731.785,374377,QQQ
2026-08-14 10:20:00-04:00,731.775,732.25,731.24,731.4399,925409,QQQ
2026-08-14 10:25:00-04:00,731.4999,731.7,730.84,731.4601,469342,QQQ
2026-08-14 10:30:00-04:00,731.4721,731.55,730.75,731.0,386855,QQQ
2026-08-14 10:35:00-04:00,730.99,731.84,730.9101,731.75,232902,QQQ
2026-08-14 10:40:00-04:00,731.69,731.69,731.0638,731.44,199768,QQQ
2026-08-14 10:45:00-04:00,731.39,731.63,731.1,731.27,159925,QQQ
2026-08-14 10:50:00-04:00,731.25,731.64,731.105,731.11,146133,QQQ
2026-08-14 10:55:00-04:00,731.11,731.24,730.6,730.6,183124,QQQ
2026-08-14 11:00:00-04:00,730.61,731.05,730.28,730.5856,160869,QQQ
2026-08-14 11:05:00-04:00,730.59,730.785,730.09,730.19,197136,QQQ
2026-08-14 11:10:00-04:00,730.2,730.44,729.7599,729.805,303130,QQQ
2026-08-14 11:15:00-04:00,729.805,730.295,729.805,730.12,234227,QQQ
2026-08-14 11:20:00-04:00,730.13,730.25,728.68,728.71,407566,QQQ
2026-08-14 11:25:00-04:00,728.725,729.4,728.42,729.3201,457986,QQQ
2026-08-14 11:30:00-04:00,729.37,729.39,728.65,728.78,258458,QQQ
2026-08-14 11:35:00-04:00,728.77,729.18,728.55,728.6199,227304,QQQ
2026-08-14 11:40:00-04:00,728.595,728.8,728.32,728.75,289833,QQQ
2026-08-14 11:45:00-04:00,728.79,729.19,728.35,728.54,217172,QQQ
2026-08-14 11:50:00-04:00,728.55,729.14,728.33,728.99,258287,QQQ
2026-08-14 11:55:00-04:00,729.02,729.38,728.89,729.225,237500,QQQ
2026-08-14 12:00:00-04:00,729.22,729.67,729.22,729.43,311715,QQQ
2026-08-14 12:05:00-04:00,729.41,729.5,728.86,729.0351,174246,QQQ
2026-08-14 12:10:00-04:00,729.07,729.62,729.0,729.585,262048,QQQ
2026-08-14 12:15:00-04:00,729.58,729.76,729.5125,729.58,257363,QQQ
2026-08-14 12:20:00-04:00,729.58,729.9,729.46,729.885,109915,QQQ
2026-08-14 12:25:00-04:00,729.86,730.215,729.84,730.07,286060,QQQ
2026-08-14 12:30:00-04:00,730.075,730.0999,729.23,729.38,219552,QQQ
2026-08-14 12:35:00-04:00,729.4,729.965,729.34,729.575,136541,QQQ
2026-08-14 12:40:00-04:00,729.6,729.6,729.18,729.25,187606,QQQ
2026-08-14 12:45:00-04:00,729.23,729.46,729.12,729.4,159252,QQQ
2026-08-14 12:50:00-04:00,729.39,729.4,728.96,729.08,141108,QQQ
2026-08-14 12:55:00-04:00,729.12,729.2901,728.95,729.02,120722,QQQ
2026-08-14 13:00:00-04:00,729.05,729.2095,728.886,729.0533,203516,QQQ
2026-08-14 13:05:00-04:00,729.09,729.38,729.05,729.2326,100789,QQQ
2026-08-14 13:10:00-04:00,729.245,729.538,729.165,729.27,108175,QQQ
2026-08-14 13:15:00-04:00,729.265,729.37,729.0,729.25,252202,QQQ
2026-08-14 13:20:00-04:00,729.25,729.45,728.83,728.915,159776,QQQ
2026-08-14 13:25:00-04:00,728.88,729.15,728.76,729.0131,153392,QQQ
2026-08-14 13:30:00-04:00,729.03,729.33,728.96,729.25,161965,QQQ
2026-08-14 13:35:00-04:00,729.25,729.325,728.83,728.975,136898,QQQ
2026-08-14 13:40:00-04:00,728.96,729.18,728.84,729.02,93277,QQQ
2026-08-14 13:45:00-04:00,729.0063,729.145,728.9,728.98,102335,QQQ
2026-08-14 13:50:00-04:00,729.0,729.44,728.78,729.3497,162005,QQQ
2026-08-14 13:55:00-04:00,729.3525,729.6,729.1802,729.545,157747,QQQ
2026-08-14 14:00:00-04:00,729.53,729.8,729.37,729.73,184062,QQQ
2026-08-14 14:05:00-04:00,729.72,729.785,729.515,729.74,209244,QQQ
2026-08-14 14:10:00-04:00,729.71,729.77,729.45,729.48,199750,QQQ
2026-08-14 14:15:00-04:00,729.48,729.7572,729.4701,729.615,135381,QQQ
2026-08-14 14:20:00-04:00,729.6,729.8,729.4713,729.5251,106085,QQQ
2026-08-14 14:25:00-04:00,729.52,729.6799,729.16,729.18,167555,QQQ
2026-08-14 14:30:00-04:00,729.23,729.4,729.09,729.31,192006,QQQ
2026-08-14 14:35:00-04:00,729.31,729.445,729.17,729.405,120149,QQQ
2026-08-14 14:40:00-04:00,729.38,729.745,729.35,729.67,171502,QQQ
2026-08-14 14:45:00-04:00,729.675,729.7096,729.451,729.68,103020,QQQ
2026-08-14 14:50:00-04:00,729.69,730.08,729.68,729.91,316571,QQQ
2026-08-14 14:55:00-04:00,729.9,729.91,729.66,729.69,100131,QQQ
2026-08-14 15:00:00-04:00,729.7,729.755,729.4225,729.5501,196513,QQQ
2026-08-14 15:05:00-04:00,729.56,729.82,729.41,729.79,265348,QQQ
2026-08-14 15:10:00-04:00,729.79,729.79,729.52,729.55,415934,QQQ
2026-08-14 15:15:00-04:00,729.55,729.76,729.4,729.7,387949,QQQ
2026-08-14 15:20:00-04:00,729.695,729.71,729.51,729.65,115868,QQQ
2026-08-14 15:25:00-04:00,729.65,730.04,729.64,729.86,247952,QQQ
2026-08-14 15:30:00-04:00,729.86,730.0353,729.76,729.99,228769,QQQ
2026-08-14 15:35:00-04:00,729.9899,730.165,729.87,730.075,370396,QQQ
2026-08-14 15:40:00-04:00,730.09,730.33,730.05,730.17,569779,QQQ
2026-08-14 15:45:00-04:00,730.15,730.43,730.0,730.4101,370135,QQQ
2026-08-14 15:50:00-04:00,730.4,730.67,730.36,730.59,573621,QQQ
2026-08-14 15:55:00-04:00,730.595,731.12,730.29,731.05,1223393,QQQ
2026-08-17 09:30:00-04:00,732.96,734.03,732.27,732.4499,1937377,QQQ
2026-08-17 09:35:00-04:00,732.41,733.4175,731.64,731.9268,455994,QQQ
2026-08-17 09:40:00-04:00,731.93,733.205,731.7,732.32,341367,QQQ
2026-08-17 09:45:00-04:00,732.39,733.17,731.86,733.13,398323,QQQ
2026-08-17 09:50:00-04:00,733.125,733.7962,732.74,733.625,517546,QQQ
2026-08-17 09:55:00-04:00,733.65,733.7,732.855,733.3,329841,QQQ
2026-08-17 10:00:00-04:00,733.3395,733.5,732.18,732.6699,315601,QQQ
2026-08-17 10:05:00-04:00,732.685,732.82,731.59,732.445,418217,QQQ
2026-08-17 10:10:00-04:00,732.45,733.15,732.37,733.105,290849,QQQ
2026-08-17 10:15:00-04:00,733.105,733.12,731.92,732.1199,328464,QQQ
2026-08-17 10:20:00-04:00,732.055,732.17,731.53,731.98,474379,QQQ
2026-08-17 10:25:00-04:00,731.975,732.49,731.7201,732.44,258570,QQQ
2026-08-17 10:30:00-04:00,732.45,732.67,732.2,732.59,249519,QQQ
2026-08-17 10:35:00-04:00,732.59,732.645,732.22,732.3897,140097,QQQ
2026-08-17 10:40:00-04:00,732.365,732.89,732.33,732.5825,232750,QQQ
2026-08-17 10:45:00-04:00,732.6,733.06,732.515,732.91,343632,QQQ
2026-08-17 10:50:00-04:00,732.91,733.25,732.605,732.7,321720,QQQ
2026-08-17 10:55:00-04:00,732.745,733.62,732.73,733.56,289051,QQQ
2026-08-17 11:00:00-04:00,733.585,734.35,733.33,734.17,369993,QQQ
2026-08-17 11:05:00-04:00,734.15,734.58,733.86,733.91,626612,QQQ
2026-08-17 11:10:00-04:00,733.92,734.3199,733.88,733.91,277334,QQQ
2026-08-17 11:15:00-04:00,733.9095,734.3499,733.86,734.25,311202,QQQ
2026-08-17 11:20:00-04:00,734.26,734.41,734.11,734.1901,349852,QQQ
2026-08-17 11:25:00-04:00,734.21,734.37,733.86,734.18,209847,QQQ
2026-08-17 11:30:00-04:00,734.2,734.28,733.545,733.57,300123,QQQ
2026-08-17 11:35:00-04:00,733.61,733.78,733.07,733.07,250829,QQQ
2026-08-17 11:40:00-04:00,733.0825,733.32,732.74,733.21,392505,QQQ
2026-08-17 11:45:00-04:00,733.19,733.31,732.9,732.9501,249912,QQQ
2026-08-17 11:50:00-04:00,732.95,733.71,732.9,733.53,180182,QQQ
2026-08-17 11:55:00-04:00,733.56,733.659,733.43,733.4999,140706,QQQ
2026-08-17 12:00:00-04:00,733.47,733.55,732.92,732.95,184239,QQQ
2026-08-17 12:05:00-04:00,732.9599,733.03,732.56,732.725,329286,QQQ
2026-08-17 12:10:00-04:00,732.73,732.9,732.5598,732.6362,225652,QQQ
2026-08-17 12:15:00-04:00,732.64,732.98,732.5555,732.8438,331204,QQQ
2026-08-17 12:20:00-04:00,732.885,732.96,732.37,732.51,227105,QQQ
2026-08-17 12:25:00-04:00,732.52,732.7601,732.48,732.7,166644,QQQ
2026-08-17 12:30:00-04:00,732.7,732.835,732.38,732.45,178798,QQQ
2026-08-17 12:35:00-04:00,732.48,732.59,732.37,732.58,182859,QQQ
2026-08-17 12:40:00-04:00,732.57,732.57,732.1001,732.135,184052,QQQ
2026-08-17 12:45:00-04:00,732.13,732.2925,732.04,732.28,192168,QQQ
2026-08-17 12:50:00-04:00,732.27,732.34,731.9513,732.285,210995,QQQ
2026-08-17 12:55:00-04:00,732.2801,732.33,732.0,732.135,202590,QQQ
2026-08-17 13:00:00-04:00,732.13,732.22,731.8601,731.91,196264,QQQ
2026-08-17 13:05:00-04:00,731.91,731.91,731.47,731.5754,274804,QQQ
2026-08-17 13:10:00-04:00,731.59,731.65,730.82,730.82,323513,QQQ
2026-08-17 13:15:00-04:00,730.81,731.14,730.49,730.83,448594,QQQ
2026-08-17 13:20:00-04:00,730.825,730.825,730.015,730.33,834652,QQQ
2026-08-17 13:25:00-04:00,730.325,730.475,729.94,730.035,649342,QQQ
2026-08-17 13:30:00-04:00,730.02,730.405,729.8907,729.955,284709,QQQ
2026-08-17 13:35:00-04:00,729.96,730.47,729.89,729.91,254002,QQQ
2026-08-17 13:40:00-04:00,729.91,730.7522,729.8,730.68,215862,QQQ
2026-08-17 13:45:00-04:00,730.67,730.77,730.34,730.37,135212,QQQ
2026-08-17 13:50:00-04:00,730.36,730.53,730.27,730.39,264870,QQQ
2026-08-17 13:55:00-04:00,730.4062,730.43,730.06,730.17,154163,QQQ
2026-08-17 14:00:00-04:00,730.16,730.44,729.865,729.94,210860,QQQ
2026-08-17 14:05:00-04:00,729.92,730.03,729.645,729.81,433857,QQQ
2026-08-17 14:10:00-04:00,729.78,730.2854,729.72,730.12,180769,QQQ
2026-08-17 14:15:00-04:00,730.1101,730.21,729.95,730.06,114106,QQQ
2026-08-17 14:20:00-04:00,730.05,730.29,729.865,730.265,217059,QQQ
2026-08-17 14:25:00-04:00,730.26,730.44,729.992,730.19,149346,QQQ
2026-08-17 14:30:00-04:00,730.19,730.31,729.9301,730.13,138963,QQQ
2026-08-17 14:35:00-04:00,730.155,730.34,730.14,730.275,93478,QQQ
2026-08-17 14:40:00-04:00,730.27,730.585,730.26,730.53,184082,QQQ
2026-08-17 14:45:00-04:00,730.52,730.72,730.49,730.6422,147884,QQQ
2026-08-17 14:50:00-04:00,730.675,731.0,730.62,730.66,205289,QQQ
2026-08-17 14:55:00-04:00,730.66,730.72,730.535,730.655,104506,QQQ
2026-08-17 15:00:00-04:00,730.66,730.72,730.3001,730.31,268448,QQQ
2026-08-17 15:05:00-04:00,730.31,730.475,730.0901,730.18,191351,QQQ
2026-08-17 15:10:00-04:00,730.17,730.19,729.75,729.76,243773,QQQ
2026-08-17 15:15:00-04:00,729.74,730.28,729.7,729.915,227588,QQQ
2026-08-17 15:20:00-04:00,729.915,730.06,729.71,730.03,443074,QQQ
2026-08-17 15:25:00-04:00,730.04,730.45,729.94,729.97,255950,QQQ
2026-08-17 15:30:00-04:00,729.94,730.2,729.84,730.02,246357,QQQ
2026-08-17 15:35:00-04:00,730.035,730.24,729.98,730.23,167982,QQQ
2026-08-17 15:40:00-04:00,730.2299,730.37,730.01,730.16,384980,QQQ
2026-08-17 15:45:00-04:00,730.18,730.56,730.18,730.5401,217570,QQQ
2026-08-17 15:50:00-04:00,730.56,730.615,729.82,729.9,468810,QQQ
2026-08-17 15:55:00-04:00,729.92,730.16,729.27,729.8599,1750606,QQQ
2026-08-18 09:30:00-04:00,720.22,721.77,718.79,720.025,3328435,QQQ
2026-08-18 09:35:00-04:00,720.06,721.46,719.8162,721.31,901622,QQQ
2026-08-18 09:40:00-04:00,721.32,722.13,720.13,720.16,644043,QQQ
2026-08-18 09:45:00-04:00,720.12,720.43,719.13,719.41,1199576,QQQ
2026-08-18 09:50:00-04:00,719.3971,719.99,718.83,718.88,660020,QQQ
2026-08-18 09:55:00-04:00,718.91,719.58,718.11,719.125,1028953,QQQ
2026-08-18 10:00:00-04:00,719.14,720.56,718.57,719.775,716638,QQQ
2026-08-18 10:05:00-04:00,719.81,719.92,718.47,718.4999,363832,QQQ
2026-08-18 10:10:00-04:00,718.47,718.57,717.24,717.67,812715,QQQ
2026-08-18 10:15:00-04:00,717.67,718.86,717.47,718.47,647150,QQQ
2026-08-18 10:20:00-04:00,718.485,719.47,717.88,719.0099,582343,QQQ
2026-08-18 10:25:00-04:00,719.03,720.02,718.91,719.7317,644562,QQQ
2026-08-18 10:30:00-04:00,719.6,720.2,719.16,719.23,629326,QQQ
2026-08-18 10:35:00-04:00,719.24,720.03,719.1999,719.55,340884,QQQ
2026-08-18 10:40:00-04:00,719.5504,719.71,718.275,718.315,547048,QQQ
2026-08-18 10:45:00-04:00,718.3,718.56,717.89,718.09,1108373,QQQ
2026-08-18 10:50:00-04:00,718.14,718.44,717.0,717.01,942723,QQQ
2026-08-18 10:55:00-04:00,717.01,717.21,716.46,716.72,617393,QQQ
2026-08-18 11:00:00-04:00,716.73,717.27,716.22,717.09,908832,QQQ
2026-08-18 11:05:00-04:00,717.09,717.31,716.24,716.3,472287,QQQ
2026-08-18 11:10:00-04:00,716.33,716.695,715.92,716.69,546563,QQQ
2026-08-18 11:15:00-04:00,716.6975,717.04,716.41,716.45,476796,QQQ
2026-08-18 11:20:00-04:00,716.41,717.425,716.35,717.23,1042825,QQQ
2026-08-18 11:25:00-04:00,717.24,717.975,717.12,717.7626,604923,QQQ
2026-08-18 11:30:00-04:00,717.7,718.2,717.54,717.76,670073,QQQ
2026-08-18 11:35:00-04:00,717.78,717.78,717.18,717.285,548320,QQQ
2026-08-18 11:40:00-04:00,717.29,718.12,717.15,717.92,617752,QQQ
2026-08-18 11:45:00-04:00,717.935,718.7,717.935,718.505,668360,QQQ
2026-08-18 11:50:00-04:00,718.5,718.85,717.95,718.8,440252,QQQ
2026-08-18 11:55:00-04:00,718.79,718.97,718.41,718.87,549035,QQQ
2026-08-18 12:00:00-04:00,718.88,719.26,718.74,718.91,1459843,QQQ
2026-08-18 12:05:00-04:00,718.902,719.2,718.5901,718.83,491909,QQQ
2026-08-18 12:10:00-04:00,718.84,719.49,718.77,719.09,415831,QQQ
2026-08-18 12:15:00-04:00,719.11,719.18,718.47,718.57,550059,QQQ
2026-08-18 12:20:00-04:00,718.58,719.34,718.53,719.03,557749,QQQ
2026-08-18 12:25:00-04:00,719.03,719.05,718.2,718.23,387089,QQQ
2026-08-18 12:30:00-04:00,718.2,718.64,718.0501,718.54,519406,QQQ
2026-08-18 12:35:00-04:00,718.55,718.92,718.29,718.785,381553,QQQ
2026-08-18 12:40:00-04:00,718.7805,719.155,718.39,718.675,330248,QQQ
2026-08-18 12:45:00-04:00,718.69,719.63,718.43,719.515,547792,QQQ
2026-08-18 12:50:00-04:00,719.52,719.67,719.31,719.61,403103,QQQ
2026-08-18 12:55:00-04:00,719.61,719.61,719.12,719.18,431419,QQQ
2026-08-18 13:00:00-04:00,719.155,719.4399,718.77,719.0808,404165,QQQ
2026-08-18 13:05:00-04:00,719.04,719.1196,718.625,718.83,427632,QQQ
2026-08-18 13:10:00-04:00,718.8575,718.96,718.41,718.8,200287,QQQ
2026-08-18 13:15:00-04:00,718.8,718.82,718.11,718.11,337841,QQQ
2026-08-18 13:20:00-04:00,718.1,718.445,717.92,717.965,230587,QQQ
2026-08-18 13:25:00-04:00,717.97,718.39,717.8,718.35,303192,QQQ
2026-08-18 13:30:00-04:00,718.34,718.47,718.09,718.18,256580,QQQ
2026-08-18 13:35:00-04:00,718.17,718.47,717.75,718.19,523110,QQQ
2026-08-18 13:40:00-04:00,718.16,718.34,718.0,718.055,1017545,QQQ
2026-08-18 13:45:00-04:00,718.045,718.31,717.82,717.84,265781,QQQ
2026-08-18 13:50:00-04:00,717.85,717.95,717.75,717.795,289352,QQQ
2026-08-18 13:55:00-04:00,717.82,717.82,717.125,717.125,541221,QQQ
2026-08-18 14:00:00-04:00,717.12,717.375,717.03,717.21,329812,QQQ
2026-08-18 14:05:00-04:00,717.2,717.409,716.765,716.85,548126,QQQ
2026-08-18 14:10:00-04:00,716.85,717.44,716.69,717.34,385460,QQQ
2026-08-18 14:15:00-04:00,717.3599,718.08,717.279,718.08,495578,QQQ
2026-08-18 14:20:00-04:00,718.06,718.29,717.76,717.94,702713,QQQ
2026-08-18 14:25:00-04:00,717.945,718.02,717.66,718.01,260270,QQQ
2026-08-18 14:30:00-04:00,718.01,718.1463,717.66,717.93,141010,QQQ
2026-08-18 14:35:00-04:00,717.94,718.26,717.94,718.0797,279311,QQQ
2026-08-18 14:40:00-04:00,718.07,718.11,717.5833,717.655,343077,QQQ
2026-08-18 14:45:00-04:00,717.63,717.875,717.57,717.57,193415,QQQ
2026-08-18 14:50:00-04:00,717.59,717.62,717.21,717.25,357975,QQQ
2026-08-18 14:55:00-04:00,717.25,717.475,717.12,717.24,247394,QQQ
2026-08-18 15:00:00-04:00,717.24,717.52,717.08,717.245,374206,QQQ
2026-08-18 15:05:00-04:00,717.245,717.5799,717.13,717.47,205718,QQQ
2026-08-18 15:10:00-04:00,717.48,717.59,717.17,717.27,198245,QQQ
2026-08-18 15:15:00-04:00,717.27,717.42,717.11,717.32,218675,QQQ
2026-08-18 15:20:00-04:00,717.34,717.82,717.14,717.82,214960,QQQ
2026-08-18 15:25:00-04:00,717.83,718.08,717.7,717.92,432677,QQQ
2026-08-18 15:30:00-04:00,717.92,718.07,717.68,717.7501,485897,QQQ
2026-08-18 15:35:00-04:00,717.725,717.95,717.575,717.8105,346154,QQQ
2026-08-18 15:40:00-04:00,717.81,718.055,717.55,717.95,470649,QQQ
2026-08-18 15:45:00-04:00,717.94,718.1,717.66,717.91,444595,QQQ
2026-08-18 15:50:00-04:00,717.92,718.17,716.92,717.17,1428842,QQQ
2026-08-18 15:55:00-04:00,717.19,717.96,717.17,717.59,2337647,QQQ
2026-08-19 09:30:00-04:00,720.41,721.4999,719.28,719.83,2864916,QQQ
2026-08-19 09:35:00-04:00,719.77,720.14,717.7,717.77,1172912,QQQ
2026-08-19 09:40:00-04:00,717.79,718.7,717.12,718.26,845632,QQQ
2026-08-19 09:45:00-04:00,718.29,718.85,714.6,714.85,1018661,QQQ
2026-08-19 09:50:00-04:00,714.83,715.4,713.37,714.86,1603565,QQQ
2026-08-19 09:55:00-04:00,714.86,716.18,714.62,715.5,826020,QQQ
2026-08-19 10:00:00-04:00,715.51,715.93,714.53,714.89,598784,QQQ
2026-08-19 10:05:00-04:00,714.89,715.65,714.0,714.38,814144,QQQ
2026-08-19 10:10:00-04:00,714.39,714.65,712.675,712.74,1043736,QQQ
2026-08-19 10:15:00-04:00,712.77,714.81,712.61,713.66,640555,QQQ
2026-08-19 10:20:00-04:00,713.6316,714.53,712.855,713.5466,530896,QQQ
2026-08-19 10:25:00-04:00,713.485,715.19,713.075,715.17,689726,QQQ
2026-08-19 10:30:00-04:00,715.14,715.99,714.82,715.42,597346,QQQ
2026-08-19 10:35:00-04:00,715.4592,717.19,715.19,717.18,489394,QQQ
2026-08-19 10:40:00-04:00,717.19,717.405,716.43,717.1201,473472,QQQ
2026-08-19 10:45:00-04:00,717.14,717.19,716.266,716.33,302096,QQQ
2026-08-19 10:50:00-04:00,716.35,717.91,716.24,717.9,398516,QQQ
2026-08-19 10:55:00-04:00,717.91,718.6,717.58,718.59,462247,QQQ
2026-08-19 11:00:00-04:00,718.57,718.73,717.86,717.89,263504,QQQ
2026-08-19 11:05:00-04:00,717.91,718.22,717.58,717.6899,299390,QQQ
2026-08-19 11:10:00-04:00,717.69,718.5719,717.655,718.41,200983,QQQ
2026-08-19 11:15:00-04:00,718.4162,718.7,717.9099,718.57,144819,QQQ
2026-08-19 11:20:00-04:00,718.52,718.737,718.1,718.105,154730,QQQ
2026-08-19 11:25:00-04:00,718.135,718.48,717.77,718.32,148526,QQQ
2026-08-19 11:30:00-04:00,718.32,718.38,717.72,717.8,132906,QQQ
2026-08-19 11:35:00-04:00,717.815,717.945,717.312,717.354,218945,QQQ
2026-08-19 11:40:00-04:00,717.35,717.94,716.8,717.93,452798,QQQ
2026-08-19 11:45:00-04:00,717.93,718.39,717.695,717.695,290163,QQQ
2026-08-19 11:50:00-04:00,717.7,717.9,717.29,717.35,146946,QQQ
2026-08-19 11:55:00-04:00,717.39,718.185,717.33,718.17,221936,QQQ
2026-08-19 12:00:00-04:00,718.18,718.945,717.71,718.9103,555531,QQQ
2026-08-19 12:05:00-04:00,718.94,719.3299,718.72,719.23,212850,QQQ
2026-08-19 12:10:00-04:00,719.27,719.315,718.9301,718.9301,196782,QQQ
2026-08-19 12:15:00-04:00,718.93,719.7,718.705,719.4999,273665,QQQ
2026-08-19 12:20:00-04:00,719.485,719.6,718.86,718.95,186241,QQQ
2026-08-19 12:25:00-04:00,718.95,718.96,718.11,718.3,148575,QQQ
2026-08-19 12:30:00-04:00,718.26,718.41,717.94,718.31,180719,QQQ
2026-08-19 12:35:00-04:00,718.31,718.52,717.9,718.22,145313,QQQ
2026-08-19 12:40:00-04:00,718.24,718.505,718.09,718.28,149997,QQQ
2026-08-19 12:45:00-04:00,718.27,718.28,717.725,717.77,194313,QQQ
2026-08-19 12:50:00-04:00,717.73,717.73,717.155,717.3022,188579,QQQ
2026-08-19 12:55:00-04:00,717.295,717.3,716.86,717.055,185651,QQQ
2026-08-19 13:00:00-04:00,717.065,717.25,716.76,716.97,229057,QQQ
2026-08-19 13:05:00-04:00,717.01,717.345,716.58,716.58,179765,QQQ
2026-08-19 13:10:00-04:00,716.63,717.07,716.6201,716.75,218466,QQQ
2026-08-19 13:15:00-04:00,716.77,716.93,716.21,716.2199,193624,QQQ
2026-08-19 13:20:00-04:00,716.22,716.24,715.83,716.05,485183,QQQ
2026-08-19 13:25:00-04:00,716.01,716.61,715.89,716.54,252567,QQQ
2026-08-19 13:30:00-04:00,716.54,716.605,716.05,716.05,194192,QQQ
2026-08-19 13:35:00-04:00,716.025,716.47,715.94,716.11,367250,QQQ
2026-08-19 13:40:00-04:00,716.1131,716.63,716.1,716.47,165223,QQQ
2026-08-19 13:45:00-04:00,716.46,716.78,716.41,716.58,247896,QQQ
2026-08-19 13:50:00-04:00,716.575,717.0491,716.51,716.82,356292,QQQ
2026-08-19 13:55:00-04:00,716.815,716.87,716.515,716.63,231074,QQQ
2026-08-19 14:00:00-04:00,716.66,717.79,716.47,717.09,287098,QQQ
2026-08-19 14:05:00-04:00,717.08,717.2895,715.5726,715.605,349539,QQQ
2026-08-19 14:10:00-04:00,715.605,716.54,715.575,716.05,242574,QQQ
2026-08-19 14:15:00-04:00,716.04,716.12,715.38,715.825,249429,QQQ
2026-08-19 14:20:00-04:00,715.82,716.14,715.74,715.88,348645,QQQ
2026-08-19 14:25:00-04:00,715.84,716.54,715.7956,716.5,186094,QQQ
2026-08-19 14:30:00-04:00,716.5001,717.47,716.5001,717.1801,444024,QQQ
2026-08-19 14:35:00-04:00,717.19,717.2,716.48,716.6401,175104,QQQ
2026-08-19 14:40:00-04:00,716.57,717.09,716.57,717.0,258746,QQQ
2026-08-19 14:45:00-04:00,717.01,717.02,716.57,716.89,138966,QQQ
2026-08-19 14:50:00-04:00,716.8349,716.94,716.45,716.7345,109594,QQQ
2026-08-19 14:55:00-04:00,716.721,716.73,716.25,716.4,135917,QQQ
2026-08-19 15:00:00-04:00,716.4175,716.83,716.295,716.54,223366,QQQ
2026-08-19 15:05:00-04:00,716.56,716.965,716.3695,716.92,112151,QQQ
2026-08-19 15:10:00-04:00,716.92,716.99,716.66,716.72,385961,QQQ
2026-08-19 15:15:00-04:00,716.725,717.185,716.65,717.18,219165,QQQ
2026-08-19 15:20:00-04:00,717.165,717.36,716.82,717.1399,233119,QQQ
2026-08-19 15:25:00-04:00,717.13,717.51,716.88,716.9305,213468,QQQ
2026-08-19 15:30:00-04:00,716.96,717.76,716.85,717.54,245866,QQQ
2026-08-19 15:35:00-04:00,717.56,717.56,716.46,716.505,871410,QQQ
2026-08-19 15:40:00-04:00,716.5,716.73,716.24,716.32,509135,QQQ
2026-08-19 15:45:00-04:00,716.325,716.36,715.62,715.82,582098,QQQ
2026-08-19 15:50:00-04:00,715.79,716.05,715.24,715.82,897282,QQQ
2026-08-19 15:55:00-04:00,715.83,716.14,715.26,716.11,1808095,QQQ
2026-08-20 09:30:00-04:00,712.28,714.06,711.7632,713.285,2991508,QQQ
2026-08-20 09:35:00-04:00,713.37,714.94,712.57,714.13,622023,QQQ
2026-08-20 09:40:00-04:00,714.1486,714.6,713.01,714.29,494554,QQQ
2026-08-20 09:45:00-04:00,714.275,714.7,712.07,712.9,579313,QQQ
2026-08-20 09:50:00-04:00,712.87,713.05,711.07,712.51,631923,QQQ
2026-08-20 09:55:00-04:00,712.54,713.45,711.45,712.1101,470092,QQQ
2026-08-20 10:00:00-04:00,712.1595,713.1,711.32,711.53,484690,QQQ
2026-08-20 10:05:00-04:00,711.59,713.08,711.2666,713.08,416472,QQQ
2026-08-20 10:10:00-04:00,713.04,713.52,712.38,712.5,576305,QQQ
2026-08-20 10:15:00-04:00,712.52,712.82,711.18,711.2201,613583,QQQ
2026-08-20 10:20:00-04:00,711.22,713.58,711.05,713.2,609903,QQQ
2026-08-20 10:25:00-04:00,713.19,713.3,711.74,712.09,397593,QQQ
2026-08-20 10:30:00-04:00,712.06,712.96,711.75,711.75,334165,QQQ
2026-08-20 10:35:00-04:00,711.77,713.74,711.59,713.5999,351539,QQQ
2026-08-20 10:40:00-04:00,713.56,714.0,713.12,713.78,271817,QQQ
2026-08-20 10:45:00-04:00,713.82,714.08,712.63,712.715,316891,QQQ
2026-08-20 10:50:00-04:00,712.72,713.2499,712.13,712.32,185650,QQQ
2026-08-20 10:55:00-04:00,712.3,713.1174,712.05,713.1095,219956,QQQ
2026-08-20 11:00:00-04:00,713.09,714.625,713.01,714.025,515283,QQQ
2026-08-20 11:05:00-04:00,714.02,714.02,711.94,712.305,442565,QQQ
2026-08-20 11:10:00-04:00,712.21,712.8095,711.47,712.44,746155,QQQ
2026-08-20 11:15:00-04:00,712.45,712.51,711.91,712.18,254802,QQQ
2026-08-20 11:20:00-04:00,712.13,712.33,711.1,711.39,558194,QQQ
2026-08-20 11:25:00-04:00,711.39,711.98,710.89,711.9536,550359,QQQ
2026-08-20 11:30:00-04:00,711.93,712.08,710.68,710.89,714406,QQQ
2026-08-20 11:35:00-04:00,710.91,711.2395,710.325,710.35,329240,QQQ
2026-08-20 11:40:00-04:00,710.345,710.94,710.31,710.335,655174,QQQ
2026-08-20 11:45:00-04:00,710.34,711.07,710.1337,710.79,340003,QQQ
2026-08-20 11:50:00-04:00,710.76,711.6,710.67,711.4363,172423,QQQ
2026-08-20 11:55:00-04:00,711.44,711.625,711.22,711.565,172713,QQQ
2026-08-20 12:00:00-04:00,711.59,711.925,711.18,711.25,201165,QQQ
2026-08-20 12:05:00-04:00,711.26,711.681,710.9237,711.681,165123,QQQ
2026-08-20 12:10:00-04:00,711.67,711.875,711.04,711.09,225943,QQQ
2026-08-20 12:15:00-04:00,711.05,711.425,711.0,711.4,198813,QQQ
2026-08-20 12:20:00-04:00,711.44,712.19,711.14,712.005,193006,QQQ
2026-08-20 12:25:00-04:00,712.0,712.2,711.69,711.915,518095,QQQ
2026-08-20 12:30:00-04:00,711.85,712.06,711.13,712.04,185826,QQQ
2026-08-20 12:35:00-04:00,712.05,712.35,711.8909,712.29,151978,QQQ
2026-08-20 12:40:00-04:00,712.305,712.73,712.1938,712.72,223811,QQQ
2026-08-20 12:45:00-04:00,712.73,713.0,712.435,712.53,250097,QQQ
2026-08-20 12:50:00-04:00,712.51,712.795,712.2201,712.54,188162,QQQ
2026-08-20 12:55:00-04:00,712.545,712.92,712.36,712.7847,248408,QQQ
2026-08-20 13:00:00-04:00,712.8,712.81,712.13,712.2709,121764,QQQ
2026-08-20 13:05:00-04:00,712.285,712.29,711.705,711.89,207692,QQQ
2026-08-20 13:10:00-04:00,711.88,712.14,711.7,711.75,109161,QQQ
2026-08-20 13:15:00-04:00,711.77,711.7799,710.975,710.975,177328,QQQ
2026-08-20 13:20:00-04:00,710.9949,711.46,710.875,711.15,169051,QQQ
2026-08-20 13:25:00-04:00,711.14,711.2887,710.735,710.79,218935,QQQ
2026-08-20 13:30:00-04:00,710.755,710.98,710.56,710.61,327433,QQQ
2026-08-20 13:35:00-04:00,710.59,710.88,710.48,710.65,236193,QQQ
2026-08-20 13:40:00-04:00,710.625,710.71,710.46,710.68,103791,QQQ
2026-08-20 13:45:00-04:00,710.63,711.17,710.57,711.06,179039,QQQ
2026-08-20 13:50:00-04:00,711.0,711.4869,710.91,710.945,232015,QQQ
2026-08-20 13:55:00-04:00,710.95,711.14,710.69,710.73,195847,QQQ
2026-08-20 14:00:00-04:00,710.715,710.715,709.77,709.93,583524,QQQ
2026-08-20 14:05:00-04:00,709.95,710.03,709.15,709.29,288883,QQQ
2026-08-20 14:10:00-04:00,709.235,709.405,708.8169,709.195,302189,QQQ
2026-08-20 14:15:00-04:00,709.1801,709.31,708.52,709.285,253846,QQQ
2026-08-20 14:20:00-04:00,709.285,709.62,709.14,709.17,151511,QQQ
2026-08-20 14:25:00-04:00,709.17,709.38,708.95,709.22,196417,QQQ
2026-08-20 14:30:00-04:00,709.2,709.315,708.72,708.7938,192167,QQQ
2026-08-20 14:35:00-04:00,708.83,709.2,708.73,708.97,405259,QQQ
2026-08-20 14:40:00-04:00,709.0,709.28,708.72,709.2401,236601,QQQ
2026-08-20 14:45:00-04:00,709.25,709.715,709.1,709.6799,194272,QQQ
2026-08-20 14:50:00-04:00,709.6513,709.75,709.42,709.615,147723,QQQ
2026-08-20 14:55:00-04:00,709.63,709.84,709.47,709.48,147196,QQQ
2026-08-20 15:00:00-04:00,709.45,710.22,709.44,710.165,291698,QQQ
2026-08-20 15:05:00-04:00,710.15,710.66,709.9888,710.58,425093,QQQ
2026-08-20 15:10:00-04:00,710.63,710.6631,710.19,710.36,302281,QQQ
2026-08-20 15:15:00-04:00,710.37,710.68,710.08,710.12,217915,QQQ
2026-08-20 15:20:00-04:00,710.13,710.93,710.08,710.75,268839,QQQ
2026-08-20 15:25:00-04:00,710.75,710.99,710.725,710.93,314872,QQQ
2026-08-20 15:30:00-04:00,710.931,711.0591,710.63,710.91,422014,QQQ
2026-08-20 15:35:00-04:00,710.9199,711.65,710.79,711.495,668771,QQQ
2026-08-20 15:40:00-04:00,711.5,711.6095,710.88,711.07,450563,QQQ
2026-08-20 15:45:00-04:00,711.08,711.33,710.665,711.3,465342,QQQ
2026-08-20 15:50:00-04:00,711.3,711.54,710.79,710.92,825003,QQQ
2026-08-20 15:55:00-04:00,711.0,711.175,710.4738,710.95,1900155,QQQ
2026-08-21 09:30:00-04:00,715.23,715.37,712.54,712.65,2390547,QQQ
2026-08-21 09:35:00-04:00,712.66,712.8812,711.56,712.315,734122,QQQ
2026-08-21 09:40:00-04:00,712.29,712.57,711.4,711.6,673574,QQQ
2026-08-21 09:45:00-04:00,711.67,712.53,711.29,712.07,493007,QQQ
2026-08-21 09:50:00-04:00,712.12,712.215,710.1,710.91,610980,QQQ
2026-08-21 09:55:00-04:00,710.97,711.61,710.4647,711.27,455798,QQQ
2026-08-21 10:00:00-04:00,711.2195,711.6192,710.245,710.9187,384969,QQQ
2026-08-21 10:05:00-04:00,710.89,711.97,710.89,711.42,310310,QQQ
2026-08-21 10:10:00-04:00,711.42,711.81,709.89,710.05,559919,QQQ
2026-08-21 10:15:00-04:00,709.97,710.71,709.41,709.44,416763,QQQ
2026-08-21 10:20:00-04:00,709.45,710.83,709.205,710.025,716552,QQQ
2026-08-21 10:25:00-04:00,710.06,711.37,709.94,710.59,471710,QQQ
2026-08-21 10:30:00-04:00,710.6,711.25,710.5,710.53,237160,QQQ
2026-08-21 10:35:00-04:00,710.55,711.04,710.27,710.65,220805,QQQ
2026-08-21 10:40:00-04:00,710.6,711.35,710.1635,711.025,222086,QQQ
2026-08-21 10:45:00-04:00,710.995,711.615,710.875,711.385,269963,QQQ
2026-08-21 10:50:00-04:00,711.39,711.69,710.861,711.07,299010,QQQ
2026-08-21 10:55:00-04:00,711.025,711.91,710.86,711.9,333008,QQQ
2026-08-21 11:00:00-04:00,711.9,712.675,711.785,712.551,1049905,QQQ
2026-08-21 11:05:00-04:00,712.59,712.78,712.15,712.34,385330,QQQ
2026-08-21 11:10:00-04:00,712.36,712.615,712.2125,712.41,183145,QQQ
2026-08-21 11:15:00-04:00,712.41,712.745,711.9808,712.145,216444,QQQ
2026-08-21 11:20:00-04:00,712.1424,712.5799,711.915,712.032,275212,QQQ
2026-08-21 11:25:00-04:00,712.02,712.85,711.97,712.74,255439,QQQ
2026-08-21 11:30:00-04:00,712.78,713.665,712.68,713.64,1188117,QQQ
2026-08-21 11:35:00-04:00,713.62,714.6,713.55,714.575,451542,QQQ
2026-08-21 11:40:00-04:00,714.56,715.27,714.46,714.795,626002,QQQ
2026-08-21 11:45:00-04:00,714.8,714.9495,714.1525,714.31,339114,QQQ
2026-08-21 11:50:00-04:00,714.33,715.6738,714.33,715.32,396970,QQQ
2026-08-21 11:55:00-04:00,715.32,715.32,714.44,714.61,388438,QQQ
2026-08-21 12:00:00-04:00,714.545,714.685,713.96,714.035,169962,QQQ
2026-08-21 12:05:00-04:00,714.03,714.22,713.36,713.41,205555,QQQ
2026-08-21 12:10:00-04:00,713.4125,713.77,713.3001,713.45,786855,QQQ
2026-08-21 12:15:00-04:00,713.43,714.02,713.32,713.53,516573,QQQ
2026-08-21 12:20:00-04:00,713.53,714.8,713.26,713.64,659106,QQQ
2026-08-21 12:25:00-04:00,713.65,713.8651,713.461,713.77,104891,QQQ
2026-08-21 12:30:00-04:00,713.7795,713.845,713.41,713.41,730552,QQQ
2026-08-21 12:35:00-04:00,713.39,713.96,713.39,713.93,174286,QQQ
2026-08-21 12:40:00-04:00,713.9297,714.11,713.85,713.9695,73793,QQQ
2026-08-21 12:45:00-04:00,713.95,713.95,713.5306,713.5306,189340,QQQ
2026-08-21 12:50:00-04:00,713.555,713.555,713.05,713.33,300819,QQQ
2026-08-21 12:55:00-04:00,713.29,713.87,713.12,713.83,193700,QQQ
2026-08-21 13:00:00-04:00,713.81,714.1,713.76,713.81,427763,QQQ
2026-08-21 13:05:00-04:00,713.7751,714.07,713.6355,713.83,160564,QQQ
2026-08-21 13:10:00-04:00,713.795,713.8,713.53,713.73,94071,QQQ
2026-08-21 13:15:00-04:00,713.74,713.77,713.5,713.5699,190301,QQQ
2026-08-21 13:20:00-04:00,713.57,713.61,712.97,713.26,174596,QQQ
2026-08-21 13:25:00-04:00,713.2763,713.67,713.05,713.415,155169,QQQ
2026-08-21 13:30:00-04:00,713.425,713.5442,713.19,713.19,120853,QQQ
2026-08-21 13:35:00-04:00,713.16,713.63,713.12,713.395,159234,QQQ
2026-08-21 13:40:00-04:00,713.4,713.59,713.2,713.59,103898,QQQ
2026-08-21 13:45:00-04:00,713.645,713.775,713.435,713.5,93728,QQQ
2026-08-21 13:50:00-04:00,713.5,713.59,713.25,713.38,174030,QQQ
2026-08-21 13:55:00-04:00,713.37,713.38,713.09,713.12,123156,QQQ
2026-08-21 14:00:00-04:00,713.1299,713.63,713.02,713.54,500266,QQQ
2026-08-21 14:05:00-04:00,713.54,713.54,712.9299,712.97,147281,QQQ
2026-08-21 14:10:00-04:00,712.965,713.23,712.885,712.885,191844,QQQ
2026-08-21 14:15:00-04:00,712.9127,713.11,712.79,713.05,354042,QQQ
2026-08-21 14:20:00-04:00,713.04,713.31,713.025,713.16,136199,QQQ
2026-08-21 14:25:00-04:00,713.165,713.2,712.655,712.655,187959,QQQ
2026-08-21 14:30:00-04:00,712.655,712.72,712.43,712.505,221172,QQQ
2026-08-21 14:35:00-04:00,712.56,712.76,712.52,712.6,126946,QQQ
2026-08-21 14:40:00-04:00,712.62,712.87,712.61,712.7499,117962,QQQ
2026-08-21 14:45:00-04:00,712.74,713.145,712.67,713.1399,430385,QQQ
2026-08-21 14:50:00-04:00,713.14,713.45,713.1399,713.355,253908,QQQ
2026-08-21 14:55:00-04:00,713.35,713.5899,713.202,713.565,332160,QQQ
2026-08-21 15:00:00-04:00,713.5495,713.89,713.3401,713.355,604117,QQQ
2026-08-21 15:05:00-04:00,713.36,713.7099,713.31,713.495,249189,QQQ
2026-08-21 15:10:00-04:00,713.46,713.4825,713.2,713.27,441952,QQQ
2026-08-21 15:15:00-04:00,713.25,713.495,713.09,713.26,303824,QQQ
2026-08-21 15:20:00-04:00,713.26,713.57,713.185,713.56,118797,QQQ
2026-08-21 15:25:00-04:00,713.5591,713.675,713.42,713.42,163540,QQQ
2026-08-21 15:30:00-04:00,713.41,713.79,713.41,713.6501,203394,QQQ
2026-08-21 15:35:00-04:00,713.65,713.82,713.55,713.81,223804,QQQ
2026-08-21 15:40:00-04:00,713.797,713.81,713.48,713.8,331802,QQQ
2026-08-21 15:45:00-04:00,713.8,714.31,713.75,714.19,580795,QQQ
2026-08-21 15:50:00-04:00,714.19,714.2,713.33,713.42,754298,QQQ
2026-08-21 15:55:00-04:00,713.4,713.83,712.91,713.41,1571215,QQQ
2026-08-24 09:30:00-04:00,709.625,709.79,706.0,706.65,2385397,QQQ
2026-08-24 09:35:00-04:00,706.66,707.43,705.575,705.885,744715,QQQ
2026-08-24 09:40:00-04:00,705.84,706.12,703.38,703.44,844724,QQQ
2026-08-24 09:45:00-04:00,703.43,704.69,702.8703,703.72,847008,QQQ
2026-08-24 09:50:00-04:00,703.715,704.24,702.7,704.145,700874,QQQ
2026-08-24 09:55:00-04:00,704.21,704.815,703.9,704.48,494853,QQQ
2026-08-24 10:00:00-04:00,704.44,704.8106,703.04,703.33,587612,QQQ
2026-08-24 10:05:00-04:00,703.33,703.88,703.0,703.4,446448,QQQ
2026-08-24 10:10:00-04:00,703.385,703.81,702.83,703.77,569533,QQQ
2026-08-24 10:15:00-04:00,703.78,704.11,703.16,703.3583,412988,QQQ
2026-08-24 10:20:00-04:00,703.35,704.71,703.32,703.93,549866,QQQ
2026-08-24 10:25:00-04:00,703.94,704.35,703.45,704.23,255773,QQQ
2026-08-24 10:30:00-04:00,704.16,705.85,703.95,705.76,752652,QQQ
2026-08-24 10:35:00-04:00,705.7537,706.2075,705.48,705.87,675876,QQQ
2026-08-24 10:40:00-04:00,705.87,706.545,705.6349,706.03,278485,QQQ
2026-08-24 10:45:00-04:00,705.98,706.51,705.78,706.47,420513,QQQ
2026-08-24 10:50:00-04:00,706.475,706.5315,705.8809,706.2301,266929,QQQ
2026-08-24 10:55:00-04:00,706.24,706.47,705.77,705.93,218746,QQQ
2026-08-24 11:00:00-04:00,705.93,706.2,705.25,705.305,286013,QQQ
2026-08-24 11:05:00-04:00,705.3195,705.55,704.915,705.34,506386,QQQ
2026-08-24 11:10:00-04:00,705.33,705.79,705.0,705.06,300357,QQQ
2026-08-24 11:15:00-04:00,705.06,705.42,705.025,705.2721,305549,QQQ
2026-08-24 11:20:00-04:00,705.284,705.92,704.822,705.8422,344283,QQQ
2026-08-24 11:25:00-04:00,705.85,707.19,705.8,706.83,813451,QQQ
2026-08-24 11:30:00-04:00,706.8,707.21,706.51,707.15,435203,QQQ
2026-08-24 11:35:00-04:00,707.14,707.83,706.97,707.7,482327,QQQ
2026-08-24 11:40:00-04:00,707.71,708.28,707.67,708.14,376912,QQQ
2026-08-24 11:45:00-04:00,708.15,708.8439,708.15,708.36,451758,QQQ
2026-08-24 11:50:00-04:00,708.39,708.66,708.2,708.34,338107,QQQ
2026-08-24 11:55:00-04:00,708.33,708.33,707.56,707.99,468074,QQQ
2026-08-24 12:00:00-04:00,707.9801,708.49,707.71,708.11,456217,QQQ
2026-08-24 12:05:00-04:00,708.1201,708.2476,707.76,707.76,122226,QQQ
2026-08-24 12:10:00-04:00,707.78,708.29,707.7101,708.2887,157203,QQQ
2026-08-24 12:15:00-04:00,708.285,708.985,708.25,708.7269,341290,QQQ
2026-08-24 12:20:00-04:00,708.68,709.3359,708.63,708.8686,349066,QQQ
2026-08-24 12:25:00-04:00,708.86,708.945,708.67,708.8404,164395,QQQ
2026-08-24 12:30:00-04:00,708.8495,709.025,708.3001,708.44,264086,QQQ
2026-08-24 12:35:00-04:00,708.455,708.8,708.37,708.42,155948,QQQ
2026-08-24 12:40:00-04:00,708.41,708.48,708.13,708.3899,439290,QQQ
2026-08-24 12:45:00-04:00,708.39,708.485,708.11,708.485,201933,QQQ
2026-08-24 12:50:00-04:00,708.48,708.56,708.06,708.285,294544,QQQ
2026-08-24 12:55:00-04:00,708.285,708.33,708.025,708.025,263585,QQQ
2026-08-24 13:00:00-04:00,708.03,708.055,707.64,707.7303,453981,QQQ
2026-08-24 13:05:00-04:00,707.73,708.66,707.71,708.52,332510,QQQ
2026-08-24 13:10:00-04:00,708.52,708.98,708.34,708.595,240387,QQQ
2026-08-24 13:15:00-04:00,708.5989,708.6,707.93,707.9331,331326,QQQ
2026-08-24 13:20:00-04:00,707.96,707.99,707.24,707.405,289615,QQQ
2026-08-24 13:25:00-04:00,707.43,707.69,707.0912,707.235,220958,QQQ
2026-08-24 13:30:00-04:00,707.25,707.33,707.03,707.05,228994,QQQ
2026-08-24 13:35:00-04:00,707.04,707.17,706.812,707.09,321747,QQQ
2026-08-24 13:40:00-04:00,707.11,707.21,706.7705,706.7709,240121,QQQ
2026-08-24 13:45:00-04:00,706.7895,707.22,706.7617,707.085,243268,QQQ
2026-08-24 13:50:00-04:00,707.06,707.355,706.78,706.855,281686,QQQ
2026-08-24 13:55:00-04:00,706.86,706.955,706.74,706.9,176244,QQQ
2026-08-24 14:00:00-04:00,706.91,707.7,706.886,707.515,314168,QQQ
2026-08-24 14:05:00-04:00,707.515,708.3375,707.455,708.245,266426,QQQ
2026-08-24 14:10:00-04:00,708.225,708.455,707.965,708.4146,279197,QQQ
2026-08-24 14:15:00-04:00,708.435,708.71,708.09,708.185,287342,QQQ
2026-08-24 14:20:00-04:00,708.15,709.24,708.145,709.15,390474,QQQ
2026-08-24 14:25:00-04:00,709.135,709.28,709.0504,709.16,435404,QQQ
2026-08-24 14:30:00-04:00,709.17,709.53,709.06,709.205,264436,QQQ
2026-08-24 14:35:00-04:00,709.23,709.315,708.26,708.41,518920,QQQ
2026-08-24 14:40:00-04:00,708.41,708.61,708.3216,708.4799,179157,QQQ
2026-08-24 14:45:00-04:00,708.46,708.58,708.11,708.26,184140,QQQ
2026-08-24 14:50:00-04:00,708.22,708.41,707.89,707.96,401954,QQQ
2026-08-24 14:55:00-04:00,707.955,708.07,707.61,707.63,265628,QQQ
2026-08-24 15:00:00-04:00,707.625,707.81,707.51,707.6574,261815,QQQ
2026-08-24 15:05:00-04:00,707.64,707.81,707.41,707.4416,162453,QQQ
2026-08-24 15:10:00-04:00,707.42,707.7897,707.35,707.655,229783,QQQ
2026-08-24 15:15:00-04:00,707.655,707.75,707.33,707.72,189759,QQQ
2026-08-24 15:20:00-04:00,707.69,707.91,707.51,707.645,281319,QQQ
2026-08-24 15:25:00-04:00,707.64,707.83,707.61,707.715,393718,QQQ
2026-08-24 15:30:00-04:00,707.74,708.05,707.31,707.31,428443,QQQ
2026-08-24 15:35:00-04:00,707.33,707.34,706.965,707.05,783945,QQQ
2026-08-24 15:40:00-04:00,707.065,707.18,706.9,707.02,515099,QQQ
2026-08-24 15:45:00-04:00,707.05,707.11,706.795,707.065,725860,QQQ
2026-08-24 15:50:00-04:00,707.08,707.31,706.32,706.895,1340107,QQQ
2026-08-24 15:55:00-04:00,706.9,706.9,706.21,706.24,2446484,QQQ
2026-08-25 09:30:00-04:00,711.27,713.13,710.8,713.125,2095805,QQQ
2026-08-25 09:35:00-04:00,713.08,713.11,711.34,711.665,492430,QQQ
2026-08-25 09:40:00-04:00,711.71,713.09,711.69,712.525,429383,QQQ
2026-08-25 09:45:00-04:00,712.5,714.04,712.35,713.525,632383,QQQ
2026-08-25 09:50:00-04:00,713.53,713.625,712.34,712.36,583319,QQQ
2026-08-25 09:55:00-04:00,712.36,712.42,711.1,711.61,551330,QQQ
2026-08-25 10:00:00-04:00,711.67,711.68,710.07,710.3806,550839,QQQ
2026-08-25 10:05:00-04:00,710.43,710.86,710.0,710.36,409217,QQQ
2026-08-25 10:10:00-04:00,710.35,710.98,709.915,710.01,307153,QQQ
2026-08-25 10:15:00-04:00,710.02,710.6,709.76,709.96,402433,QQQ
2026-08-25 10:20:00-04:00,709.95,710.25,709.1401,709.62,442675,QQQ
2026-08-25 10:25:00-04:00,709.6434,710.15,709.275,709.3,597251,QQQ
2026-08-25 10:30:00-04:00,709.24,710.1,707.45,709.0701,919078,QQQ
2026-08-25 10:35:00-04:00,709.07,710.55,709.06,710.3101,255868,QQQ
2026-08-25 10:40:00-04:00,710.32,710.39,708.77,709.36,434415,QQQ
2026-08-25 10:45:00-04:00,709.26,709.64,709.08,709.43,225733,QQQ
2026-08-25 10:50:00-04:00,709.35,710.385,709.1147,710.01,221555,QQQ
2026-08-25 10:55:00-04:00,710.02,710.115,709.4,709.69,434808,QQQ
2026-08-25 11:00:00-04:00,709.69,709.79,708.8825,708.99,314266,QQQ
2026-08-25 11:05:00-04:00,709.045,709.53,708.88,709.25,222623,QQQ
2026-08-25 11:10:00-04:00,709.29,709.63,709.11,709.5,159496,QQQ
2026-08-25 11:15:00-04:00,709.5095,709.98,709.4,709.78,182609,QQQ
2026-08-25 11:20:00-04:00,709.8,710.37,709.54,709.8,251073,QQQ
2026-08-25 11:25:00-04:00,709.8,710.86,709.66,710.79,173340,QQQ
2026-08-25 11:30:00-04:00,710.76,711.52,710.48,710.565,333894,QQQ
2026-08-25 11:35:00-04:00,710.55,711.47,710.5,710.66,346603,QQQ
2026-08-25 11:40:00-04:00,710.65,710.73,710.27,710.53,342570,QQQ
2026-08-25 11:45:00-04:00,710.49,710.4999,709.47,709.63,238376,QQQ
2026-08-25 11:50:00-04:00,709.605,710.45,709.48,710.3,132184,QQQ
2026-08-25 11:55:00-04:00,710.3,710.675,710.23,710.435,163323,QQQ
2026-08-25 12:00:00-04:00,710.48,711.06,710.41,710.693,185076,QQQ
2026-08-25 12:05:00-04:00,710.7,711.0,710.53,710.555,122706,QQQ
2026-08-25 12:10:00-04:00,710.56,710.85,710.4601,710.8001,319321,QQQ
2026-08-25 12:15:00-04:00,710.81,711.08,710.721,710.9885,106956,QQQ
2026-08-25 12:20:00-04:00,710.9699,711.17,710.781,711.01,179850,QQQ
2026-08-25 12:25:00-04:00,710.98,711.26,710.96,711.16,151940,QQQ
2026-08-25 12:30:00-04:00,711.1795,711.29,710.975,710.99,136547,QQQ
2026-08-25 12:35:00-04:00,711.0399,711.18,710.64,711.1,150194,QQQ
2026-08-25 12:40:00-04:00,711.11,711.11,710.34,710.49,133576,QQQ
2026-08-25 12:45:00-04:00,710.5,710.91,710.41,710.605,137808,QQQ
2026-08-25 12:50:00-04:00,710.62,710.6433,710.24,710.325,97702,QQQ
2026-08-25 12:55:00-04:00,710.335,710.85,710.19,710.705,202975,QQQ
2026-08-25 13:00:00-04:00,710.7116,710.8,709.94,709.9663,189138,QQQ
2026-08-25 13:05:00-04:00,709.95,710.05,709.5,709.735,162162,QQQ
2026-08-25 13:10:00-04:00,709.74,709.99,709.4801,709.9208,161462,QQQ
2026-08-25 13:15:00-04:00,709.91,710.2999,709.79,710.25,132364,QQQ
2026-08-25 13:20:00-04:00,710.23,710.27,709.81,709.84,226071,QQQ
2026-08-25 13:25:00-04:00,709.7801,709.7801,709.27,709.48,143485,QQQ
2026-08-25 13:30:00-04:00,709.5,709.65,709.31,709.58,144318,QQQ
2026-08-25 13:35:00-04:00,709.54,709.71,709.44,709.6,154247,QQQ
2026-08-25 13:40:00-04:00,709.62,709.62,709.35,709.4399,126174,QQQ
2026-08-25 13:45:00-04:00,709.4395,709.65,709.33,709.53,96032,QQQ
2026-08-25 13:50:00-04:00,709.53,709.649,709.305,709.57,113919,QQQ
2026-08-25 13:55:00-04:00,709.57,709.645,709.36,709.544,72904,QQQ
2026-08-25 14:00:00-04:00,709.53,709.53,708.995,709.01,153309,QQQ
2026-08-25 14:05:00-04:00,709.02,709.325,708.96,709.16,155587,QQQ
2026-08-25 14:10:00-04:00,709.15,709.34,706.32,709.01,84768,QQQ
2026-08-25 14:15:00-04:00,709.03,709.2299,708.97,709.215,106025,QQQ
2026-08-25 14:20:00-04:00,709.22,709.55,709.195,709.41,144833,QQQ
2026-08-25 14:25:00-04:00,709.38,709.42,709.09,709.335,99039,QQQ
2026-08-25 14:30:00-04:00,709.37,709.95,709.35,709.91,159036,QQQ
2026-08-25 14:35:00-04:00,709.915,710.13,709.8,710.03,229224,QQQ
2026-08-25 14:40:00-04:00,710.02,710.33,709.91,710.285,149616,QQQ
2026-08-25 14:45:00-04:00,710.285,710.67,710.285,710.57,263723,QQQ
2026-08-25 14:50:00-04:00,710.57,710.58,710.3,710.34,179886,QQQ
2026-08-25 14:55:00-04:00,710.35,710.46,710.19,710.26,144268,QQQ
2026-08-25 15:00:00-04:00,710.255,710.48,710.0,710.02,163982,QQQ
2026-08-25 15:05:00-04:00,710.01,710.15,709.93,710.05,169094,QQQ
2026-08-25 15:10:00-04:00,710.07,710.09,709.65,709.74,192052,QQQ
2026-08-25 15:15:00-04:00,709.72,709.8,709.4499,709.51,229786,QQQ
2026-08-25 15:20:00-04:00,709.5,709.525,709.21,709.47,142974,QQQ
2026-08-25 15:25:00-04:00,709.48,709.5599,709.32,709.53,119095,QQQ
2026-08-25 15:30:00-04:00,709.53,709.54,709.18,709.52,164694,QQQ
2026-08-25 15:35:00-04:00,709.51,709.85,709.48,709.705,171525,QQQ
2026-08-25 15:40:00-04:00,709.7,710.29,709.7,709.825,225093,QQQ
2026-08-25 15:45:00-04:00,709.82,710.0,709.59,709.93,291324,QQQ
2026-08-25 15:50:00-04:00,709.9,710.972,709.72,710.9,466871,QQQ
2026-08-25 15:55:00-04:00,710.9,711.08,710.485,710.64,1343995,QQQ
2026-08-26 09:30:00-04:00,708.5,710.955,708.48,710.36,1690311,QQQ
2026-08-26 09:35:00-04:00,710.35,710.78,709.19,710.049,404602,QQQ
2026-08-26 09:40:00-04:00,709.8686,711.69,709.59,711.16,394507,QQQ
2026-08-26 09:45:00-04:00,711.16,711.73,710.63,710.67,275790,QQQ
2026-08-26 09:50:00-04:00,710.667,711.62,710.28,711.6199,261586,QQQ
2026-08-26 09:55:00-04:00,711.62,712.2,711.31,712.17,258923,QQQ
2026-08-26 10:00:00-04:00,712.18,712.18,711.38,711.5558,265295,QQQ
2026-08-26 10:05:00-04:00,711.57,711.67,710.8002,710.92,240968,QQQ
2026-08-26 10:10:00-04:00,711.0,711.01,709.8801,710.145,304192,QQQ
2026-08-26 10:15:00-04:00,710.13,710.54,709.79,709.98,267532,QQQ
2026-08-26 10:20:00-04:00,709.9599,710.08,709.0599,709.09,244683,QQQ
2026-08-26 10:25:00-04:00,709.08,709.22,707.97,708.525,386000,QQQ
2026-08-26 10:30:00-04:00,708.49,709.136,708.47,708.9728,261146,QQQ
2026-08-26 10:35:00-04:00,708.94,709.79,708.65,709.37,198943,QQQ
2026-08-26 10:40:00-04:00,709.3701,709.9301,709.35,709.54,179017,QQQ
2026-08-26 10:45:00-04:00,709.5625,710.05,709.2,709.95,175572,QQQ
2026-08-26 10:50:00-04:00,709.9501,710.68,709.95,710.0599,212020,QQQ
2026-08-26 10:55:00-04:00,710.05,710.45,709.89,710.3,171456,QQQ
2026-08-26 11:00:00-04:00,710.32,710.79,710.2,710.51,170797,QQQ
2026-08-26 11:05:00-04:00,710.53,711.04,710.5,710.71,188054,QQQ
2026-08-26 11:10:00-04:00,710.7189,710.85,710.25,710.44,212872,QQQ
2026-08-26 11:15:00-04:00,710.43,710.43,709.58,710.1,155440,QQQ
2026-08-26 11:20:00-04:00,710.055,710.4899,709.87,710.02,124438,QQQ
2026-08-26 11:25:00-04:00,710.01,710.66,709.9265,710.4,123532,QQQ
2026-08-26 11:30:00-04:00,710.38,710.472,709.5501,709.7616,162164,QQQ
2026-08-26 11:35:00-04:00,709.76,710.4,709.75,710.2683,107686,QQQ
2026-08-26 11:40:00-04:00,710.26,711.1799,710.2,711.03,159098,QQQ
2026-08-26 11:45:00-04:00,710.99,711.15,710.8231,711.15,148319,QQQ
2026-08-26 11:50:00-04:00,711.15,711.2196,709.782,709.865,276268,QQQ
2026-08-26 11:55:00-04:00,709.83,710.09,709.405,709.44,120063,QQQ
2026-08-26 12:00:00-04:00,709.43,709.46,708.7767,709.38,200420,QQQ
2026-08-26 12:05:00-04:00,709.268,709.62,709.0701,709.19,152909,QQQ
2026-08-26 12:10:00-04:00,709.23,709.3894,709.02,709.07,202963,QQQ
2026-08-26 12:15:00-04:00,709.07,709.19,708.88,709.14,127502,QQQ
2026-08-26 12:20:00-04:00,709.13,709.39,709.05,709.28,95250,QQQ
2026-08-26 12:25:00-04:00,709.28,709.33,709.02,709.2,79119,QQQ
2026-08-26 12:30:00-04:00,709.205,709.4999,709.16,709.36,100786,QQQ
2026-08-26 12:35:00-04:00,709.4,709.455,708.59,708.62,142091,QQQ
2026-08-26 12:40:00-04:00,708.6,708.86,708.29,708.3901,133347,QQQ
2026-08-26 12:45:00-04:00,708.39,708.97,708.355,708.59,129109,QQQ
2026-08-26 12:50:00-04:00,708.6,708.82,708.41,708.65,63204,QQQ
2026-08-26 12:55:00-04:00,708.67,709.54,708.63,709.3999,173727,QQQ
2026-08-26 13:00:00-04:00,709.39,709.755,709.27,709.69,160109,QQQ
2026-08-26 13:05:00-04:00,709.62,709.9,709.43,709.825,190844,QQQ
2026-08-26 13:10:00-04:00,709.7901,710.0,709.73,709.88,116435,QQQ
2026-08-26 13:15:00-04:00,709.95,710.47,709.95,710.27,168289,QQQ
2026-08-26 13:20:00-04:00,710.27,710.645,710.27,710.6211,108287,QQQ
2026-08-26 13:25:00-04:00,710.62,710.68,710.33,710.61,136742,QQQ
2026-08-26 13:30:00-04:00,710.6,710.94,710.5101,710.85,168329,QQQ
2026-08-26 13:35:00-04:00,710.86,711.09,710.79,710.915,152829,QQQ
2026-08-26 13:40:00-04:00,710.91,711.16,710.725,710.9305,144585,QQQ
2026-08-26 13:45:00-04:00,710.93,711.02,710.605,710.66,183698,QQQ
2026-08-26 13:50:00-04:00,710.6799,711.1,710.66,711.07,147629,QQQ
2026-08-26 13:55:00-04:00,711.07,711.23,710.98,711.01,81727,QQQ
2026-08-26 14:00:00-04:00,711.02,711.02,710.725,710.86,224403,QQQ
2026-08-26 14:05:00-04:00,710.86,711.2926,710.85,711.1782,117572,QQQ
2026-08-26 14:10:00-04:00,711.17,711.19,710.5838,710.68,139893,QQQ
2026-08-26 14:15:00-04:00,710.68,711.04,710.56,710.96,194639,QQQ
2026-08-26 14:20:00-04:00,710.9699,711.2,710.8206,710.8301,97124,QQQ
2026-08-26 14:25:00-04:00,710.82,711.0199,710.71,710.9,113238,QQQ
2026-08-26 14:30:00-04:00,710.9,711.45,710.81,711.32,169824,QQQ
2026-08-26 14:35:00-04:00,711.35,711.39,711.17,711.2,86567,QQQ
2026-08-26 14:40:00-04:00,711.21,711.33,711.11,711.26,244739,QQQ
2026-08-26 14:45:00-04:00,711.27,712.05,711.27,711.86,166846,QQQ
2026-08-26 14:50:00-04:00,711.8508,711.99,711.6301,711.82,131494,QQQ
2026-08-26 14:55:00-04:00,711.82,712.08,711.75,711.89,118571,QQQ
2026-08-26 15:00:00-04:00,711.875,713.02,711.81,712.9626,426190,QQQ
2026-08-26 15:05:00-04:00,712.98,713.01,712.51,712.51,222079,QQQ
2026-08-26 15:10:00-04:00,712.51,712.62,712.12,712.345,120974,QQQ
2026-08-26 15:15:00-04:00,712.35,712.75,712.33,712.69,159340,QQQ
2026-08-26 15:20:00-04:00,712.68,712.69,712.17,712.52,208252,QQQ
2026-08-26 15:25:00-04:00,712.49,712.71,712.24,712.31,290505,QQQ
2026-08-26 15:30:00-04:00,712.31,712.45,712.09,712.39,298913,QQQ
2026-08-26 15:35:00-04:00,712.41,712.44,711.92,711.94,176668,QQQ
2026-08-26 15:40:00-04:00,711.922,712.06,711.56,711.612,149092,QQQ
2026-08-26 15:45:00-04:00,711.58,712.2561,711.515,712.225,237298,QQQ
2026-08-26 15:50:00-04:00,712.24,712.36,710.92,711.115,422588,QQQ
2026-08-26 15:55:00-04:00,711.11,711.61,710.885,711.3,889870,QQQ
2026-08-27 09:30:00-04:00,716.98,718.47,715.26,715.53,2590080,QQQ
2026-08-27 09:35:00-04:00,715.51,716.055,715.0,716.04,593309,QQQ
2026-08-27 09:40:00-04:00,716.07,718.36,716.04,718.1401,621702,QQQ
2026-08-27 09:45:00-04:00,718.15,718.83,715.21,715.76,867131,QQQ
2026-08-27 09:50:00-04:00,716.01,717.96,715.93,717.31,344057,QQQ
2026-08-27 09:55:00-04:00,717.33,717.415,714.525,715.93,809989,QQQ
2026-08-27 10:00:00-04:00,715.96,717.49,715.84,717.22,402412,QQQ
2026-08-27 10:05:00-04:00,717.19,717.6999,716.43,717.06,448302,QQQ
2026-08-27 10:10:00-04:00,717.1,718.47,717.0252,717.75,348233,QQQ
2026-08-27 10:15:00-04:00,717.77,718.59,717.76,718.25,309207,QQQ
2026-08-27 10:20:00-04:00,718.25,718.79,718.1,718.5989,276014,QQQ
2026-08-27 10:25:00-04:00,718.5899,719.2692,718.2001,718.935,306714,QQQ
2026-08-27 10:30:00-04:00,718.93,718.99,717.9,718.12,248046,QQQ
2026-08-27 10:35:00-04:00,718.2,718.87,717.4,717.4299,275834,QQQ
2026-08-27 10:40:00-04:00,717.435,717.94,717.3,717.76,380677,QQQ
2026-08-27 10:45:00-04:00,717.75,718.76,717.14,718.625,281357,QQQ
2026-08-27 10:50:00-04:00,718.6,718.9,717.84,718.2715,201928,QQQ
2026-08-27 10:55:00-04:00,718.275,718.8,717.68,718.8,183654,QQQ
2026-08-27 11:00:00-04:00,718.81,719.13,718.53,719.04,351393,QQQ
2026-08-27 11:05:00-04:00,719.01,719.37,718.905,719.315,198147,QQQ
2026-08-27 11:10:00-04:00,719.33,719.43,718.97,719.3872,212700,QQQ
2026-08-27 11:15:00-04:00,719.388,719.58,719.23,719.33,390005,QQQ
2026-08-27 11:20:00-04:00,719.36,719.42,718.68,718.72,174872,QQQ
2026-08-27 11:25:00-04:00,718.71,718.745,718.145,718.22,116898,QQQ
2026-08-27 11:30:00-04:00,718.25,718.71,717.96,718.21,354802,QQQ
2026-08-27 11:35:00-04:00,718.28,718.39,717.55,717.74,263822,QQQ
2026-08-27 11:40:00-04:00,717.77,718.14,717.08,717.205,480336,QQQ
2026-08-27 11:45:00-04:00,717.23,717.23,716.67,716.95,224222,QQQ
2026-08-27 11:50:00-04:00,716.95,719.0,716.95,718.9999,309795,QQQ
2026-08-27 11:55:00-04:00,718.99,718.99,718.6,718.69,180211,QQQ
2026-08-27 12:00:00-04:00,718.695,719.32,718.64,719.11,241400,QQQ
2026-08-27 12:05:00-04:00,719.11,719.26,718.54,718.6177,234799,QQQ
2026-08-27 12:10:00-04:00,718.61,718.8717,718.33,718.535,130341,QQQ
2026-08-27 12:15:00-04:00,718.55,718.83,718.232,718.53,90469,QQQ
2026-08-27 12:20:00-04:00,718.51,718.53,718.08,718.24,110487,QQQ
2026-08-27 12:25:00-04:00,718.25,718.99,718.13,718.85,168467,QQQ
2026-08-27 12:30:00-04:00,718.8863,719.14,718.79,719.12,129876,QQQ
2026-08-27 12:35:00-04:00,719.12,719.8,719.05,719.72,154899,QQQ
2026-08-27 12:40:00-04:00,719.77,719.985,719.68,719.87,282035,QQQ
2026-08-27 12:45:00-04:00,719.88,720.18,719.8,719.89,248707,QQQ
2026-08-27 12:50:00-04:00,719.94,720.1,719.67,720.06,159228,QQQ
2026-08-27 12:55:00-04:00,720.04,720.0752,719.7901,720.03,162167,QQQ
2026-08-27 13:00:00-04:00,720.03,720.37,719.99,720.34,134082,QQQ
2026-08-27 13:05:00-04:00,720.33,720.39,719.94,720.39,151387,QQQ
2026-08-27 13:10:00-04:00,720.41,720.58,720.32,720.46,191826,QQQ
2026-08-27 13:15:00-04:00,720.44,720.53,720.215,720.34,81389,QQQ
2026-08-27 13:20:00-04:00,720.33,720.62,720.24,720.52,142635,QQQ
2026-08-27 13:25:00-04:00,720.51,720.51,719.69,719.765,665968,QQQ
2026-08-27 13:30:00-04:00,719.7569,720.16,719.62,719.715,216227,QQQ
2026-08-27 13:35:00-04:00,719.665,719.89,719.56,719.57,113805,QQQ
2026-08-27 13:40:00-04:00,719.58,719.95,719.41,719.5,170898,QQQ
2026-08-27 13:45:00-04:00,719.5,719.57,719.12,719.2,156037,QQQ
2026-08-27 13:50:00-04:00,719.22,719.52,719.0402,719.415,198680,QQQ
2026-08-27 13:55:00-04:00,719.43,719.4443,718.99,719.1,178982,QQQ
2026-08-27 14:00:00-04:00,719.1,719.34,718.18,718.2064,737560,QQQ
2026-08-27 14:05:00-04:00,718.19,718.5801,718.1503,718.35,412815,QQQ
2026-08-27 14:10:00-04:00,718.3412,718.46,717.8805,718.25,551290,QQQ
2026-08-27 14:15:00-04:00,718.2403,718.53,717.97,718.27,202628,QQQ
2026-08-27 14:20:00-04:00,718.265,718.3984,717.94,718.0399,208345,QQQ
2026-08-27 14:25:00-04:00,718.04,718.0501,717.04,717.33,239023,QQQ
2026-08-27 14:30:00-04:00,717.31,718.125,717.3,717.5806,350007,QQQ
2026-08-27 14:35:00-04:00,717.61,718.3,717.45,718.29,264558,QQQ
2026-08-27 14:40:00-04:00,718.3,718.35,718.05,718.13,314006,QQQ
2026-08-27 14:45:00-04:00,718.11,718.36,717.6501,717.6501,91608,QQQ
2026-08-27 14:50:00-04:00,717.635,718.01,717.555,717.72,88041,QQQ
2026-08-27 14:55:00-04:00,717.71,718.24,717.48,718.1,127570,QQQ
2026-08-27 15:00:00-04:00,718.105,718.6,718.035,718.53,182384,QQQ
2026-08-27 15:05:00-04:00,718.5391,718.86,718.12,718.5893,209998,QQQ
2026-08-27 15:10:00-04:00,718.5974,718.94,718.58,718.61,191215,QQQ
2026-08-27 15:15:00-04:00,718.63,719.0,718.63,718.93,199868,QQQ
2026-08-27 15:20:00-04:00,718.92,719.09,718.86,718.9,399460,QQQ
2026-08-27 15:25:00-04:00,718.892,719.12,718.67,718.865,170939,QQQ
2026-08-27 15:30:00-04:00,718.88,719.46,718.71,719.42,254629,QQQ
2026-08-27 15:35:00-04:00,719.43,719.58,719.31,719.51,527518,QQQ
2026-08-27 15:40:00-04:00,719.495,719.6,719.36,719.6,178844,QQQ
2026-08-27 15:45:00-04:00,719.59,719.98,719.52,719.94,257865,QQQ
2026-08-27 15:50:00-04:00,719.94,720.88,719.5,720.83,550984,QQQ
2026-08-27 15:55:00-04:00,720.83,721.35,720.59,721.06,2412570,QQQ
2026-08-28 09:30:00-04:00,719.75,719.99,718.1762,719.2,1484928,QQQ
2026-08-28 09:35:00-04:00,719.21,720.52,718.78,720.32,413042,QQQ
2026-08-28 09:40:00-04:00,720.31,721.52,720.31,721.1863,330093,QQQ
2026-08-28 09:45:00-04:00,721.18,721.5499,720.33,720.5,606308,QQQ
2026-08-28 09:50:00-04:00,720.5451,720.7181,719.71,719.91,493940,QQQ
2026-08-28 09:55:00-04:00,719.94,720.74,719.7101,719.711,809788,QQQ
2026-08-28 10:00:00-04:00,719.93,721.63,719.04,719.82,534198,QQQ
2026-08-28 10:05:00-04:00,719.805,719.83,718.11,718.6599,530979,QQQ
2026-08-28 10:10:00-04:00,718.66,719.1,716.79,717.55,724644,QQQ
2026-08-28 10:15:00-04:00,717.5699,719.76,717.43,719.1866,513017,QQQ
2026-08-28 10:20:00-04:00,719.21,720.9,719.1702,720.125,1207516,QQQ
2026-08-28 10:25:00-04:00,720.18,720.36,719.2,720.3,479239,QQQ
2026-08-28 10:30:00-04:00,720.35,721.17,719.83,721.07,589581,QQQ
2026-08-28 10:35:00-04:00,721.09,721.79,720.78,720.98,545775,QQQ
2026-08-28 10:40:00-04:00,720.97,722.5,720.87,722.2901,457633,QQQ
2026-08-28 10:45:00-04:00,722.32,722.785,722.07,722.675,455491,QQQ
2026-08-28 10:50:00-04:00,722.65,723.36,722.56,723.1406,507592,QQQ
2026-08-28 10:55:00-04:00,723.14,723.83,723.09,723.82,392574,QQQ
2026-08-28 11:00:00-04:00,723.78,724.125,723.35,723.8,551949,QQQ
2026-08-28 11:05:00-04:00,723.79,723.94,722.76,722.94,348242,QQQ
2026-08-28 11:10:00-04:00,722.94,723.165,722.28,722.6105,221574,QQQ
2026-08-28 11:15:00-04:00,722.62,723.27,722.56,722.61,209474,QQQ
2026-08-28 11:20:00-04:00,722.625,723.22,722.39,723.121,321487,QQQ
2026-08-28 11:25:00-04:00,723.09,723.65,723.02,723.41,190833,QQQ
2026-08-28 11:30:00-04:00,723.455,723.49,722.97,722.97,146264,QQQ
2026-08-28 11:35:00-04:00,722.96,723.105,721.86,721.93,192946,QQQ
2026-08-28 11:40:00-04:00,721.96,721.96,720.57,720.76,815843,QQQ
2026-08-28 11:45:00-04:00,720.74,721.015,719.72,719.8206,440629,QQQ
2026-08-28 11:50:00-04:00,719.84,720.178,718.7,719.49,544486,QQQ
2026-08-28 11:55:00-04:00,719.51,719.51,717.7,717.86,593889,QQQ
2026-08-28 12:00:00-04:00,717.93,718.19,716.84,717.37,760373,QQQ
2026-08-28 12:05:00-04:00,717.35,718.82,717.295,718.69,384121,QQQ
2026-08-28 12:10:00-04:00,718.67,718.8,717.94,718.0,212054,QQQ
2026-08-28 12:15:00-04:00,717.96,718.3,716.42,716.89,508908,QQQ
2026-08-28 12:20:00-04:00,716.8,717.145,715.69,716.27,459950,QQQ
2026-08-28 12:25:00-04:00,716.225,716.68,716.0,716.31,267045,QQQ
2026-08-28 12:30:00-04:00,716.29,717.23,716.0299,716.0299,276476,QQQ
2026-08-28 12:35:00-04:00,716.01,717.305,716.01,716.895,206686,QQQ
2026-08-28 12:40:00-04:00,716.865,716.92,715.97,716.195,212207,QQQ
2026-08-28 12:45:00-04:00,716.18,717.68,716.17,717.5,203930,QQQ
2026-08-28 12:50:00-04:00,717.46,717.79,716.81,716.88,276433,QQQ
2026-08-28 12:55:00-04:00,716.8799,717.1665,716.61,716.65,125434,QQQ
2026-08-28 13:00:00-04:00,716.64,716.6666,715.28,715.85,519008,QQQ
2026-08-28 13:05:00-04:00,715.8,715.82,715.085,715.4001,259700,QQQ
2026-08-28 13:10:00-04:00,715.4,716.2395,715.1437,716.23,209469,QQQ
2026-08-28 13:15:00-04:00,716.21,716.35,715.75,716.08,171116,QQQ
2026-08-28 13:20:00-04:00,716.05,716.27,715.45,715.96,155730,QQQ
2026-08-28 13:25:00-04:00,716.02,716.47,715.69,715.89,152210,QQQ
2026-08-28 13:30:00-04:00,715.84,716.66,715.75,716.535,150058,QQQ
2026-08-28 13:35:00-04:00,716.55,716.72,715.67,715.74,196568,QQQ
2026-08-28 13:40:00-04:00,715.72,716.3799,715.7,716.21,164747,QQQ
2026-08-28 13:45:00-04:00,716.19,717.25,716.075,717.17,211789,QQQ
2026-08-28 13:50:00-04:00,717.19,717.29,716.88,717.0,161002,QQQ
2026-08-28 13:55:00-04:00,717.01,717.04,716.42,716.986,205238,QQQ
2026-08-28 14:00:00-04:00,717.0,717.11,716.48,716.6514,108138,QQQ
2026-08-28 14:05:00-04:00,716.63,716.99,716.48,716.716,117384,QQQ
2026-08-28 14:10:00-04:00,716.7468,717.03,716.32,716.33,108490,QQQ
2026-08-28 14:15:00-04:00,716.33,716.705,716.2,716.44,97237,QQQ
2026-08-28 14:20:00-04:00,716.48,716.6925,715.9,716.15,83513,QQQ
2026-08-28 14:25:00-04:00,716.15,716.49,715.94,716.205,204773,QQQ
2026-08-28 14:30:00-04:00,716.205,716.67,716.1249,716.53,158774,QQQ
2026-08-28 14:35:00-04:00,716.5105,716.74,716.13,716.135,199385,QQQ
2026-08-28 14:40:00-04:00,716.1,716.55,716.02,716.41,114055,QQQ
2026-08-28 14:45:00-04:00,716.3794,716.42,715.7,715.76,246394,QQQ
2026-08-28 14:50:00-04:00,715.75,715.75,715.15,715.47,297242,QQQ
2026-08-28 14:55:00-04:00,715.44,715.68,715.2,715.52,202780,QQQ
2026-08-28 15:00:00-04:00,715.515,715.89,715.24,715.69,286093,QQQ
2026-08-28 15:05:00-04:00,715.67,716.365,715.51,716.36,398298,QQQ
2026-08-28 15:10:00-04:00,716.355,716.37,715.756,716.08,568965,QQQ
2026-08-28 15:15:00-04:00,716.09,716.18,715.72,716.075,342131,QQQ
2026-08-28 15:20:00-04:00,716.08,716.5,716.03,716.2001,308033,QQQ
2026-08-28 15:25:00-04:00,716.23,716.63,716.185,716.53,189386,QQQ
2026-08-28 15:30:00-04:00,716.535,716.655,716.22,716.52,327484,QQQ
2026-08-28 15:35:00-04:00,716.46,716.6,716.17,716.595,329178,QQQ
2026-08-28 15:40:00-04:00,716.6,716.88,716.58,716.6401,348051,QQQ
2026-08-28 15:45:00-04:00,716.66,716.72,715.935,716.37,339055,QQQ
2026-08-28 15:50:00-04:00,716.4,717.08,716.15,716.36,920197,QQQ
2026-08-28 15:55:00-04:00,716.33,716.9,716.07,716.45,2221748,QQQ
2026-08-31 09:30:00-04:00,715.12,717.001,714.68,715.7999,1842482,QQQ
2026-08-31 09:35:00-04:00,715.76,715.76,714.01,714.2201,581303,QQQ
2026-08-31 09:40:00-04:00,714.25,715.235,714.07,714.425,404011,QQQ
2026-08-31 09:45:00-04:00,714.43,716.0,713.97,715.185,606291,QQQ
2026-08-31 09:50:00-04:00,715.17,715.9,714.56,715.8959,298000,QQQ
2026-08-31 09:55:00-04:00,715.8,716.1284,715.03,715.23,267314,QQQ
2026-08-31 10:00:00-04:00,715.2,715.4,714.185,714.32,293464,QQQ
2026-08-31 10:05:00-04:00,714.29,714.82,713.69,713.72,241419,QQQ
2026-08-31 10:10:00-04:00,713.71,714.34,713.54,714.09,316157,QQQ
2026-08-31 10:15:00-04:00,714.07,714.96,713.794,714.663,314738,QQQ
2026-08-31 10:20:00-04:00,714.69,714.83,713.39,713.42,445081,QQQ
2026-08-31 10:25:00-04:00,713.4,713.86,713.16,713.62,215024,QQQ
2026-08-31 10:30:00-04:00,713.5501,713.93,713.37,713.63,164982,QQQ
2026-08-31 10:35:00-04:00,713.65,714.93,713.55,714.44,226451,QQQ
2026-08-31 10:40:00-04:00,714.394,715.08,714.3055,714.83,202939,QQQ
2026-08-31 10:45:00-04:00,714.86,714.885,713.8601,713.9881,238741,QQQ
2026-08-31 10:50:00-04:00,713.9601,714.545,713.89,714.5199,127588,QQQ
2026-08-31 10:55:00-04:00,714.505,715.27,714.42,714.6,181794,QQQ
2026-08-31 11:00:00-04:00,714.61,715.25,714.14,714.51,155904,QQQ
2026-08-31 11:05:00-04:00,714.455,715.08,714.34,714.45,112664,QQQ
2026-08-31 11:10:00-04:00,714.46,714.95,714.35,714.635,102456,QQQ
2026-08-31 11:15:00-04:00,714.638,714.89,714.1994,714.67,103769,QQQ
2026-08-31 11:20:00-04:00,714.71,715.2,714.4308,715.1297,123369,QQQ
2026-08-31 11:25:00-04:00,715.13,715.31,714.63,714.7174,209530,QQQ
2026-08-31 11:30:00-04:00,714.77,714.8,713.9,714.22,3560942,QQQ
2026-08-31 11:35:00-04:00,714.16,714.34,713.88,714.165,116419,QQQ
2026-08-31 11:40:00-04:00,714.2,714.47,713.85,714.4538,110981,QQQ
2026-08-31 11:45:00-04:00,714.45,714.665,714.14,714.5,275605,QQQ
2026-08-31 11:50:00-04:00,714.51,715.0,714.51,714.67,405757,QQQ
2026-08-31 11:55:00-04:00,714.66,714.77,713.88,713.955,176816,QQQ
2026-08-31 12:00:00-04:00,713.97,713.97,713.41,713.5,178048,QQQ
2026-08-31 12:05:00-04:00,713.45,713.69,713.36,713.58,145713,QQQ
2026-08-31 12:10:00-04:00,713.575,714.52,713.505,714.38,257818,QQQ
2026-08-31 12:15:00-04:00,714.4,714.47,713.8217,714.21,1203284,QQQ
2026-08-31 12:20:00-04:00,714.23,714.3999,713.995,714.25,253059,QQQ
2026-08-31 12:25:00-04:00,714.234,714.86,714.234,714.84,1162026,QQQ
2026-08-31 12:30:00-04:00,714.85,714.865,714.45,714.64,264387,QQQ
2026-08-31 12:35:00-04:00,714.64,714.858,714.1204,714.135,107284,QQQ
2026-08-31 12:40:00-04:00,714.16,714.975,714.125,714.57,122474,QQQ
2026-08-31 12:45:00-04:00,714.555,715.03,714.4519,714.85,90486,QQQ
2026-08-31 12:50:00-04:00,714.87,715.17,714.775,714.99,145083,QQQ
2026-08-31 12:55:00-04:00,715.0,715.28,714.9819,715.21,124762,QQQ
2026-08-31 13:00:00-04:00,715.2,715.2,714.8,714.89,837196,QQQ
2026-08-31 13:05:00-04:00,715.005,715.16,714.68,714.7144,55748,QQQ
2026-08-31 13:10:00-04:00,714.715,714.895,714.6329,714.83,134966,QQQ
2026-08-31 13:15:00-04:00,714.82,715.07,714.535,714.76,126098,QQQ
2026-08-31 13:20:00-04:00,714.715,714.85,714.58,714.68,72652,QQQ
2026-08-31 13:25:00-04:00,714.67,714.7,714.12,714.21,122443,QQQ
2026-08-31 13:30:00-04:00,714.2,714.36,713.99,713.9901,211285,QQQ
2026-08-31 13:35:00-04:00,713.99,714.665,713.99,714.665,225268,QQQ
2026-08-31 13:40:00-04:00,714.63,715.2,714.62,715.2,514361,QQQ
2026-08-31 13:45:00-04:00,715.205,715.31,715.02,715.145,116358,QQQ
2026-08-31 13:50:00-04:00,715.12,715.62,715.11,715.5333,158258,QQQ
2026-08-31 13:55:00-04:00,715.535,715.6,715.03,715.235,98035,QQQ
2026-08-31 14:00:00-04:00,715.18,715.5401,714.782,715.505,141084,QQQ
2026-08-31 14:05:00-04:00,715.5,715.66,715.31,715.595,121925,QQQ
2026-08-31 14:10:00-04:00,715.6,715.61,715.29,715.385,157661,QQQ
2026-08-31 14:15:00-04:00,715.39,715.66,715.355,715.53,433865,QQQ
2026-08-31 14:20:00-04:00,715.56,715.74,715.337,715.535,84388,QQQ
2026-08-31 14:25:00-04:00,715.55,715.56,715.1521,715.175,164565,QQQ
2026-08-31 14:30:00-04:00,715.17,715.2773,714.76,714.7822,86850,QQQ
2026-08-31 14:35:00-04:00,714.81,714.94,714.08,714.22,225514,QQQ
2026-08-31 14:40:00-04:00,714.1769,714.34,713.8492,714.235,162956,QQQ
2026-08-31 14:45:00-04:00,714.25,714.38,714.0101,714.35,640210,QQQ
2026-08-31 14:50:00-04:00,714.355,714.59,714.1551,714.475,102569,QQQ
2026-08-31 14:55:00-04:00,714.46,714.74,714.27,714.35,116960,QQQ
2026-08-31 15:00:00-04:00,714.357,714.83,714.34,714.53,147497,QQQ
2026-08-31 15:05:00-04:00,714.51,714.8,714.31,714.75,86270,QQQ
2026-08-31 15:10:00-04:00,714.765,714.925,714.58,714.85,329296,QQQ
2026-08-31 15:15:00-04:00,714.85,714.9,714.645,714.76,195987,QQQ
2026-08-31 15:20:00-04:00,714.745,715.23,714.69,715.05,211725,QQQ
2026-08-31 15:25:00-04:00,715.025,715.52,714.91,715.38,132234,QQQ
2026-08-31 15:30:00-04:00,715.39,715.4065,714.96,715.28,122613,QQQ
2026-08-31 15:35:00-04:00,715.28,715.58,715.19,715.42,996953,QQQ
2026-08-31 15:40:00-04:00,715.47,716.195,715.35,716.0601,540747,QQQ
2026-08-31 15:45:00-04:00,716.06,716.25,715.62,715.9901,551984,QQQ
2026-08-31 15:50:00-04:00,716.0,717.46,716.0,717.22,1913502,QQQ
2026-08-31 15:55:00-04:00,717.2,717.575,716.55,716.86,1552256,QQQ
2026-09-01 09:30:00-04:00,707.43,707.69,706.21,706.99,3324651,QQQ
2026-09-01 09:35:00-04:00,707.05,708.04,706.1182,706.39,764444,QQQ
2026-09-01 09:40:00-04:00,706.41,706.98,705.62,706.69,1069458,QQQ
2026-09-01 09:45:00-04:00,706.61,708.12,706.5101,708.12,487559,QQQ
2026-09-01 09:50:00-04:00,708.105,708.45,707.225,707.62,451090,QQQ
2026-09-01 09:55:00-04:00,707.645,707.7795,706.88,707.225,389828,QQQ
2026-09-01 10:00:00-04:00,707.27,707.97,706.7714,707.155,449762,QQQ
2026-09-01 10:05:00-04:00,707.15,708.54,707.15,708.3412,373364,QQQ
2026-09-01 10:10:00-04:00,708.35,708.465,707.45,707.8771,319821,QQQ
2026-09-01 10:15:00-04:00,707.855,708.8,707.835,708.14,384194,QQQ
2026-09-01 10:20:00-04:00,708.17,708.97,708.17,708.52,284465,QQQ
2026-09-01 10:25:00-04:00,708.54,708.94,708.4,708.61,398429,QQQ
2026-09-01 10:30:00-04:00,708.595,709.7599,708.57,709.715,354612,QQQ
2026-09-01 10:35:00-04:00,709.71,709.84,709.3831,709.68,275743,QQQ
2026-09-01 10:40:00-04:00,709.6999,710.285,709.59,710.285,238212,QQQ
2026-09-01 10:45:00-04:00,710.28,711.09,710.1,710.5915,292069,QQQ
2026-09-01 10:50:00-04:00,710.59,710.59,709.925,710.01,473410,QQQ
2026-09-01 10:55:00-04:00,710.02,710.2,709.67,710.18,289688,QQQ
2026-09-01 11:00:00-04:00,710.1899,710.47,709.5201,709.77,705932,QQQ
2026-09-01 11:05:00-04:00,709.745,709.84,709.01,709.02,511665,QQQ
2026-09-01 11:10:00-04:00,709.012,709.46,709.0016,709.0805,120272,QQQ
2026-09-01 11:15:00-04:00,709.0887,709.55,708.9997,709.42,160894,QQQ
2026-09-01 11:20:00-04:00,709.43,709.8999,709.16,709.8687,202477,QQQ
2026-09-01 11:25:00-04:00,709.87,710.24,709.66,710.24,380086,QQQ
2026-09-01 11:30:00-04:00,710.24,710.52,710.06,710.24,288049,QQQ
2026-09-01 11:35:00-04:00,710.26,711.15,710.19,711.0832,200336,QQQ
2026-09-01 11:40:00-04:00,711.09,711.65,711.08,711.6,268408,QQQ
2026-09-01 11:45:00-04:00,711.59,712.3,711.56,712.21,286029,QQQ
2026-09-01 11:50:00-04:00,712.2,712.27,711.79,712.135,289361,QQQ
2026-09-01 11:55:00-04:00,712.13,712.165,711.66,711.8,163534,QQQ
2026-09-01 12:00:00-04:00,711.85,711.89,711.34,711.4048,192812,QQQ
2026-09-01 12:05:00-04:00,711.365,711.4899,710.86,710.91,169463,QQQ
2026-09-01 12:10:00-04:00,710.94,711.07,710.29,710.31,244289,QQQ
2026-09-01 12:15:00-04:00,710.281,710.385,709.565,709.6,413686,QQQ
2026-09-01 12:20:00-04:00,709.595,709.74,708.7905,709.4075,801565,QQQ
2026-09-01 12:25:00-04:00,709.395,709.56,708.61,708.99,518658,QQQ
2026-09-01 12:30:00-04:00,708.97,709.135,707.89,707.945,419059,QQQ
2026-09-01 12:35:00-04:00,707.935,708.64,707.91,708.63,399187,QQQ
2026-09-01 12:40:00-04:00,708.64,708.74,707.955,707.98,600138,QQQ
2026-09-01 12:45:00-04:00,707.98,708.59,707.87,708.55,224968,QQQ
2026-09-01 12:50:00-04:00,708.551,708.7,708.34,708.61,268908,QQQ
2026-09-01 12:55:00-04:00,708.63,709.44,708.63,709.29,276849,QQQ
2026-09-01 13:00:00-04:00,709.3,709.3,708.29,708.3,186464,QQQ
2026-09-01 13:05:00-04:00,708.3299,708.51,708.01,708.254,117471,QQQ
2026-09-01 13:10:00-04:00,708.23,708.62,708.0495,708.38,144063,QQQ
2026-09-01 13:15:00-04:00,708.4,708.5996,707.89,708.06,115030,QQQ
2026-09-01 13:20:00-04:00,708.04,708.2695,707.83,708.0001,110985,QQQ
2026-09-01 13:25:00-04:00,708.02,708.15,707.0,708.065,308747,QQQ
2026-09-01 13:30:00-04:00,708.08,708.469,707.975,708.345,295975,QQQ
2026-09-01 13:35:00-04:00,708.31,708.52,708.0301,708.075,83124,QQQ
2026-09-01 13:40:00-04:00,708.1,708.45,708.0533,708.32,80120,QQQ
2026-09-01 13:45:00-04:00,708.29,708.3,707.6039,707.6039,193109,QQQ
2026-09-01 13:50:00-04:00,707.6,707.96,707.48,707.625,167657,QQQ
2026-09-01 13:55:00-04:00,707.63,708.07,707.5,708.01,120412,QQQ
2026-09-01 14:00:00-04:00,708.0,708.27,707.5331,707.6,101162,QQQ
2026-09-01 14:05:00-04:00,707.63,707.63,707.3219,707.57,192428,QQQ
2026-09-01 14:10:00-04:00,707.5119,707.65,707.06,707.1001,187187,QQQ
2026-09-01 14:15:00-04:00,707.1,707.42,706.81,707.32,220690,QQQ
2026-09-01 14:20:00-04:00,707.326,707.45,707.17,707.41,226780,QQQ
2026-09-01 14:25:00-04:00,707.38,707.39,706.69,706.88,199610,QQQ
2026-09-01 14:30:00-04:00,706.88,706.96,706.26,706.39,345191,QQQ
2026-09-01 14:35:00-04:00,706.355,706.54,706.03,706.0799,249028,QQQ
2026-09-01 14:40:00-04:00,706.075,706.16,704.975,705.0,527012,QQQ
2026-09-01 14:45:00-04:00,704.99,705.65,704.66,705.63,611830,QQQ
2026-09-01 14:50:00-04:00,705.6,705.87,705.43,705.785,289888,QQQ
2026-09-01 14:55:00-04:00,705.7101,706.57,705.7101,706.4232,272773,QQQ
2026-09-01 15:00:00-04:00,706.445,707.11,706.31,706.985,386163,QQQ
2026-09-01 15:05:00-04:00,707.0,707.24,706.75,707.091,257527,QQQ
2026-09-01 15:10:00-04:00,707.09,707.52,706.985,707.49,338575,QQQ
2026-09-01 15:15:00-04:00,707.54,707.62,707.24,707.375,340132,QQQ
2026-09-01 15:20:00-04:00,707.39,707.5901,707.1,707.425,586905,QQQ
2026-09-01 15:25:00-04:00,707.43,707.73,707.2914,707.65,201606,QQQ
2026-09-01 15:30:00-04:00,707.66,707.7,706.85,707.48,318574,QQQ
2026-09-01 15:35:00-04:00,707.47,707.5883,707.1,707.1,233204,QQQ
2026-09-01 15:40:00-04:00,707.11,707.56,706.9803,707.45,237474,QQQ
2026-09-01 15:45:00-04:00,707.47,707.99,707.33,707.795,565085,QQQ
2026-09-01 15:50:00-04:00,707.78,707.78,706.67,707.08,1202977,QQQ
2026-09-01 15:55:00-04:00,707.09,708.55,706.92,707.655,1989716,QQQ
2026-09-02 09:30:00-04:00,707.11,707.11,705.77,706.69,2053681,QQQ
2026-09-02 09:35:00-04:00,706.73,706.87,705.58,706.8,534965,QQQ
2026-09-02 09:40:00-04:00,706.84,707.54,706.52,706.87,571167,QQQ
2026-09-02 09:45:00-04:00,706.89,707.4,705.72,705.87,537311,QQQ
2026-09-02 09:50:00-04:00,705.86,706.44,705.3,705.38,465019,QQQ
2026-09-02 09:55:00-04:00,705.41,706.289,705.11,706.18,332208,QQQ
2026-09-02 10:00:00-04:00,706.19,706.68,705.5014,706.68,301322,QQQ
2026-09-02 10:05:00-04:00,706.68,707.45,706.64,707.0302,587488,QQQ
2026-09-02 10:10:00-04:00,707.02,707.77,706.8309,707.76,660192,QQQ
2026-09-02 10:15:00-04:00,707.76,708.5998,707.58,708.56,357327,QQQ
2026-09-02 10:20:00-04:00,708.56,709.23,708.3068,708.86,375402,QQQ
2026-09-02 10:25:00-04:00,708.85,709.336,708.57,709.2,429086,QQQ
2026-09-02 10:30:00-04:00,709.16,709.66,708.86,709.62,348077,QQQ
2026-09-02 10:35:00-04:00,709.65,709.7988,708.77,709.2071,303015,QQQ
2026-09-02 10:40:00-04:00,709.18,709.6,709.0305,709.57,344428,QQQ
2026-09-02 10:45:00-04:00,709.59,709.6,708.3,708.59,381098,QQQ
2026-09-02 10:50:00-04:00,708.58,708.58,707.6501,707.87,234297,QQQ
2026-09-02 10:55:00-04:00,707.85,708.1,707.43,707.6,349379,QQQ
2026-09-02 11:00:00-04:00,707.59,708.24,707.2975,708.05,240215,QQQ
2026-09-02 11:05:00-04:00,708.07,708.44,707.808,708.42,179459,QQQ
2026-09-02 11:10:00-04:00,708.41,708.77,708.11,708.52,219563,QQQ
2026-09-02 11:15:00-04:00,708.54,709.28,708.38,709.17,234156,QQQ
2026-09-02 11:20:00-04:00,709.17,709.245,708.78,709.015,284074,QQQ
2026-09-02 11:25:00-04:00,709.045,709.72,709.045,709.645,178450,QQQ
2026-09-02 11:30:00-04:00,709.67,709.7399,709.29,709.36,241022,QQQ
2026-09-02 11:35:00-04:00,709.34,709.58,708.86,709.0,170465,QQQ
2026-09-02 11:40:00-04:00,709.0337,709.25,708.92,709.145,120269,QQQ
2026-09-02 11:45:00-04:00,709.12,709.12,708.12,708.14,136282,QQQ
2026-09-02 11:50:00-04:00,708.14,708.7,708.0,708.3499,110619,QQQ
2026-09-02 11:55:00-04:00,708.3545,709.3116,708.12,709.195,115178,QQQ
2026-09-02 12:00:00-04:00,709.2,709.46,708.92,709.44,334490,QQQ
2026-09-02 12:05:00-04:00,709.435,709.48,709.1484,709.2,76190,QQQ
2026-09-02 12:10:00-04:00,709.25,709.41,709.09,709.2,138641,QQQ
2026-09-02 12:15:00-04:00,709.16,709.16,708.58,708.805,112704,QQQ
2026-09-02 12:20:00-04:00,708.8305,708.96,708.53,708.59,80371,QQQ
2026-09-02 12:25:00-04:00,708.625,708.74,708.17,708.385,90197,QQQ
2026-09-02 12:30:00-04:00,708.3895,708.92,708.34,708.6,155056,QQQ
2026-09-02 12:35:00-04:00,708.64,708.8875,708.5,708.5,96930,QQQ
2026-09-02 12:40:00-04:00,708.53,708.5403,708.05,708.06,93556,QQQ
2026-09-02 12:45:00-04:00,708.05,708.33,708.05,708.25,167361,QQQ
2026-09-02 12:50:00-04:00,708.27,708.715,707.98,708.665,178165,QQQ
2026-09-02 12:55:00-04:00,708.66,708.73,708.28,708.42,113050,QQQ
2026-09-02 13:00:00-04:00,708.45,709.08,708.45,708.89,139981,QQQ
2026-09-02 13:05:00-04:00,708.88,708.9695,707.7401,707.845,208753,QQQ
2026-09-02 13:10:00-04:00,707.835,708.36,707.805,708.18,214622,QQQ
2026-09-02 13:15:00-04:00,708.2,708.2215,707.72,707.86,99011,QQQ
2026-09-02 13:20:00-04:00,707.855,708.35,707.752,708.225,158139,QQQ
2026-09-02 13:25:00-04:00,708.2101,708.42,708.1,708.32,119240,QQQ
2026-09-02 13:30:00-04:00,708.335,708.44,707.9,707.9,120180,QQQ
2026-09-02 13:35:00-04:00,707.8951,708.0701,707.84,707.94,60155,QQQ
2026-09-02 13:40:00-04:00,707.93,708.5,707.76,708.4934,209317,QQQ
2026-09-02 13:45:00-04:00,708.5,708.88,708.49,708.53,231845,QQQ
2026-09-02 13:50:00-04:00,708.54,708.65,708.33,708.5,144019,QQQ
2026-09-02 13:55:00-04:00,708.47,708.74,708.14,708.54,170945,QQQ
2026-09-02 14:00:00-04:00,708.55,708.56,707.97,708.52,136683,QQQ
2026-09-02 14:05:00-04:00,708.47,708.68,708.225,708.33,261214,QQQ
2026-09-02 14:10:00-04:00,708.3031,708.4,708.03,708.1901,63824,QQQ
2026-09-02 14:15:00-04:00,708.23,709.49,708.1601,708.85,1047941,QQQ
2026-09-02 14:20:00-04:00,708.85,708.93,708.58,708.775,96918,QQQ
2026-09-02 14:25:00-04:00,708.8,708.9,708.435,708.53,54447,QQQ
2026-09-02 14:30:00-04:00,708.53,708.89,708.5029,708.5029,84409,QQQ
2026-09-02 14:35:00-04:00,708.5,708.6548,708.05,708.1199,122003,QQQ
2026-09-02 14:40:00-04:00,708.1063,708.14,707.885,707.99,92139,QQQ
2026-09-02 14:45:00-04:00,708.04,708.3898,707.85,708.31,109476,QQQ
2026-09-02 14:50:00-04:00,708.31,708.42,707.94,708.06,118737,QQQ
2026-09-02 14:55:00-04:00,708.13,708.385,708.04,708.21,154650,QQQ
2026-09-02 15:00:00-04:00,708.225,708.45,708.0757,708.3,148317,QQQ
2026-09-02 15:05:00-04:00,708.32,708.7,708.29,708.7,135197,QQQ
2026-09-02 15:10:00-04:00,708.72,708.825,708.58,708.71,397006,QQQ
2026-09-02 15:15:00-04:00,708.7,708.7599,708.5,708.7599,835977,QQQ
2026-09-02 15:20:00-04:00,708.8,708.8,708.34,708.48,445920,QQQ
2026-09-02 15:25:00-04:00,708.48,708.79,708.33,708.75,14715,QQQ
2026-09-02 15:30:00-04:00,708.73,708.87,708.56,708.82,610219,QQQ
2026-09-02 15:35:00-04:00,708.825,708.83,708.4329,708.62,148598,QQQ
2026-09-02 15:40:00-04:00,708.56,708.94,708.5004,708.91,115456,QQQ
2026-09-02 15:45:00-04:00,708.9,709.194,708.855,709.12,247686,QQQ
2026-09-02 15:50:00-04:00,709.1,709.425,708.79,709.3227,417546,QQQ
2026-09-02 15:55:00-04:00,709.31,709.36,708.815,709.25,1019198,QQQ
2026-09-03 09:30:00-04:00,710.85,711.66,710.2,710.97,2441665,QQQ
2026-09-03 09:35:00-04:00,710.94,712.91,709.6938,712.77,855277,QQQ
2026-09-03 09:40:00-04:00,712.78,713.49,712.39,713.15,522878,QQQ
2026-09-03 09:45:00-04:00,713.15,713.65,712.53,713.47,425058,QQQ
2026-09-03 09:50:00-04:00,713.505,713.8497,712.67,713.25,516359,QQQ
2026-09-03 09:55:00-04:00,713.2496,713.37,711.98,712.88,591115,QQQ
2026-09-03 10:00:00-04:00,712.84,712.8401,710.87,711.28,941402,QQQ
2026-09-03 10:05:00-04:00,711.275,711.65,710.68,711.2401,374173,QQQ
2026-09-03 10:10:00-04:00,711.28,712.11,710.85,712.055,355304,QQQ
2026-09-03 10:15:00-04:00,712.04,713.215,711.96,713.055,563333,QQQ
2026-09-03 10:20:00-04:00,713.07,713.55,712.73,713.25,439654,QQQ
2026-09-03 10:25:00-04:00,713.255,713.56,712.7103,713.075,267057,QQQ
2026-09-03 10:30:00-04:00,713.06,713.47,711.6531,711.6995,303450,QQQ
2026-09-03 10:35:00-04:00,711.76,712.5,711.58,711.65,201418,QQQ
2026-09-03 10:40:00-04:00,711.65,712.31,711.42,711.61,217851,QQQ
2026-09-03 10:45:00-04:00,711.655,712.34,711.48,712.26,192935,QQQ
2026-09-03 10:50:00-04:00,712.2739,712.375,711.68,712.375,130981,QQQ
2026-09-03 10:55:00-04:00,712.3486,713.645,710.81,713.55,647100,QQQ
2026-09-03 11:00:00-04:00,713.5699,715.35,713.565,715.33,873285,QQQ
2026-09-03 11:05:00-04:00,715.36,715.53,714.98,715.17,504714,QQQ
2026-09-03 11:10:00-04:00,715.178,716.045,715.09,716.0,501027,QQQ
2026-09-03 11:15:00-04:00,716.005,716.37,715.94,716.25,444833,QQQ
2026-09-03 11:20:00-04:00,716.2,716.72,715.76,716.41,406270,QQQ
2026-09-03 11:25:00-04:00,716.4,717.82,716.35,717.73,718237,QQQ
2026-09-03 11:30:00-04:00,717.76,717.865,717.29,717.555,555330,QQQ
2026-09-03 11:35:00-04:00,717.54,717.75,717.1,717.2,253039,QQQ
2026-09-03 11:40:00-04:00,717.2,717.45,716.94,717.0,220960,QQQ
2026-09-03 11:45:00-04:00,717.08,717.35,716.9576,717.18,131376,QQQ
2026-09-03 11:50:00-04:00,717.18,717.63,717.02,717.56,197480,QQQ
2026-09-03 11:55:00-04:00,717.55,717.82,717.39,717.82,143081,QQQ
2026-09-03 12:00:00-04:00,717.805,717.82,717.16,717.17,376131,QQQ
2026-09-03 12:05:00-04:00,717.1612,717.31,716.9332,717.12,753652,QQQ
2026-09-03 12:10:00-04:00,717.09,717.41,716.99,717.325,244947,QQQ
2026-09-03 12:15:00-04:00,717.34,717.55,717.133,717.46,113757,QQQ
2026-09-03 12:20:00-04:00,717.51,717.5101,716.9,716.9,160153,QQQ
2026-09-03 12:25:00-04:00,716.91,716.935,716.6,716.78,206584,QQQ
2026-09-03 12:30:00-04:00,716.794,716.87,716.49,716.6,137230,QQQ
2026-09-03 12:35:00-04:00,716.595,717.478,716.44,717.4,272000,QQQ
2026-09-03 12:40:00-04:00,717.375,717.6999,717.345,717.55,92234,QQQ
2026-09-03 12:45:00-04:00,717.57,717.6697,717.41,717.605,120899,QQQ
2026-09-03 12:50:00-04:00,717.62,717.67,717.295,717.41,74941,QQQ
2026-09-03 12:55:00-04:00,717.395,717.93,717.38,717.555,95214,QQQ
2026-09-03 13:00:00-04:00,717.57,717.68,717.105,717.345,99432,QQQ
2026-09-03 13:05:00-04:00,717.32,717.35,716.7,716.7,89350,QQQ
2026-09-03 13:10:00-04:00,716.7085,716.91,716.58,716.6501,161391,QQQ
2026-09-03 13:15:00-04:00,716.67,716.9,716.52,716.575,135298,QQQ
2026-09-03 13:20:00-04:00,716.57,716.59,716.34,716.4705,148756,QQQ
2026-09-03 13:25:00-04:00,716.4895,717.08,716.47,716.97,120319,QQQ
2026-09-03 13:30:00-04:00,716.958,717.325,716.958,717.23,103641,QQQ
2026-09-03 13:35:00-04:00,717.24,717.5856,717.18,717.37,113414,QQQ
2026-09-03 13:40:00-04:00,717.387,717.62,717.36,717.58,134913,QQQ
2026-09-03 13:45:00-04:00,717.555,717.705,717.39,717.58,280997,QQQ
2026-09-03 13:50:00-04:00,717.6,718.15,717.48,717.99,363604,QQQ
2026-09-03 13:55:00-04:00,717.98,718.13,717.85,717.92,113667,QQQ
2026-09-03 14:00:00-04:00,717.92,718.76,717.92,718.58,442002,QQQ
2026-09-03 14:05:00-04:00,718.71,718.805,718.47,718.54,214697,QQQ
2026-09-03 14:10:00-04:00,718.67,718.7863,718.58,718.65,274186,QQQ
2026-09-03 14:15:00-04:00,718.6576,718.91,718.55,718.62,438836,QQQ
2026-09-03 14:20:00-04:00,718.645,718.7,718.443,718.61,186628,QQQ
2026-09-03 14:25:00-04:00,718.61,718.7699,718.5,718.585,202861,QQQ
2026-09-03 14:30:00-04:00,718.6,718.77,718.43,718.74,93483,QQQ
2026-09-03 14:35:00-04:00,718.75,718.8,718.59,718.73,150749,QQQ
2026-09-03 14:40:00-04:00,718.73,718.76,718.335,718.34,320334,QQQ
2026-09-03 14:45:00-04:00,718.335,718.75,718.335,718.75,286397,QQQ
2026-09-03 14:50:00-04:00,718.74,718.84,718.45,718.58,129934,QQQ
2026-09-03 14:55:00-04:00,718.585,718.585,718.35,718.51,263341,QQQ
2026-09-03 15:00:00-04:00,718.525,718.56,718.155,718.249,180220,QQQ
2026-09-03 15:05:00-04:00,718.25,718.3401,718.03,718.075,127118,QQQ
2026-09-03 15:10:00-04:00,718.06,718.13,717.7,717.83,142854,QQQ
2026-09-03 15:15:00-04:00,717.82,717.955,717.63,717.955,268016,QQQ
2026-09-03 15:20:00-04:00,717.95,717.96,717.56,717.65,313493,QQQ
2026-09-03 15:25:00-04:00,717.655,717.8,717.5437,717.73,235645,QQQ
2026-09-03 15:30:00-04:00,717.715,717.8699,717.5,717.55,321285,QQQ
2026-09-03 15:35:00-04:00,717.55,717.78,717.55,717.6969,306784,QQQ
2026-09-03 15:40:00-04:00,717.68,717.88,717.46,717.51,192646,QQQ
2026-09-03 15:45:00-04:00,717.51,717.77,717.3,717.41,454014,QQQ
2026-09-03 15:50:00-04:00,717.42,717.6,717.168,717.56,535831,QQQ
2026-09-03 15:55:00-04:00,717.58,717.74,717.14,717.61,1820633,QQQ
2026-09-04 09:30:00-04:00,719.36,720.48,718.525,720.46,2435975,QQQ
2026-09-04 09:35:00-04:00,720.47,720.685,719.95,720.3482,499012,QQQ
2026-09-04 09:40:00-04:00,720.32,720.71,719.5991,720.04,722624,QQQ
2026-09-04 09:45:00-04:00,720.02,720.805,719.12,720.48,470454,QQQ
2026-09-04 09:50:00-04:00,720.475,721.21,719.885,721.09,420699,QQQ
2026-09-04 09:55:00-04:00,721.08,721.86,720.93,721.838,340443,QQQ
2026-09-04 10:00:00-04:00,721.82,721.84,720.95,721.31,356694,QQQ
2026-09-04 10:05:00-04:00,721.31,721.5,720.67,720.76,511801,QQQ
2026-09-04 10:10:00-04:00,720.72,720.96,719.54,720.85,571243,QQQ
2026-09-04 10:15:00-04:00,720.86,720.89,719.6905,719.705,417553,QQQ
2026-09-04 10:20:00-04:00,719.72,719.96,719.195,719.59,674628,QQQ
2026-09-04 10:25:00-04:00,719.54,719.74,718.85,719.59,754922,QQQ
2026-09-04 10:30:00-04:00,719.6,719.64,718.6,718.72,513992,QQQ
2026-09-04 10:35:00-04:00,718.69,719.4,718.69,719.375,392408,QQQ
2026-09-04 10:40:00-04:00,719.33,719.36,718.0377,718.0716,413378,QQQ
2026-09-04 10:45:00-04:00,718.07,718.3295,717.51,717.5101,470877,QQQ
2026-09-04 10:50:00-04:00,717.51,718.115,717.5,717.6,530475,QQQ
2026-09-04 10:55:00-04:00,717.66,718.0,717.26,717.71,546282,QQQ
2026-09-04 11:00:00-04:00,717.76,718.0,717.24,717.6699,397391,QQQ
2026-09-04 11:05:00-04:00,717.65,718.0399,717.37,717.94,596819,QQQ
2026-09-04 11:10:00-04:00,717.89,718.28,717.57,718.28,424627,QQQ
2026-09-04 11:15:00-04:00,718.2595,718.32,717.16,717.3303,448920,QQQ
2026-09-04 11:20:00-04:00,717.33,717.55,716.93,717.35,516889,QQQ
2026-09-04 11:25:00-04:00,717.34,717.58,717.2,717.44,371077,QQQ
2026-09-04 11:30:00-04:00,717.43,717.53,716.79,717.07,318399,QQQ
2026-09-04 11:35:00-04:00,717.0784,717.435,717.0401,717.335,165272,QQQ
2026-09-04 11:40:00-04:00,717.38,717.87,717.24,717.76,342609,QQQ
2026-09-04 11:45:00-04:00,717.7428,717.8099,717.0,717.34,159427,QQQ
2026-09-04 11:50:00-04:00,717.335,717.68,717.17,717.37,158717,QQQ
2026-09-04 11:55:00-04:00,717.365,717.7186,717.23,717.6301,137711,QQQ
2026-09-04 12:00:00-04:00,717.65,717.75,717.43,717.63,186040,QQQ
2026-09-04 12:05:00-04:00,717.6299,718.165,717.51,718.075,242225,QQQ
2026-09-04 12:10:00-04:00,718.0823,718.55,717.98,718.455,236812,QQQ
2026-09-04 12:15:00-04:00,718.45,718.45,718.19,718.37,294958,QQQ
2026-09-04 12:20:00-04:00,718.37,718.855,718.37,718.615,270091,QQQ
2026-09-04 12:25:00-04:00,718.6,718.7599,718.43,718.61,282903,QQQ
2026-09-04 12:30:00-04:00,718.6095,719.005,718.49,719.005,241324,QQQ
2026-09-04 12:35:00-04:00,719.001,719.08,718.71,718.81,742514,QQQ
2026-09-04 12:40:00-04:00,718.795,718.96,718.725,718.925,300392,QQQ
2026-09-04 12:45:00-04:00,718.95,719.47,718.87,719.445,316591,QQQ
2026-09-04 12:50:00-04:00,719.46,719.605,719.36,719.36,288282,QQQ
2026-09-04 12:55:00-04:00,719.36,719.41,719.142,719.16,195309,QQQ
2026-09-04 13:00:00-04:00,719.16,719.22,718.395,718.535,295941,QQQ
2026-09-04 13:05:00-04:00,718.53,718.78,718.235,718.24,305343,QQQ
2026-09-04 13:10:00-04:00,718.24,718.4084,718.065,718.14,240260,QQQ
2026-09-04 13:15:00-04:00,718.14,718.33,717.97,718.05,324474,QQQ
2026-09-04 13:20:00-04:00,718.06,718.16,717.73,717.74,401758,QQQ
2026-09-04 13:25:00-04:00,717.75,717.935,717.42,717.505,311303,QQQ
2026-09-04 13:30:00-04:00,717.5,717.5,716.98,717.169,451145,QQQ
2026-09-04 13:35:00-04:00,717.15,717.33,717.06,717.195,344768,QQQ
2026-09-04 13:40:00-04:00,717.2,717.21,716.7,716.805,340207,QQQ
2026-09-04 13:45:00-04:00,716.795,717.1299,716.56,716.93,304550,QQQ
2026-09-04 13:50:00-04:00,716.94,717.2,716.8602,716.965,314252,QQQ
2026-09-04 13:55:00-04:00,716.96,717.266,716.85,717.12,154517,QQQ
2026-09-04 14:00:00-04:00,717.11,717.2635,716.66,716.7497,365522,QQQ
2026-09-04 14:05:00-04:00,716.76,717.09,716.64,717.09,335259,QQQ
2026-09-04 14:10:00-04:00,717.06,717.245,716.99,717.01,188625,QQQ
2026-09-04 14:15:00-04:00,717.035,717.455,716.96,717.43,235739,QQQ
2026-09-04 14:20:00-04:00,717.435,717.67,717.36,717.475,326307,QQQ
2026-09-04 14:25:00-04:00,717.49,717.6015,717.39,717.5629,500293,QQQ
2026-09-04 14:30:00-04:00,717.6,717.7388,717.5815,717.73,294236,QQQ
2026-09-04 14:35:00-04:00,717.725,717.77,717.43,717.55,186578,QQQ
2026-09-04 14:40:00-04:00,717.575,717.875,717.43,717.825,186826,QQQ
2026-09-04 14:45:00-04:00,717.82,718.0,717.8099,717.985,147271,QQQ
2026-09-04 14:50:00-04:00,717.97,718.06,717.835,718.0,153849,QQQ
2026-09-04 14:55:00-04:00,718.01,718.32,717.94,718.23,176323,QQQ
2026-09-04 15:00:00-04:00,718.235,718.36,717.56,717.59,231381,QQQ
2026-09-04 15:05:00-04:00,717.62,717.74,717.48,717.55,138236,QQQ
2026-09-04 15:10:00-04:00,717.53,717.77,717.48,717.56,243724,QQQ
2026-09-04 15:15:00-04:00,717.59,717.8299,717.575,717.68,120766,QQQ
2026-09-04 15:20:00-04:00,717.68,717.89,717.65,717.87,102781,QQQ
2026-09-04 15:25:00-04:00,717.93,718.0699,717.8325,717.95,148439,QQQ
2026-09-04 15:30:00-04:00,717.95,718.29,717.79,718.255,221104,QQQ
2026-09-04 15:35:00-04:00,718.245,718.46,717.97,718.15,287299,QQQ
2026-09-04 15:40:00-04:00,718.13,718.33,718.05,718.31,264778,QQQ
2026-09-04 15:45:00-04:00,718.3,718.585,718.2925,718.555,1039823,QQQ
2026-09-04 15:50:00-04:00,718.58,719.21,718.58,719.17,879698,QQQ
2026-09-04 15:55:00-04:00,719.18,719.44,718.79,719.06,1735645,QQQ
2026-09-08 09:30:00-04:00,720.97,721.886,719.15,719.84,2021409,QQQ
2026-09-08 09:35:00-04:00,719.85,720.09,718.89,719.04,546576,QQQ
2026-09-08 09:40:00-04:00,719.01,719.13,716.56,716.72,852758,QQQ
2026-09-08 09:45:00-04:00,716.74,718.0,716.64,717.99,481197,QQQ
2026-09-08 09:50:00-04:00,718.0,718.0,716.33,717.37,466321,QQQ
2026-09-08 09:55:00-04:00,717.37,718.29,717.12,717.47,424122,QQQ
2026-09-08 10:00:00-04:00,717.46,717.695,715.87,717.0422,535556,QQQ
2026-09-08 10:05:00-04:00,717.01,717.14,716.265,716.29,307079,QQQ
2026-09-08 10:10:00-04:00,716.19,716.9,715.57,716.505,299389,QQQ
2026-09-08 10:15:00-04:00,716.5,717.225,716.39,716.93,252798,QQQ
2026-09-08 10:20:00-04:00,716.9399,717.94,716.81,717.9101,314714,QQQ
2026-09-08 10:25:00-04:00,717.88,717.91,717.03,717.76,244714,QQQ
2026-09-08 10:30:00-04:00,717.8161,717.985,717.15,717.95,200672,QQQ
2026-09-08 10:35:00-04:00,717.93,717.99,717.35,717.6,132975,QQQ
2026-09-08 10:40:00-04:00,717.5851,718.305,717.505,718.15,278042,QQQ
2026-09-08 10:45:00-04:00,718.15,718.215,717.7,718.05,222424,QQQ
2026-09-08 10:50:00-04:00,718.07,718.66,717.98,718.625,354958,QQQ
2026-09-08 10:55:00-04:00,718.63,718.9387,718.39,718.93,272743,QQQ
2026-09-08 11:00:00-04:00,718.95,719.04,718.63,718.813,242373,QQQ
2026-09-08 11:05:00-04:00,718.82,719.05,718.555,718.74,370143,QQQ
2026-09-08 11:10:00-04:00,718.82,720.075,718.79,719.92,341809,QQQ
2026-09-08 11:15:00-04:00,719.92,720.445,719.7008,720.32,671623,QQQ
2026-09-08 11:20:00-04:00,720.3,720.32,719.4,720.2899,282156,QQQ
2026-09-08 11:25:00-04:00,720.2772,720.72,720.01,720.085,431926,QQQ
2026-09-08 11:30:00-04:00,720.1249,720.36,719.89,720.113,209780,QQQ
2026-09-08 11:35:00-04:00,720.11,720.15,719.76,720.13,386642,QQQ
2026-09-08 11:40:00-04:00,720.14,720.93,720.03,720.85,230404,QQQ
2026-09-08 11:45:00-04:00,720.89,720.91,720.045,720.155,328069,QQQ
2026-09-08 11:50:00-04:00,720.2,720.5,720.07,720.205,333646,QQQ
2026-09-08 11:55:00-04:00,720.18,720.36,719.865,719.97,455176,QQQ
2026-09-08 12:00:00-04:00,719.99,720.28,719.8,720.28,244133,QQQ
2026-09-08 12:05:00-04:00,720.28,720.4,719.6212,719.64,193300,QQQ
2026-09-08 12:10:00-04:00,719.63,719.725,719.335,719.6,244425,QQQ
2026-09-08 12:15:00-04:00,719.59,719.59,719.13,719.1301,179430,QQQ
2026-09-08 12:20:00-04:00,719.14,719.6672,718.98,719.6672,269424,QQQ
2026-09-08 12:25:00-04:00,719.65,719.96,719.0601,719.075,266162,QQQ
2026-09-08 12:30:00-04:00,719.1,719.47,718.95,719.28,454824,QQQ
2026-09-08 12:35:00-04:00,719.28,719.445,719.13,719.26,169637,QQQ
2026-09-08 12:40:00-04:00,719.28,719.47,719.1,719.27,220644,QQQ
2026-09-08 12:45:00-04:00,719.28,719.7669,719.15,719.63,138519,QQQ
2026-09-08 12:50:00-04:00,719.63,720.07,719.465,719.765,314938,QQQ
2026-09-08 12:55:00-04:00,719.79,719.84,718.67,719.23,347499,QQQ
2026-09-08 13:00:00-04:00,719.24,720.59,719.22,720.59,345494,QQQ
2026-09-08 13:05:00-04:00,720.6,720.85,720.2801,720.395,203841,QQQ
2026-09-08 13:10:00-04:00,720.39,720.66,720.35,720.56,151141,QQQ
2026-09-08 13:15:00-04:00,720.59,720.67,720.39,720.52,261649,QQQ
2026-09-08 13:20:00-04:00,720.54,720.58,720.18,720.435,236364,QQQ
2026-09-08 13:25:00-04:00,720.43,720.47,720.04,720.26,103400,QQQ
2026-09-08 13:30:00-04:00,720.28,720.67,720.25,720.58,141535,QQQ
2026-09-08 13:35:00-04:00,720.555,720.65,720.38,720.38,110767,QQQ
2026-09-08 13:40:00-04:00,720.39,720.39,719.84,719.88,163950,QQQ
2026-09-08 13:45:00-04:00,719.89,720.1655,719.8872,720.0321,214317,QQQ
2026-09-08 13:50:00-04:00,720.03,720.19,719.79,720.07,152074,QQQ
2026-09-08 13:55:00-04:00,720.08,720.08,719.66,719.66,211559,QQQ
2026-09-08 14:00:00-04:00,719.67,719.8697,719.57,719.805,222051,QQQ
2026-09-08 14:05:00-04:00,719.85,720.15,719.7904,720.0301,154500,QQQ
2026-09-08 14:10:00-04:00,720.04,720.2,719.91,720.02,119562,QQQ
2026-09-08 14:15:00-04:00,720.03,720.24,719.98,720.13,97602,QQQ
2026-09-08 14:20:00-04:00,720.115,720.22,719.67,719.6862,98621,QQQ
2026-09-08 14:25:00-04:00,719.67,719.87,719.62,719.81,115621,QQQ
2026-09-08 14:30:00-04:00,719.83,719.88,719.67,719.68,698004,QQQ
2026-09-08 14:35:00-04:00,719.67,719.79,719.38,719.5,137749,QQQ
2026-09-08 14:40:00-04:00,719.495,719.95,719.37,719.93,89550,QQQ
2026-09-08 14:45:00-04:00,719.93,720.12,717.91,718.5,494197,QQQ
2026-09-08 14:50:00-04:00,718.52,719.36,718.32,719.2859,315953,QQQ
2026-09-08 14:55:00-04:00,719.28,719.52,719.1464,719.29,164473,QQQ
2026-09-08 15:00:00-04:00,719.315,719.5463,718.91,719.155,180159,QQQ
2026-09-08 15:05:00-04:00,719.135,719.48,719.0501,719.075,216505,QQQ
2026-09-08 15:10:00-04:00,719.06,719.36,719.04,719.24,121315,QQQ
2026-09-08 15:15:00-04:00,719.22,719.31,718.87,718.8915,115376,QQQ
2026-09-08 15:20:00-04:00,718.89,719.12,718.5501,718.62,135708,QQQ
2026-09-08 15:25:00-04:00,718.68,719.079,718.51,718.965,152654,QQQ
2026-09-08 15:30:00-04:00,718.965,719.01,718.57,718.93,162778,QQQ
2026-09-08 15:35:00-04:00,718.9471,718.9599,718.62,718.7,185211,QQQ
2026-09-08 15:40:00-04:00,718.75,718.855,718.45,718.57,231152,QQQ
2026-09-08 15:45:00-04:00,718.58,718.67,717.99,718.47,332994,QQQ
2026-09-08 15:50:00-04:00,718.5,718.62,717.25,717.495,864001,QQQ
2026-09-08 15:55:00-04:00,717.58,718.54,717.39,718.3806,1885510,QQQ
2026-09-09 09:30:00-04:00,716.29,717.4074,715.49,716.9548,2293450,QQQ
2026-09-09 09:35:00-04:00,716.91,717.4399,716.68,717.08,382076,QQQ
2026-09-09 09:40:00-04:00,717.08,717.54,716.551,716.96,414534,QQQ
2026-09-09 09:45:00-04:00,716.99,717.79,716.41,717.45,838021,QQQ
2026-09-09 09:50:00-04:00,717.45,718.0,717.08,717.9,367069,QQQ
2026-09-09 09:55:00-04:00,717.89,719.06,717.8,718.88,510852,QQQ
2026-09-09 10:00:00-04:00,718.87,719.5494,718.2062,719.335,479257,QQQ
2026-09-09 10:05:00-04:00,719.33,719.7,718.92,719.19,390021,QQQ
2026-09-09 10:10:00-04:00,719.19,719.38,718.51,718.945,383171,QQQ
2026-09-09 10:15:00-04:00,718.88,718.92,717.1959,717.42,540512,QQQ
2026-09-09 10:20:00-04:00,717.43,717.66,716.51,716.51,491134,QQQ
2026-09-09 10:25:00-04:00,716.52,718.37,716.49,718.29,446999,QQQ
2026-09-09 10:30:00-04:00,718.28,718.32,717.47,717.84,204127,QQQ
2026-09-09 10:35:00-04:00,717.9,718.18,717.33,718.0381,260926,QQQ
2026-09-09 10:40:00-04:00,717.99,718.5092,717.74,718.4,221639,QQQ
2026-09-09 10:45:00-04:00,718.35,718.46,717.94,718.39,168989,QQQ
2026-09-09 10:50:00-04:00,718.435,718.46,717.57,717.62,432405,QQQ
2026-09-09 10:55:00-04:00,717.61,718.3796,717.58,718.17,209066,QQQ
2026-09-09 11:00:00-04:00,718.1851,718.93,717.05,717.31,514065,QQQ
2026-09-09 11:05:00-04:00,717.27,717.59,715.88,716.005,378638,QQQ
2026-09-09 11:10:00-04:00,716.045,716.175,714.7329,715.015,473894,QQQ
2026-09-09 11:15:00-04:00,715.01,716.27,714.84,716.09,471728,QQQ
2026-09-09 11:20:00-04:00,716.09,716.36,714.02,714.16,484069,QQQ
2026-09-09 11:25:00-04:00,714.155,714.8879,714.07,714.8,338779,QQQ
2026-09-09 11:30:00-04:00,714.82,715.8557,714.75,715.7386,329803,QQQ
2026-09-09 11:35:00-04:00,715.84,716.83,715.16,716.68,433231,QQQ
2026-09-09 11:40:00-04:00,716.71,716.98,715.45,715.97,325711,QQQ
2026-09-09 11:45:00-04:00,715.95,716.06,715.65,715.91,127002,QQQ
2026-09-09 11:50:00-04:00,715.93,716.63,715.93,716.62,317728,QQQ
2026-09-09 11:55:00-04:00,716.5971,716.5971,715.69,716.19,388624,QQQ
2026-09-09 12:00:00-04:00,716.1911,716.43,716.037,716.39,162805,QQQ
2026-09-09 12:05:00-04:00,716.39,716.51,715.37,715.385,292035,QQQ
2026-09-09 12:10:00-04:00,715.385,715.88,715.3,715.37,169500,QQQ
2026-09-09 12:15:00-04:00,715.38,715.41,714.99,715.11,186804,QQQ
2026-09-09 12:20:00-04:00,715.1,715.35,714.9114,715.33,196308,QQQ
2026-09-09 12:25:00-04:00,715.34,715.4199,714.71,714.96,226497,QQQ
2026-09-09 12:30:00-04:00,715.01,715.89,714.98,715.765,231146,QQQ
2026-09-09 12:35:00-04:00,715.76,716.07,715.575,716.0463,171715,QQQ
2026-09-09 12:40:00-04:00,716.055,716.33,715.9,716.33,176965,QQQ
2026-09-09 12:45:00-04:00,716.36,716.51,716.02,716.32,124983,QQQ
2026-09-09 12:50:00-04:00,716.321,716.87,716.321,716.51,229226,QQQ
2026-09-09 12:55:00-04:00,716.53,716.71,716.34,716.41,198915,QQQ
2026-09-09 13:00:00-04:00,716.4,716.95,716.16,716.18,322855,QQQ
2026-09-09 13:05:00-04:00,716.21,716.65,716.21,716.41,122501,QQQ
2026-09-09 13:10:00-04:00,716.4,716.96,716.3,716.89,144485,QQQ
2026-09-09 13:15:00-04:00,716.89,717.05,716.5,716.5,124071,QQQ
2026-09-09 13:20:00-04:00,716.51,716.7,716.36,716.7,118960,QQQ
2026-09-09 13:25:00-04:00,716.73,716.73,716.24,716.24,104046,QQQ
2026-09-09 13:30:00-04:00,716.26,716.52,716.041,716.3,129620,QQQ
2026-09-09 13:35:00-04:00,716.255,716.3999,715.7275,715.79,166285,QQQ
2026-09-09 13:40:00-04:00,715.82,716.41,715.81,716.37,122002,QQQ
2026-09-09 13:45:00-04:00,716.4,716.797,716.37,716.715,139429,QQQ
2026-09-09 13:50:00-04:00,716.73,717.03,716.54,716.95,144366,QQQ
2026-09-09 13:55:00-04:00,716.96,717.04,716.68,716.7,133103,QQQ
2026-09-09 14:00:00-04:00,716.69,716.77,716.59,716.66,195147,QQQ
2026-09-09 14:05:00-04:00,716.66,716.67,716.28,716.345,115939,QQQ
2026-09-09 14:10:00-04:00,716.35,716.4099,716.0439,716.0439,149481,QQQ
2026-09-09 14:15:00-04:00,716.01,716.255,715.93,716.0903,121798,QQQ
2026-09-09 14:20:00-04:00,716.1,716.48,716.075,716.445,125352,QQQ
2026-09-09 14:25:00-04:00,716.4451,716.5202,716.15,716.3,118026,QQQ
2026-09-09 14:30:00-04:00,716.3122,716.4898,716.14,716.335,152728,QQQ
2026-09-09 14:35:00-04:00,716.32,716.5295,716.3,716.4701,54117,QQQ
2026-09-09 14:40:00-04:00,716.48,716.69,716.48,716.63,356416,QQQ
2026-09-09 14:45:00-04:00,716.6225,716.695,716.41,716.4685,127323,QQQ
2026-09-09 14:50:00-04:00,716.47,716.8,716.45,716.71,102171,QQQ
2026-09-09 14:55:00-04:00,716.73,716.8,716.14,716.15,104283,QQQ
2026-09-09 15:00:00-04:00,716.16,716.28,715.76,715.87,250515,QQQ
2026-09-09 15:05:00-04:00,715.88,716.34,715.8386,716.26,541383,QQQ
2026-09-09 15:10:00-04:00,716.275,716.34,716.16,716.225,307028,QQQ
2026-09-09 15:15:00-04:00,716.225,716.72,716.211,716.64,219150,QQQ
2026-09-09 15:20:00-04:00,716.66,716.745,716.44,716.5886,298544,QQQ
2026-09-09 15:25:00-04:00,716.595,716.68,716.265,716.2761,105571,QQQ
2026-09-09 15:30:00-04:00,716.28,716.39,716.14,716.23,231624,QQQ
2026-09-09 15:35:00-04:00,716.235,716.28,715.98,716.05,713310,QQQ
2026-09-09 15:40:00-04:00,716.02,716.15,715.91,716.13,272018,QQQ
2026-09-09 15:45:00-04:00,716.13,716.25,715.94,716.19,387632,QQQ
2026-09-09 15:50:00-04:00,716.15,716.23,715.78,715.995,483832,QQQ
2026-09-09 15:55:00-04:00,716.01,716.37,715.53,716.28,998170,QQQ
2026-09-10 09:30:00-04:00,707.565,708.43,706.855,707.775,3873291,QQQ
2026-09-10 09:35:00-04:00,707.78,709.9,707.58,709.721,890961,QQQ
2026-09-10 09:40:00-04:00,709.7463,710.27,708.67,708.77,704917,QQQ
2026-09-10 09:45:00-04:00,708.82,710.36,708.6255,709.8888,759089,QQQ
2026-09-10 09:50:00-04:00,709.91,709.95,707.9307,707.95,554274,QQQ
2026-09-10 09:55:00-04:00,707.955,708.4071,707.58,707.83,318692,QQQ
2026-09-10 10:00:00-04:00,707.76,709.715,707.76,708.98,447192,QQQ
2026-09-10 10:05:00-04:00,708.985,709.2,708.04,708.69,355382,QQQ
2026-09-10 10:10:00-04:00,708.738,709.51,708.34,708.79,437159,QQQ
2026-09-10 10:15:00-04:00,708.77,709.29,708.11,709.215,433795,QQQ
2026-09-10 10:20:00-04:00,709.23,711.78,709.12,710.99,634902,QQQ
2026-09-10 10:25:00-04:00,710.99,711.5852,710.17,710.41,638784,QQQ
2026-09-10 10:30:00-04:00,710.41,711.25,710.385,710.705,382686,QQQ
2026-09-10 10:35:00-04:00,710.71,712.06,710.71,711.725,444533,QQQ
2026-09-10 10:40:00-04:00,711.73,711.92,710.81,711.14,334260,QQQ
2026-09-10 10:45:00-04:00,711.1,711.48,710.56,710.93,236303,QQQ
2026-09-10 10:50:00-04:00,710.9116,711.35,710.5,711.335,268143,QQQ
2026-09-10 10:55:00-04:00,711.42,711.805,710.98,711.8,202535,QQQ
2026-09-10 11:00:00-04:00,711.77,711.83,710.61,710.9175,714454,QQQ
2026-09-10 11:05:00-04:00,710.93,711.57,710.803,710.88,310907,QQQ
2026-09-10 11:10:00-04:00,710.875,711.72,710.855,711.36,225727,QQQ
2026-09-10 11:15:00-04:00,711.33,711.45,710.46,710.805,311761,QQQ
2026-09-10 11:20:00-04:00,710.82,711.1,710.21,711.03,320132,QQQ
2026-09-10 11:25:00-04:00,711.03,711.6,710.84,711.13,249206,QQQ
2026-09-10 11:30:00-04:00,711.13,711.425,710.68,711.29,246031,QQQ
2026-09-10 11:35:00-04:00,711.27,711.98,710.94,711.24,299462,QQQ
2026-09-10 11:40:00-04:00,711.21,711.575,710.95,711.51,155483,QQQ
2026-09-10 11:45:00-04:00,711.54,711.63,710.61,711.005,206332,QQQ
2026-09-10 11:50:00-04:00,710.95,711.21,710.385,710.385,404633,QQQ
2026-09-10 11:55:00-04:00,710.385,710.5551,709.92,710.395,331828,QQQ
2026-09-10 12:00:00-04:00,710.38,711.0,710.2,710.35,375570,QQQ
2026-09-10 12:05:00-04:00,710.335,710.54,709.79,709.825,373664,QQQ
2026-09-10 12:10:00-04:00,709.828,710.1,709.44,709.77,228169,QQQ
2026-09-10 12:15:00-04:00,709.81,710.27,709.52,709.646,365191,QQQ
2026-09-10 12:20:00-04:00,709.65,710.02,709.6405,709.7516,105907,QQQ
2026-09-10 12:25:00-04:00,709.76,709.83,709.3325,709.64,201249,QQQ
2026-09-10 12:30:00-04:00,709.635,710.1,708.98,709.08,399955,QQQ
2026-09-10 12:35:00-04:00,709.04,709.61,708.63,709.505,179959,QQQ
2026-09-10 12:40:00-04:00,709.5163,710.57,709.51,710.425,156416,QQQ
2026-09-10 12:45:00-04:00,710.4231,711.21,710.365,710.46,339901,QQQ
2026-09-10 12:50:00-04:00,710.445,711.08,710.3801,711.061,201401,QQQ
2026-09-10 12:55:00-04:00,711.07,711.25,710.84,711.03,165844,QQQ
2026-09-10 13:00:00-04:00,711.0079,711.81,710.55,710.88,394814,QQQ
2026-09-10 13:05:00-04:00,710.88,711.11,710.69,710.91,118176,QQQ
2026-09-10 13:10:00-04:00,710.8912,711.39,710.82,710.82,137828,QQQ
2026-09-10 13:15:00-04:00,710.84,711.0,710.655,710.805,89821,QQQ
2026-09-10 13:20:00-04:00,710.81,710.81,710.43,710.5,92854,QQQ
2026-09-10 13:25:00-04:00,710.52,710.55,710.24,710.49,138476,QQQ
2026-09-10 13:30:00-04:00,710.468,710.5875,710.2,710.31,169610,QQQ
2026-09-10 13:35:00-04:00,710.32,710.5899,709.695,709.73,228693,QQQ
2026-09-10 13:40:00-04:00,709.7001,710.31,709.67,710.29,134115,QQQ
2026-09-10 13:45:00-04:00,710.3,710.35,709.93,709.97,708325,QQQ
2026-09-10 13:50:00-04:00,709.985,710.31,709.8,710.0875,135321,QQQ
2026-09-10 13:55:00-04:00,710.07,710.2,709.83,709.8995,87717,QQQ
2026-09-10 14:00:00-04:00,709.88,710.23,709.33,709.47,211759,QQQ
2026-09-10 14:05:00-04:00,709.45,709.71,709.12,709.21,156756,QQQ
2026-09-10 14:10:00-04:00,709.21,709.45,708.97,709.235,165074,QQQ
2026-09-10 14:15:00-04:00,709.245,709.3,708.98,709.28,237382,QQQ
2026-09-10 14:20:00-04:00,709.275,709.705,709.275,709.4199,164630,QQQ
2026-09-10 14:25:00-04:00,709.415,709.52,709.08,709.2099,163976,QQQ
2026-09-10 14:30:00-04:00,709.17,709.36,708.9213,709.3401,184921,QQQ
2026-09-10 14:35:00-04:00,709.34,709.62,709.17,709.605,210128,QQQ
2026-09-10 14:40:00-04:00,709.61,709.615,709.385,709.55,114390,QQQ
2026-09-10 14:45:00-04:00,709.54,709.8291,709.0101,709.46,193792,QQQ
2026-09-10 14:50:00-04:00,709.4,710.18,709.14,709.77,622471,QQQ
2026-09-10 14:55:00-04:00,709.77,709.9663,709.42,709.575,184061,QQQ
2026-09-10 15:00:00-04:00,709.57,709.6062,709.03,709.0326,278993,QQQ
2026-09-10 15:05:00-04:00,709.04,709.401,708.79,709.37,265537,QQQ
2026-09-10 15:10:00-04:00,709.345,709.4299,708.8,709.1386,173371,QQQ
2026-09-10 15:15:00-04:00,709.135,709.325,708.67,708.84,174268,QQQ
2026-09-10 15:20:00-04:00,708.82,709.13,708.7,709.09,211373,QQQ
2026-09-10 15:25:00-04:00,709.085,709.27,709.02,709.18,215688,QQQ
2026-09-10 15:30:00-04:00,709.16,709.35,708.83,709.2826,430020,QQQ
2026-09-10 15:35:00-04:00,709.27,709.31,708.83,709.16,332156,QQQ
2026-09-10 15:40:00-04:00,709.175,709.43,709.09,709.135,251840,QQQ
2026-09-10 15:45:00-04:00,709.135,709.35,708.89,709.18,387706,QQQ
2026-09-10 15:50:00-04:00,709.17,709.39,708.28,708.61,760496,QQQ
2026-09-10 15:55:00-04:00,708.58,708.85,708.35,708.66,1131262,QQQ
2026-09-11 09:30:00-04:00,715.44,715.84,713.93,715.7037,3527907,QQQ
2026-09-11 09:35:00-04:00,715.68,715.97,714.57,715.1,708389,QQQ
2026-09-11 09:40:00-04:00,715.2538,716.18,714.0903,716.0,665526,QQQ
2026-09-11 09:45:00-04:00,715.985,716.931,715.18,716.015,675191,QQQ
2026-09-11 09:50:00-04:00,716.06,716.295,714.76,715.83,402351,QQQ
2026-09-11 09:55:00-04:00,715.82,717.04,715.57,716.865,319135,QQQ
2026-09-11 10:00:00-04:00,716.93,716.93,714.9151,715.0,446776,QQQ
2026-09-11 10:05:00-04:00,714.98,715.3748,714.41,715.05,320944,QQQ
2026-09-11 10:10:00-04:00,715.06,715.76,714.705,715.07,442098,QQQ
2026-09-11 10:15:00-04:00,715.11,716.1699,714.57,716.12,468211,QQQ
2026-09-11 10:20:00-04:00,716.12,716.67,715.99,716.2,343260,QQQ
2026-09-11 10:25:00-04:00,716.265,716.83,716.13,716.46,266116,QQQ
2026-09-11 10:30:00-04:00,716.5,716.55,715.43,715.54,405437,QQQ
2026-09-11 10:35:00-04:00,715.44,715.5214,714.5,714.89,627857,QQQ
2026-09-11 10:40:00-04:00,714.895,715.4599,714.11,714.56,328339,QQQ
2026-09-11 10:45:00-04:00,714.56,715.1899,713.65,715.17,704989,QQQ
2026-09-11 10:50:00-04:00,715.17,715.22,714.41,714.48,270960,QQQ
2026-09-11 10:55:00-04:00,714.49,714.65,714.0,714.49,222659,QQQ
2026-09-11 11:00:00-04:00,714.4493,715.28,714.27,715.2701,251638,QQQ
2026-09-11 11:05:00-04:00,715.2777,715.98,715.22,715.69,354854,QQQ
2026-09-11 11:10:00-04:00,715.705,715.8,714.6,715.08,210000,QQQ
2026-09-11 11:15:00-04:00,715.08,716.29,715.08,716.12,293792,QQQ
2026-09-11 11:20:00-04:00,716.14,716.73,716.08,716.68,159148,QQQ
2026-09-11 11:25:00-04:00,716.6801,717.45,716.6,717.275,464977,QQQ
2026-09-11 11:30:00-04:00,717.27,717.62,717.09,717.29,258486,QQQ
2026-09-11 11:35:00-04:00,717.28,717.325,716.74,717.05,146304,QQQ
2026-09-11 11:40:00-04:00,717.05,717.23,716.8301,717.11,105964,QQQ
2026-09-11 11:45:00-04:00,717.1,717.1,716.7,716.9,112906,QQQ
2026-09-11 11:50:00-04:00,716.91,717.049,716.245,716.39,156914,QQQ
2026-09-11 11:55:00-04:00,716.38,716.7,716.22,716.46,212160,QQQ
2026-09-11 12:00:00-04:00,716.46,717.2,716.45,717.185,131433,QQQ
2026-09-11 12:05:00-04:00,717.21,717.26,716.67,716.9,100106,QQQ
2026-09-11 12:10:00-04:00,716.89,716.97,716.32,716.3899,95533,QQQ
2026-09-11 12:15:00-04:00,716.35,716.46,716.06,716.125,122129,QQQ
2026-09-11 12:20:00-04:00,716.17,716.25,715.77,715.86,197955,QQQ
2026-09-11 12:25:00-04:00,715.875,716.1,715.18,715.25,355396,QQQ
2026-09-11 12:30:00-04:00,715.2763,716.22,715.12,715.96,271741,QQQ
2026-09-11 12:35:00-04:00,715.91,715.9199,715.17,715.1903,96258,QQQ
2026-09-11 12:40:00-04:00,715.185,716.04,715.05,716.0,102949,QQQ
2026-09-11 12:45:00-04:00,715.99,716.0678,715.57,715.605,61322,QQQ
2026-09-11 12:50:00-04:00,715.555,715.92,715.555,715.9,66106,QQQ
2026-09-11 12:55:00-04:00,715.91,716.13,715.85,716.085,185384,QQQ
2026-09-11 13:00:00-04:00,716.11,716.41,716.1,716.2,150250,QQQ
2026-09-11 13:05:00-04:00,716.2006,716.79,716.2006,716.49,144093,QQQ
2026-09-11 13:10:00-04:00,716.495,716.645,716.09,716.1101,123318,QQQ
2026-09-11 13:15:00-04:00,716.14,716.74,716.14,716.625,117931,QQQ
2026-09-11 13:20:00-04:00,716.63,717.045,716.62,717.04,260351,QQQ
2026-09-11 13:25:00-04:00,717.03,717.13,716.765,716.765,169483,QQQ
2026-09-11 13:30:00-04:00,716.72,717.09,716.71,716.75,69280,QQQ
2026-09-11 13:35:00-04:00,716.78,716.8997,716.65,716.69,102011,QQQ
2026-09-11 13:40:00-04:00,716.6801,716.94,716.6401,716.76,182031,QQQ
2026-09-11 13:45:00-04:00,716.75,716.89,716.56,716.84,273113,QQQ
2026-09-11 13:50:00-04:00,716.87,716.88,716.7515,716.765,182876,QQQ
2026-09-11 13:55:00-04:00,716.79,716.82,716.44,716.51,109556,QQQ
2026-09-11 14:00:00-04:00,716.53,716.71,716.46,716.57,89778,QQQ
2026-09-11 14:05:00-04:00,716.55,716.555,716.31,716.36,245915,QQQ
2026-09-11 14:10:00-04:00,716.385,716.39,716.1799,716.2401,232304,QQQ
2026-09-11 14:15:00-04:00,716.27,716.37,716.09,716.25,146443,QQQ
2026-09-11 14:20:00-04:00,716.259,716.27,715.72,716.0,525707,QQQ
2026-09-11 14:25:00-04:00,716.01,716.36,715.915,716.285,141644,QQQ
2026-09-11 14:30:00-04:00,716.28,716.64,716.04,716.57,187995,QQQ
2026-09-11 14:35:00-04:00,716.62,716.67,716.3,716.39,83137,QQQ
2026-09-11 14:40:00-04:00,716.4,716.46,716.11,716.18,96140,QQQ
2026-09-11 14:45:00-04:00,716.19,716.34,715.97,716.03,136397,QQQ
2026-09-11 14:50:00-04:00,716.0,716.09,715.91,715.94,111470,QQQ
2026-09-11 14:55:00-04:00,715.93,716.185,715.88,715.9401,195229,QQQ
2026-09-11 15:00:00-04:00,715.98,716.05,715.79,715.861,158522,QQQ
2026-09-11 15:05:00-04:00,715.89,716.0,715.5601,715.62,140598,QQQ
2026-09-11 15:10:00-04:00,715.606,715.6937,715.3923,715.6,110654,QQQ
2026-09-11 15:15:00-04:00,715.655,715.86,715.57,715.69,98752,QQQ
2026-09-11 15:20:00-04:00,715.705,715.83,715.57,715.82,110231,QQQ
2026-09-11 15:25:00-04:00,715.81,715.88,715.54,715.605,104210,QQQ
2026-09-11 15:30:00-04:00,715.59,715.7199,715.55,715.71,151565,QQQ
2026-09-11 15:35:00-04:00,715.71,715.74,715.57,715.67,266303,QQQ
2026-09-11 15:40:00-04:00,715.67,715.89,715.66,715.79,305787,QQQ
2026-09-11 15:45:00-04:00,715.79,715.905,715.53,715.59,1683134,QQQ
2026-09-11 15:50:00-04:00,715.58,715.665,715.11,715.475,494552,QQQ
2026-09-11 15:55:00-04:00,715.45,715.45,714.74,714.85,1100694,QQQ
2026-09-14 09:30:00-04:00,703.29,703.99,702.75,703.34,4014462,QQQ
2026-09-14 09:35:00-04:00,703.32,703.675,702.77,702.9599,1002926,QQQ
2026-09-14 09:40:00-04:00,702.96,704.53,702.83,704.485,700578,QQQ
2026-09-14 09:45:00-04:00,704.49,706.74,704.48,706.4413,1345613,QQQ
2026-09-14 09:50:00-04:00,706.44,706.65,705.6,705.815,724018,QQQ
2026-09-14 09:55:00-04:00,705.81,706.11,705.42,705.785,470468,QQQ
2026-09-14 10:00:00-04:00,705.7401,706.605,705.7,706.235,402409,QQQ
2026-09-14 10:05:00-04:00,706.21,707.48,706.14,707.24,468393,QQQ
2026-09-14 10:10:00-04:00,707.205,707.7699,707.205,707.42,606203,QQQ
2026-09-14 10:15:00-04:00,707.43,707.62,706.395,706.72,542741,QQQ
2026-09-14 10:20:00-04:00,706.71,706.74,705.76,705.81,418695,QQQ
2026-09-14 10:25:00-04:00,705.7699,705.91,705.11,705.78,547972,QQQ
2026-09-14 10:30:00-04:00,705.7924,706.1,705.39,706.055,297753,QQQ
2026-09-14 10:35:00-04:00,706.025,706.025,704.65,704.95,330120,QQQ
2026-09-14 10:40:00-04:00,704.91,705.44,704.5901,705.44,313102,QQQ
2026-09-14 10:45:00-04:00,705.45,706.11,705.34,705.7635,263976,QQQ
2026-09-14 10:50:00-04:00,705.82,705.83,705.03,705.19,225634,QQQ
2026-09-14 10:55:00-04:00,705.21,705.95,704.93,705.91,169404,QQQ
2026-09-14 11:00:00-04:00,705.905,706.03,705.27,705.33,268670,QQQ
2026-09-14 11:05:00-04:00,705.3,707.55,705.3,706.559,710354,QQQ
2026-09-14 11:10:00-04:00,706.615,706.74,706.15,706.16,172405,QQQ
2026-09-14 11:15:00-04:00,706.16,707.12,706.05,707.0,190288,QQQ
2026-09-14 11:20:00-04:00,707.01,707.45,706.75,707.375,308309,QQQ
2026-09-14 11:25:00-04:00,707.33,707.76,707.16,707.55,270371,QQQ
2026-09-14 11:30:00-04:00,707.53,709.59,707.38,709.5762,754854,QQQ
2026-09-14 11:35:00-04:00,709.4899,709.97,709.06,709.83,420065,QQQ
2026-09-14 11:40:00-04:00,709.84,710.6466,709.56,710.435,648459,QQQ
2026-09-14 11:45:00-04:00,710.46,710.5,709.76,709.785,554874,QQQ
2026-09-14 11:50:00-04:00,709.795,710.1063,709.56,710.001,287130,QQQ
2026-09-14 11:55:00-04:00,710.02,710.13,709.71,709.8376,198165,QQQ
2026-09-14 12:00:00-04:00,709.79,709.8849,709.1,709.1,232685,QQQ
2026-09-14 12:05:00-04:00,709.03,709.34,708.84,708.995,419583,QQQ
2026-09-14 12:10:00-04:00,709.0,709.5999,708.96,709.49,181965,QQQ
2026-09-14 12:15:00-04:00,709.48,711.039,709.48,710.815,348087,QQQ
2026-09-14 12:20:00-04:00,710.815,711.12,710.43,710.895,216698,QQQ
2026-09-14 12:25:00-04:00,710.885,710.94,710.165,710.3,121650,QQQ
2026-09-14 12:30:00-04:00,710.19,710.62,710.12,710.24,234553,QQQ
2026-09-14 12:35:00-04:00,710.24,710.5491,710.05,710.49,120071,QQQ
2026-09-14 12:40:00-04:00,710.475,710.9,710.335,710.9,239090,QQQ
2026-09-14 12:45:00-04:00,710.94,712.3,710.5901,711.965,546857,QQQ
2026-09-14 12:50:00-04:00,711.97,712.22,711.72,711.76,393419,QQQ
2026-09-14 12:55:00-04:00,711.76,711.92,711.4,711.86,138616,QQQ
2026-09-14 13:00:00-04:00,711.86,712.02,711.49,711.67,106315,QQQ
2026-09-14 13:05:00-04:00,711.65,711.7999,711.39,711.67,124368,QQQ
2026-09-14 13:10:00-04:00,711.69,712.2862,711.62,711.755,104870,QQQ
2026-09-14 13:15:00-04:00,711.755,711.935,711.36,711.5999,103295,QQQ
2026-09-14 13:20:00-04:00,711.61,712.02,711.5405,711.93,173784,QQQ
2026-09-14 13:25:00-04:00,711.97,712.35,711.8,712.348,348864,QQQ
2026-09-14 13:30:00-04:00,712.35,712.5,712.11,712.28,443346,QQQ
2026-09-14 13:35:00-04:00,712.305,712.49,712.09,712.485,96600,QQQ
2026-09-14 13:40:00-04:00,712.4701,712.5,712.22,712.381,152654,QQQ
2026-09-14 13:45:00-04:00,712.4,712.7,712.39,712.615,99133,QQQ
2026-09-14 13:50:00-04:00,712.63,712.84,712.54,712.735,134157,QQQ
2026-09-14 13:55:00-04:00,712.74,712.95,712.4,712.413,164278,QQQ
2026-09-14 14:00:00-04:00,712.455,712.865,712.2,712.295,181573,QQQ
2026-09-14 14:05:00-04:00,712.285,712.59,712.1022,712.51,134646,QQQ
2026-09-14 14:10:00-04:00,712.53,712.53,712.231,712.435,87284,QQQ
2026-09-14 14:15:00-04:00,712.47,712.62,712.19,712.275,133710,QQQ
2026-09-14 14:20:00-04:00,712.265,712.3,711.92,711.92,139053,QQQ
2026-09-14 14:25:00-04:00,711.91,712.06,711.812,711.91,200249,QQQ
2026-09-14 14:30:00-04:00,711.95,712.27,711.85,712.1301,292811,QQQ
2026-09-14 14:35:00-04:00,712.13,712.41,712.045,712.259,89270,QQQ
2026-09-14 14:40:00-04:00,712.2125,712.42,712.13,712.13,182568,QQQ
2026-09-14 14:45:00-04:00,712.15,712.23,711.8,712.18,230788,QQQ
2026-09-14 14:50:00-04:00,712.175,712.25,711.98,712.04,79056,QQQ
2026-09-14 14:55:00-04:00,711.99,712.1,711.7425,711.84,97264,QQQ
2026-09-14 15:00:00-04:00,711.83,711.86,711.4801,711.63,200960,QQQ
2026-09-14 15:05:00-04:00,711.615,711.67,711.135,711.305,195799,QQQ
2026-09-14 15:10:00-04:00,711.31,711.435,711.12,711.23,209484,QQQ
2026-09-14 15:15:00-04:00,711.24,711.24,710.9501,711.16,179101,QQQ
2026-09-14 15:20:00-04:00,711.15,711.21,710.855,711.042,256802,QQQ
2026-09-14 15:25:00-04:00,711.065,711.18,710.99,711.035,264892,QQQ
2026-09-14 15:30:00-04:00,711.03,711.18,710.97,710.98,287166,QQQ
2026-09-14 15:35:00-04:00,711.0,711.015,710.68,710.69,373221,QQQ
2026-09-14 15:40:00-04:00,710.6987,710.93,710.665,710.78,440602,QQQ
2026-09-14 15:45:00-04:00,710.73,711.01,710.73,710.965,920006,QQQ
2026-09-14 15:50:00-04:00,710.92,711.0,710.07,710.2102,1320514,QQQ
2026-09-14 15:55:00-04:00,710.21,710.21,709.09,709.16,3246104,QQQ
2026-09-15 09:30:00-04:00,708.76,708.81,707.56,707.88,1926258,QQQ
2026-09-15 09:35:00-04:00,707.885,709.228,707.885,708.98,568991,QQQ
2026-09-15 09:40:00-04:00,708.98,709.23,708.4,709.145,566298,QQQ
2026-09-15 09:45:00-04:00,709.13,709.5299,708.825,708.98,436919,QQQ
2026-09-15 09:50:00-04:00,708.965,709.1354,708.43,708.985,359067,QQQ
2026-09-15 09:55:00-04:00,708.985,709.16,708.645,708.95,203251,QQQ
2026-09-15 10:00:00-04:00,708.95,709.01,708.19,708.19,454752,QQQ
2026-09-15 10:05:00-04:00,708.19,708.34,707.6,707.79,280776,QQQ
2026-09-15 10:10:00-04:00,707.7801,707.8,706.82,706.925,418493,QQQ
2026-09-15 10:15:00-04:00,706.93,707.43,706.865,707.24,319437,QQQ
2026-09-15 10:20:00-04:00,707.235,707.39,705.95,706.54,390257,QQQ
2026-09-15 10:25:00-04:00,706.57,706.8,706.2916,706.555,203609,QQQ
2026-09-15 10:30:00-04:00,706.55,706.73,705.96,706.11,424302,QQQ
2026-09-15 10:35:00-04:00,706.13,706.34,705.58,705.7,298006,QQQ
2026-09-15 10:40:00-04:00,705.655,705.6599,705.3,705.585,325934,QQQ
2026-09-15 10:45:00-04:00,705.595,705.92,705.13,705.13,301179,QQQ
2026-09-15 10:50:00-04:00,705.1,705.195,703.906,704.475,685619,QQQ
2026-09-15 10:55:00-04:00,704.475,704.91,704.21,704.48,333111,QQQ
2026-09-15 11:00:00-04:00,704.475,705.54,704.475,705.54,357296,QQQ
2026-09-15 11:05:00-04:00,705.54,705.66,705.16,705.29,219939,QQQ
2026-09-15 11:10:00-04:00,705.285,705.45,704.95,705.275,400410,QQQ
2026-09-15 11:15:00-04:00,705.27,705.76,705.1,705.57,202248,QQQ
2026-09-15 11:20:00-04:00,705.58,705.77,705.135,705.575,182061,QQQ
2026-09-15 11:25:00-04:00,705.6,705.81,705.41,705.6595,164074,QQQ
2026-09-15 11:30:00-04:00,705.66,705.71,704.9625,705.42,230979,QQQ
2026-09-15 11:35:00-04:00,705.46,705.63,705.2,705.21,99681,QQQ
2026-09-15 11:40:00-04:00,705.1901,705.8048,705.1901,705.6,331672,QQQ
2026-09-15 11:45:00-04:00,705.58,705.65,704.98,705.1,147761,QQQ
2026-09-15 11:50:00-04:00,705.1,705.87,705.08,705.375,242205,QQQ
2026-09-15 11:55:00-04:00,705.39,706.02,705.255,705.32,189846,QQQ
2026-09-15 12:00:00-04:00,705.35,705.61,705.22,705.5121,164189,QQQ
2026-09-15 12:05:00-04:00,705.47,705.5,704.571,704.67,167807,QQQ
2026-09-15 12:10:00-04:00,704.65,704.77,704.4901,704.53,142334,QQQ
2026-09-15 12:15:00-04:00,704.535,705.1,704.46,705.09,168366,QQQ
2026-09-15 12:20:00-04:00,705.07,705.92,705.07,705.7887,274400,QQQ
2026-09-15 12:25:00-04:00,705.78,705.8805,705.45,705.51,167980,QQQ
2026-09-15 12:30:00-04:00,705.505,705.75,705.1104,705.59,182576,QQQ
2026-09-15 12:35:00-04:00,705.5999,705.62,705.3301,705.475,67494,QQQ
2026-09-15 12:40:00-04:00,705.46,705.549,705.25,705.39,97192,QQQ
2026-09-15 12:45:00-04:00,705.39,705.54,705.1205,705.3344,101196,QQQ
2026-09-15 12:50:00-04:00,705.31,705.96,705.29,705.895,145161,QQQ
2026-09-15 12:55:00-04:00,705.9,706.0,705.27,705.44,118321,QQQ
2026-09-15 13:00:00-04:00,705.44,705.52,704.78,704.78,202330,QQQ
2026-09-15 13:05:00-04:00,704.76,705.17,704.6307,704.88,233409,QQQ
2026-09-15 13:10:00-04:00,704.895,705.25,704.8,704.825,200166,QQQ
2026-09-15 13:15:00-04:00,704.84,705.01,704.762,705.0,93937,QQQ
2026-09-15 13:20:00-04:00,705.0,705.12,704.56,704.5718,141109,QQQ
2026-09-15 13:25:00-04:00,704.57,704.87,704.55,704.8,127226,QQQ
2026-09-15 13:30:00-04:00,704.81,705.13,704.725,704.9,296848,QQQ
2026-09-15 13:35:00-04:00,704.91,705.0499,704.72,704.79,94873,QQQ
2026-09-15 13:40:00-04:00,704.79,704.95,704.53,704.85,142796,QQQ
2026-09-15 13:45:00-04:00,704.825,704.96,704.6,704.67,174843,QQQ
2026-09-15 13:50:00-04:00,704.66,705.03,704.625,705.0197,287450,QQQ
2026-09-15 13:55:00-04:00,705.0,705.1985,704.89,705.0,244795,QQQ
2026-09-15 14:00:00-04:00,705.0,705.25,704.82,705.235,229146,QQQ
2026-09-15 14:05:00-04:00,705.225,705.38,705.11,705.38,278474,QQQ
2026-09-15 14:10:00-04:00,705.385,705.57,705.26,705.38,472020,QQQ
2026-09-15 14:15:00-04:00,705.41,705.46,704.985,705.085,143108,QQQ
2026-09-15 14:20:00-04:00,705.08,705.22,705.065,705.1699,191526,QQQ
2026-09-15 14:25:00-04:00,705.18,705.4,705.07,705.395,160868,QQQ
2026-09-15 14:30:00-04:00,705.3987,705.3987,704.82,704.87,161698,QQQ
2026-09-15 14:35:00-04:00,704.8775,704.9624,704.7,704.87,243970,QQQ
2026-09-15 14:40:00-04:00,704.875,705.13,704.65,704.68,229983,QQQ
2026-09-15 14:45:00-04:00,704.685,704.73,704.1906,704.34,272111,QQQ
2026-09-15 14:50:00-04:00,704.33,704.53,704.27,704.5,256845,QQQ
2026-09-15 14:55:00-04:00,704.5,704.755,704.441,704.7304,119357,QQQ
2026-09-15 15:00:00-04:00,704.73,704.88,704.5,704.68,216793,QQQ
2026-09-15 15:05:00-04:00,704.68,704.78,704.54,704.72,154532,QQQ
2026-09-15 15:10:00-04:00,704.72,704.78,704.4,704.4561,366431,QQQ
2026-09-15 15:15:00-04:00,704.445,704.53,704.275,704.47,350802,QQQ
2026-09-15 15:20:00-04:00,704.46,704.48,704.289,704.33,260599,QQQ
2026-09-15 15:25:00-04:00,704.335,704.51,704.23,704.36,264083,QQQ
2026-09-15 15:30:00-04:00,704.36,704.4278,704.225,704.24,202504,QQQ
2026-09-15 15:35:00-04:00,704.23,704.23,703.8,703.9099,453595,QQQ
2026-09-15 15:40:00-04:00,703.9,704.16,703.82,704.085,378281,QQQ
2026-09-15 15:45:00-04:00,704.08,704.23,703.9458,704.195,394461,QQQ
2026-09-15 15:50:00-04:00,704.17,704.34,703.635,704.34,765020,QQQ
2026-09-15 15:55:00-04:00,704.31,704.645,704.08,704.59,1989270,QQQ
2026-09-16 09:30:00-04:00,708.06,708.79,707.885,708.45,2069399,QQQ
2026-09-16 09:35:00-04:00,708.38,708.582,707.65,708.12,681890,QQQ
2026-09-16 09:40:00-04:00,708.11,708.81,708.02,708.39,339953,QQQ
2026-09-16 09:45:00-04:00,708.4,709.82,708.35,709.77,660302,QQQ
2026-09-16 09:50:00-04:00,709.77,710.14,709.59,709.795,415135,QQQ
2026-09-16 09:55:00-04:00,709.81,710.25,709.65,710.21,303640,QQQ
2026-09-16 10:00:00-04:00,710.22,710.27,709.04,709.14,275827,QQQ
2026-09-16 10:05:00-04:00,709.15,709.92,708.91,709.6099,252853,QQQ
2026-09-16 10:10:00-04:00,709.595,709.76,708.75,709.52,223103,QQQ
2026-09-16 10:15:00-04:00,709.49,710.1399,709.37,709.97,203954,QQQ
2026-09-16 10:20:00-04:00,709.94,710.09,709.65,709.81,147740,QQQ
2026-09-16 10:25:00-04:00,709.83,709.87,709.395,709.5801,133454,QQQ
2026-09-16 10:30:00-04:00,709.565,709.7197,709.225,709.43,198861,QQQ
2026-09-16 10:35:00-04:00,709.41,709.49,708.95,709.24,190680,QQQ
2026-09-16 10:40:00-04:00,709.201,709.89,709.201,709.89,241512,QQQ
2026-09-16 10:45:00-04:00,709.8896,710.08,709.54,709.69,390383,QQQ
2026-09-16 10:50:00-04:00,709.69,710.035,709.52,709.8399,141935,QQQ
2026-09-16 10:55:00-04:00,709.85,710.73,709.76,710.6579,199271,QQQ
2026-09-16 11:00:00-04:00,710.72,711.03,710.35,710.75,294823,QQQ
2026-09-16 11:05:00-04:00,710.74,711.55,710.52,711.42,518541,QQQ
2026-09-16 11:10:00-04:00,711.41,711.5,710.92,711.28,226102,QQQ
2026-09-16 11:15:00-04:00,711.311,711.311,710.62,710.91,166238,QQQ
2026-09-16 11:20:00-04:00,710.9,711.14,710.72,711.1081,134811,QQQ
2026-09-16 11:25:00-04:00,711.0801,711.31,710.762,710.87,238497,QQQ
2026-09-16 11:30:00-04:00,710.9,710.96,710.3,710.46,173171,QQQ
2026-09-16 11:35:00-04:00,710.49,710.83,710.33,710.56,201799,QQQ
2026-09-16 11:40:00-04:00,710.5699,710.7368,710.345,710.6,125048,QQQ
2026-09-16 11:45:00-04:00,710.59,711.85,710.4404,711.34,398791,QQQ
2026-09-16 11:50:00-04:00,711.38,711.45,710.9501,711.03,153852,QQQ
2026-09-16 11:55:00-04:00,710.965,711.0789,710.6301,710.6301,87506,QQQ
2026-09-16 12:00:00-04:00,710.67,710.73,710.13,710.15,140762,QQQ
2026-09-16 12:05:00-04:00,710.13,710.44,710.1,710.3301,106932,QQQ
2026-09-16 12:10:00-04:00,710.34,710.38,710.01,710.3099,107955,QQQ
2026-09-16 12:15:00-04:00,710.33,710.5995,710.29,710.49,94461,QQQ
2026-09-16 12:20:00-04:00,710.48,710.48,709.93,709.995,113965,QQQ
2026-09-16 12:25:00-04:00,710.0,710.38,709.966,710.35,92015,QQQ
2026-09-16 12:30:00-04:00,710.34,710.41,709.87,709.8808,152126,QQQ
2026-09-16 12:35:00-04:00,709.88,710.09,709.88,710.02,131465,QQQ
2026-09-16 12:40:00-04:00,710.018,710.15,709.94,710.0,116019,QQQ
2026-09-16 12:45:00-04:00,710.01,710.52,710.01,710.39,88853,QQQ
2026-09-16 12:50:00-04:00,710.36,710.42,709.91,710.094,92711,QQQ
2026-09-16 12:55:00-04:00,710.092,710.21,709.96,709.965,60870,QQQ
2026-09-16 13:00:00-04:00,709.98,709.98,709.28,709.4635,174742,QQQ
2026-09-16 13:05:00-04:00,709.475,709.57,709.39,709.57,86365,QQQ
2026-09-16 13:10:00-04:00,709.57,709.82,709.4,709.75,75376,QQQ
2026-09-16 13:15:00-04:00,709.755,709.86,709.58,709.62,75942,QQQ
2026-09-16 13:20:00-04:00,709.63,709.81,709.38,709.45,75555,QQQ
2026-09-16 13:25:00-04:00,709.46,709.71,709.46,709.685,78830,QQQ
2026-09-16 13:30:00-04:00,709.7,709.83,709.47,709.5601,90818,QQQ
2026-09-16 13:35:00-04:00,709.58,709.65,709.31,709.31,166597,QQQ
2026-09-16 13:40:00-04:00,709.3,709.31,708.772,708.879,295217,QQQ
2026-09-16 13:45:00-04:00,708.89,709.37,708.88,709.09,132214,QQQ
2026-09-16 13:50:00-04:00,709.12,709.53,708.96,709.42,168276,QQQ
2026-09-16 13:55:00-04:00,709.41,710.21,709.371,710.19,368312,QQQ
2026-09-16 14:00:00-04:00,710.21,711.1,708.6,710.92,1121847,QQQ
2026-09-16 14:05:00-04:00,710.94,711.65,710.5795,710.7699,652972,QQQ
2026-09-16 14:10:00-04:00,710.75,710.95,709.69,709.89,380678,QQQ
2026-09-16 14:15:00-04:00,709.885,710.29,709.55,709.92,308297,QQQ
2026-09-16 14:20:00-04:00,709.84,710.23,709.45,709.61,258329,QQQ
2026-09-16 14:25:00-04:00,709.65,709.75,708.45,709.6651,377687,QQQ
2026-09-16 14:30:00-04:00,709.5878,709.92,707.52,707.64,619656,QQQ
2026-09-16 14:35:00-04:00,707.62,708.33,705.895,708.08,872890,QQQ
2026-09-16 14:40:00-04:00,707.995,710.62,707.93,709.31,728028,QQQ
2026-09-16 14:45:00-04:00,709.29,710.07,707.7661,707.92,559424,QQQ
2026-09-16 14:50:00-04:00,707.88,708.225,705.725,705.77,637651,QQQ
2026-09-16 14:55:00-04:00,705.83,706.48,704.02,704.28,986480,QQQ
2026-09-16 15:00:00-04:00,704.31,706.02,704.075,705.38,989346,QQQ
2026-09-16 15:05:00-04:00,705.3,705.38,703.24,703.6664,797904,QQQ
2026-09-16 15:10:00-04:00,703.66,703.83,701.35,701.9099,1259082,QQQ
2026-09-16 15:15:00-04:00,701.855,702.67,700.7663,701.33,941918,QQQ
2026-09-16 15:20:00-04:00,701.36,701.84,700.68,701.3694,766752,QQQ
2026-09-16 15:25:00-04:00,701.43,701.9864,700.0,701.89,843244,QQQ
2026-09-16 15:30:00-04:00,701.875,703.45,701.655,703.425,937459,QQQ
2026-09-16 15:35:00-04:00,703.4,703.52,702.16,703.28,947638,QQQ
2026-09-16 15:40:00-04:00,703.2763,703.68,702.32,702.8601,991970,QQQ
2026-09-16 15:45:00-04:00,702.88,704.34,702.86,704.09,563081,QQQ
2026-09-16 15:50:00-04:00,704.09,704.77,703.87,704.4,780347,QQQ
2026-09-16 15:55:00-04:00,704.4,705.03,703.92,704.75,1734812,QQQ
2026-09-17 09:30:00-04:00,716.05,716.37,714.06,714.11,3227324,QQQ
2026-09-17 09:35:00-04:00,714.11,714.72,713.32,713.67,859990,QQQ
2026-09-17 09:40:00-04:00,713.68,714.3799,713.51,714.21,634015,QQQ
2026-09-17 09:45:00-04:00,714.23,714.85,713.8,714.74,631535,QQQ
2026-09-17 09:50:00-04:00,714.76,715.495,714.28,715.04,583021,QQQ
2026-09-17 09:55:00-04:00,715.03,715.38,714.75,715.37,353574,QQQ
2026-09-17 10:00:00-04:00,715.41,715.41,714.43,714.9709,410185,QQQ
2026-09-17 10:05:00-04:00,715.04,715.185,714.16,714.6072,263229,QQQ
2026-09-17 10:10:00-04:00,714.615,716.02,714.345,715.85,434776,QQQ
2026-09-17 10:15:00-04:00,715.85,716.0999,715.565,715.88,492499,QQQ
2026-09-17 10:20:00-04:00,715.874,716.22,715.4605,716.14,279932,QQQ
2026-09-17 10:25:00-04:00,716.16,716.61,715.945,715.96,360846,QQQ
2026-09-17 10:30:00-04:00,715.98,716.59,715.9,716.4909,578959,QQQ
2026-09-17 10:35:00-04:00,716.51,716.695,716.22,716.25,342334,QQQ
2026-09-17 10:40:00-04:00,716.27,716.8,716.0001,716.04,265276,QQQ
2026-09-17 10:45:00-04:00,716.05,716.12,715.21,715.505,277011,QQQ
2026-09-17 10:50:00-04:00,715.5,715.61,714.95,715.1,766418,QQQ
2026-09-17 10:55:00-04:00,715.08,715.57,714.92,715.175,379526,QQQ
2026-09-17 11:00:00-04:00,715.23,715.395,714.9,715.06,816950,QQQ
2026-09-17 11:05:00-04:00,715.07,715.48,714.58,715.285,257460,QQQ
2026-09-17 11:10:00-04:00,715.2875,715.37,715.02,715.29,117392,QQQ
2026-09-17 11:15:00-04:00,715.3,715.625,715.03,715.54,122629,QQQ
2026-09-17 11:20:00-04:00,715.57,715.57,715.23,715.535,218631,QQQ
2026-09-17 11:25:00-04:00,715.53,716.03,715.53,715.86,267661,QQQ
2026-09-17 11:30:00-04:00,715.86,715.95,715.69,715.8499,117589,QQQ
2026-09-17 11:35:00-04:00,715.86,716.17,715.8,716.17,201070,QQQ
2026-09-17 11:40:00-04:00,716.18,716.65,716.14,716.53,233121,QQQ
2026-09-17 11:45:00-04:00,716.52,716.7118,716.42,716.63,214342,QQQ
2026-09-17 11:50:00-04:00,716.7,716.74,716.42,716.56,185064,QQQ
2026-09-17 11:55:00-04:00,716.56,716.69,716.27,716.67,247744,QQQ
2026-09-17 12:00:00-04:00,716.71,716.76,716.33,716.3395,118421,QQQ
2026-09-17 12:05:00-04:00,716.335,716.68,716.075,716.64,134247,QQQ
2026-09-17 12:10:00-04:00,716.66,716.71,716.4501,716.63,118835,QQQ
2026-09-17 12:15:00-04:00,716.645,716.6941,716.46,716.58,237984,QQQ
2026-09-17 12:20:00-04:00,716.61,716.9386,716.4,716.815,249885,QQQ
2026-09-17 12:25:00-04:00,716.81,716.9,716.69,716.815,232360,QQQ
2026-09-17 12:30:00-04:00,716.81,716.8839,716.105,716.276,312662,QQQ
2026-09-17 12:35:00-04:00,716.29,716.5,716.22,716.41,334777,QQQ
2026-09-17 12:40:00-04:00,716.405,716.7901,716.2801,716.7901,152025,QQQ
2026-09-17 12:45:00-04:00,716.7951,716.86,716.6501,716.715,35547,QQQ
2026-09-17 12:50:00-04:00,716.71,716.84,716.66,716.71,113381,QQQ
2026-09-17 12:55:00-04:00,716.7,716.74,715.8,716.6974,425684,QQQ
2026-09-17 13:00:00-04:00,716.68,717.07,716.645,716.9795,335451,QQQ
2026-09-17 13:05:00-04:00,716.99,717.16,716.79,716.8,182914,QQQ
2026-09-17 13:10:00-04:00,716.84,716.84,716.43,716.45,178147,QQQ
2026-09-17 13:15:00-04:00,716.4858,716.72,716.445,716.62,122347,QQQ
2026-09-17 13:20:00-04:00,716.59,716.72,716.24,716.2612,134143,QQQ
2026-09-17 13:25:00-04:00,716.29,716.52,716.2201,716.32,98543,QQQ
2026-09-17 13:30:00-04:00,716.34,716.49,716.112,716.48,138743,QQQ
2026-09-17 13:35:00-04:00,716.47,716.58,716.26,716.27,285250,QQQ
2026-09-17 13:40:00-04:00,716.3,716.61,716.3,716.59,169388,QQQ
2026-09-17 13:45:00-04:00,716.57,716.76,716.54,716.62,136213,QQQ
2026-09-17 13:50:00-04:00,716.6,716.61,716.35,716.44,130330,QQQ
2026-09-17 13:55:00-04:00,716.45,716.72,716.41,716.68,178861,QQQ
2026-09-17 14:00:00-04:00,716.7,716.75,716.49,716.69,138778,QQQ
2026-09-17 14:05:00-04:00,716.69,716.825,716.275,716.32,499163,QQQ
2026-09-17 14:10:00-04:00,716.375,716.49,716.28,716.415,374863,QQQ
2026-09-17 14:15:00-04:00,716.41,716.6496,716.195,716.55,292857,QQQ
2026-09-17 14:20:00-04:00,716.5501,716.6127,716.25,716.29,280516,QQQ
2026-09-17 14:25:00-04:00,716.285,716.43,716.28,716.33,1527918,QQQ
2026-09-17 14:30:00-04:00,716.36,716.5,716.2,716.22,747889,QQQ
2026-09-17 14:35:00-04:00,716.22,716.255,715.93,715.95,414349,QQQ
2026-09-17 14:40:00-04:00,715.95,716.14,715.86,716.1099,260710,QQQ
2026-09-17 14:45:00-04:00,716.13,716.37,716.08,716.24,150646,QQQ
2026-09-17 14:50:00-04:00,716.23,716.35,716.12,716.22,169044,QQQ
2026-09-17 14:55:00-04:00,716.22,716.3155,716.1,716.24,259830,QQQ
2026-09-17 15:00:00-04:00,716.3,716.6062,716.225,716.575,403596,QQQ
2026-09-17 15:05:00-04:00,716.5799,716.95,716.5706,716.665,447401,QQQ
2026-09-17 15:10:00-04:00,716.67,716.84,716.575,716.7,491780,QQQ
2026-09-17 15:15:00-04:00,716.71,716.86,716.6246,716.8,346602,QQQ
2026-09-17 15:20:00-04:00,716.81,716.86,716.5801,716.595,582367,QQQ
2026-09-17 15:25:00-04:00,716.6,716.69,716.44,716.53,430958,QQQ
2026-09-17 15:30:00-04:00,716.525,717.05,716.505,717.01,518229,QQQ
2026-09-17 15:35:00-04:00,717.025,717.21,717.02,717.155,546063,QQQ
2026-09-17 15:40:00-04:00,717.155,717.34,716.91,717.29,652540,QQQ
2026-09-17 15:45:00-04:00,717.29,717.34,716.975,717.06,1079550,QQQ
2026-09-17 15:50:00-04:00,717.07,718.0401,717.07,717.469,1248686,QQQ
2026-09-17 15:55:00-04:00,717.33,717.62,716.6,716.87,2520434,QQQ
2026-09-18 09:30:00-04:00,718.84,719.47,718.5,718.735,3181489,QQQ
2026-09-18 09:35:00-04:00,718.73,719.41,718.45,719.34,917791,QQQ
2026-09-18 09:40:00-04:00,719.34,719.54,718.52,718.87,639086,QQQ
2026-09-18 09:45:00-04:00,718.875,719.35,718.28,718.37,774282,QQQ
2026-09-18 09:50:00-04:00,718.36,718.6,717.96,718.04,426978,QQQ
2026-09-18 09:55:00-04:00,718.0351,718.19,717.64,717.9299,438572,QQQ
2026-09-18 10:00:00-04:00,717.91,718.08,716.62,716.68,699661,QQQ
2026-09-18 10:05:00-04:00,716.705,717.2,716.4,717.02,617703,QQQ
2026-09-18 10:10:00-04:00,717.015,717.39,716.4605,716.4801,623760,QQQ
2026-09-18 10:15:00-04:00,716.49,716.67,715.895,716.6368,832682,QQQ
2026-09-18 10:20:00-04:00,716.63,717.16,716.44,716.775,303384,QQQ
2026-09-18 10:25:00-04:00,716.78,717.1,716.61,716.7,303413,QQQ
2026-09-18 10:30:00-04:00,716.705,716.92,716.3318,716.6595,273028,QQQ
2026-09-18 10:35:00-04:00,716.66,717.2535,716.301,716.85,279050,QQQ
2026-09-18 10:40:00-04:00,716.845,716.87,716.13,716.38,269731,QQQ
2026-09-18 10:45:00-04:00,716.38,717.07,716.2201,717.04,248788,QQQ
2026-09-18 10:50:00-04:00,717.031,717.65,716.8942,717.55,1055520,QQQ
2026-09-18 10:55:00-04:00,717.56,717.62,717.1761,717.43,328504,QQQ
2026-09-18 11:00:00-04:00,717.43,717.58,716.94,717.28,332420,QQQ
2026-09-18 11:05:00-04:00,717.27,717.73,717.19,717.21,347922,QQQ
2026-09-18 11:10:00-04:00,717.22,717.31,716.645,716.74,302960,QQQ
2026-09-18 11:15:00-04:00,716.75,716.88,716.555,716.8,3192856,QQQ
2026-09-18 11:20:00-04:00,716.8,717.09,716.685,716.99,490240,QQQ
2026-09-18 11:25:00-04:00,716.98,717.36,716.98,717.25,177838,QQQ
2026-09-18 11:30:00-04:00,717.24,717.38,716.71,716.9,372378,QQQ
2026-09-18 11:35:00-04:00,716.89,717.09,716.55,716.63,267213,QQQ
2026-09-18 11:40:00-04:00,716.63,716.69,716.34,716.61,199794,QQQ
2026-09-18 11:45:00-04:00,716.63,716.69,716.33,716.54,130693,QQQ
2026-09-18 11:50:00-04:00,716.54,716.8,716.26,716.315,435810,QQQ
2026-09-18 11:55:00-04:00,716.32,716.545,716.15,716.29,261331,QQQ
2026-09-18 12:00:00-04:00,716.275,716.32,716.0501,716.2101,413522,QQQ
2026-09-18 12:05:00-04:00,716.23,716.63,716.22,716.41,529170,QQQ
2026-09-18 12:10:00-04:00,716.405,716.53,716.29,716.295,495818,QQQ
2026-09-18 12:15:00-04:00,716.275,716.605,716.18,716.555,203367,QQQ
2026-09-18 12:20:00-04:00,716.57,716.605,715.34,715.41,409141,QQQ
2026-09-18 12:25:00-04:00,715.415,716.1619,715.08,716.065,579190,QQQ
2026-09-18 12:30:00-04:00,716.07,716.56,715.87,716.38,305304,QQQ
2026-09-18 12:35:00-04:00,716.385,716.5,716.015,716.2406,178762,QQQ
2026-09-18 12:40:00-04:00,716.265,716.58,716.1201,716.485,271484,QQQ
2026-09-18 12:45:00-04:00,716.46,716.54,716.12,716.43,135286,QQQ
2026-09-18 12:50:00-04:00,716.4099,716.78,716.4099,716.7209,185173,QQQ
2026-09-18 12:55:00-04:00,716.75,716.87,716.59,716.74,110474,QQQ
2026-09-18 13:00:00-04:00,716.745,716.8701,716.55,716.83,154387,QQQ
2026-09-18 13:05:00-04:00,716.8,717.08,716.8,716.91,156897,QQQ
2026-09-18 13:10:00-04:00,716.95,717.05,716.685,717.03,896506,QQQ
2026-09-18 13:15:00-04:00,717.04,717.22,717.015,717.09,273602,QQQ
2026-09-18 13:20:00-04:00,717.17,717.21,717.0,717.2,296636,QQQ
2026-09-18 13:25:00-04:00,717.19,717.29,717.05,717.07,169150,QQQ
2026-09-18 13:30:00-04:00,717.06,717.07,716.851,717.06,201552,QQQ
2026-09-18 13:35:00-04:00,717.05,717.41,717.05,717.405,158447,QQQ
2026-09-18 13:40:00-04:00,717.4061,717.56,717.3401,717.55,170623,QQQ
2026-09-18 13:45:00-04:00,717.55,717.63,717.46,717.505,200711,QQQ
2026-09-18 13:50:00-04:00,717.495,717.64,717.435,717.55,167394,QQQ
2026-09-18 13:55:00-04:00,717.56,717.67,717.505,717.59,133475,QQQ
2026-09-18 14:00:00-04:00,717.59,717.7,717.44,717.565,145230,QQQ
2026-09-18 14:05:00-04:00,717.555,717.59,717.4,717.44,158177,QQQ
2026-09-18 14:10:00-04:00,717.45,717.48,717.211,717.3498,564668,QQQ
2026-09-18 14:15:00-04:00,717.34,717.6,717.33,717.6,417784,QQQ
2026-09-18 14:20:00-04:00,717.5926,718.16,717.5926,717.88,480899,QQQ
2026-09-18 14:25:00-04:00,717.89,718.0,717.75,717.95,125473,QQQ
2026-09-18 14:30:00-04:00,717.9799,718.07,717.8359,718.07,163782,QQQ
2026-09-18 14:35:00-04:00,718.0687,718.09,717.805,717.965,97089,QQQ
2026-09-18 14:40:00-04:00,717.96,718.211,717.88,718.2041,167836,QQQ
2026-09-18 14:45:00-04:00,718.2,719.0,718.195,718.9,561279,QQQ
2026-09-18 14:50:00-04:00,718.881,719.6,718.8724,719.3,899509,QQQ
2026-09-18 14:55:00-04:00,719.3,719.325,719.05,719.13,292719,QQQ
2026-09-18 15:00:00-04:00,719.19,719.5477,719.12,719.48,218133,QQQ
2026-09-18 15:05:00-04:00,719.48,719.64,719.12,719.2994,1576216,QQQ
2026-09-18 15:10:00-04:00,719.3,719.455,719.1199,719.24,266768,QQQ
2026-09-18 15:15:00-04:00,719.235,719.36,719.16,719.3,969107,QQQ
2026-09-18 15:20:00-04:00,719.2999,719.47,719.17,719.35,436861,QQQ
2026-09-18 15:25:00-04:00,719.35,719.39,719.075,719.12,277373,QQQ
2026-09-18 15:30:00-04:00,719.12,719.17,718.93,718.97,362937,QQQ
2026-09-18 15:35:00-04:00,718.97,719.37,718.935,719.28,355847,QQQ
2026-09-18 15:40:00-04:00,719.305,719.6,719.23,719.59,482958,QQQ
2026-09-18 15:45:00-04:00,719.59,720.09,719.555,720.06,702617,QQQ
2026-09-18 15:50:00-04:00,720.09,720.4402,719.845,720.235,1138822,QQQ
2026-09-18 15:55:00-04:00,720.2397,721.725,720.23,721.36,4527590,QQQ
2026-09-18 16:00:00-04:00,721.45,721.45,721.45,721.45,0,QQQ
