timestamp,open,high,low,close,volume,symbol
2026-06-25 09:30:00-04:00,738.91,739.37,736.86,737.3399,2290954,SPY
2026-06-25 09:35:00-04:00,737.31,738.025,736.88,736.96,728645,SPY
2026-06-25 09:40:00-04:00,736.99,737.1165,734.0401,734.29,956280,SPY
2026-06-25 09:45:00-04:00,734.3,734.785,731.54,732.8899,1504795,SPY
2026-06-25 09:50:00-04:00,732.89,733.66,730.5,730.7,1122053,SPY
2026-06-25 09:55:00-04:00,730.66,731.22,729.6,729.835,1333328,SPY
2026-06-25 10:00:00-04:00,729.835,733.53,729.78,733.24,1285270,SPY
2026-06-25 10:05:00-04:00,733.27,735.03,733.25,734.91,975194,SPY
2026-06-25 10:10:00-04:00,734.93,735.86,734.05,734.12,942601,SPY
2026-06-25 10:15:00-04:00,734.13,735.67,733.18,735.56,572213,SPY
2026-06-25 10:20:00-04:00,735.555,736.5,734.51,735.0,684376,SPY
2026-06-25 10:25:00-04:00,735.01,735.92,734.81,735.475,468631,SPY
2026-06-25 10:30:00-04:00,735.44,737.1,735.32,736.37,690777,SPY
2026-06-25 10:35:00-04:00,736.38,736.84,735.5899,736.645,389804,SPY
2026-06-25 10:40:00-04:00,736.67,736.76,734.77,735.4099,511150,SPY
2026-06-25 10:45:00-04:00,735.39,736.59,734.75,736.35,460281,SPY
2026-06-25 10:50:00-04:00,736.33,737.82,736.02,737.8,570673,SPY
2026-06-25 10:55:00-04:00,737.73,737.73,735.03,735.23,682515,SPY
2026-06-25 11:00:00-04:00,735.26,736.23,734.86,736.16,360286,SPY
2026-06-25 11:05:00-04:00,736.1601,736.52,734.5,734.76,573608,SPY
2026-06-25 11:10:00-04:00,734.75,734.89,732.62,732.97,759178,SPY
2026-06-25 11:15:00-04:00,732.98,733.875,731.85,733.67,869307,SPY
2026-06-25 11:20:00-04:00,733.64,734.85,732.95,734.5101,438640,SPY
2026-06-25 11:25:00-04:00,734.51,734.86,733.7811,734.29,318833,SPY
2026-06-25 11:30:00-04:00,734.29,735.45,734.09,734.2231,363481,SPY
2026-06-25 11:35:00-04:00,734.22,734.95,734.19,734.21,262389,SPY
2026-06-25 11:40:00-04:00,734.22,734.88,733.92,734.77,243193,SPY
2026-06-25 11:45:00-04:00,734.75,735.79,734.32,734.449,353941,SPY
2026-06-25 11:50:00-04:00,734.42,734.9636,734.08,734.6,350497,SPY
2026-06-25 11:55:00-04:00,734.57,734.95,734.0,734.14,312731,SPY
2026-06-25 12:00:00-04:00,734.16,734.39,733.67,734.15,419773,SPY
2026-06-25 12:05:00-04:00,734.17,735.41,733.998,735.33,313185,SPY
2026-06-25 12:10:00-04:00,735.33,736.18,735.23,735.69,275271,SPY
2026-06-25 12:15:00-04:00,735.71,736.27,735.41,735.5,459374,SPY
2026-06-25 12:20:00-04:00,735.51,735.76,734.27,734.4401,231278,SPY
2026-06-25 12:25:00-04:00,734.445,734.62,733.94,734.19,145748,SPY
2026-06-25 12:30:00-04:00,734.225,734.225,732.97,733.3899,270861,SPY
2026-06-25 12:35:00-04:00,733.3475,733.59,732.66,732.77,236045,SPY
2026-06-25 12:40:00-04:00,732.77,732.96,732.115,732.29,307419,SPY
2026-06-25 12:45:00-04:00,732.29,732.91,731.5,732.8,483054,SPY
2026-06-25 12:50:00-04:00,732.81,733.09,732.2817,732.7,185405,SPY
2026-06-25 12:55:00-04:00,732.73,732.74,732.07,732.54,263554,SPY
2026-06-25 13:00:00-04:00,732.56,733.0199,732.49,732.5078,272270,SPY
2026-06-25 13:05:00-04:00,732.5,732.81,732.135,732.7,170339,SPY
2026-06-25 13:10:00-04:00,732.69,733.72,732.69,733.22,300186,SPY
2026-06-25 13:15:00-04:00,733.23,734.25,732.49,732.51,303872,SPY
2026-06-25 13:20:00-04:00,732.52,733.07,732.08,732.89,265270,SPY
2026-06-25 13:25:00-04:00,732.92,733.65,732.84,733.26,176168,SPY
2026-06-25 13:30:00-04:00,733.27,733.52,732.62,732.93,473496,SPY
2026-06-25 13:35:00-04:00,732.93,733.55,732.86,733.34,221327,SPY
2026-06-25 13:40:00-04:00,733.33,733.79,732.52,732.63,280614,SPY
2026-06-25 13:45:00-04:00,732.6499,732.65,731.66,731.86,272022,SPY
2026-06-25 13:50:00-04:00,731.83,732.79,731.6,732.57,1049173,SPY
2026-06-25 13:55:00-04:00,732.56,733.58,732.34,733.45,277407,SPY
2026-06-25 14:00:00-04:00,733.44,733.52,731.38,731.93,684404,SPY
2026-06-25 14:05:00-04:00,732.01,733.6,731.73,733.425,389947,SPY
2026-06-25 14:10:00-04:00,733.4,733.99,732.9,733.22,290147,SPY
2026-06-25 14:15:00-04:00,733.23,735.37,732.97,734.82,423139,SPY
2026-06-25 14:20:00-04:00,734.82,735.19,734.21,734.91,545511,SPY
2026-06-25 14:25:00-04:00,734.91,736.06,734.9,735.84,503430,SPY
2026-06-25 14:30:00-04:00,735.83,735.85,733.951,734.02,487104,SPY
2026-06-25 14:35:00-04:00,734.02,734.71,733.6,734.46,429100,SPY
2026-06-25 14:40:00-04:00,734.44,734.49,733.84,733.925,240605,SPY
2026-06-25 14:45:00-04:00,733.92,733.92,732.69,733.565,472887,SPY
2026-06-25 14:50:00-04:00,733.56,734.35,733.395,733.685,225129,SPY
2026-06-25 14:55:00-04:00,733.7,734.09,733.53,733.88,557703,SPY
2026-06-25 15:00:00-04:00,733.93,733.9414,732.73,733.0,278761,SPY
2026-06-25 15:05:00-04:00,732.96,733.23,732.77,733.09,637429,SPY
2026-06-25 15:10:00-04:00,733.09,733.2,732.32,732.38,802619,SPY
2026-06-25 15:15:00-04:00,732.37,732.62,731.87,732.23,600012,SPY
2026-06-25 15:20:00-04:00,732.2501,732.65,732.03,732.65,473041,SPY
2026-06-25 15:25:00-04:00,732.65,732.85,732.0512,732.3924,639433,SPY
2026-06-25 15:30:00-04:00,732.39,732.5,731.76,732.15,613613,SPY
2026-06-25 15:35:00-04:00,732.14,732.15,731.69,732.0892,1177683,SPY
2026-06-25 15:40:00-04:00,732.09,732.33,731.6,731.96,706812,SPY
2026-06-25 15:45:00-04:00,731.976,732.03,731.36,731.755,1173970,SPY
2026-06-25 15:50:00-04:00,731.76,732.61,731.33,732.54,1067447,SPY
2026-06-25 15:55:00-04:00,732.56,733.38,731.94,733.27,3008874,SPY
2026-06-26 09:30:00-04:00,728.945,729.66,726.86,727.86,2579437,SPY
2026-06-26 09:35:00-04:00,727.86,729.13,727.59,728.13,774922,SPY
2026-06-26 09:40:00-04:00,728.11,729.43,727.73,729.24,583008,SPY
2026-06-26 09:45:00-04:00,729.24,729.8,727.97,728.71,691468,SPY
2026-06-26 09:50:00-04:00,728.65,729.65,728.52,729.32,529081,SPY
2026-06-26 09:55:00-04:00,729.39,731.31,729.19,730.895,791514,SPY
2026-06-26 10:00:00-04:00,730.87,732.28,730.63,732.19,962854,SPY
2026-06-26 10:05:00-04:00,732.2,733.15,732.13,733.02,670601,SPY
2026-06-26 10:10:00-04:00,733.0001,733.44,732.4,733.2,636854,SPY
2026-06-26 10:15:00-04:00,733.19,733.57,732.44,732.61,625122,SPY
2026-06-26 10:20:00-04:00,732.61,734.2425,732.47,733.45,590355,SPY
2026-06-26 10:25:00-04:00,733.44,733.94,733.24,733.49,418348,SPY
2026-06-26 10:30:00-04:00,733.49,733.92,733.026,733.365,437501,SPY
2026-06-26 10:35:00-04:00,733.38,733.42,732.12,732.18,490183,SPY
2026-06-26 10:40:00-04:00,732.17,733.08,731.6005,732.17,719234,SPY
2026-06-26 10:45:00-04:00,732.2,733.38,732.05,732.88,328567,SPY
2026-06-26 10:50:00-04:00,732.9,733.23,732.2301,732.53,324677,SPY
2026-06-26 10:55:00-04:00,732.52,732.975,731.86,732.45,330085,SPY
2026-06-26 11:00:00-04:00,732.46,733.4,732.44,732.78,275083,SPY
2026-06-26 11:05:00-04:00,732.8,733.16,732.28,733.06,311474,SPY
2026-06-26 11:10:00-04:00,733.06,733.22,731.94,732.07,325345,SPY
2026-06-26 11:15:00-04:00,732.08,733.23,731.62,733.06,422362,SPY
2026-06-26 11:20:00-04:00,733.03,733.85,732.82,733.8,459844,SPY
2026-06-26 11:25:00-04:00,733.78,734.67,733.668,734.67,572714,SPY
2026-06-26 11:30:00-04:00,734.67,735.61,734.37,734.52,485293,SPY
2026-06-26 11:35:00-04:00,734.52,735.96,734.52,735.7519,459799,SPY
2026-06-26 11:40:00-04:00,735.8,736.53,735.54,736.27,1067168,SPY
2026-06-26 11:45:00-04:00,736.26,736.46,735.545,735.57,299213,SPY
2026-06-26 11:50:00-04:00,735.58,736.04,734.18,734.565,702130,SPY
2026-06-26 11:55:00-04:00,734.55,735.87,734.38,735.4,411465,SPY
2026-06-26 12:00:00-04:00,735.4,735.52,735.09,735.33,307618,SPY
2026-06-26 12:05:00-04:00,735.32,735.4,734.12,734.25,493308,SPY
2026-06-26 12:10:00-04:00,734.24,734.49,733.8,734.12,298964,SPY
2026-06-26 12:15:00-04:00,734.13,734.63,733.78,734.0,378112,SPY
2026-06-26 12:20:00-04:00,734.01,734.14,732.74,733.24,683169,SPY
2026-06-26 12:25:00-04:00,733.24,733.64,733.115,733.42,248333,SPY
2026-06-26 12:30:00-04:00,733.4,734.7,733.4,734.63,399655,SPY
2026-06-26 12:35:00-04:00,734.64,734.78,734.22,734.39,387603,SPY
2026-06-26 12:40:00-04:00,734.42,734.64,733.99,734.03,282984,SPY
2026-06-26 12:45:00-04:00,734.05,734.39,733.85,734.355,242152,SPY
2026-06-26 12:50:00-04:00,734.36,734.9,734.28,734.61,308567,SPY
2026-06-26 12:55:00-04:00,734.6,734.6,734.25,734.47,553633,SPY
2026-06-26 13:00:00-04:00,734.48,735.1899,734.17,734.93,1072586,SPY
2026-06-26 13:05:00-04:00,734.935,735.79,734.91,735.65,503894,SPY
2026-06-26 13:10:00-04:00,735.62,735.86,734.93,735.085,269283,SPY
2026-06-26 13:15:00-04:00,735.1,735.1599,734.29,734.44,312733,SPY
2026-06-26 13:20:00-04:00,734.45,734.62,733.96,734.05,254430,SPY
2026-06-26 13:25:00-04:00,734.04,734.98,733.79,734.72,299790,SPY
2026-06-26 13:30:00-04:00,734.72,735.39,734.45,734.6325,607375,SPY
2026-06-26 13:35:00-04:00,734.62,734.63,733.99,734.05,210745,SPY
2026-06-26 13:40:00-04:00,734.05,734.53,733.62,734.26,256537,SPY
2026-06-26 13:45:00-04:00,734.26,734.41,733.84,733.86,308354,SPY
2026-06-26 13:50:00-04:00,733.86,734.32,733.8,734.08,490773,SPY
2026-06-26 13:55:00-04:00,734.06,734.09,733.47,733.66,257240,SPY
2026-06-26 14:00:00-04:00,733.69,734.4,733.63,734.26,425897,SPY
2026-06-26 14:05:00-04:00,734.23,734.59,734.04,734.19,414628,SPY
2026-06-26 14:10:00-04:00,734.15,734.435,733.86,734.04,410104,SPY
2026-06-26 14:15:00-04:00,734.05,734.22,733.24,733.4,401311,SPY
2026-06-26 14:20:00-04:00,733.4,733.67,733.24,733.56,362582,SPY
2026-06-26 14:25:00-04:00,733.55,733.67,732.74,732.83,523588,SPY
2026-06-26 14:30:00-04:00,732.83,733.67,732.77,733.465,500496,SPY
2026-06-26 14:35:00-04:00,733.47,733.48,732.73,732.89,653782,SPY
2026-06-26 14:40:00-04:00,732.895,733.15,732.7501,732.77,275589,SPY
2026-06-26 14:45:00-04:00,732.81,732.81,731.76,732.0299,1343333,SPY
2026-06-26 14:50:00-04:00,732.03,732.12,731.61,731.79,705681,SPY
2026-06-26 14:55:00-04:00,731.79,732.13,731.28,731.62,642203,SPY
2026-06-26 15:00:00-04:00,731.63,732.1,731.43,731.46,747871,SPY
2026-06-26 15:05:00-04:00,731.43,732.48,731.33,732.35,584108,SPY
2026-06-26 15:10:00-04:00,732.34,732.8,732.0125,732.79,743956,SPY
2026-06-26 15:15:00-04:00,732.77,732.99,732.44,732.75,904491,SPY
2026-06-26 15:20:00-04:00,732.75,732.89,731.78,732.27,666454,SPY
2026-06-26 15:25:00-04:00,732.261,732.48,732.1,732.19,457110,SPY
2026-06-26 15:30:00-04:00,732.2,732.87,731.76,732.67,779885,SPY
2026-06-26 15:35:00-04:00,732.66,732.86,732.28,732.3325,923723,SPY
2026-06-26 15:40:00-04:00,732.33,733.35,732.31,733.27,602325,SPY
2026-06-26 15:45:00-04:00,733.28,733.86,732.71,733.05,1278652,SPY
2026-06-26 15:50:00-04:00,733.04,733.67,732.5601,733.15,1508906,SPY
2026-06-26 15:55:00-04:00,733.13,733.6,716.58,729.08,6846621,SPY
2026-06-29 09:30:00-04:00,736.525,738.76,735.3,738.68,2570080,SPY
2026-06-29 09:35:00-04:00,738.67,738.68,736.93,738.0299,804156,SPY
2026-06-29 09:40:00-04:00,738.01,739.25,737.44,739.24,641410,SPY
2026-06-29 09:45:00-04:00,739.25,739.73,738.785,738.85,956993,SPY
2026-06-29 09:50:00-04:00,738.85,739.895,738.35,738.9,575442,SPY
2026-06-29 09:55:00-04:00,738.89,739.01,736.41,736.8899,891566,SPY
2026-06-29 10:00:00-04:00,736.87,737.07,735.88,736.05,956842,SPY
2026-06-29 10:05:00-04:00,736.05,736.16,734.65,735.0515,781976,SPY
2026-06-29 10:10:00-04:00,735.08,735.33,732.7,732.7,880684,SPY
2026-06-29 10:15:00-04:00,732.7,733.94,732.09,733.69,1327368,SPY
2026-06-29 10:20:00-04:00,733.72,734.585,733.31,734.16,806300,SPY
2026-06-29 10:25:00-04:00,734.16,736.19,734.14,736.07,972450,SPY
2026-06-29 10:30:00-04:00,736.08,737.65,735.93,737.4,811881,SPY
2026-06-29 10:35:00-04:00,737.395,737.72,736.87,737.14,585582,SPY
2026-06-29 10:40:00-04:00,737.1,737.81,736.82,737.05,444038,SPY
2026-06-29 10:45:00-04:00,737.04,737.04,735.88,736.66,868092,SPY
2026-06-29 10:50:00-04:00,736.65,738.32,736.63,737.965,573435,SPY
2026-06-29 10:55:00-04:00,737.96,737.96,737.14,737.86,400504,SPY
2026-06-29 11:00:00-04:00,737.88,738.02,737.2,737.358,481912,SPY
2026-06-29 11:05:00-04:00,737.36,737.53,737.02,737.21,272363,SPY
2026-06-29 11:10:00-04:00,737.21,737.48,736.5,737.46,372214,SPY
2026-06-29 11:15:00-04:00,737.48,737.74,736.9,736.97,308183,SPY
2026-06-29 11:20:00-04:00,736.96,737.49,736.33,736.73,432927,SPY
2026-06-29 11:25:00-04:00,736.72,737.82,736.55,737.77,252935,SPY
2026-06-29 11:30:00-04:00,737.76,738.03,737.53,737.6,531255,SPY
2026-06-29 11:35:00-04:00,737.58,738.17,737.21,738.05,319713,SPY
2026-06-29 11:40:00-04:00,738.01,738.49,737.72,738.44,290035,SPY
2026-06-29 11:45:00-04:00,738.44,738.445,737.78,737.91,474121,SPY
2026-06-29 11:50:00-04:00,737.92,738.18,737.76,738.06,201728,SPY
2026-06-29 11:55:00-04:00,738.04,738.58,737.8244,738.51,241579,SPY
2026-06-29 12:00:00-04:00,738.54,738.91,738.46,738.9,582153,SPY
2026-06-29 12:05:00-04:00,738.89,739.13,738.66,738.7901,480507,SPY
2026-06-29 12:10:00-04:00,738.8201,738.99,738.44,738.5,184103,SPY
2026-06-29 12:15:00-04:00,738.5,738.84,738.44,738.58,1903895,SPY
2026-06-29 12:20:00-04:00,738.56,738.81,738.37,738.77,192392,SPY
2026-06-29 12:25:00-04:00,738.76,738.85,738.26,738.33,278007,SPY
2026-06-29 12:30:00-04:00,738.34,738.51,737.97,738.12,245356,SPY
2026-06-29 12:35:00-04:00,738.12,738.45,737.99,738.445,262037,SPY
2026-06-29 12:40:00-04:00,738.44,738.58,738.31,738.5,149573,SPY
2026-06-29 12:45:00-04:00,738.51,738.6201,738.19,738.46,163806,SPY
2026-06-29 12:50:00-04:00,738.51,738.95,738.41,738.885,255152,SPY
2026-06-29 12:55:00-04:00,738.88,738.89,738.62,738.68,756865,SPY
2026-06-29 13:00:00-04:00,738.69,739.06,738.69,739.02,156207,SPY
2026-06-29 13:05:00-04:00,739.02,739.37,738.96,739.26,188961,SPY
2026-06-29 13:10:00-04:00,739.28,740.2,739.26,739.97,554729,SPY
2026-06-29 13:15:00-04:00,739.98,740.3,739.87,740.075,250101,SPY
2026-06-29 13:20:00-04:00,740.05,740.375,739.485,739.5,443003,SPY
2026-06-29 13:25:00-04:00,739.5,740.18,739.46,740.14,346510,SPY
2026-06-29 13:30:00-04:00,740.135,740.63,739.98,740.29,280931,SPY
2026-06-29 13:35:00-04:00,740.3,740.42,739.98,740.32,197183,SPY
2026-06-29 13:40:00-04:00,740.3,740.45,740.26,740.285,136083,SPY
2026-06-29 13:45:00-04:00,740.29,740.56,740.1,740.49,177140,SPY
2026-06-29 13:50:00-04:00,740.49,740.82,740.395,740.56,179744,SPY
2026-06-29 13:55:00-04:00,740.55,740.68,740.17,740.41,184755,SPY
2026-06-29 14:00:00-04:00,740.4,740.77,740.23,740.61,290116,SPY
2026-06-29 14:05:00-04:00,740.61,740.76,740.44,740.52,523343,SPY
2026-06-29 14:10:00-04:00,740.52,740.71,740.43,740.579,709069,SPY
2026-06-29 14:15:00-04:00,740.57,740.62,740.36,740.42,298207,SPY
2026-06-29 14:20:00-04:00,740.43,740.58,740.18,740.4,263078,SPY
2026-06-29 14:25:00-04:00,740.41,740.41,740.12,740.215,514123,SPY
2026-06-29 14:30:00-04:00,740.215,740.72,740.15,740.61,309890,SPY
2026-06-29 14:35:00-04:00,740.63,740.95,740.55,740.795,295728,SPY
2026-06-29 14:40:00-04:00,740.8,741.05,740.69,740.97,290475,SPY
2026-06-29 14:45:00-04:00,740.99,741.19,740.87,740.96,308883,SPY
2026-06-29 14:50:00-04:00,740.94,740.955,740.68,740.855,334165,SPY
2026-06-29 14:55:00-04:00,740.855,740.91,740.56,740.685,428554,SPY
2026-06-29 15:00:00-04:00,740.69,740.92,740.51,740.615,1115678,SPY
2026-06-29 15:05:00-04:00,740.61,740.98,740.52,740.76,336859,SPY
2026-06-29 15:10:00-04:00,740.76,740.8,740.52,740.58,989256,SPY
2026-06-29 15:15:00-04:00,740.57,740.79,740.34,740.64,812481,SPY
2026-06-29 15:20:00-04:00,740.64,741.12,740.64,741.0,420945,SPY
2026-06-29 15:25:00-04:00,741.0,741.04,740.87,740.87,591095,SPY
2026-06-29 15:30:00-04:00,740.87,740.91,740.43,740.49,535172,SPY
2026-06-29 15:35:00-04:00,740.48,740.755,740.48,740.72,571833,SPY
2026-06-29 15:40:00-04:00,740.72,740.99,740.46,740.65,1205474,SPY
2026-06-29 15:45:00-04:00,740.65,740.92,740.6,740.89,923273,SPY
2026-06-29 15:50:00-04:00,740.89,741.0,740.23,740.29,2384337,SPY
2026-06-29 15:55:00-04:00,740.29,741.56,740.29,740.85,4054970,SPY
2026-06-30 09:30:00-04:00,741.29,741.97,740.89,741.305,1787543,SPY
2026-06-30 09:35:00-04:00,741.31,742.09,741.11,741.47,778822,SPY
2026-06-30 09:40:00-04:00,741.46,742.31,741.23,741.91,910901,SPY
2026-06-30 09:45:00-04:00,741.87,742.31,741.67,742.01,592726,SPY
2026-06-30 09:50:00-04:00,741.99,743.47,741.88,743.18,1009884,SPY
2026-06-30 09:55:00-04:00,743.18,743.96,743.16,743.92,547698,SPY
2026-06-30 10:00:00-04:00,743.91,744.53,742.86,744.52,3100579,SPY
2026-06-30 10:05:00-04:00,744.52,744.5299,743.37,743.54,369176,SPY
2026-06-30 10:10:00-04:00,743.565,743.88,743.1725,743.63,418594,SPY
2026-06-30 10:15:00-04:00,743.62,743.85,743.31,743.56,298480,SPY
2026-06-30 10:20:00-04:00,743.57,744.46,743.46,744.3,299097,SPY
2026-06-30 10:25:00-04:00,744.311,744.575,744.02,744.48,237314,SPY
2026-06-30 10:30:00-04:00,744.47,745.33,744.44,745.32,434445,SPY
2026-06-30 10:35:00-04:00,745.33,745.38,744.34,744.555,625219,SPY
2026-06-30 10:40:00-04:00,744.56,744.925,744.16,744.78,334239,SPY
2026-06-30 10:45:00-04:00,744.8,744.81,743.6512,743.87,317645,SPY
2026-06-30 10:50:00-04:00,743.89,744.27,743.32,743.3799,341395,SPY
2026-06-30 10:55:00-04:00,743.38,743.72,742.93,743.3199,263306,SPY
2026-06-30 11:00:00-04:00,743.32,744.32,743.24,744.17,269756,SPY
2026-06-30 11:05:00-04:00,744.17,744.51,743.8,744.425,284409,SPY
2026-06-30 11:10:00-04:00,744.44,744.92,744.33,744.83,466836,SPY
2026-06-30 11:15:00-04:00,744.82,744.88,744.36,744.55,225849,SPY
2026-06-30 11:20:00-04:00,744.55,745.219,744.53,745.14,346595,SPY
2026-06-30 11:25:00-04:00,745.15,745.36,744.98,745.26,317186,SPY
2026-06-30 11:30:00-04:00,745.275,745.48,745.05,745.45,457431,SPY
2026-06-30 11:35:00-04:00,745.43,745.48,744.85,744.94,262459,SPY
2026-06-30 11:40:00-04:00,744.95,745.25,744.794,745.03,194669,SPY
2026-06-30 11:45:00-04:00,745.03,745.69,745.03,745.415,244820,SPY
2026-06-30 11:50:00-04:00,745.43,745.735,745.28,745.68,221972,SPY
2026-06-30 11:55:00-04:00,745.67,746.0,745.63,745.79,353269,SPY
2026-06-30 12:00:00-04:00,745.8,746.15,745.76,746.0,391433,SPY
2026-06-30 12:05:00-04:00,746.0025,746.405,745.98,746.085,333250,SPY
2026-06-30 12:10:00-04:00,746.08,746.32,746.05,746.28,226252,SPY
2026-06-30 12:15:00-04:00,746.27,746.62,746.18,746.39,380723,SPY
2026-06-30 12:20:00-04:00,746.39,746.53,746.26,746.42,239427,SPY
2026-06-30 12:25:00-04:00,746.42,746.44,746.26,746.29,366476,SPY
2026-06-30 12:30:00-04:00,746.29,746.42,746.12,746.22,298510,SPY
2026-06-30 12:35:00-04:00,746.22,746.42,746.12,746.42,185406,SPY
2026-06-30 12:40:00-04:00,746.4,746.61,746.33,746.5307,293982,SPY
2026-06-30 12:45:00-04:00,746.54,746.79,746.48,746.79,282884,SPY
2026-06-30 12:50:00-04:00,746.79,747.04,746.63,746.94,406701,SPY
2026-06-30 12:55:00-04:00,746.95,747.0,746.655,746.77,231170,SPY
2026-06-30 13:00:00-04:00,746.78,747.14,746.77,746.98,222298,SPY
2026-06-30 13:05:00-04:00,746.98,747.08,746.84,746.87,192471,SPY
2026-06-30 13:10:00-04:00,746.89,746.92,746.575,746.595,176597,SPY
2026-06-30 13:15:00-04:00,746.595,746.7425,746.52,746.64,442476,SPY
2026-06-30 13:20:00-04:00,746.65,746.89,746.6,746.695,203658,SPY
2026-06-30 13:25:00-04:00,746.7,746.75,746.37,746.49,222828,SPY
2026-06-30 13:30:00-04:00,746.51,746.67,746.32,746.57,206833,SPY
2026-06-30 13:35:00-04:00,746.57,746.62,746.15,746.2,430786,SPY
2026-06-30 13:40:00-04:00,746.2,746.63,746.18,746.61,313834,SPY
2026-06-30 13:45:00-04:00,746.605,746.66,746.32,746.37,275184,SPY
2026-06-30 13:50:00-04:00,746.38,746.6,746.3,746.47,188357,SPY
2026-06-30 13:55:00-04:00,746.46,746.54,746.4,746.49,171685,SPY
2026-06-30 14:00:00-04:00,746.49,746.86,746.38,746.66,283412,SPY
2026-06-30 14:05:00-04:00,746.665,746.77,746.32,746.66,284579,SPY
2026-06-30 14:10:00-04:00,746.66,746.825,746.585,746.77,225522,SPY
2026-06-30 14:15:00-04:00,746.77,746.965,746.68,746.95,236989,SPY
2026-06-30 14:20:00-04:00,746.94,747.08,746.85,746.87,364063,SPY
2026-06-30 14:25:00-04:00,746.86,746.92,746.7,746.8,207765,SPY
2026-06-30 14:30:00-04:00,746.77,746.82,746.56,746.69,299568,SPY
2026-06-30 14:35:00-04:00,746.7,746.85,746.66,746.73,240346,SPY
2026-06-30 14:40:00-04:00,746.725,747.06,746.72,746.98,299062,SPY
2026-06-30 14:45:00-04:00,746.97,747.35,746.86,747.33,407624,SPY
2026-06-30 14:50:00-04:00,747.32,747.44,747.0,747.13,358764,SPY
2026-06-30 14:55:00-04:00,747.125,747.33,747.09,747.13,363398,SPY
2026-06-30 15:00:00-04:00,747.13,747.4,747.11,747.25,336809,SPY
2026-06-30 15:05:00-04:00,747.23,747.6,747.13,747.5,375077,SPY
2026-06-30 15:10:00-04:00,747.502,747.78,747.32,747.72,470204,SPY
2026-06-30 15:15:00-04:00,747.72,748.02,747.6,747.62,660814,SPY
2026-06-30 15:20:00-04:00,747.64,747.8,747.47,747.63,1152773,SPY
2026-06-30 15:25:00-04:00,747.62,747.7,747.3,747.42,952990,SPY
2026-06-30 15:30:00-04:00,747.43,747.49,747.13,747.14,683924,SPY
2026-06-30 15:35:00-04:00,747.145,747.2,746.73,746.93,706926,SPY
2026-06-30 15:40:00-04:00,746.92,747.14,746.81,747.13,732755,SPY
2026-06-30 15:45:00-04:00,747.139,747.35,746.815,746.91,885649,SPY
2026-06-30 15:50:00-04:00,746.9,747.49,746.675,747.44,1610289,SPY
2026-06-30 15:55:00-04:00,747.45,747.86,746.37,746.48,8282003,SPY
2026-07-01 09:30:00-04:00,745.0,745.18,742.5,742.63,2388004,SPY
2026-07-01 09:35:00-04:00,742.63,743.41,742.375,743.0725,912760,SPY
2026-07-01 09:40:00-04:00,743.12,743.75,742.78,743.21,1153801,SPY
2026-07-01 09:45:00-04:00,743.22,744.1199,742.86,743.69,913819,SPY
2026-07-01 09:50:00-04:00,743.69,744.92,743.61,744.75,846149,SPY
2026-07-01 09:55:00-04:00,744.74,745.34,744.4801,745.32,828006,SPY
2026-07-01 10:00:00-04:00,745.34,745.63,745.0,745.39,483830,SPY
2026-07-01 10:05:00-04:00,745.405,746.305,745.33,746.095,543302,SPY
2026-07-01 10:10:00-04:00,746.09,746.89,746.02,746.61,628072,SPY
2026-07-01 10:15:00-04:00,746.645,746.83,746.35,746.75,750140,SPY
2026-07-01 10:20:00-04:00,746.74,746.99,746.63,746.81,454617,SPY
2026-07-01 10:25:00-04:00,746.81,747.02,746.67,746.82,300827,SPY
2026-07-01 10:30:00-04:00,746.82,746.9,746.02,746.305,419233,SPY
2026-07-01 10:35:00-04:00,746.29,746.93,746.0,746.92,487713,SPY
2026-07-01 10:40:00-04:00,746.893,747.11,746.47,746.64,546225,SPY
2026-07-01 10:45:00-04:00,746.61,746.64,745.69,746.46,481804,SPY
2026-07-01 10:50:00-04:00,746.49,747.07,746.4175,746.86,379682,SPY
2026-07-01 10:55:00-04:00,746.88,746.97,746.38,746.96,306704,SPY
2026-07-01 11:00:00-04:00,746.99,747.915,746.9,747.78,506271,SPY
2026-07-01 11:05:00-04:00,747.785,748.07,747.39,747.66,718027,SPY
2026-07-01 11:10:00-04:00,747.67,748.09,747.4709,748.07,407140,SPY
2026-07-01 11:15:00-04:00,748.09,748.64,748.03,748.48,573080,SPY
2026-07-01 11:20:00-04:00,748.48,749.05,748.48,748.89,527674,SPY
2026-07-01 11:25:00-04:00,748.87,749.32,748.81,749.29,768037,SPY
2026-07-01 11:30:00-04:00,749.28,749.365,748.64,748.66,320244,SPY
2026-07-01 11:35:00-04:00,748.65,748.88,748.34,748.63,360520,SPY
2026-07-01 11:40:00-04:00,748.66,748.91,748.5,748.81,248668,SPY
2026-07-01 11:45:00-04:00,748.78,748.91,748.36,748.46,336484,SPY
2026-07-01 11:50:00-04:00,748.47,748.84,748.35,748.52,193883,SPY
2026-07-01 11:55:00-04:00,748.52,748.88,748.36,748.79,286282,SPY
2026-07-01 12:00:00-04:00,748.811,749.14,748.69,748.81,262549,SPY
2026-07-01 12:05:00-04:00,748.8,749.09,748.67,748.88,152324,SPY
2026-07-01 12:10:00-04:00,748.88,749.14,748.73,749.09,177492,SPY
2026-07-01 12:15:00-04:00,749.08,749.17,748.86,749.08,385667,SPY
2026-07-01 12:20:00-04:00,749.08,749.435,748.98,749.24,236481,SPY
2026-07-01 12:25:00-04:00,749.25,749.36,748.97,748.9701,204706,SPY
2026-07-01 12:30:00-04:00,748.98,749.21,748.97,749.04,137705,SPY
2026-07-01 12:35:00-04:00,749.02,749.03,748.52,748.56,250109,SPY
2026-07-01 12:40:00-04:00,748.54,748.68,748.29,748.6,295509,SPY
2026-07-01 12:45:00-04:00,748.61,748.83,748.32,748.32,283186,SPY
2026-07-01 12:50:00-04:00,748.325,748.555,747.895,748.06,313846,SPY
2026-07-01 12:55:00-04:00,748.08,748.13,747.3225,747.52,318935,SPY
2026-07-01 13:00:00-04:00,747.51,747.93,747.39,747.515,250031,SPY
2026-07-01 13:05:00-04:00,747.51,747.5691,747.04,747.48,456779,SPY
2026-07-01 13:10:00-04:00,747.5,747.87,747.27,747.8201,178588,SPY
2026-07-01 13:15:00-04:00,747.82,748.12,747.7207,748.07,321515,SPY
2026-07-01 13:20:00-04:00,748.09,748.31,748.05,748.21,179773,SPY
2026-07-01 13:25:00-04:00,748.2398,748.42,747.92,747.93,271513,SPY
2026-07-01 13:30:00-04:00,747.94,748.18,747.68,747.82,210559,SPY
2026-07-01 13:35:00-04:00,747.84,748.05,747.65,747.94,218628,SPY
2026-07-01 13:40:00-04:00,747.95,747.98,747.47,747.49,119831,SPY
2026-07-01 13:45:00-04:00,747.48,747.64,747.29,747.42,225530,SPY
2026-07-01 13:50:00-04:00,747.42,747.7399,747.24,747.6,184187,SPY
2026-07-01 13:55:00-04:00,747.61,747.62,747.16,747.195,234030,SPY
2026-07-01 14:00:00-04:00,747.2,747.69,747.145,747.69,420904,SPY
2026-07-01 14:05:00-04:00,747.68,747.68,747.29,747.53,194348,SPY
2026-07-01 14:10:00-04:00,747.51,747.55,747.09,747.1,184084,SPY
2026-07-01 14:15:00-04:00,747.09,747.26,746.71,747.21,339707,SPY
2026-07-01 14:20:00-04:00,747.22,747.44,747.12,747.44,338516,SPY
2026-07-01 14:25:00-04:00,747.43,747.535,747.13,747.14,204926,SPY
2026-07-01 14:30:00-04:00,747.13,747.2699,747.0,747.22,233101,SPY
2026-07-01 14:35:00-04:00,747.2,747.38,747.09,747.28,212911,SPY
2026-07-01 14:40:00-04:00,747.27,747.33,747.05,747.18,232956,SPY
2026-07-01 14:45:00-04:00,747.18,747.2,746.6801,746.93,372970,SPY
2026-07-01 14:50:00-04:00,746.935,746.995,746.45,746.4801,435589,SPY
2026-07-01 14:55:00-04:00,746.48,746.93,746.45,746.85,284593,SPY
2026-07-01 15:00:00-04:00,746.86,747.33,746.78,747.275,441118,SPY
2026-07-01 15:05:00-04:00,747.26,747.69,747.24,747.61,412872,SPY
2026-07-01 15:10:00-04:00,747.6,747.62,747.22,747.35,441600,SPY
2026-07-01 15:15:00-04:00,747.32,747.59,747.27,747.4,225077,SPY
2026-07-01 15:20:00-04:00,747.41,747.53,747.28,747.49,254844,SPY
2026-07-01 15:25:00-04:00,747.5,747.5,746.94,746.94,601085,SPY
2026-07-01 15:30:00-04:00,746.94,747.31,746.93,747.15,546729,SPY
2026-07-01 15:35:00-04:00,747.14,747.16,746.77,746.84,426906,SPY
2026-07-01 15:40:00-04:00,746.83,746.87,746.46,746.65,953912,SPY
2026-07-01 15:45:00-04:00,746.65,746.68,746.33,746.52,673954,SPY
2026-07-01 15:50:00-04:00,746.53,746.8,745.92,746.24,1424220,SPY
2026-07-01 15:55:00-04:00,746.23,746.25,745.16,745.7,4176329,SPY
2026-07-02 09:30:00-04:00,747.4,748.72,747.1,748.56,2508520,SPY
2026-07-02 09:35:00-04:00,748.54,749.19,747.99,748.78,539873,SPY
2026-07-02 09:40:00-04:00,748.81,750.25,748.63,749.8,706026,SPY
2026-07-02 09:45:00-04:00,749.76,750.7362,749.51,750.405,474360,SPY
2026-07-02 09:50:00-04:00,750.419,751.245,750.18,750.47,707106,SPY
2026-07-02 09:55:00-04:00,750.49,750.77,750.03,750.76,435326,SPY
2026-07-02 10:00:00-04:00,750.78,751.09,750.4,750.7795,387736,SPY
2026-07-02 10:05:00-04:00,750.78,751.31,750.12,750.245,505269,SPY
2026-07-02 10:10:00-04:00,750.26,751.24,749.67,750.96,578904,SPY
2026-07-02 10:15:00-04:00,750.97,751.22,750.14,750.67,390691,SPY
2026-07-02 10:20:00-04:00,750.66,750.77,749.52,749.65,628550,SPY
2026-07-02 10:25:00-04:00,749.66,749.8,747.61,747.94,986129,SPY
2026-07-02 10:30:00-04:00,747.95,749.38,747.56,748.27,701328,SPY
2026-07-02 10:35:00-04:00,748.275,749.14,747.804,748.455,417189,SPY
2026-07-02 10:40:00-04:00,748.45,748.63,746.35,746.88,636437,SPY
2026-07-02 10:45:00-04:00,746.89,747.68,746.32,747.27,489508,SPY
2026-07-02 10:50:00-04:00,747.285,747.71,746.02,746.5,459111,SPY
2026-07-02 10:55:00-04:00,746.48,747.67,746.43,747.66,266821,SPY
2026-07-02 11:00:00-04:00,747.65,747.828,746.04,746.07,526444,SPY
2026-07-02 11:05:00-04:00,746.09,746.37,744.2,745.3625,915252,SPY
2026-07-02 11:10:00-04:00,745.38,746.53,745.01,746.06,405388,SPY
2026-07-02 11:15:00-04:00,746.06,746.34,744.44,744.63,523939,SPY
2026-07-02 11:20:00-04:00,744.69,745.94,744.33,745.88,448169,SPY
2026-07-02 11:25:00-04:00,745.91,746.02,744.89,744.91,406656,SPY
2026-07-02 11:30:00-04:00,744.88,746.265,744.87,746.08,379207,SPY
2026-07-02 11:35:00-04:00,746.1,746.71,745.96,746.235,483631,SPY
2026-07-02 11:40:00-04:00,746.23,746.55,745.2862,745.2862,348866,SPY
2026-07-02 11:45:00-04:00,745.29,745.719,744.74,744.86,166238,SPY
2026-07-02 11:50:00-04:00,744.88,744.88,744.05,744.615,311294,SPY
2026-07-02 11:55:00-04:00,744.6,744.94,744.07,744.645,324263,SPY
2026-07-02 12:00:00-04:00,744.65,744.87,743.67,744.32,728464,SPY
2026-07-02 12:05:00-04:00,744.31,744.595,743.8,743.906,193043,SPY
2026-07-02 12:10:00-04:00,743.95,744.6699,743.81,744.5,211939,SPY
2026-07-02 12:15:00-04:00,744.5,744.615,743.97,744.05,219089,SPY
2026-07-02 12:20:00-04:00,744.05,744.075,743.37,743.45,333837,SPY
2026-07-02 12:25:00-04:00,743.44,744.02,743.42,743.54,266933,SPY
2026-07-02 12:30:00-04:00,743.56,743.57,742.83,742.83,734008,SPY
2026-07-02 12:35:00-04:00,742.82,743.11,742.11,742.67,479644,SPY
2026-07-02 12:40:00-04:00,742.68,743.36,742.6,743.245,523397,SPY
2026-07-02 12:45:00-04:00,743.23,743.27,742.77,742.99,241683,SPY
2026-07-02 12:50:00-04:00,742.99,743.36,742.57,742.9,289710,SPY
2026-07-02 12:55:00-04:00,742.91,742.92,741.81,742.18,340170,SPY
2026-07-02 13:00:00-04:00,742.2,742.28,740.52,740.855,475859,SPY
2026-07-02 13:05:00-04:00,740.85,741.95,740.37,741.52,513056,SPY
2026-07-02 13:10:00-04:00,741.51,741.94,741.22,741.75,340622,SPY
2026-07-02 13:15:00-04:00,741.75,742.17,741.38,741.46,1007248,SPY
2026-07-02 13:20:00-04:00,741.47,741.9,741.28,741.3658,859947,SPY
2026-07-02 13:25:00-04:00,741.37,741.65,741.14,741.53,688107,SPY
2026-07-02 13:30:00-04:00,741.54,742.1,741.43,741.43,263261,SPY
2026-07-02 13:35:00-04:00,741.43,741.57,740.65,740.75,513240,SPY
2026-07-02 13:40:00-04:00,740.745,741.21,740.43,741.12,259671,SPY
2026-07-02 13:45:00-04:00,741.08,741.15,740.23,740.64,336425,SPY
2026-07-02 13:50:00-04:00,740.63,741.11,740.35,740.941,255859,SPY
2026-07-02 13:55:00-04:00,740.94,741.02,740.03,740.24,476222,SPY
2026-07-02 14:00:00-04:00,740.26,740.99,740.05,740.94,462007,SPY
2026-07-02 14:05:00-04:00,740.94,742.47,740.9,742.44,548620,SPY
2026-07-02 14:10:00-04:00,742.44,742.9,742.13,742.22,287109,SPY
2026-07-02 14:15:00-04:00,742.25,742.38,741.4,741.69,302712,SPY
2026-07-02 14:20:00-04:00,741.67,742.29,741.665,742.155,218599,SPY
2026-07-02 14:25:00-04:00,742.155,742.73,741.96,742.72,224082,SPY
2026-07-02 14:30:00-04:00,742.71,743.34,742.66,742.93,397918,SPY
2026-07-02 14:35:00-04:00,742.96,743.28,742.85,743.16,263336,SPY
2026-07-02 14:40:00-04:00,743.165,743.33,742.97,743.04,239079,SPY
2026-07-02 14:45:00-04:00,743.055,743.29,742.53,743.2375,345624,SPY
2026-07-02 14:50:00-04:00,743.22,743.51,742.86,742.86,510746,SPY
2026-07-02 14:55:00-04:00,742.87,743.1,742.58,742.9895,223207,SPY
2026-07-02 15:00:00-04:00,742.99,743.1302,741.56,741.6482,316834,SPY
2026-07-02 15:05:00-04:00,741.64,742.1,741.27,741.86,465790,SPY
2026-07-02 15:10:00-04:00,741.875,742.23,741.53,742.04,272595,SPY
2026-07-02 15:15:00-04:00,742.05,742.15,741.52,741.8,286971,SPY
2026-07-02 15:20:00-04:00,741.82,741.89,741.52,741.6,728011,SPY
2026-07-02 15:25:00-04:00,741.59,742.64,741.46,742.31,628453,SPY
2026-07-02 15:30:00-04:00,742.34,742.89,742.17,742.84,484616,SPY
2026-07-02 15:35:00-04:00,742.85,743.15,742.58,743.11,464160,SPY
2026-07-02 15:40:00-04:00,743.11,743.375,742.77,743.25,614894,SPY
2026-07-02 15:45:00-04:00,743.26,743.38,742.99,743.27,899053,SPY
2026-07-02 15:50:00-04:00,743.28,744.51,743.275,744.48,2388157,SPY
2026-07-02 15:55:00-04:00,744.5,745.58,744.28,744.84,5949984,SPY
2026-07-06 09:30:00-04:00,748.74,749.485,748.12,749.16,1901032,SPY
2026-07-06 09:35:00-04:00,749.16,749.16,747.41,748.2917,667148,SPY
2026-07-06 09:40:00-04:00,748.31,748.66,747.72,748.64,683589,SPY
2026-07-06 09:45:00-04:00,748.62,749.1,748.3,748.94,796538,SPY
2026-07-06 09:50:00-04:00,748.95,749.54,748.25,748.875,807576,SPY
2026-07-06 09:55:00-04:00,748.87,748.965,748.31,748.5,440195,SPY
2026-07-06 10:00:00-04:00,748.54,749.01,747.97,748.38,369303,SPY
2026-07-06 10:05:00-04:00,748.34,749.05,748.05,748.81,335369,SPY
2026-07-06 10:10:00-04:00,748.809,749.45,748.6,749.4,432665,SPY
2026-07-06 10:15:00-04:00,749.4,749.48,748.96,749.18,1553172,SPY
2026-07-06 10:20:00-04:00,749.19,749.84,749.04,749.65,813372,SPY
2026-07-06 10:25:00-04:00,749.67,749.98,749.56,749.94,702714,SPY
2026-07-06 10:30:00-04:00,749.93,750.17,749.62,749.7,539237,SPY
2026-07-06 10:35:00-04:00,749.7,749.86,749.44,749.6668,459219,SPY
2026-07-06 10:40:00-04:00,749.65,749.755,749.1,749.67,356776,SPY
2026-07-06 10:45:00-04:00,749.65,749.87,749.5,749.75,259281,SPY
2026-07-06 10:50:00-04:00,749.75,750.04,749.6,749.89,439754,SPY
2026-07-06 10:55:00-04:00,749.86,750.275,749.7,750.275,387027,SPY
2026-07-06 11:00:00-04:00,750.28,750.42,749.95,750.18,407756,SPY
2026-07-06 11:05:00-04:00,750.175,750.3,749.995,750.25,308518,SPY
2026-07-06 11:10:00-04:00,750.26,750.4,749.82,750.11,427011,SPY
2026-07-06 11:15:00-04:00,750.095,750.095,749.61,749.99,275695,SPY
2026-07-06 11:20:00-04:00,749.99,750.37,749.76,750.3699,369123,SPY
2026-07-06 11:25:00-04:00,750.33,750.81,750.22,750.76,777787,SPY
2026-07-06 11:30:00-04:00,750.78,750.96,750.59,750.62,388160,SPY
2026-07-06 11:35:00-04:00,750.62,750.705,750.35,750.63,324331,SPY
2026-07-06 11:40:00-04:00,750.63,750.85,750.56,750.81,309989,SPY
2026-07-06 11:45:00-04:00,750.81,750.93,750.6508,750.87,318060,SPY
2026-07-06 11:50:00-04:00,750.88,750.97,750.61,750.63,351942,SPY
2026-07-06 11:55:00-04:00,750.64,750.95,750.62,750.84,307064,SPY
2026-07-06 12:00:00-04:00,750.83,750.87,750.66,750.8,196362,SPY
2026-07-06 12:05:00-04:00,750.805,751.03,750.73,750.94,335347,SPY
2026-07-06 12:10:00-04:00,750.925,751.11,750.88,750.99,410148,SPY
2026-07-06 12:15:00-04:00,750.98,751.07,750.85,750.99,337273,SPY
2026-07-06 12:20:00-04:00,750.99,751.12,750.82,750.9,285370,SPY
2026-07-06 12:25:00-04:00,750.87,750.92,750.55,750.65,293745,SPY
2026-07-06 12:30:00-04:00,750.65,750.77,750.47,750.63,394515,SPY
2026-07-06 12:35:00-04:00,750.63,750.66,750.39,750.6,268717,SPY
2026-07-06 12:40:00-04:00,750.6001,750.76,750.58,750.72,181265,SPY
2026-07-06 12:45:00-04:00,750.72,751.03,750.55,751.01,320021,SPY
2026-07-06 12:50:00-04:00,751.02,751.08,750.61,750.61,233763,SPY
2026-07-06 12:55:00-04:00,750.62,750.7299,750.37,750.46,451795,SPY
2026-07-06 13:00:00-04:00,750.48,750.975,750.405,750.8757,268503,SPY
2026-07-06 13:05:00-04:00,750.8701,751.53,750.87,751.39,455392,SPY
2026-07-06 13:10:00-04:00,751.38,751.47,751.1899,751.35,222312,SPY
2026-07-06 13:15:00-04:00,751.34,751.44,750.98,751.085,560672,SPY
2026-07-06 13:20:00-04:00,751.08,751.12,750.815,750.97,202340,SPY
2026-07-06 13:25:00-04:00,750.97,751.1,750.61,750.7,447552,SPY
2026-07-06 13:30:00-04:00,750.7,750.75,750.25,750.3495,315372,SPY
2026-07-06 13:35:00-04:00,750.335,750.53,750.18,750.345,218173,SPY
2026-07-06 13:40:00-04:00,750.34,750.34,749.63,750.085,478553,SPY
2026-07-06 13:45:00-04:00,750.085,750.41,749.85,750.2969,178229,SPY
2026-07-06 13:50:00-04:00,750.31,750.52,750.05,750.0695,190389,SPY
2026-07-06 13:55:00-04:00,750.08,750.145,749.93,750.1299,164282,SPY
2026-07-06 14:00:00-04:00,750.13,750.77,750.13,750.71,376150,SPY
2026-07-06 14:05:00-04:00,750.71,751.11,750.62,750.96,408703,SPY
2026-07-06 14:10:00-04:00,750.96,751.06,750.825,751.01,322665,SPY
2026-07-06 14:15:00-04:00,751.04,751.52,751.02,751.37,357395,SPY
2026-07-06 14:20:00-04:00,751.36,751.5,751.25,751.48,296442,SPY
2026-07-06 14:25:00-04:00,751.48,751.6064,751.28,751.33,264314,SPY
2026-07-06 14:30:00-04:00,751.33,751.518,751.09,751.13,328390,SPY
2026-07-06 14:35:00-04:00,751.12,751.29,751.01,751.065,622291,SPY
2026-07-06 14:40:00-04:00,751.07,751.36,751.07,751.24,235840,SPY
2026-07-06 14:45:00-04:00,751.25,751.668,751.21,751.59,260397,SPY
2026-07-06 14:50:00-04:00,751.59,751.82,751.53,751.8012,269865,SPY
2026-07-06 14:55:00-04:00,751.81,752.025,751.68,751.93,393445,SPY
2026-07-06 15:00:00-04:00,751.94,752.13,751.68,751.86,344140,SPY
2026-07-06 15:05:00-04:00,751.87,751.98,751.69,751.77,831736,SPY
2026-07-06 15:10:00-04:00,751.77,751.93,751.69,751.79,365360,SPY
2026-07-06 15:15:00-04:00,751.8,752.14,751.66,752.115,876464,SPY
2026-07-06 15:20:00-04:00,752.11,752.41,752.0001,752.3,684081,SPY
2026-07-06 15:25:00-04:00,752.31,752.3594,752.11,752.29,548469,SPY
2026-07-06 15:30:00-04:00,752.28,752.29,751.935,752.04,632983,SPY
2026-07-06 15:35:00-04:00,752.045,752.15,751.74,751.96,1458343,SPY
2026-07-06 15:40:00-04:00,751.95,752.045,751.78,752.03,444293,SPY
2026-07-06 15:45:00-04:00,752.04,752.22,751.88,751.96,925725,SPY
2026-07-06 15:50:00-04:00,751.96,751.98,751.2,751.21,2227157,SPY
2026-07-06 15:55:00-04:00,751.22,751.4,750.77,751.31,5168682,SPY
2026-07-07 09:30:00-04:00,750.22,750.96,749.38,749.48,2008176,SPY
2026-07-07 09:35:00-04:00,749.46,749.92,749.16,749.51,633195,SPY
2026-07-07 09:40:00-04:00,749.48,750.23,749.16,750.1501,682340,SPY
2026-07-07 09:45:00-04:00,750.16,750.21,749.5,749.62,622507,SPY
2026-07-07 09:50:00-04:00,749.59,749.9,748.74,748.94,580944,SPY
2026-07-07 09:55:00-04:00,748.94,749.05,748.25,748.85,750127,SPY
2026-07-07 10:00:00-04:00,748.8504,749.2,748.23,748.56,448314,SPY
2026-07-07 10:05:00-04:00,748.59,748.97,748.12,748.28,383710,SPY
2026-07-07 10:10:00-04:00,748.27,748.29,746.96,747.03,777076,SPY
2026-07-07 10:15:00-04:00,747.0108,747.505,746.47,747.505,743850,SPY
2026-07-07 10:20:00-04:00,747.5,747.71,746.62,746.64,421552,SPY
2026-07-07 10:25:00-04:00,746.67,746.72,746.09,746.7,838358,SPY
2026-07-07 10:30:00-04:00,746.68,747.01,746.29,746.38,687134,SPY
2026-07-07 10:35:00-04:00,746.37,746.55,745.87,745.88,632548,SPY
2026-07-07 10:40:00-04:00,745.88,746.14,745.21,745.79,775993,SPY
2026-07-07 10:45:00-04:00,745.795,746.485,745.7,746.18,496856,SPY
2026-07-07 10:50:00-04:00,746.19,746.765,745.98,746.62,490024,SPY
2026-07-07 10:55:00-04:00,746.62,746.92,746.43,746.445,408609,SPY
2026-07-07 11:00:00-04:00,746.46,746.57,745.94,746.37,482982,SPY
2026-07-07 11:05:00-04:00,746.37,746.67,746.18,746.565,335094,SPY
2026-07-07 11:10:00-04:00,746.565,746.68,746.07,746.0701,364875,SPY
2026-07-07 11:15:00-04:00,746.07,746.11,745.76,745.95,299834,SPY
2026-07-07 11:20:00-04:00,745.95,746.33,745.78,745.89,230533,SPY
2026-07-07 11:25:00-04:00,745.92,746.369,745.77,746.369,232311,SPY
2026-07-07 11:30:00-04:00,746.36,746.44,745.93,745.93,224539,SPY
2026-07-07 11:35:00-04:00,745.94,746.22,745.64,745.665,245432,SPY
2026-07-07 11:40:00-04:00,745.66,746.4279,745.43,746.4279,259401,SPY
2026-07-07 11:45:00-04:00,746.42,747.21,746.4,746.6301,517932,SPY
2026-07-07 11:50:00-04:00,746.63,747.3,746.62,747.02,325676,SPY
2026-07-07 11:55:00-04:00,747.01,747.45,746.78,747.36,262281,SPY
2026-07-07 12:00:00-04:00,747.38,747.79,747.2601,747.65,332994,SPY
2026-07-07 12:05:00-04:00,747.67,748.07,747.25,747.49,345258,SPY
2026-07-07 12:10:00-04:00,747.49,748.16,747.49,748.04,270305,SPY
2026-07-07 12:15:00-04:00,748.05,748.2,747.84,748.04,394558,SPY
2026-07-07 12:20:00-04:00,748.04,748.84,748.02,748.5399,533271,SPY
2026-07-07 12:25:00-04:00,748.535,748.99,748.48,748.77,366371,SPY
2026-07-07 12:30:00-04:00,748.765,749.0199,748.43,748.605,424389,SPY
2026-07-07 12:35:00-04:00,748.61,748.84,748.24,748.815,223593,SPY
2026-07-07 12:40:00-04:00,748.82,748.94,748.57,748.87,406224,SPY
2026-07-07 12:45:00-04:00,748.86,749.13,748.85,749.04,443469,SPY
2026-07-07 12:50:00-04:00,749.06,749.12,748.75,748.79,288795,SPY
2026-07-07 12:55:00-04:00,748.81,748.96,748.5,748.96,323810,SPY
2026-07-07 13:00:00-04:00,748.96,749.17,748.86,749.17,201021,SPY
2026-07-07 13:05:00-04:00,749.14,749.34,749.09,749.16,490250,SPY
2026-07-07 13:10:00-04:00,749.155,749.18,748.7405,748.81,190037,SPY
2026-07-07 13:15:00-04:00,748.83,748.86,748.42,748.61,235662,SPY
2026-07-07 13:20:00-04:00,748.63,749.1502,748.55,748.9991,235895,SPY
2026-07-07 13:25:00-04:00,748.99,749.08,748.8,748.84,228833,SPY
2026-07-07 13:30:00-04:00,748.85,749.18,748.83,749.06,221909,SPY
2026-07-07 13:35:00-04:00,749.04,749.22,748.8,749.105,250926,SPY
2026-07-07 13:40:00-04:00,749.11,749.27,748.94,749.125,198795,SPY
2026-07-07 13:45:00-04:00,749.13,749.14,748.74,748.88,311444,SPY
2026-07-07 13:50:00-04:00,748.9,749.03,748.65,748.8073,160103,SPY
2026-07-07 13:55:00-04:00,748.8,749.18,748.73,749.18,190357,SPY
2026-07-07 14:00:00-04:00,749.18,749.27,748.89,749.09,305510,SPY
2026-07-07 14:05:00-04:00,749.095,749.2,748.83,748.94,178724,SPY
2026-07-07 14:10:00-04:00,748.97,749.2,748.9,748.995,346659,SPY
2026-07-07 14:15:00-04:00,749.01,749.19,748.89,749.05,406214,SPY
2026-07-07 14:20:00-04:00,749.05,749.3,748.93,749.14,214625,SPY
2026-07-07 14:25:00-04:00,749.15,749.26,748.87,748.99,189553,SPY
2026-07-07 14:30:00-04:00,749.0,749.07,748.57,748.71,418308,SPY
2026-07-07 14:35:00-04:00,748.69,749.04,748.54,748.91,257120,SPY
2026-07-07 14:40:00-04:00,748.91,748.96,748.4,748.7266,408160,SPY
2026-07-07 14:45:00-04:00,748.73,748.84,747.66,748.155,446637,SPY
2026-07-07 14:50:00-04:00,748.17,748.24,747.47,747.79,633556,SPY
2026-07-07 14:55:00-04:00,747.78,747.9,747.42,747.51,505309,SPY
2026-07-07 15:00:00-04:00,747.5,747.7,746.82,747.2,878388,SPY
2026-07-07 15:05:00-04:00,747.21,747.57,746.67,746.7795,701270,SPY
2026-07-07 15:10:00-04:00,746.78,747.03,746.55,746.8201,770342,SPY
2026-07-07 15:15:00-04:00,746.8,746.87,746.0,746.69,943688,SPY
2026-07-07 15:20:00-04:00,746.6658,747.06,746.43,747.04,564601,SPY
2026-07-07 15:25:00-04:00,747.04,747.06,746.55,746.7,460710,SPY
2026-07-07 15:30:00-04:00,746.67,747.27,746.66,747.1925,606140,SPY
2026-07-07 15:35:00-04:00,747.2,747.2,746.67,746.77,525934,SPY
2026-07-07 15:40:00-04:00,746.76,746.82,746.38,746.52,704955,SPY
2026-07-07 15:45:00-04:00,746.53,747.06,746.5,746.99,990271,SPY
2026-07-07 15:50:00-04:00,747.01,747.77,747.01,747.745,1271051,SPY
2026-07-07 15:55:00-04:00,747.72,747.97,747.14,747.7,2942974,SPY
2026-07-08 09:30:00-04:00,743.16,744.085,742.64,743.66,3113957,SPY
2026-07-08 09:35:00-04:00,743.66,744.1699,743.04,743.975,835165,SPY
2026-07-08 09:40:00-04:00,743.95,744.75,743.81,744.34,603095,SPY
2026-07-08 09:45:00-04:00,744.31,744.925,743.5,743.64,1008334,SPY
2026-07-08 09:50:00-04:00,743.63,744.46,743.35,743.66,589677,SPY
2026-07-08 09:55:00-04:00,743.66,744.63,743.23,744.02,703915,SPY
2026-07-08 10:00:00-04:00,744.03,744.48,743.59,743.8099,549242,SPY
2026-07-08 10:05:00-04:00,743.79,744.7,743.77,744.26,556244,SPY
2026-07-08 10:10:00-04:00,744.24,744.43,743.06,743.22,595716,SPY
2026-07-08 10:15:00-04:00,743.2,743.6,742.68,743.2,578912,SPY
2026-07-08 10:20:00-04:00,743.18,744.54,742.9804,743.79,632267,SPY
2026-07-08 10:25:00-04:00,743.78,744.43,742.76,743.11,468132,SPY
2026-07-08 10:30:00-04:00,743.09,743.69,742.73,743.31,478327,SPY
2026-07-08 10:35:00-04:00,743.3,743.3,742.2337,742.32,580585,SPY
2026-07-08 10:40:00-04:00,742.27,742.73,741.95,742.44,505123,SPY
2026-07-08 10:45:00-04:00,742.43,742.48,741.29,741.29,582546,SPY
2026-07-08 10:50:00-04:00,741.29,742.8363,740.93,742.12,812582,SPY
2026-07-08 10:55:00-04:00,742.1,742.71,741.562,741.84,325792,SPY
2026-07-08 11:00:00-04:00,741.83,742.03,741.42,741.54,235469,SPY
2026-07-08 11:05:00-04:00,741.535,741.93,741.39,741.505,342367,SPY
2026-07-08 11:10:00-04:00,741.5,741.84,740.95,741.12,351963,SPY
2026-07-08 11:15:00-04:00,741.1,741.5125,740.38,741.32,597418,SPY
2026-07-08 11:20:00-04:00,741.3,741.56,740.05,740.15,560931,SPY
2026-07-08 11:25:00-04:00,740.14,740.33,739.55,739.94,698137,SPY
2026-07-08 11:30:00-04:00,739.96,740.7576,739.51,740.7399,572448,SPY
2026-07-08 11:35:00-04:00,740.71,741.27,740.41,740.59,396502,SPY
2026-07-08 11:40:00-04:00,740.6,741.19,740.56,740.74,232555,SPY
2026-07-08 11:45:00-04:00,740.72,741.01,740.32,740.5,290627,SPY
2026-07-08 11:50:00-04:00,740.495,740.59,740.0199,740.48,476006,SPY
2026-07-08 11:55:00-04:00,740.48,740.8,740.17,740.64,430967,SPY
2026-07-08 12:00:00-04:00,740.68,741.26,740.61,741.25,390387,SPY
2026-07-08 12:05:00-04:00,741.24,741.75,741.09,741.66,322584,SPY
2026-07-08 12:10:00-04:00,741.66,742.35,741.64,742.27,348047,SPY
2026-07-08 12:15:00-04:00,742.27,742.6843,741.98,742.58,437682,SPY
2026-07-08 12:20:00-04:00,742.58,743.23,742.54,742.73,400624,SPY
2026-07-08 12:25:00-04:00,742.74,743.47,742.67,743.1,264525,SPY
2026-07-08 12:30:00-04:00,743.09,743.827,742.98,743.025,328898,SPY
2026-07-08 12:35:00-04:00,743.02,743.54,742.45,743.22,507501,SPY
2026-07-08 12:40:00-04:00,743.19,744.2177,742.89,743.94,431671,SPY
2026-07-08 12:45:00-04:00,743.93,744.28,743.58,744.27,417133,SPY
2026-07-08 12:50:00-04:00,744.29,744.61,744.09,744.4,366260,SPY
2026-07-08 12:55:00-04:00,744.4,744.75,744.23,744.68,300279,SPY
2026-07-08 13:00:00-04:00,744.66,744.7,744.11,744.29,322369,SPY
2026-07-08 13:05:00-04:00,744.29,744.75,744.17,744.28,309047,SPY
2026-07-08 13:10:00-04:00,744.29,744.63,743.985,744.28,352487,SPY
2026-07-08 13:15:00-04:00,744.29,744.99,744.28,744.94,277739,SPY
2026-07-08 13:20:00-04:00,744.93,745.46,744.87,745.44,352432,SPY
2026-07-08 13:25:00-04:00,745.45,745.78,745.23,745.72,256535,SPY
2026-07-08 13:30:00-04:00,745.73,746.09,745.55,745.55,313575,SPY
2026-07-08 13:35:00-04:00,745.55,745.72,745.255,745.26,362237,SPY
2026-07-08 13:40:00-04:00,745.27,745.32,744.7,744.95,349507,SPY
2026-07-08 13:45:00-04:00,744.94,744.98,744.26,744.36,303764,SPY
2026-07-08 13:50:00-04:00,744.38,744.88,744.2325,744.43,208058,SPY
2026-07-08 13:55:00-04:00,744.43,744.47,743.95,744.39,250451,SPY
2026-07-08 14:00:00-04:00,744.38,745.45,744.0,745.29,653580,SPY
2026-07-08 14:05:00-04:00,745.24,745.38,744.87,745.27,222634,SPY
2026-07-08 14:10:00-04:00,745.25,745.51,744.92,745.28,287744,SPY
2026-07-08 14:15:00-04:00,745.3,745.41,744.7225,745.18,283448,SPY
2026-07-08 14:20:00-04:00,745.16,745.31,744.88,744.91,191908,SPY
2026-07-08 14:25:00-04:00,744.94,745.23,744.67,744.67,230637,SPY
2026-07-08 14:30:00-04:00,744.67,744.7797,744.26,744.44,263695,SPY
2026-07-08 14:35:00-04:00,744.46,745.25,744.33,745.18,268681,SPY
2026-07-08 14:40:00-04:00,745.17,745.31,744.5699,745.04,214897,SPY
2026-07-08 14:45:00-04:00,745.08,745.33,744.8,745.27,189434,SPY
2026-07-08 14:50:00-04:00,745.26,745.5,745.03,745.14,389759,SPY
2026-07-08 14:55:00-04:00,745.15,745.33,744.78,745.33,201555,SPY
2026-07-08 15:00:00-04:00,745.34,745.725,745.05,745.26,362839,SPY
2026-07-08 15:05:00-04:00,745.25,745.41,744.99,745.3,240649,SPY
2026-07-08 15:10:00-04:00,745.32,745.34,744.8,744.89,327549,SPY
2026-07-08 15:15:00-04:00,744.89,745.15,744.68,744.83,251633,SPY
2026-07-08 15:20:00-04:00,744.84,745.27,744.81,745.03,241820,SPY
2026-07-08 15:25:00-04:00,745.03,745.36,744.94,745.19,251953,SPY
2026-07-08 15:30:00-04:00,745.2,745.34,744.83,744.92,277760,SPY
2026-07-08 15:35:00-04:00,744.925,745.39,744.835,745.24,365064,SPY
2026-07-08 15:40:00-04:00,745.22,745.37,744.89,745.33,385543,SPY
2026-07-08 15:45:00-04:00,745.33,745.37,744.41,744.8,850847,SPY
2026-07-08 15:50:00-04:00,744.78,745.7,744.6,745.66,851758,SPY
2026-07-08 15:55:00-04:00,745.74,746.15,745.27,745.29,3054338,SPY
2026-07-09 09:30:00-04:00,747.35,747.5,745.68,747.35,2486544,SPY
2026-07-09 09:35:00-04:00,747.36,748.358,747.1,748.12,704785,SPY
2026-07-09 09:40:00-04:00,748.15,748.51,747.49,748.4,461671,SPY
2026-07-09 09:45:00-04:00,748.4,748.76,747.74,748.11,475555,SPY
2026-07-09 09:50:00-04:00,748.1,749.11,747.815,748.95,1449695,SPY
2026-07-09 09:55:00-04:00,748.98,749.23,748.56,748.67,457388,SPY
2026-07-09 10:00:00-04:00,748.69,749.02,748.501,748.69,329240,SPY
2026-07-09 10:05:00-04:00,748.67,748.85,747.97,747.97,423110,SPY
2026-07-09 10:10:00-04:00,747.96,748.0,747.27,747.55,471240,SPY
2026-07-09 10:15:00-04:00,747.56,747.56,745.93,746.2586,1456170,SPY
2026-07-09 10:20:00-04:00,746.26,746.99,745.59,746.95,703987,SPY
2026-07-09 10:25:00-04:00,746.93,748.19,746.75,747.8799,697765,SPY
2026-07-09 10:30:00-04:00,747.86,748.065,747.1,747.65,225965,SPY
2026-07-09 10:35:00-04:00,747.65,748.48,747.55,748.4,212739,SPY
2026-07-09 10:40:00-04:00,748.4,748.48,747.81,747.88,192076,SPY
2026-07-09 10:45:00-04:00,747.91,748.38,747.84,748.05,226563,SPY
2026-07-09 10:50:00-04:00,748.06,748.06,747.25,747.97,411178,SPY
2026-07-09 10:55:00-04:00,747.96,748.92,747.96,748.73,314693,SPY
2026-07-09 11:00:00-04:00,748.72,748.94,748.6,748.8601,297352,SPY
2026-07-09 11:05:00-04:00,748.88,749.56,748.84,749.49,369154,SPY
2026-07-09 11:10:00-04:00,749.5,749.58,749.1,749.2,293939,SPY
2026-07-09 11:15:00-04:00,749.19,749.59,748.98,749.22,316150,SPY
2026-07-09 11:20:00-04:00,749.24,749.96,749.21,749.9,215873,SPY
2026-07-09 11:25:00-04:00,749.908,749.98,749.72,749.8,324864,SPY
2026-07-09 11:30:00-04:00,749.78,749.8,749.485,749.58,215318,SPY
2026-07-09 11:35:00-04:00,749.55,749.88,749.52,749.87,182820,SPY
2026-07-09 11:40:00-04:00,749.87,750.25,749.8008,750.11,263604,SPY
2026-07-09 11:45:00-04:00,750.1,750.25,749.93,750.16,163099,SPY
2026-07-09 11:50:00-04:00,750.17,750.2,749.87,749.92,185723,SPY
2026-07-09 11:55:00-04:00,749.92,750.085,749.8,749.87,193083,SPY
2026-07-09 12:00:00-04:00,749.88,750.44,749.87,750.33,258866,SPY
2026-07-09 12:05:00-04:00,750.32,750.57,750.32,750.44,225574,SPY
2026-07-09 12:10:00-04:00,750.46,750.55,750.35,750.525,183901,SPY
2026-07-09 12:15:00-04:00,750.51,750.67,750.38,750.5594,201571,SPY
2026-07-09 12:20:00-04:00,750.54,750.82,750.45,750.8,280654,SPY
2026-07-09 12:25:00-04:00,750.79,750.81,750.574,750.64,1491905,SPY
2026-07-09 12:30:00-04:00,750.64,750.8999,750.48,750.48,266054,SPY
2026-07-09 12:35:00-04:00,750.475,750.59,750.33,750.58,279523,SPY
2026-07-09 12:40:00-04:00,750.59,750.79,750.59,750.69,183015,SPY
2026-07-09 12:45:00-04:00,750.69,750.75,750.37,750.48,181236,SPY
2026-07-09 12:50:00-04:00,750.48,750.605,750.36,750.42,200371,SPY
2026-07-09 12:55:00-04:00,750.4101,750.495,750.24,750.44,663809,SPY
2026-07-09 13:00:00-04:00,750.45,750.84,750.4,750.72,174654,SPY
2026-07-09 13:05:00-04:00,750.7,751.2201,750.64,751.125,304715,SPY
2026-07-09 13:10:00-04:00,751.12,751.39,751.08,751.23,246238,SPY
2026-07-09 13:15:00-04:00,751.23,751.585,751.22,751.54,168952,SPY
2026-07-09 13:20:00-04:00,751.55,751.67,751.38,751.45,250581,SPY
2026-07-09 13:25:00-04:00,751.455,751.79,751.45,751.755,244090,SPY
2026-07-09 13:30:00-04:00,751.76,751.83,751.45,751.63,300959,SPY
2026-07-09 13:35:00-04:00,751.6105,751.9,751.59,751.71,211758,SPY
2026-07-09 13:40:00-04:00,751.72,751.8,751.51,751.7,182383,SPY
2026-07-09 13:45:00-04:00,751.71,751.97,751.69,751.84,272284,SPY
2026-07-09 13:50:00-04:00,751.85,751.91,751.68,751.73,235938,SPY
2026-07-09 13:55:00-04:00,751.72,751.75,751.18,751.63,322261,SPY
2026-07-09 14:00:00-04:00,751.625,751.73,751.44,751.525,292088,SPY
2026-07-09 14:05:00-04:00,751.525,751.81,751.51,751.7,288164,SPY
2026-07-09 14:10:00-04:00,751.7,751.83,751.63,751.74,243271,SPY
2026-07-09 14:15:00-04:00,751.74,751.865,751.55,751.63,219393,SPY
2026-07-09 14:20:00-04:00,751.645,751.645,751.34,751.345,317386,SPY
2026-07-09 14:25:00-04:00,751.35,751.4505,751.24,751.4505,309616,SPY
2026-07-09 14:30:00-04:00,751.45,751.5895,751.23,751.27,282941,SPY
2026-07-09 14:35:00-04:00,751.26,751.35,751.1027,751.145,293451,SPY
2026-07-09 14:40:00-04:00,751.145,751.33,751.04,751.3,488916,SPY
2026-07-09 14:45:00-04:00,751.29,751.34,751.11,751.29,354478,SPY
2026-07-09 14:50:00-04:00,751.29,751.34,751.11,751.1266,515492,SPY
2026-07-09 14:55:00-04:00,751.11,751.13,750.86,751.0499,382493,SPY
2026-07-09 15:00:00-04:00,751.05,751.07,750.73,750.83,407176,SPY
2026-07-09 15:05:00-04:00,750.8201,751.01,750.6601,750.78,307281,SPY
2026-07-09 15:10:00-04:00,750.77,751.03,750.67,750.9,296623,SPY
2026-07-09 15:15:00-04:00,750.9,751.47,750.84,751.3,386727,SPY
2026-07-09 15:20:00-04:00,751.3,751.43,751.14,751.18,370584,SPY
2026-07-09 15:25:00-04:00,751.19,751.26,751.05,751.1,305276,SPY
2026-07-09 15:30:00-04:00,751.09,751.12,750.93,751.095,435133,SPY
2026-07-09 15:35:00-04:00,751.1,751.37,751.09,751.27,338426,SPY
2026-07-09 15:40:00-04:00,751.28,751.48,751.14,751.405,423006,SPY
2026-07-09 15:45:00-04:00,751.4,751.47,751.25,751.25,666632,SPY
2026-07-09 15:50:00-04:00,751.25,751.25,750.83,750.83,1824225,SPY
2026-07-09 15:55:00-04:00,750.85,751.67,750.84,751.65,2520041,SPY
2026-07-10 09:30:00-04:00,752.05,752.86,752.01,752.59,1607405,SPY
2026-07-10 09:35:00-04:00,752.6,753.22,752.48,752.61,391046,SPY
2026-07-10 09:40:00-04:00,752.59,752.64,751.8,752.22,489799,SPY
2026-07-10 09:45:00-04:00,752.22,753.16,752.085,753.03,343826,SPY
2026-07-10 09:50:00-04:00,753.015,753.19,752.66,752.885,401390,SPY
2026-07-10 09:55:00-04:00,752.87,753.235,752.61,752.915,375957,SPY
2026-07-10 10:00:00-04:00,752.92,753.35,752.78,753.12,310003,SPY
2026-07-10 10:05:00-04:00,753.12,753.25,752.4909,753.07,308962,SPY
2026-07-10 10:10:00-04:00,753.09,753.14,752.6201,752.685,286316,SPY
2026-07-10 10:15:00-04:00,752.697,752.97,752.34,752.68,339067,SPY
2026-07-10 10:20:00-04:00,752.67,752.83,752.11,752.54,338961,SPY
2026-07-10 10:25:00-04:00,752.53,753.135,752.15,752.5862,362496,SPY
2026-07-10 10:30:00-04:00,752.5859,753.25,748.1,750.9,2744953,SPY
2026-07-10 10:35:00-04:00,750.98,752.06,750.43,751.69,744224,SPY
2026-07-10 10:40:00-04:00,751.7,752.29,751.31,752.11,463649,SPY
2026-07-10 10:45:00-04:00,752.1,752.47,751.615,752.41,210520,SPY
2026-07-10 10:50:00-04:00,752.41,752.62,751.92,751.95,342414,SPY
2026-07-10 10:55:00-04:00,751.93,752.0386,751.08,751.2199,342347,SPY
2026-07-10 11:00:00-04:00,751.18,751.44,750.89,750.98,290927,SPY
2026-07-10 11:05:00-04:00,751.0,751.76,750.652,751.76,223687,SPY
2026-07-10 11:10:00-04:00,751.75,752.0297,751.62,751.94,156974,SPY
2026-07-10 11:15:00-04:00,751.93,753.16,751.93,752.69,338334,SPY
2026-07-10 11:20:00-04:00,752.7,753.085,752.42,753.03,208873,SPY
2026-07-10 11:25:00-04:00,753.05,753.42,753.03,753.25,311585,SPY
2026-07-10 11:30:00-04:00,753.25,753.39,752.88,753.0,313342,SPY
2026-07-10 11:35:00-04:00,753.05,753.05,752.33,752.43,244694,SPY
2026-07-10 11:40:00-04:00,752.4399,752.51,751.38,752.03,330081,SPY
2026-07-10 11:45:00-04:00,752.04,752.68,751.5937,752.47,518279,SPY
2026-07-10 11:50:00-04:00,752.45,752.935,752.364,752.85,152020,SPY
2026-07-10 11:55:00-04:00,752.85,752.91,752.51,752.8175,159677,SPY
2026-07-10 12:00:00-04:00,752.81,753.35,752.81,753.16,253414,SPY
2026-07-10 12:05:00-04:00,753.18,753.21,752.85,752.96,205122,SPY
2026-07-10 12:10:00-04:00,752.97,753.28,752.84,753.21,184791,SPY
2026-07-10 12:15:00-04:00,753.24,753.69,753.23,753.58,367214,SPY
2026-07-10 12:20:00-04:00,753.58,753.6375,753.16,753.38,240851,SPY
2026-07-10 12:25:00-04:00,753.39,753.43,753.17,753.21,209731,SPY
2026-07-10 12:30:00-04:00,753.21,753.5901,753.21,753.48,313520,SPY
2026-07-10 12:35:00-04:00,753.49,753.59,753.03,753.29,245833,SPY
2026-07-10 12:40:00-04:00,753.29,753.65,753.25,753.62,180911,SPY
2026-07-10 12:45:00-04:00,753.61,753.93,753.59,753.82,342896,SPY
2026-07-10 12:50:00-04:00,753.815,754.05,753.78,753.98,448965,SPY
2026-07-10 12:55:00-04:00,753.9703,754.14,753.85,754.01,211146,SPY
2026-07-10 13:00:00-04:00,754.01,754.03,753.61,753.71,181495,SPY
2026-07-10 13:05:00-04:00,753.72,753.83,753.63,753.64,134399,SPY
2026-07-10 13:10:00-04:00,753.6456,753.84,753.48,753.804,139771,SPY
2026-07-10 13:15:00-04:00,753.78,754.04,753.76,753.86,2138956,SPY
2026-07-10 13:20:00-04:00,753.86,754.0,753.84,753.97,145929,SPY
2026-07-10 13:25:00-04:00,753.97,754.06,753.8966,754.01,192008,SPY
2026-07-10 13:30:00-04:00,754.02,754.165,753.875,754.0199,222825,SPY
2026-07-10 13:35:00-04:00,754.015,754.41,753.98,754.246,309887,SPY
2026-07-10 13:40:00-04:00,754.23,754.32,754.08,754.115,225041,SPY
2026-07-10 13:45:00-04:00,754.12,754.33,754.11,754.29,169081,SPY
2026-07-10 13:50:00-04:00,754.3,754.38,754.24,754.27,161166,SPY
2026-07-10 13:55:00-04:00,754.26,754.3,753.93,753.99,200422,SPY
2026-07-10 14:00:00-04:00,754.0,754.18,753.93,754.06,453796,SPY
2026-07-10 14:05:00-04:00,754.06,754.32,754.06,754.24,267686,SPY
2026-07-10 14:10:00-04:00,754.25,754.6,754.21,754.29,309509,SPY
2026-07-10 14:15:00-04:00,754.28,754.34,754.12,754.22,219111,SPY
2026-07-10 14:20:00-04:00,754.21,754.39,754.08,754.315,245144,SPY
2026-07-10 14:25:00-04:00,754.315,754.72,754.315,754.43,380133,SPY
2026-07-10 14:30:00-04:00,754.42,754.58,754.36,754.51,230429,SPY
2026-07-10 14:35:00-04:00,754.52,754.53,754.31,754.41,196853,SPY
2026-07-10 14:40:00-04:00,754.42,754.62,754.37,754.5075,246786,SPY
2026-07-10 14:45:00-04:00,754.49,754.6,754.47,754.51,214333,SPY
2026-07-10 14:50:00-04:00,754.5158,754.62,754.45,754.57,210078,SPY
2026-07-10 14:55:00-04:00,754.55,754.66,754.47,754.495,284786,SPY
2026-07-10 15:00:00-04:00,754.495,755.05,754.455,754.97,1099158,SPY
2026-07-10 15:05:00-04:00,754.98,755.17,754.86,754.92,412594,SPY
2026-07-10 15:10:00-04:00,754.92,755.15,754.91,755.12,459634,SPY
2026-07-10 15:15:00-04:00,755.12,755.18,754.922,755.02,461031,SPY
2026-07-10 15:20:00-04:00,755.02,755.06,754.88,754.945,378636,SPY
2026-07-10 15:25:00-04:00,754.93,755.11,754.93,754.96,529890,SPY
2026-07-10 15:30:00-04:00,754.96,755.17,754.7864,754.94,1047153,SPY
2026-07-10 15:35:00-04:00,754.95,755.14,754.86,755.03,578388,SPY
2026-07-10 15:40:00-04:00,755.04,755.22,755.02,755.03,688105,SPY
2026-07-10 15:45:00-04:00,755.02,755.17,754.94,755.1,1494252,SPY
2026-07-10 15:50:00-04:00,755.11,755.42,755.02,755.1,1727368,SPY
2026-07-10 15:55:00-04:00,755.08,755.19,754.57,754.9,2320555,SPY
2026-07-13 09:30:00-04:00,752.47,753.91,752.4,753.425,1766189,SPY
2026-07-13 09:35:00-04:00,753.43,753.78,753.04,753.22,739583,SPY
2026-07-13 09:40:00-04:00,753.22,753.22,752.54,752.99,670022,SPY
2026-07-13 09:45:00-04:00,753.01,753.13,752.28,752.87,459487,SPY
2026-07-13 09:50:00-04:00,752.9,752.96,751.92,752.61,627458,SPY
2026-07-13 09:55:00-04:00,752.59,753.74,752.42,753.62,402162,SPY
2026-07-13 10:00:00-04:00,753.63,753.9105,752.66,752.79,610120,SPY
2026-07-13 10:05:00-04:00,752.77,752.97,752.27,752.82,377173,SPY
2026-07-13 10:10:00-04:00,752.81,753.33,752.67,753.27,302173,SPY
2026-07-13 10:15:00-04:00,753.27,753.37,750.3,751.93,1718968,SPY
2026-07-13 10:20:00-04:00,751.92,752.91,751.46,752.78,513811,SPY
2026-07-13 10:25:00-04:00,752.745,753.19,752.53,753.09,418865,SPY
2026-07-13 10:30:00-04:00,753.09,753.3,752.57,752.64,371113,SPY
2026-07-13 10:35:00-04:00,752.65,752.685,751.97,752.19,298941,SPY
2026-07-13 10:40:00-04:00,752.2,752.21,751.25,751.5,300779,SPY
2026-07-13 10:45:00-04:00,751.51,752.455,751.0,752.38,470823,SPY
2026-07-13 10:50:00-04:00,752.3801,752.47,751.53,751.73,560864,SPY
2026-07-13 10:55:00-04:00,751.73,752.79,751.562,752.7401,254720,SPY
2026-07-13 11:00:00-04:00,752.74,753.055,752.3078,752.332,288482,SPY
2026-07-13 11:05:00-04:00,752.34,752.59,752.16,752.25,140544,SPY
2026-07-13 11:10:00-04:00,752.255,752.555,751.92,752.085,210377,SPY
2026-07-13 11:15:00-04:00,752.08,752.325,751.8812,752.25,129290,SPY
2026-07-13 11:20:00-04:00,752.25,752.568,752.11,752.4475,152214,SPY
2026-07-13 11:25:00-04:00,752.44,752.49,751.965,752.38,185614,SPY
2026-07-13 11:30:00-04:00,752.39,752.525,752.0,752.15,183639,SPY
2026-07-13 11:35:00-04:00,752.16,752.29,751.85,752.13,194743,SPY
2026-07-13 11:40:00-04:00,752.11,752.17,751.69,751.73,183891,SPY
2026-07-13 11:45:00-04:00,751.72,751.788,751.49,751.715,332289,SPY
2026-07-13 11:50:00-04:00,751.715,751.76,751.155,751.55,311812,SPY
2026-07-13 11:55:00-04:00,751.56,751.57,751.0945,751.235,198778,SPY
2026-07-13 12:00:00-04:00,751.23,751.47,750.95,751.1699,218598,SPY
2026-07-13 12:05:00-04:00,751.13,751.55,751.06,751.48,217999,SPY
2026-07-13 12:10:00-04:00,751.48,751.81,751.2537,751.43,241111,SPY
2026-07-13 12:15:00-04:00,751.42,751.44,750.67,750.855,406017,SPY
2026-07-13 12:20:00-04:00,750.86,750.88,750.59,750.64,358544,SPY
2026-07-13 12:25:00-04:00,750.63,750.68,749.93,750.29,419345,SPY
2026-07-13 12:30:00-04:00,750.27,750.28,749.59,749.62,468099,SPY
2026-07-13 12:35:00-04:00,749.63,750.26,748.93,749.9934,728131,SPY
2026-07-13 12:40:00-04:00,749.97,750.52,749.575,750.36,357078,SPY
2026-07-13 12:45:00-04:00,750.39,750.66,749.96,749.98,393010,SPY
2026-07-13 12:50:00-04:00,749.96,750.04,749.18,749.45,379829,SPY
2026-07-13 12:55:00-04:00,749.44,750.12,749.2839,749.87,318317,SPY
2026-07-13 13:00:00-04:00,749.9,750.29,749.75,749.84,236198,SPY
2026-07-13 13:05:00-04:00,749.84,750.5,749.785,750.42,186998,SPY
2026-07-13 13:10:00-04:00,750.42,750.64,749.9301,750.06,379093,SPY
2026-07-13 13:15:00-04:00,750.05,750.29,749.64,750.16,245888,SPY
2026-07-13 13:20:00-04:00,750.14,750.35,749.7,749.71,297597,SPY
2026-07-13 13:25:00-04:00,749.72,749.97,749.53,749.81,305821,SPY
2026-07-13 13:30:00-04:00,749.81,750.12,749.66,749.95,211126,SPY
2026-07-13 13:35:00-04:00,749.92,749.92,749.461,749.7084,184001,SPY
2026-07-13 13:40:00-04:00,749.7,750.13,749.49,749.985,268269,SPY
2026-07-13 13:45:00-04:00,750.0,750.26,749.6,749.63,223742,SPY
2026-07-13 13:50:00-04:00,749.64,749.71,749.22,749.46,287485,SPY
2026-07-13 13:55:00-04:00,749.465,749.55,749.21,749.235,229884,SPY
2026-07-13 14:00:00-04:00,749.26,749.87,749.19,749.67,296300,SPY
2026-07-13 14:05:00-04:00,749.66,750.21,749.592,749.64,317834,SPY
2026-07-13 14:10:00-04:00,749.65,749.81,749.13,749.76,318911,SPY
2026-07-13 14:15:00-04:00,749.75,749.82,749.04,749.21,523341,SPY
2026-07-13 14:20:00-04:00,749.22,749.54,749.05,749.5,299846,SPY
2026-07-13 14:25:00-04:00,749.5,749.56,749.16,749.24,441428,SPY
2026-07-13 14:30:00-04:00,749.24,749.53,748.9702,749.22,427713,SPY
2026-07-13 14:35:00-04:00,749.22,749.75,749.19,749.68,433754,SPY
2026-07-13 14:40:00-04:00,749.67,750.04,749.56,749.85,1249524,SPY
2026-07-13 14:45:00-04:00,749.85,749.92,749.51,749.76,716289,SPY
2026-07-13 14:50:00-04:00,749.75,750.07,749.525,749.79,277476,SPY
2026-07-13 14:55:00-04:00,749.78,749.91,749.46,749.56,362792,SPY
2026-07-13 15:00:00-04:00,749.58,749.9,749.18,749.85,325046,SPY
2026-07-13 15:05:00-04:00,749.86,749.97,749.5,749.51,269781,SPY
2026-07-13 15:10:00-04:00,749.5,749.53,749.1,749.29,431612,SPY
2026-07-13 15:15:00-04:00,749.29,749.44,749.13,749.255,857684,SPY
2026-07-13 15:20:00-04:00,749.26,749.3,748.7,748.915,590732,SPY
2026-07-13 15:25:00-04:00,748.91,748.96,748.17,748.38,772061,SPY
2026-07-13 15:30:00-04:00,748.39,748.9,748.31,748.655,809967,SPY
2026-07-13 15:35:00-04:00,748.65,748.65,748.0,748.26,643633,SPY
2026-07-13 15:40:00-04:00,748.27,749.0,748.175,748.94,799858,SPY
2026-07-13 15:45:00-04:00,748.94,749.05,748.57,748.88,1496325,SPY
2026-07-13 15:50:00-04:00,748.89,749.45,748.87,749.03,2128159,SPY
2026-07-13 15:55:00-04:00,749.06,749.61,748.93,749.1,3520350,SPY
2026-07-14 09:30:00-04:00,750.91,751.04,749.5443,749.64,3082389,SPY
2026-07-14 09:35:00-04:00,749.68,751.36,749.44,751.17,746974,SPY
2026-07-14 09:40:00-04:00,751.18,751.52,750.57,751.31,446418,SPY
2026-07-14 09:45:00-04:00,751.305,751.79,750.58,750.99,519379,SPY
2026-07-14 09:50:00-04:00,750.97,751.6,750.63,751.09,506535,SPY
2026-07-14 09:55:00-04:00,751.11,751.57,750.72,751.31,382569,SPY
2026-07-14 10:00:00-04:00,751.32,751.48,750.21,750.44,444625,SPY
2026-07-14 10:05:00-04:00,750.44,750.69,749.88,750.2395,382671,SPY
2026-07-14 10:10:00-04:00,750.22,750.49,749.7799,750.43,400013,SPY
2026-07-14 10:15:00-04:00,750.42,750.42,748.66,749.855,554982,SPY
2026-07-14 10:20:00-04:00,749.8483,750.88,749.78,750.13,391420,SPY
2026-07-14 10:25:00-04:00,750.11,751.3,749.96,750.71,376221,SPY
2026-07-14 10:30:00-04:00,750.71,753.31,750.48,752.02,1053181,SPY
2026-07-14 10:35:00-04:00,752.04,752.15,751.54,751.93,503256,SPY
2026-07-14 10:40:00-04:00,751.91,752.285,750.96,751.095,301720,SPY
2026-07-14 10:45:00-04:00,751.1099,751.46,750.77,750.89,285252,SPY
2026-07-14 10:50:00-04:00,750.86,751.595,750.47,751.59,231046,SPY
2026-07-14 10:55:00-04:00,751.61,751.96,751.51,751.71,272376,SPY
2026-07-14 11:00:00-04:00,751.71,753.07,751.28,752.32,656361,SPY
2026-07-14 11:05:00-04:00,752.33,753.05,752.14,752.77,573488,SPY
2026-07-14 11:10:00-04:00,752.8,753.0,752.36,752.55,263606,SPY
2026-07-14 11:15:00-04:00,752.59,752.645,751.73,751.95,289094,SPY
2026-07-14 11:20:00-04:00,751.94,752.53,751.65,752.52,206966,SPY
2026-07-14 11:25:00-04:00,752.52,752.71,752.3,752.66,219382,SPY
2026-07-14 11:30:00-04:00,752.64,752.9,751.85,751.98,427144,SPY
2026-07-14 11:35:00-04:00,751.97,752.045,751.53,751.86,213412,SPY
2026-07-14 11:40:00-04:00,751.85,751.85,750.76,751.56,839263,SPY
2026-07-14 11:45:00-04:00,751.56,751.95,751.53,751.63,195864,SPY
2026-07-14 11:50:00-04:00,751.59,751.67,750.91,751.0,227158,SPY
2026-07-14 11:55:00-04:00,751.01,751.17,750.62,750.98,201199,SPY
2026-07-14 12:00:00-04:00,750.99,751.05,750.0,750.32,324296,SPY
2026-07-14 12:05:00-04:00,750.34,750.7,750.02,750.45,271227,SPY
2026-07-14 12:10:00-04:00,750.46,750.73,750.02,750.54,363862,SPY
2026-07-14 12:15:00-04:00,750.53,750.71,750.02,750.43,187051,SPY
2026-07-14 12:20:00-04:00,750.43,750.5612,750.0,750.33,248993,SPY
2026-07-14 12:25:00-04:00,750.35,750.91,750.24,750.78,327748,SPY
2026-07-14 12:30:00-04:00,750.78,751.11,750.62,751.06,215746,SPY
2026-07-14 12:35:00-04:00,751.05,751.33,750.9506,751.235,246418,SPY
2026-07-14 12:40:00-04:00,751.2138,751.74,751.07,751.465,273026,SPY
2026-07-14 12:45:00-04:00,751.46,751.74,750.96,751.4,192444,SPY
2026-07-14 12:50:00-04:00,751.39,751.66,751.28,751.4759,123836,SPY
2026-07-14 12:55:00-04:00,751.48,751.85,751.44,751.85,136622,SPY
2026-07-14 13:00:00-04:00,751.87,752.05,751.65,751.715,241857,SPY
2026-07-14 13:05:00-04:00,751.72,752.2,751.56,752.1199,141361,SPY
2026-07-14 13:10:00-04:00,752.1,752.21,751.81,751.81,260806,SPY
2026-07-14 13:15:00-04:00,751.81,752.13,751.5,752.07,223187,SPY
2026-07-14 13:20:00-04:00,752.085,752.61,752.085,752.43,205631,SPY
2026-07-14 13:25:00-04:00,752.44,752.56,752.24,752.3,143521,SPY
2026-07-14 13:30:00-04:00,752.32,752.49,752.0,752.01,137820,SPY
2026-07-14 13:35:00-04:00,752.005,752.13,751.8,752.1201,164530,SPY
2026-07-14 13:40:00-04:00,752.135,752.19,751.9,752.04,137379,SPY
2026-07-14 13:45:00-04:00,752.06,752.25,751.76,752.08,138101,SPY
2026-07-14 13:50:00-04:00,752.08,752.31,752.07,752.226,123216,SPY
2026-07-14 13:55:00-04:00,752.22,752.31,752.13,752.275,143473,SPY
2026-07-14 14:00:00-04:00,752.28,752.48,751.93,752.44,229483,SPY
2026-07-14 14:05:00-04:00,752.45,752.5,752.26,752.4,143498,SPY
2026-07-14 14:10:00-04:00,752.4,752.63,752.34,752.6,149750,SPY
2026-07-14 14:15:00-04:00,752.5995,752.77,752.45,752.62,197275,SPY
2026-07-14 14:20:00-04:00,752.605,752.76,752.41,752.44,174450,SPY
2026-07-14 14:25:00-04:00,752.4599,752.61,752.3,752.5,261376,SPY
2026-07-14 14:30:00-04:00,752.485,752.5595,752.33,752.46,196639,SPY
2026-07-14 14:35:00-04:00,752.47,752.6,752.0,752.35,311116,SPY
2026-07-14 14:40:00-04:00,752.34,752.34,751.66,752.01,409466,SPY
2026-07-14 14:45:00-04:00,752.01,752.24,751.9,751.95,236819,SPY
2026-07-14 14:50:00-04:00,751.97,752.32,751.86,752.24,1189488,SPY
2026-07-14 14:55:00-04:00,752.21,752.27,752.08,752.1705,211229,SPY
2026-07-14 15:00:00-04:00,752.19,752.27,751.87,751.97,388032,SPY
2026-07-14 15:05:00-04:00,751.95,752.11,751.84,751.9025,342304,SPY
2026-07-14 15:10:00-04:00,751.89,752.14,751.77,752.06,312246,SPY
2026-07-14 15:15:00-04:00,752.08,752.25,751.8,752.09,802910,SPY
2026-07-14 15:20:00-04:00,752.11,752.44,752.0589,752.415,245238,SPY
2026-07-14 15:25:00-04:00,752.4,752.45,752.12,752.15,263064,SPY
2026-07-14 15:30:00-04:00,752.16,752.17,751.71,752.02,538087,SPY
2026-07-14 15:35:00-04:00,752.02,752.32,751.88,751.96,423156,SPY
2026-07-14 15:40:00-04:00,751.96,752.4,751.91,752.29,365949,SPY
2026-07-14 15:45:00-04:00,752.28,752.52,752.25,752.475,576226,SPY
2026-07-14 15:50:00-04:00,752.48,752.52,752.09,752.095,1178683,SPY
2026-07-14 15:55:00-04:00,752.1,752.49,751.79,751.87,2436651,SPY
2026-07-15 09:30:00-04:00,754.24,755.26,754.2,755.19,1860971,SPY
2026-07-15 09:35:00-04:00,755.2,755.58,754.51,754.84,635841,SPY
2026-07-15 09:40:00-04:00,754.86,754.86,754.28,754.36,488224,SPY
2026-07-15 09:45:00-04:00,754.36,754.48,753.35,753.56,605047,SPY
2026-07-15 09:50:00-04:00,753.58,754.08,753.18,754.08,833149,SPY
2026-07-15 09:55:00-04:00,754.06,754.61,753.92,754.45,462875,SPY
2026-07-15 10:00:00-04:00,754.52,755.18,754.5,754.77,660710,SPY
2026-07-15 10:05:00-04:00,754.81,755.32,754.64,755.05,516448,SPY
2026-07-15 10:10:00-04:00,755.06,755.215,754.64,754.74,345983,SPY
2026-07-15 10:15:00-04:00,754.76,755.56,754.71,755.32,351336,SPY
2026-07-15 10:20:00-04:00,755.33,755.37,753.35,753.805,925807,SPY
2026-07-15 10:25:00-04:00,753.8,754.7226,753.38,754.62,714426,SPY
2026-07-15 10:30:00-04:00,754.64,754.87,753.95,754.6,490534,SPY
2026-07-15 10:35:00-04:00,754.63,754.79,753.515,753.6699,420871,SPY
2026-07-15 10:40:00-04:00,753.67,753.98,752.82,753.5299,471107,SPY
2026-07-15 10:45:00-04:00,753.505,753.83,752.91,753.79,461978,SPY
2026-07-15 10:50:00-04:00,753.8,753.825,752.741,753.05,412255,SPY
2026-07-15 10:55:00-04:00,753.08,753.53,752.84,753.4607,287590,SPY
2026-07-15 11:00:00-04:00,753.48,753.68,753.06,753.21,246355,SPY
2026-07-15 11:05:00-04:00,753.21,754.15,752.99,754.035,272481,SPY
2026-07-15 11:10:00-04:00,754.03,754.16,753.08,753.14,346951,SPY
2026-07-15 11:15:00-04:00,753.135,753.365,752.2,753.28,491451,SPY
2026-07-15 11:20:00-04:00,753.27,753.27,752.47,752.92,289074,SPY
2026-07-15 11:25:00-04:00,752.92,753.62,752.78,753.605,389621,SPY
2026-07-15 11:30:00-04:00,753.6,753.84,753.15,753.57,333737,SPY
2026-07-15 11:35:00-04:00,753.53,753.78,753.03,753.68,268186,SPY
2026-07-15 11:40:00-04:00,753.69,753.76,753.04,753.15,192917,SPY
2026-07-15 11:45:00-04:00,753.15,753.24,752.78,752.82,296635,SPY
2026-07-15 11:50:00-04:00,752.81,752.83,752.33,752.71,352785,SPY
2026-07-15 11:55:00-04:00,752.69,752.78,752.28,752.6695,188506,SPY
2026-07-15 12:00:00-04:00,752.64,752.828,751.76,752.08,442535,SPY
2026-07-15 12:05:00-04:00,752.09,752.11,751.39,751.95,418461,SPY
2026-07-15 12:10:00-04:00,751.95,752.07,751.14,751.22,302078,SPY
2026-07-15 12:15:00-04:00,751.2,751.38,750.91,751.04,408972,SPY
2026-07-15 12:20:00-04:00,751.03,751.17,750.44,750.54,474285,SPY
2026-07-15 12:25:00-04:00,750.53,750.8997,750.44,750.83,351428,SPY
2026-07-15 12:30:00-04:00,750.81,751.19,750.45,750.55,330946,SPY
2026-07-15 12:35:00-04:00,750.57,750.62,750.22,750.44,312851,SPY
2026-07-15 12:40:00-04:00,750.44,750.94,750.2,750.91,329120,SPY
2026-07-15 12:45:00-04:00,750.92,752.32,750.73,751.33,769995,SPY
2026-07-15 12:50:00-04:00,751.33,751.84,751.29,751.43,325864,SPY
2026-07-15 12:55:00-04:00,751.42,751.68,750.9603,751.67,310052,SPY
2026-07-15 13:00:00-04:00,751.68,752.07,751.58,751.92,331458,SPY
2026-07-15 13:05:00-04:00,751.925,752.4025,751.84,752.1,671669,SPY
2026-07-15 13:10:00-04:00,752.105,752.26,751.78,751.8,281877,SPY
2026-07-15 13:15:00-04:00,751.81,752.53,751.76,752.4,301258,SPY
2026-07-15 13:20:00-04:00,752.405,752.59,752.23,752.45,137027,SPY
2026-07-15 13:25:00-04:00,752.45,752.85,752.35,752.81,291833,SPY
2026-07-15 13:30:00-04:00,752.81,753.21,752.81,753.09,412691,SPY
2026-07-15 13:35:00-04:00,753.109,753.45,753.01,753.39,300636,SPY
2026-07-15 13:40:00-04:00,753.4,753.44,753.2,753.33,222664,SPY
2026-07-15 13:45:00-04:00,753.33,754.075,753.25,754.04,310038,SPY
2026-07-15 13:50:00-04:00,754.035,754.55,753.85,754.47,386878,SPY
2026-07-15 13:55:00-04:00,754.46,754.46,754.01,754.1901,458575,SPY
2026-07-15 14:00:00-04:00,754.2,754.55,754.14,754.34,285025,SPY
2026-07-15 14:05:00-04:00,754.34,754.65,754.28,754.55,288219,SPY
2026-07-15 14:10:00-04:00,754.565,754.75,754.535,754.55,391860,SPY
2026-07-15 14:15:00-04:00,754.555,754.56,754.22,754.325,528603,SPY
2026-07-15 14:20:00-04:00,754.325,754.84,754.315,754.7,315746,SPY
2026-07-15 14:25:00-04:00,754.7,754.8,754.58,754.635,460728,SPY
2026-07-15 14:30:00-04:00,754.635,754.92,754.53,754.82,462961,SPY
2026-07-15 14:35:00-04:00,754.81,754.82,754.44,754.49,264606,SPY
2026-07-15 14:40:00-04:00,754.49,754.58,754.0,754.02,284690,SPY
2026-07-15 14:45:00-04:00,754.03,754.04,753.38,753.63,461585,SPY
2026-07-15 14:50:00-04:00,753.65,753.735,753.16,753.37,495806,SPY
2026-07-15 14:55:00-04:00,753.34,753.53,753.1,753.19,281419,SPY
2026-07-15 15:00:00-04:00,753.19,753.73,753.05,753.66,352061,SPY
2026-07-15 15:05:00-04:00,753.67,753.83,753.49,753.57,329593,SPY
2026-07-15 15:10:00-04:00,753.54,753.93,753.47,753.78,371501,SPY
2026-07-15 15:15:00-04:00,753.78,753.84,753.52,753.53,250645,SPY
2026-07-15 15:20:00-04:00,753.53,753.56,753.17,753.34,395568,SPY
2026-07-15 15:25:00-04:00,753.33,753.77,753.17,753.63,383228,SPY
2026-07-15 15:30:00-04:00,753.63,753.93,753.09,753.26,924330,SPY
2026-07-15 15:35:00-04:00,753.28,753.9,753.13,753.85,598236,SPY
2026-07-15 15:40:00-04:00,753.84,754.21,753.77,754.095,642535,SPY
2026-07-15 15:45:00-04:00,754.08,754.15,753.5,753.63,779156,SPY
2026-07-15 15:50:00-04:00,753.63,754.18,753.63,754.16,1454644,SPY
2026-07-15 15:55:00-04:00,754.16,754.8,754.16,754.73,2213854,SPY
2026-07-16 09:30:00-04:00,752.76,753.52,752.09,752.2,2043117,SPY
2026-07-16 09:35:00-04:00,752.2,752.52,751.64,751.71,556064,SPY
2026-07-16 09:40:00-04:00,751.72,752.29,751.09,751.26,660254,SPY
2026-07-16 09:45:00-04:00,751.3,751.7,750.67,751.05,704345,SPY
2026-07-16 09:50:00-04:00,751.045,752.26,750.99,751.48,569436,SPY
2026-07-16 09:55:00-04:00,751.48,752.12,751.0,751.905,356333,SPY
2026-07-16 10:00:00-04:00,751.9,752.8202,751.64,752.72,660715,SPY
2026-07-16 10:05:00-04:00,752.74,753.55,752.59,753.3905,524923,SPY
2026-07-16 10:10:00-04:00,753.39,753.61,753.2,753.36,399437,SPY
2026-07-16 10:15:00-04:00,753.36,753.93,753.205,753.86,316165,SPY
2026-07-16 10:20:00-04:00,753.86,753.93,753.07,753.67,516302,SPY
2026-07-16 10:25:00-04:00,753.64,754.388,753.29,754.35,507544,SPY
2026-07-16 10:30:00-04:00,754.34,754.44,753.985,754.1892,373892,SPY
2026-07-16 10:35:00-04:00,754.17,754.52,753.82,753.94,294450,SPY
2026-07-16 10:40:00-04:00,753.93,754.4299,753.75,754.37,342619,SPY
2026-07-16 10:45:00-04:00,754.37,754.57,754.15,754.19,368465,SPY
2026-07-16 10:50:00-04:00,754.17,754.26,753.53,753.6791,362500,SPY
2026-07-16 10:55:00-04:00,753.65,754.2,753.34,754.17,452264,SPY
2026-07-16 11:00:00-04:00,754.2,754.38,753.61,753.66,234055,SPY
2026-07-16 11:05:00-04:00,753.63,753.8,753.08,753.53,390780,SPY
2026-07-16 11:10:00-04:00,753.52,753.78,753.08,753.325,224791,SPY
2026-07-16 11:15:00-04:00,753.33,753.6398,752.98,753.63,336034,SPY
2026-07-16 11:20:00-04:00,753.62,753.65,753.03,753.62,309732,SPY
2026-07-16 11:25:00-04:00,753.62,754.44,753.56,753.8001,302836,SPY
2026-07-16 11:30:00-04:00,753.82,754.23,753.27,754.2,294692,SPY
2026-07-16 11:35:00-04:00,754.19,754.4,753.83,754.32,195474,SPY
2026-07-16 11:40:00-04:00,754.3099,754.405,753.52,753.66,225776,SPY
2026-07-16 11:45:00-04:00,753.66,753.66,753.03,753.54,240122,SPY
2026-07-16 11:50:00-04:00,753.51,754.1,753.51,753.79,362195,SPY
2026-07-16 11:55:00-04:00,753.78,753.79,753.31,753.57,203375,SPY
2026-07-16 12:00:00-04:00,753.6,753.6,752.73,752.75,158344,SPY
2026-07-16 12:05:00-04:00,752.745,753.05,752.36,752.89,643228,SPY
2026-07-16 12:10:00-04:00,752.89,752.9,751.96,752.04,494795,SPY
2026-07-16 12:15:00-04:00,752.03,752.5449,751.89,752.22,319281,SPY
2026-07-16 12:20:00-04:00,752.22,752.22,751.54,751.66,441782,SPY
2026-07-16 12:25:00-04:00,751.63,752.1198,751.45,751.93,199395,SPY
2026-07-16 12:30:00-04:00,751.94,752.54,751.91,752.19,222424,SPY
2026-07-16 12:35:00-04:00,752.19,752.36,751.86,751.9,171786,SPY
2026-07-16 12:40:00-04:00,751.9,752.22,751.78,751.97,251292,SPY
2026-07-16 12:45:00-04:00,751.97,752.2065,751.59,752.01,283777,SPY
2026-07-16 12:50:00-04:00,752.01,752.67,751.87,752.61,226146,SPY
2026-07-16 12:55:00-04:00,752.6,752.97,752.6,752.86,513213,SPY
2026-07-16 13:00:00-04:00,752.88,752.91,752.2,752.6,260222,SPY
2026-07-16 13:05:00-04:00,752.58,752.82,752.2,752.7,198029,SPY
2026-07-16 13:10:00-04:00,752.67,752.78,752.13,752.19,197377,SPY
2026-07-16 13:15:00-04:00,752.19,752.53,752.11,752.42,146370,SPY
2026-07-16 13:20:00-04:00,752.4,752.52,752.04,752.04,903887,SPY
2026-07-16 13:25:00-04:00,752.05,752.85,752.03,752.705,179454,SPY
2026-07-16 13:30:00-04:00,752.71,752.81,752.0399,752.11,147944,SPY
2026-07-16 13:35:00-04:00,752.12,752.2002,751.54,751.65,377853,SPY
2026-07-16 13:40:00-04:00,751.64,751.64,751.1,751.42,664324,SPY
2026-07-16 13:45:00-04:00,751.43,751.89,751.08,751.68,345693,SPY
2026-07-16 13:50:00-04:00,751.695,751.89,751.37,751.58,154170,SPY
2026-07-16 13:55:00-04:00,751.57,751.58,751.085,751.31,197753,SPY
2026-07-16 14:00:00-04:00,751.33,751.48,750.89,750.89,298249,SPY
2026-07-16 14:05:00-04:00,750.9,750.945,750.46,750.74,549605,SPY
2026-07-16 14:10:00-04:00,750.74,751.45,750.71,750.73,426432,SPY
2026-07-16 14:15:00-04:00,750.7,751.34,750.46,751.2,427658,SPY
2026-07-16 14:20:00-04:00,751.19,751.71,751.14,751.34,337512,SPY
2026-07-16 14:25:00-04:00,751.36,751.5,750.87,750.91,389898,SPY
2026-07-16 14:30:00-04:00,750.92,750.93,750.55,750.72,208525,SPY
2026-07-16 14:35:00-04:00,750.68,750.68,750.35,750.36,262718,SPY
2026-07-16 14:40:00-04:00,750.36,750.7,749.92,750.52,515040,SPY
2026-07-16 14:45:00-04:00,750.5,750.9,750.3,750.77,286190,SPY
2026-07-16 14:50:00-04:00,750.76,750.93,750.22,750.22,264072,SPY
2026-07-16 14:55:00-04:00,750.22,750.48,750.11,750.23,597119,SPY
2026-07-16 15:00:00-04:00,750.22,750.7,750.09,750.53,297832,SPY
2026-07-16 15:05:00-04:00,750.51,750.68,749.76,749.77,393706,SPY
2026-07-16 15:10:00-04:00,749.75,749.85,749.58,749.76,355767,SPY
2026-07-16 15:15:00-04:00,749.74,749.88,749.4001,749.76,701998,SPY
2026-07-16 15:20:00-04:00,749.76,750.01,749.5,749.51,913161,SPY
2026-07-16 15:25:00-04:00,749.515,749.63,748.86,749.1,632627,SPY
2026-07-16 15:30:00-04:00,749.08,749.16,748.43,748.69,751215,SPY
2026-07-16 15:35:00-04:00,748.68,749.15,748.4,749.03,626528,SPY
2026-07-16 15:40:00-04:00,749.02,749.16,748.48,748.52,1807922,SPY
2026-07-16 15:45:00-04:00,748.51,748.63,747.88,748.21,1519249,SPY
2026-07-16 15:50:00-04:00,748.21,750.05,748.19,749.98,2764428,SPY
2026-07-16 15:55:00-04:00,749.99,751.04,749.99,750.76,3634040,SPY
2026-07-17 09:30:00-04:00,742.08,742.62,741.01,741.0325,3646013,SPY
2026-07-17 09:35:00-04:00,741.04,741.66,740.8,741.52,2254283,SPY
2026-07-17 09:40:00-04:00,741.5,742.67,740.8401,741.035,1285131,SPY
2026-07-17 09:45:00-04:00,741.05,743.14,740.95,743.03,1050322,SPY
2026-07-17 09:50:00-04:00,743.01,744.2,743.0,743.8867,640475,SPY
2026-07-17 09:55:00-04:00,743.88,744.83,743.6,744.8101,707927,SPY
2026-07-17 10:00:00-04:00,744.81,745.7725,744.6701,745.34,799754,SPY
2026-07-17 10:05:00-04:00,745.32,746.46,745.3,746.32,712291,SPY
2026-07-17 10:10:00-04:00,746.32,746.8,745.91,746.28,788566,SPY
2026-07-17 10:15:00-04:00,746.2662,747.29,746.17,746.57,721960,SPY
2026-07-17 10:20:00-04:00,746.5642,747.06,746.21,746.87,564846,SPY
2026-07-17 10:25:00-04:00,746.87,747.21,746.17,746.335,2399160,SPY
2026-07-17 10:30:00-04:00,746.34,746.6,745.6,745.99,576136,SPY
2026-07-17 10:35:00-04:00,745.995,746.79,745.7337,746.73,478420,SPY
2026-07-17 10:40:00-04:00,746.72,746.775,745.75,745.88,510674,SPY
2026-07-17 10:45:00-04:00,745.86,746.59,745.26,745.685,744414,SPY
2026-07-17 10:50:00-04:00,745.69,745.83,745.2,745.42,314683,SPY
2026-07-17 10:55:00-04:00,745.39,746.19,744.85,745.05,416999,SPY
2026-07-17 11:00:00-04:00,745.05,745.2235,744.14,744.23,832834,SPY
2026-07-17 11:05:00-04:00,744.23,745.01,744.1485,744.87,393491,SPY
2026-07-17 11:10:00-04:00,744.88,745.21,744.11,744.32,394536,SPY
2026-07-17 11:15:00-04:00,744.36,744.85,743.98,744.54,447458,SPY
2026-07-17 11:20:00-04:00,744.55,744.9,743.96,744.2909,496269,SPY
2026-07-17 11:25:00-04:00,744.31,745.57,744.28,745.445,332841,SPY
2026-07-17 11:30:00-04:00,745.44,745.9,744.86,745.04,811194,SPY
2026-07-17 11:35:00-04:00,745.01,745.77,744.4401,745.66,345546,SPY
2026-07-17 11:40:00-04:00,745.64,745.9,744.98,745.5,314654,SPY
2026-07-17 11:45:00-04:00,745.49,745.61,744.81,745.571,505214,SPY
2026-07-17 11:50:00-04:00,745.58,746.0909,745.17,746.0909,245141,SPY
2026-07-17 11:55:00-04:00,746.09,747.06,746.0019,746.87,436523,SPY
2026-07-17 12:00:00-04:00,746.88,747.1,745.18,745.55,845719,SPY
2026-07-17 12:05:00-04:00,745.55,745.96,744.83,745.95,2514622,SPY
2026-07-17 12:10:00-04:00,745.945,746.37,745.7,746.27,308586,SPY
2026-07-17 12:15:00-04:00,746.29,746.57,746.01,746.365,295906,SPY
2026-07-17 12:20:00-04:00,746.36,746.52,745.21,745.24,405591,SPY
2026-07-17 12:25:00-04:00,745.27,746.5,745.142,745.94,333302,SPY
2026-07-17 12:30:00-04:00,745.95,746.1761,745.54,745.56,328325,SPY
2026-07-17 12:35:00-04:00,745.605,746.05,745.56,745.91,197300,SPY
2026-07-17 12:40:00-04:00,745.9,746.45,745.6,746.41,227125,SPY
2026-07-17 12:45:00-04:00,746.43,747.01,746.23,746.8685,299535,SPY
2026-07-17 12:50:00-04:00,746.86,747.27,746.58,746.851,445804,SPY
2026-07-17 12:55:00-04:00,746.86,746.95,746.13,746.32,259543,SPY
2026-07-17 13:00:00-04:00,746.37,747.17,746.22,746.69,346995,SPY
2026-07-17 13:05:00-04:00,746.66,747.0,746.45,746.96,228704,SPY
2026-07-17 13:10:00-04:00,746.97,747.12,746.39,746.42,265228,SPY
2026-07-17 13:15:00-04:00,746.4,746.98,746.2338,746.28,297175,SPY
2026-07-17 13:20:00-04:00,746.27,746.44,745.97,746.29,434477,SPY
2026-07-17 13:25:00-04:00,746.3,747.02,746.27,746.87,1326653,SPY
2026-07-17 13:30:00-04:00,746.88,746.99,746.54,746.61,259241,SPY
2026-07-17 13:35:00-04:00,746.62,746.68,745.91,746.02,578118,SPY
2026-07-17 13:40:00-04:00,746.01,746.06,745.51,745.6,307718,SPY
2026-07-17 13:45:00-04:00,745.6,745.8909,745.4,745.57,285280,SPY
2026-07-17 13:50:00-04:00,745.57,745.64,744.76,744.9,294086,SPY
2026-07-17 13:55:00-04:00,744.8905,744.9996,744.38,744.58,353606,SPY
2026-07-17 14:00:00-04:00,744.58,745.14,744.38,744.6475,516377,SPY
2026-07-17 14:05:00-04:00,744.64,744.64,744.16,744.33,416314,SPY
2026-07-17 14:10:00-04:00,744.31,744.49,744.09,744.11,301115,SPY
2026-07-17 14:15:00-04:00,744.12,744.203,743.586,743.83,355599,SPY
2026-07-17 14:20:00-04:00,743.85,744.17,743.55,743.74,954726,SPY
2026-07-17 14:25:00-04:00,743.73,743.75,743.24,743.71,469769,SPY
2026-07-17 14:30:00-04:00,743.69,744.34,743.42,743.6612,395985,SPY
2026-07-17 14:35:00-04:00,743.67,743.95,743.51,743.73,199582,SPY
2026-07-17 14:40:00-04:00,743.75,743.8,743.1,743.26,316384,SPY
2026-07-17 14:45:00-04:00,743.24,744.25,743.095,743.8905,795556,SPY
2026-07-17 14:50:00-04:00,743.8996,744.5799,743.68,744.56,397373,SPY
2026-07-17 14:55:00-04:00,744.565,744.66,744.16,744.37,336557,SPY
2026-07-17 15:00:00-04:00,744.39,744.47,743.74,743.86,408602,SPY
2026-07-17 15:05:00-04:00,743.87,743.99,743.38,743.41,238804,SPY
2026-07-17 15:10:00-04:00,743.41,743.48,742.72,742.76,768193,SPY
2026-07-17 15:15:00-04:00,742.74,742.98,742.57,742.92,477727,SPY
2026-07-17 15:20:00-04:00,742.9,742.9,742.34,742.36,447454,SPY
2026-07-17 15:25:00-04:00,742.3301,743.28,742.13,743.16,746844,SPY
2026-07-17 15:30:00-04:00,743.17,743.62,742.77,743.03,1127405,SPY
2026-07-17 15:35:00-04:00,743.03,743.53,742.73,742.83,844183,SPY
2026-07-17 15:40:00-04:00,742.83,743.62,742.6,743.48,736663,SPY
2026-07-17 15:45:00-04:00,743.48,744.04,743.37,744.04,1120911,SPY
2026-07-17 15:50:00-04:00,744.03,744.29,743.48,743.97,1759257,SPY
2026-07-17 15:55:00-04:00,744.0,744.4,742.92,743.155,3182293,SPY
2026-07-20 09:30:00-04:00,747.06,748.05,746.8,748.05,1851776,SPY
2026-07-20 09:35:00-04:00,748.03,748.71,747.73,748.17,833394,SPY
2026-07-20 09:40:00-04:00,748.17,748.59,748.06,748.56,511709,SPY
2026-07-20 09:45:00-04:00,748.57,748.73,747.53,747.58,805592,SPY
2026-07-20 09:50:00-04:00,747.58,747.84,746.25,746.455,874876,SPY
2026-07-20 09:55:00-04:00,746.45,746.49,745.52,745.69,671795,SPY
2026-07-20 10:00:00-04:00,745.68,746.36,745.39,745.885,524174,SPY
2026-07-20 10:05:00-04:00,745.9,746.12,745.27,745.4,475704,SPY
2026-07-20 10:10:00-04:00,745.34,745.38,744.765,744.99,414066,SPY
2026-07-20 10:15:00-04:00,745.02,745.48,744.63,744.9,420432,SPY
2026-07-20 10:20:00-04:00,744.85,745.21,744.26,744.97,561519,SPY
2026-07-20 10:25:00-04:00,744.97,745.74,744.91,745.68,355120,SPY
2026-07-20 10:30:00-04:00,745.69,745.96,745.04,745.26,475390,SPY
2026-07-20 10:35:00-04:00,745.26,745.53,744.9599,745.33,453223,SPY
2026-07-20 10:40:00-04:00,745.35,745.79,744.752,744.89,258874,SPY
2026-07-20 10:45:00-04:00,744.88,745.74,744.4901,744.64,323848,SPY
2026-07-20 10:50:00-04:00,744.62,744.94,744.15,744.325,539597,SPY
2026-07-20 10:55:00-04:00,744.32,744.49,743.69,744.11,429824,SPY
2026-07-20 11:00:00-04:00,744.14,744.88,743.805,744.58,297794,SPY
2026-07-20 11:05:00-04:00,744.56,745.485,743.85,745.41,502571,SPY
2026-07-20 11:10:00-04:00,745.4,745.46,744.67,744.8,226403,SPY
2026-07-20 11:15:00-04:00,744.8,745.53,744.61,745.27,295430,SPY
2026-07-20 11:20:00-04:00,745.26,745.97,745.07,745.75,316075,SPY
2026-07-20 11:25:00-04:00,745.72,745.97,745.22,745.87,503848,SPY
2026-07-20 11:30:00-04:00,745.89,746.02,745.77,745.88,192342,SPY
2026-07-20 11:35:00-04:00,745.9,745.93,745.39,745.46,214063,SPY
2026-07-20 11:40:00-04:00,745.47,745.97,745.28,745.97,214146,SPY
2026-07-20 11:45:00-04:00,745.98,745.99,745.1,745.3,254897,SPY
2026-07-20 11:50:00-04:00,745.29,746.36,745.13,746.22,400298,SPY
2026-07-20 11:55:00-04:00,746.23,746.44,745.94,745.99,310885,SPY
2026-07-20 12:00:00-04:00,746.0,746.25,745.58,746.16,407969,SPY
2026-07-20 12:05:00-04:00,746.16,746.835,746.16,746.8,588741,SPY
2026-07-20 12:10:00-04:00,746.78,747.005,746.64,746.79,297597,SPY
2026-07-20 12:15:00-04:00,746.83,746.845,746.31,746.68,314922,SPY
2026-07-20 12:20:00-04:00,746.7,746.88,746.62,746.78,227319,SPY
2026-07-20 12:25:00-04:00,746.78,746.83,746.17,746.5,323898,SPY
2026-07-20 12:30:00-04:00,746.49,746.78,745.8,745.83,328389,SPY
2026-07-20 12:35:00-04:00,745.82,746.37,745.81,746.35,240742,SPY
2026-07-20 12:40:00-04:00,746.33,746.52,744.5,745.43,1044388,SPY
2026-07-20 12:45:00-04:00,745.41,746.18,745.21,746.13,420926,SPY
2026-07-20 12:50:00-04:00,746.12,746.155,744.91,744.97,316124,SPY
2026-07-20 12:55:00-04:00,744.97,745.19,744.73,745.0,481423,SPY
2026-07-20 13:00:00-04:00,745.01,745.21,744.55,744.5525,307945,SPY
2026-07-20 13:05:00-04:00,744.54,744.65,744.13,744.59,288703,SPY
2026-07-20 13:10:00-04:00,744.59,744.64,743.84,743.9,294244,SPY
2026-07-20 13:15:00-04:00,743.89,744.26,743.56,744.12,383022,SPY
2026-07-20 13:20:00-04:00,744.115,744.49,743.97,744.11,228512,SPY
2026-07-20 13:25:00-04:00,744.1,744.37,743.89,744.12,258856,SPY
2026-07-20 13:30:00-04:00,744.13,744.4201,743.95,744.325,243517,SPY
2026-07-20 13:35:00-04:00,744.3,744.54,743.99,744.01,267253,SPY
2026-07-20 13:40:00-04:00,744.03,744.05,743.59,743.76,344669,SPY
2026-07-20 13:45:00-04:00,743.77,744.35,743.63,744.25,281957,SPY
2026-07-20 13:50:00-04:00,744.22,744.92,744.21,744.65,290349,SPY
2026-07-20 13:55:00-04:00,744.65,744.69,744.2101,744.55,261761,SPY
2026-07-20 14:00:00-04:00,744.55,745.17,744.55,744.85,363635,SPY
2026-07-20 14:05:00-04:00,744.84,744.94,744.53,744.875,239896,SPY
2026-07-20 14:10:00-04:00,744.9,745.22,744.71,745.03,219433,SPY
2026-07-20 14:15:00-04:00,745.02,745.38,744.88,745.24,387343,SPY
2026-07-20 14:20:00-04:00,745.22,745.29,744.25,744.28,618991,SPY
2026-07-20 14:25:00-04:00,744.29,744.8,744.13,744.47,343916,SPY
2026-07-20 14:30:00-04:00,744.47,744.49,743.48,743.665,473873,SPY
2026-07-20 14:35:00-04:00,743.66,744.295,743.44,743.575,340647,SPY
2026-07-20 14:40:00-04:00,743.575,743.62,742.53,742.545,546380,SPY
2026-07-20 14:45:00-04:00,742.55,743.05,742.43,742.7,685176,SPY
2026-07-20 14:50:00-04:00,742.71,743.23,742.56,743.1,302428,SPY
2026-07-20 14:55:00-04:00,743.095,743.14,742.48,742.72,308207,SPY
2026-07-20 15:00:00-04:00,742.76,743.19,742.42,742.59,616940,SPY
2026-07-20 15:05:00-04:00,742.59,742.821,742.25,742.695,525097,SPY
2026-07-20 15:10:00-04:00,742.6994,743.1,741.7,741.7,591743,SPY
2026-07-20 15:15:00-04:00,741.71,742.21,741.5103,741.92,970049,SPY
2026-07-20 15:20:00-04:00,741.93,742.43,741.79,742.3,614806,SPY
2026-07-20 15:25:00-04:00,742.32,742.92,741.86,742.73,683468,SPY
2026-07-20 15:30:00-04:00,742.74,743.2,742.34,742.98,709918,SPY
2026-07-20 15:35:00-04:00,742.96,743.13,742.51,742.98,647393,SPY
2026-07-20 15:40:00-04:00,742.97,743.34,742.8,742.99,568417,SPY
2026-07-20 15:45:00-04:00,743.0,743.25,742.7,743.08,993664,SPY
2026-07-20 15:50:00-04:00,743.07,743.07,741.76,742.2,1894670,SPY
2026-07-20 15:55:00-04:00,742.18,742.24,741.61,742.14,4361321,SPY
2026-07-21 09:30:00-04:00,746.29,746.68,745.12,745.6,1901011,SPY
2026-07-21 09:35:00-04:00,745.61,746.2317,745.27,745.28,824912,SPY
2026-07-21 09:40:00-04:00,745.26,745.31,744.2709,744.51,600352,SPY
2026-07-21 09:45:00-04:00,744.52,745.0,744.18,744.95,420126,SPY
2026-07-21 09:50:00-04:00,744.97,745.35,744.26,745.07,386215,SPY
2026-07-21 09:55:00-04:00,745.05,745.365,744.61,745.36,344126,SPY
2026-07-21 10:00:00-04:00,745.37,745.8699,744.96,745.42,348723,SPY
2026-07-21 10:05:00-04:00,745.42,745.77,745.02,745.195,212358,SPY
2026-07-21 10:10:00-04:00,745.19,745.86,744.95,745.745,284660,SPY
2026-07-21 10:15:00-04:00,745.72,746.17,744.79,746.02,302137,SPY
2026-07-21 10:20:00-04:00,746.015,746.19,745.455,745.98,224452,SPY
2026-07-21 10:25:00-04:00,745.96,746.99,745.93,746.87,450689,SPY
2026-07-21 10:30:00-04:00,746.85,747.25,746.58,746.8,340012,SPY
2026-07-21 10:35:00-04:00,746.795,747.02,746.09,746.3,301549,SPY
2026-07-21 10:40:00-04:00,746.3,746.635,745.77,746.6,298164,SPY
2026-07-21 10:45:00-04:00,746.61,747.26,746.45,746.91,401228,SPY
2026-07-21 10:50:00-04:00,746.91,746.96,746.5,746.69,166050,SPY
2026-07-21 10:55:00-04:00,746.68,746.79,746.26,746.74,202701,SPY
2026-07-21 11:00:00-04:00,746.77,746.89,745.83,746.001,310493,SPY
2026-07-21 11:05:00-04:00,746.0,747.07,745.85,746.98,292853,SPY
2026-07-21 11:10:00-04:00,746.98,747.52,746.94,747.2098,337144,SPY
2026-07-21 11:15:00-04:00,747.21,747.55,747.1588,747.41,202955,SPY
2026-07-21 11:20:00-04:00,747.41,747.98,747.32,747.656,426494,SPY
2026-07-21 11:25:00-04:00,747.6544,748.01,747.61,748.0,191435,SPY
2026-07-21 11:30:00-04:00,747.98,748.0,747.41,747.775,364371,SPY
2026-07-21 11:35:00-04:00,747.79,747.93,747.43,747.58,267226,SPY
2026-07-21 11:40:00-04:00,747.56,747.8588,747.5199,747.595,235112,SPY
2026-07-21 11:45:00-04:00,747.5803,747.92,747.53,747.8115,165894,SPY
2026-07-21 11:50:00-04:00,747.82,747.98,747.7,747.72,270841,SPY
2026-07-21 11:55:00-04:00,747.77,747.9,747.47,747.52,178981,SPY
2026-07-21 12:00:00-04:00,747.52,748.23,747.49,748.22,235413,SPY
2026-07-21 12:05:00-04:00,748.2255,748.31,748.07,748.15,157808,SPY
2026-07-21 12:10:00-04:00,748.1498,748.27,748.04,748.23,163585,SPY
2026-07-21 12:15:00-04:00,748.24,748.53,748.22,748.47,456214,SPY
2026-07-21 12:20:00-04:00,748.48,748.75,748.41,748.58,202970,SPY
2026-07-21 12:25:00-04:00,748.58,748.7,748.44,748.66,119457,SPY
2026-07-21 12:30:00-04:00,748.64,748.78,748.4801,748.685,186951,SPY
2026-07-21 12:35:00-04:00,748.6809,748.72,748.49,748.67,101468,SPY
2026-07-21 12:40:00-04:00,748.67,748.74,748.5,748.61,120496,SPY
2026-07-21 12:45:00-04:00,748.63,748.65,748.4,748.49,125200,SPY
2026-07-21 12:50:00-04:00,748.49,748.995,748.45,748.9599,215362,SPY
2026-07-21 12:55:00-04:00,748.96,749.04,748.68,748.69,620830,SPY
2026-07-21 13:00:00-04:00,748.6884,748.83,748.5805,748.62,170343,SPY
2026-07-21 13:05:00-04:00,748.62,748.855,748.58,748.71,356355,SPY
2026-07-21 13:10:00-04:00,748.72,748.74,748.53,748.6,478893,SPY
2026-07-21 13:15:00-04:00,748.61,748.66,748.33,748.355,335585,SPY
2026-07-21 13:20:00-04:00,748.35,748.48,748.25,748.4,192939,SPY
2026-07-21 13:25:00-04:00,748.42,748.48,748.24,748.36,175614,SPY
2026-07-21 13:30:00-04:00,748.36,748.57,748.215,748.36,225080,SPY
2026-07-21 13:35:00-04:00,748.35,748.8,748.34,748.7,247679,SPY
2026-07-21 13:40:00-04:00,748.7,748.73,748.51,748.6699,142384,SPY
2026-07-21 13:45:00-04:00,748.66,748.86,748.55,748.82,161776,SPY
2026-07-21 13:50:00-04:00,748.84,748.93,748.66,748.68,306097,SPY
2026-07-21 13:55:00-04:00,748.675,748.72,748.44,748.59,232952,SPY
2026-07-21 14:00:00-04:00,748.59,748.77,748.26,748.32,295577,SPY
2026-07-21 14:05:00-04:00,748.3,748.55,748.27,748.455,163057,SPY
2026-07-21 14:10:00-04:00,748.44,748.549,748.12,748.16,245581,SPY
2026-07-21 14:15:00-04:00,748.17,748.27,748.09,748.21,219304,SPY
2026-07-21 14:20:00-04:00,748.19,748.4,748.11,748.3,200541,SPY
2026-07-21 14:25:00-04:00,748.29,748.3,748.065,748.21,316580,SPY
2026-07-21 14:30:00-04:00,748.22,748.26,747.94,747.97,218286,SPY
2026-07-21 14:35:00-04:00,747.97,748.27,747.96,748.15,227217,SPY
2026-07-21 14:40:00-04:00,748.15,748.61,748.02,748.54,215354,SPY
2026-07-21 14:45:00-04:00,748.53,748.64,748.38,748.45,161869,SPY
2026-07-21 14:50:00-04:00,748.47,748.51,748.25,748.2593,185937,SPY
2026-07-21 14:55:00-04:00,748.25,748.57,748.23,748.37,314496,SPY
2026-07-21 15:00:00-04:00,748.38,748.47,748.15,748.27,225750,SPY
2026-07-21 15:05:00-04:00,748.25,748.42,748.12,748.135,277072,SPY
2026-07-21 15:10:00-04:00,748.14,748.43,748.09,748.24,308319,SPY
2026-07-21 15:15:00-04:00,748.25,748.46,748.19,748.31,190314,SPY
2026-07-21 15:20:00-04:00,748.31,748.39,748.19,748.31,183500,SPY
2026-07-21 15:25:00-04:00,748.29,748.46,748.22,748.26,375104,SPY
2026-07-21 15:30:00-04:00,748.25,748.39,748.15,748.18,361485,SPY
2026-07-21 15:35:00-04:00,748.17,748.57,748.12,748.41,332389,SPY
2026-07-21 15:40:00-04:00,748.4005,748.588,748.24,748.53,742764,SPY
2026-07-21 15:45:00-04:00,748.53,748.64,748.245,748.605,605051,SPY
2026-07-21 15:50:00-04:00,748.59,748.7,748.29,748.38,1277177,SPY
2026-07-21 15:55:00-04:00,748.38,748.58,748.09,748.33,1743645,SPY
2026-07-22 09:30:00-04:00,746.62,747.57,746.37,747.315,1723196,SPY
2026-07-22 09:35:00-04:00,747.31,747.49,747.02,747.4,398272,SPY
2026-07-22 09:40:00-04:00,747.41,747.7,747.09,747.57,386033,SPY
2026-07-22 09:45:00-04:00,747.6,748.06,747.57,747.76,387195,SPY
2026-07-22 09:50:00-04:00,747.74,748.18,747.395,748.15,499544,SPY
2026-07-22 09:55:00-04:00,748.13,748.785,748.02,748.78,496342,SPY
2026-07-22 10:00:00-04:00,748.77,748.97,748.52,748.97,393130,SPY
2026-07-22 10:05:00-04:00,748.97,749.38,748.51,748.5401,386190,SPY
2026-07-22 10:10:00-04:00,748.54,748.775,748.1101,748.24,289947,SPY
2026-07-22 10:15:00-04:00,748.26,748.32,747.77,748.13,251758,SPY
2026-07-22 10:20:00-04:00,748.14,748.43,747.38,747.6,390741,SPY
2026-07-22 10:25:00-04:00,747.63,747.81,747.09,747.3,311511,SPY
2026-07-22 10:30:00-04:00,747.29,747.79,747.17,747.24,405856,SPY
2026-07-22 10:35:00-04:00,747.26,747.45,747.0508,747.31,396475,SPY
2026-07-22 10:40:00-04:00,747.3,747.45,746.76,746.78,250611,SPY
2026-07-22 10:45:00-04:00,746.79,747.47,746.68,747.37,297686,SPY
2026-07-22 10:50:00-04:00,747.38,747.65,747.09,747.42,348917,SPY
2026-07-22 10:55:00-04:00,747.39,747.977,747.15,747.935,280430,SPY
2026-07-22 11:00:00-04:00,747.93,748.44,747.89,748.305,277938,SPY
2026-07-22 11:05:00-04:00,748.3,748.75,748.2,748.61,333941,SPY
2026-07-22 11:10:00-04:00,748.61,749.0393,748.59,748.875,275844,SPY
2026-07-22 11:15:00-04:00,748.88,748.985,748.52,748.86,382048,SPY
2026-07-22 11:20:00-04:00,748.87,749.4,748.83,749.31,177372,SPY
2026-07-22 11:25:00-04:00,749.32,749.68,749.2607,749.41,274008,SPY
2026-07-22 11:30:00-04:00,749.42,749.51,748.92,748.96,258364,SPY
2026-07-22 11:35:00-04:00,748.985,749.14,748.7507,748.915,184888,SPY
2026-07-22 11:40:00-04:00,748.915,749.21,748.85,749.0,123396,SPY
2026-07-22 11:45:00-04:00,749.02,749.38,749.02,749.38,251782,SPY
2026-07-22 11:50:00-04:00,749.38,749.59,749.23,749.28,154286,SPY
2026-07-22 11:55:00-04:00,749.26,749.79,749.18,749.76,157530,SPY
2026-07-22 12:00:00-04:00,749.76,749.82,749.49,749.685,191780,SPY
2026-07-22 12:05:00-04:00,749.69,749.91,749.54,749.745,230076,SPY
2026-07-22 12:10:00-04:00,749.74,749.79,749.6,749.71,200353,SPY
2026-07-22 12:15:00-04:00,749.71,750.02,749.68,749.975,195351,SPY
2026-07-22 12:20:00-04:00,749.97,749.97,749.78,749.87,234835,SPY
2026-07-22 12:25:00-04:00,749.87,749.94,749.68,749.85,242635,SPY
2026-07-22 12:30:00-04:00,749.86,750.0048,749.75,749.93,178756,SPY
2026-07-22 12:35:00-04:00,749.92,749.96,749.79,749.87,313848,SPY
2026-07-22 12:40:00-04:00,749.89,749.89,749.64,749.755,179533,SPY
2026-07-22 12:45:00-04:00,749.76,749.9,749.52,749.605,179344,SPY
2026-07-22 12:50:00-04:00,749.61,749.68,749.48,749.52,132286,SPY
2026-07-22 12:55:00-04:00,749.51,749.95,749.5,749.83,146439,SPY
2026-07-22 13:00:00-04:00,749.835,749.96,749.37,749.5,233695,SPY
2026-07-22 13:05:00-04:00,749.5,749.75,749.48,749.61,580307,SPY
2026-07-22 13:10:00-04:00,749.6,749.62,749.25,749.32,361788,SPY
2026-07-22 13:15:00-04:00,749.31,749.43,749.19,749.25,502612,SPY
2026-07-22 13:20:00-04:00,749.24,749.26,748.95,749.175,195943,SPY
2026-07-22 13:25:00-04:00,749.17,749.39,749.0,749.0445,196990,SPY
2026-07-22 13:30:00-04:00,749.05,749.29,748.86,748.88,244761,SPY
2026-07-22 13:35:00-04:00,748.88,749.41,748.85,749.36,210400,SPY
2026-07-22 13:40:00-04:00,749.36,749.37,749.05,749.12,175551,SPY
2026-07-22 13:45:00-04:00,749.13,749.23,749.015,749.05,126164,SPY
2026-07-22 13:50:00-04:00,749.04,749.15,748.692,748.71,166578,SPY
2026-07-22 13:55:00-04:00,748.7,748.7,748.39,748.52,645620,SPY
2026-07-22 14:00:00-04:00,748.515,748.71,748.2,748.38,297919,SPY
2026-07-22 14:05:00-04:00,748.38,748.69,748.27,748.329,295069,SPY
2026-07-22 14:10:00-04:00,748.3,748.4,748.01,748.04,232207,SPY
2026-07-22 14:15:00-04:00,748.03,748.39,748.025,748.23,203582,SPY
2026-07-22 14:20:00-04:00,748.25,748.59,748.16,748.2226,238646,SPY
2026-07-22 14:25:00-04:00,748.23,748.55,748.21,748.49,188785,SPY
2026-07-22 14:30:00-04:00,748.49,748.49,748.05,748.2,276360,SPY
2026-07-22 14:35:00-04:00,748.19,748.47,748.16,748.41,188524,SPY
2026-07-22 14:40:00-04:00,748.43,748.47,748.23,748.2901,288221,SPY
2026-07-22 14:45:00-04:00,748.29,748.6,748.2049,748.2225,216078,SPY
2026-07-22 14:50:00-04:00,748.22,748.5799,748.11,748.52,245576,SPY
2026-07-22 14:55:00-04:00,748.5,748.59,748.3789,748.41,183536,SPY
2026-07-22 15:00:00-04:00,748.44,748.46,748.15,748.24,208281,SPY
2026-07-22 15:05:00-04:00,748.245,748.35,748.15,748.19,162600,SPY
2026-07-22 15:10:00-04:00,748.2,748.24,747.83,747.89,248523,SPY
2026-07-22 15:15:00-04:00,747.9,748.19,747.83,748.11,189199,SPY
2026-07-22 15:20:00-04:00,748.11,748.12,747.8,747.85,205636,SPY
2026-07-22 15:25:00-04:00,747.85,748.1,747.65,748.0,415094,SPY
2026-07-22 15:30:00-04:00,748.0,748.0,747.67,747.71,616066,SPY
2026-07-22 15:35:00-04:00,747.71,747.8,747.36,747.41,522654,SPY
2026-07-22 15:40:00-04:00,747.4215,747.92,747.42,747.79,556526,SPY
2026-07-22 15:45:00-04:00,747.795,748.07,747.755,747.98,742707,SPY
2026-07-22 15:50:00-04:00,747.99,748.3,747.69,747.81,870972,SPY
2026-07-22 15:55:00-04:00,747.82,748.24,747.295,747.33,3100017,SPY
2026-07-23 09:30:00-04:00,739.37,741.37,738.47,741.32,4201871,SPY
2026-07-23 09:35:00-04:00,741.3,741.87,740.85,741.445,793095,SPY
2026-07-23 09:40:00-04:00,741.42,742.56,741.42,741.82,612613,SPY
2026-07-23 09:45:00-04:00,741.85,741.995,740.17,740.4,807521,SPY
2026-07-23 09:50:00-04:00,740.37,740.945,739.72,740.93,1031948,SPY
2026-07-23 09:55:00-04:00,740.95,741.28,739.3,739.575,676870,SPY
2026-07-23 10:00:00-04:00,739.58,740.63,739.58,740.345,531714,SPY
2026-07-23 10:05:00-04:00,740.36,740.93,738.87,739.36,443580,SPY
2026-07-23 10:10:00-04:00,739.345,740.54,739.21,739.69,445606,SPY
2026-07-23 10:15:00-04:00,739.66,740.36,739.41,739.51,449562,SPY
2026-07-23 10:20:00-04:00,739.52,740.435,739.17,739.44,577693,SPY
2026-07-23 10:25:00-04:00,739.4,739.91,738.99,739.8,545442,SPY
2026-07-23 10:30:00-04:00,739.74,740.04,738.66,738.97,449770,SPY
2026-07-23 10:35:00-04:00,738.98,740.51,738.59,740.38,780782,SPY
2026-07-23 10:40:00-04:00,740.38,740.64,738.67,738.87,432500,SPY
2026-07-23 10:45:00-04:00,738.86,739.47,738.67,738.83,422993,SPY
2026-07-23 10:50:00-04:00,738.84,739.07,738.01,738.14,527804,SPY
2026-07-23 10:55:00-04:00,738.155,738.58,738.07,738.31,354913,SPY
2026-07-23 11:00:00-04:00,738.32,738.48,737.5,737.66,456987,SPY
2026-07-23 11:05:00-04:00,737.67,737.7,736.94,737.155,831070,SPY
2026-07-23 11:10:00-04:00,737.16,737.41,736.45,736.65,985434,SPY
2026-07-23 11:15:00-04:00,736.62,737.275,736.58,737.18,637201,SPY
2026-07-23 11:20:00-04:00,737.2,737.69,735.98,736.6699,1020234,SPY
2026-07-23 11:25:00-04:00,736.67,736.7204,735.81,735.9299,857021,SPY
2026-07-23 11:30:00-04:00,735.91,736.42,735.21,736.41,810901,SPY
2026-07-23 11:35:00-04:00,736.41,737.44,736.38,737.348,696790,SPY
2026-07-23 11:40:00-04:00,737.34,737.66,736.64,736.64,544099,SPY
2026-07-23 11:45:00-04:00,736.64,736.97,736.36,736.8962,352859,SPY
2026-07-23 11:50:00-04:00,736.89,737.33,736.59,737.32,320277,SPY
2026-07-23 11:55:00-04:00,737.33,737.9,737.12,737.845,333004,SPY
2026-07-23 12:00:00-04:00,737.845,738.31,737.53,738.035,421746,SPY
2026-07-23 12:05:00-04:00,738.04,738.47,737.55,738.47,343277,SPY
2026-07-23 12:10:00-04:00,738.47,738.835,738.42,738.62,409071,SPY
2026-07-23 12:15:00-04:00,738.62,738.83,738.22,738.57,1292232,SPY
2026-07-23 12:20:00-04:00,738.5828,739.66,738.57,739.46,484093,SPY
2026-07-23 12:25:00-04:00,739.45,739.62,739.15,739.45,378385,SPY
2026-07-23 12:30:00-04:00,739.45,739.49,739.06,739.12,328174,SPY
2026-07-23 12:35:00-04:00,739.1,739.72,738.94,739.6999,333622,SPY
2026-07-23 12:40:00-04:00,739.7,739.71,738.97,738.97,222903,SPY
2026-07-23 12:45:00-04:00,738.96,738.96,738.01,738.025,351531,SPY
2026-07-23 12:50:00-04:00,738.02,738.34,737.75,737.98,299219,SPY
2026-07-23 12:55:00-04:00,737.98,738.71,737.98,738.66,271435,SPY
2026-07-23 13:00:00-04:00,738.67,738.94,738.2,738.21,175458,SPY
2026-07-23 13:05:00-04:00,738.22,738.49,737.79,738.49,423821,SPY
2026-07-23 13:10:00-04:00,738.46,738.84,738.43,738.61,405299,SPY
2026-07-23 13:15:00-04:00,738.56,738.9,738.16,738.525,519411,SPY
2026-07-23 13:20:00-04:00,738.565,739.03,738.4,738.99,1506693,SPY
2026-07-23 13:25:00-04:00,738.98,739.2,738.74,738.75,374258,SPY
2026-07-23 13:30:00-04:00,738.74,738.8,738.05,738.09,647896,SPY
2026-07-23 13:35:00-04:00,738.055,738.12,737.465,737.62,154118,SPY
2026-07-23 13:40:00-04:00,737.62,737.86,737.27,737.71,189087,SPY
2026-07-23 13:45:00-04:00,737.7,738.29,737.5,738.16,179442,SPY
2026-07-23 13:50:00-04:00,738.17,738.2399,737.7,737.71,140875,SPY
2026-07-23 13:55:00-04:00,737.65,737.7099,737.13,737.19,149773,SPY
2026-07-23 14:00:00-04:00,737.16,737.31,736.9,736.98,212506,SPY
2026-07-23 14:05:00-04:00,736.97,737.16,736.8001,736.862,209211,SPY
2026-07-23 14:10:00-04:00,736.89,737.37,736.87,737.0298,593695,SPY
2026-07-23 14:15:00-04:00,736.972,737.36,736.82,737.0,281077,SPY
2026-07-23 14:20:00-04:00,737.02,737.44,736.94,737.41,183660,SPY
2026-07-23 14:25:00-04:00,737.42,737.49,737.035,737.42,218263,SPY
2026-07-23 14:30:00-04:00,737.415,737.66,737.32,737.6,279276,SPY
2026-07-23 14:35:00-04:00,737.58,737.69,736.83,736.93,327191,SPY
2026-07-23 14:40:00-04:00,736.93,737.02,736.61,736.84,415699,SPY
2026-07-23 14:45:00-04:00,736.83,737.45,736.83,737.3,583968,SPY
2026-07-23 14:50:00-04:00,737.3,737.37,736.6868,736.72,295039,SPY
2026-07-23 14:55:00-04:00,736.71,737.06,736.63,737.05,491634,SPY
2026-07-23 15:00:00-04:00,737.08,737.39,736.78,736.8,340647,SPY
2026-07-23 15:05:00-04:00,736.8,736.96,736.7,736.73,257690,SPY
2026-07-23 15:10:00-04:00,736.72,736.875,736.47,736.6,201871,SPY
2026-07-23 15:15:00-04:00,736.6,737.16,736.59,736.95,339486,SPY
2026-07-23 15:20:00-04:00,736.97,737.63,736.95,737.62,451009,SPY
2026-07-23 15:25:00-04:00,737.62,737.9,737.32,737.48,493815,SPY
2026-07-23 15:30:00-04:00,737.49,737.74,736.68,737.15,580631,SPY
2026-07-23 15:35:00-04:00,737.145,737.22,736.83,736.89,702327,SPY
2026-07-23 15:40:00-04:00,736.87,736.98,736.25,736.25,1754270,SPY
2026-07-23 15:45:00-04:00,736.26,736.4,735.72,735.925,988958,SPY
2026-07-23 15:50:00-04:00,735.93,736.98,735.93,736.71,2437408,SPY
2026-07-23 15:55:00-04:00,736.73,738.64,736.73,738.17,5113800,SPY
2026-07-24 09:30:00-04:00,738.51,739.5,738.42,739.2771,1467113,SPY
2026-07-24 09:35:00-04:00,739.29,739.66,738.88,739.11,415105,SPY
2026-07-24 09:40:00-04:00,739.1,739.1401,738.66,738.8101,406628,SPY
2026-07-24 09:45:00-04:00,738.81,739.88,738.57,739.82,482528,SPY
2026-07-24 09:50:00-04:00,739.81,739.81,737.69,737.84,758616,SPY
2026-07-24 09:55:00-04:00,737.83,738.2,737.43,737.53,480275,SPY
2026-07-24 10:00:00-04:00,738.11,738.6701,737.68,737.744,777067,SPY
2026-07-24 10:05:00-04:00,737.79,739.49,737.57,739.3,489734,SPY
2026-07-24 10:10:00-04:00,739.265,739.905,738.825,739.5395,932941,SPY
2026-07-24 10:15:00-04:00,739.54,739.71,738.0,738.535,993924,SPY
2026-07-24 10:20:00-04:00,738.53,739.95,738.16,739.54,401286,SPY
2026-07-24 10:25:00-04:00,739.56,739.72,738.97,739.18,390349,SPY
2026-07-24 10:30:00-04:00,739.19,739.23,738.33,738.34,412680,SPY
2026-07-24 10:35:00-04:00,738.335,738.82,737.91,738.06,331563,SPY
2026-07-24 10:40:00-04:00,738.03,738.35,737.84,737.905,667881,SPY
2026-07-24 10:45:00-04:00,737.89,738.55,737.43,738.53,341313,SPY
2026-07-24 10:50:00-04:00,738.535,739.32,738.53,739.01,368611,SPY
2026-07-24 10:55:00-04:00,739.01,740.7,739.01,740.59,457825,SPY
2026-07-24 11:00:00-04:00,740.59,740.96,740.21,740.24,1066983,SPY
2026-07-24 11:05:00-04:00,740.23,740.64,739.66,739.6999,310429,SPY
2026-07-24 11:10:00-04:00,739.69,742.17,739.58,741.88,772738,SPY
2026-07-24 11:15:00-04:00,741.86,743.0,741.34,741.4775,736171,SPY
2026-07-24 11:20:00-04:00,741.495,742.65,741.41,742.37,453802,SPY
2026-07-24 11:25:00-04:00,742.395,743.13,742.33,742.61,413289,SPY
2026-07-24 11:30:00-04:00,742.6,742.9,742.05,742.08,242596,SPY
2026-07-24 11:35:00-04:00,742.045,743.158,742.03,743.07,318123,SPY
2026-07-24 11:40:00-04:00,743.06,743.25,742.029,742.29,273038,SPY
2026-07-24 11:45:00-04:00,742.29,742.65,742.0,742.13,215877,SPY
2026-07-24 11:50:00-04:00,742.135,742.79,742.13,742.56,351940,SPY
2026-07-24 11:55:00-04:00,742.56,743.11,742.52,743.015,310650,SPY
2026-07-24 12:00:00-04:00,743.04,743.24,742.64,743.21,667546,SPY
2026-07-24 12:05:00-04:00,743.2,743.55,742.94,743.28,454257,SPY
2026-07-24 12:10:00-04:00,743.3,743.72,742.85,742.97,340403,SPY
2026-07-24 12:15:00-04:00,743.0,743.32,742.81,743.1347,255553,SPY
2026-07-24 12:20:00-04:00,743.1449,743.5,743.1,743.3599,200917,SPY
2026-07-24 12:25:00-04:00,743.36,743.57,743.18,743.19,178237,SPY
2026-07-24 12:30:00-04:00,743.17,743.19,742.36,742.5,390307,SPY
2026-07-24 12:35:00-04:00,742.515,742.74,742.23,742.27,210497,SPY
2026-07-24 12:40:00-04:00,742.26,742.26,741.64,741.65,236074,SPY
2026-07-24 12:45:00-04:00,741.64,741.81,740.95,741.1899,405413,SPY
2026-07-24 12:50:00-04:00,741.19,741.27,740.74,741.07,279526,SPY
2026-07-24 12:55:00-04:00,741.049,741.76,740.87,741.45,199361,SPY
2026-07-24 13:00:00-04:00,741.47,741.6,741.01,741.175,182715,SPY
2026-07-24 13:05:00-04:00,741.17,741.33,740.38,740.4183,386540,SPY
2026-07-24 13:10:00-04:00,740.4,741.06,740.2301,740.93,255564,SPY
2026-07-24 13:15:00-04:00,740.95,741.47,740.66,741.41,184125,SPY
2026-07-24 13:20:00-04:00,741.4165,741.49,740.9072,741.3,327532,SPY
2026-07-24 13:25:00-04:00,741.29,741.84,740.99,741.71,196903,SPY
2026-07-24 13:30:00-04:00,741.75,742.1692,741.53,742.1118,156146,SPY
2026-07-24 13:35:00-04:00,742.11,742.12,741.43,741.51,162452,SPY
2026-07-24 13:40:00-04:00,741.52,741.54,741.07,741.08,184684,SPY
2026-07-24 13:45:00-04:00,741.07,741.39,740.92,741.31,162181,SPY
2026-07-24 13:50:00-04:00,741.31,741.535,740.97,741.27,270661,SPY
2026-07-24 13:55:00-04:00,741.29,741.39,740.97,740.98,244499,SPY
2026-07-24 14:00:00-04:00,740.99,741.29,740.77,740.89,188906,SPY
2026-07-24 14:05:00-04:00,740.88,741.27,740.75,740.97,338674,SPY
2026-07-24 14:10:00-04:00,741.02,741.075,740.48,740.59,257613,SPY
2026-07-24 14:15:00-04:00,740.595,740.65,740.14,740.23,387838,SPY
2026-07-24 14:20:00-04:00,740.19,740.2,739.72,739.81,433579,SPY
2026-07-24 14:25:00-04:00,739.8,739.88,739.0,739.035,473174,SPY
2026-07-24 14:30:00-04:00,739.05,739.16,738.07,738.1738,593684,SPY
2026-07-24 14:35:00-04:00,738.19,738.63,737.83,738.27,879485,SPY
2026-07-24 14:40:00-04:00,738.27,738.27,737.64,737.85,439073,SPY
2026-07-24 14:45:00-04:00,737.87,738.7,737.79,738.31,392359,SPY
2026-07-24 14:50:00-04:00,738.29,738.5,738.03,738.205,417134,SPY
2026-07-24 14:55:00-04:00,738.19,738.71,738.14,738.38,302475,SPY
2026-07-24 15:00:00-04:00,738.39,738.895,738.21,738.28,895698,SPY
2026-07-24 15:05:00-04:00,738.25,738.65,737.56,737.605,779209,SPY
2026-07-24 15:10:00-04:00,737.61,738.23,737.47,737.6,705769,SPY
2026-07-24 15:15:00-04:00,737.6,737.83,737.41,737.8,1036183,SPY
2026-07-24 15:20:00-04:00,737.82,738.02,737.29,737.43,521023,SPY
2026-07-24 15:25:00-04:00,737.44,737.87,737.3,737.65,459031,SPY
2026-07-24 15:30:00-04:00,737.72,738.38,737.66,738.09,822160,SPY
2026-07-24 15:35:00-04:00,738.08,738.66,737.99,738.11,1074359,SPY
2026-07-24 15:40:00-04:00,738.11,738.34,737.79,738.28,800742,SPY
2026-07-24 15:45:00-04:00,738.3,738.44,737.75,738.3399,1069183,SPY
2026-07-24 15:50:00-04:00,738.34,738.58,737.64,738.47,1055109,SPY
2026-07-24 15:55:00-04:00,738.49,739.1,738.05,738.86,3826336,SPY
2026-07-27 09:30:00-04:00,744.91,745.17,743.9425,744.655,1905497,SPY
2026-07-27 09:35:00-04:00,744.66,745.53,744.57,744.97,673895,SPY
2026-07-27 09:40:00-04:00,744.97,745.065,743.44,743.45,563061,SPY
2026-07-27 09:45:00-04:00,743.48,744.15,743.2,743.8,584594,SPY
2026-07-27 09:50:00-04:00,743.85,744.17,743.37,743.45,404221,SPY
2026-07-27 09:55:00-04:00,743.43,743.46,741.6,741.6,587019,SPY
2026-07-27 10:00:00-04:00,741.6,742.13,741.22,741.66,1099633,SPY
2026-07-27 10:05:00-04:00,741.65,742.04,741.23,741.75,612508,SPY
2026-07-27 10:10:00-04:00,741.75,741.77,740.46,740.965,653122,SPY
2026-07-27 10:15:00-04:00,740.97,741.565,740.52,740.99,610851,SPY
2026-07-27 10:20:00-04:00,740.945,740.945,739.63,739.825,539015,SPY
2026-07-27 10:25:00-04:00,739.825,740.0,738.2,738.315,1004967,SPY
2026-07-27 10:30:00-04:00,738.33,738.555,737.73,737.97,902868,SPY
2026-07-27 10:35:00-04:00,737.945,738.3,737.14,738.08,720749,SPY
2026-07-27 10:40:00-04:00,738.075,738.27,736.54,736.79,636446,SPY
2026-07-27 10:45:00-04:00,736.79,738.16,736.79,738.0,542379,SPY
2026-07-27 10:50:00-04:00,737.99,738.825,737.93,738.59,597315,SPY
2026-07-27 10:55:00-04:00,738.59,739.88,738.37,739.6901,566206,SPY
2026-07-27 11:00:00-04:00,739.72,739.97,739.34,739.76,442765,SPY
2026-07-27 11:05:00-04:00,739.74,740.31,739.1901,739.22,910063,SPY
2026-07-27 11:10:00-04:00,739.27,739.935,739.1,739.39,360377,SPY
2026-07-27 11:15:00-04:00,739.36,739.52,737.94,738.805,363940,SPY
2026-07-27 11:20:00-04:00,738.81,739.3,738.02,738.18,265057,SPY
2026-07-27 11:25:00-04:00,738.165,738.54,737.88,738.29,433314,SPY
2026-07-27 11:30:00-04:00,738.27,738.27,737.3,737.41,264012,SPY
2026-07-27 11:35:00-04:00,737.42,737.5,736.335,736.94,409638,SPY
2026-07-27 11:40:00-04:00,736.93,737.47,736.5912,737.44,334033,SPY
2026-07-27 11:45:00-04:00,737.43,737.55,736.69,736.89,243039,SPY
2026-07-27 11:50:00-04:00,736.92,737.36,736.71,737.06,183387,SPY
2026-07-27 11:55:00-04:00,737.06,737.65,736.96,737.485,217265,SPY
2026-07-27 12:00:00-04:00,737.4925,738.16,737.39,738.15,221283,SPY
2026-07-27 12:05:00-04:00,738.15,738.37,737.718,738.3,196164,SPY
2026-07-27 12:10:00-04:00,738.31,738.69,737.3857,737.45,226422,SPY
2026-07-27 12:15:00-04:00,737.44,737.48,736.86,737.3,543560,SPY
2026-07-27 12:20:00-04:00,737.31,737.83,737.07,737.77,156681,SPY
2026-07-27 12:25:00-04:00,737.77,739.68,737.71,738.72,763317,SPY
2026-07-27 12:30:00-04:00,738.72,739.31,738.4,738.9099,183224,SPY
2026-07-27 12:35:00-04:00,738.89,739.35,738.45,738.97,218445,SPY
2026-07-27 12:40:00-04:00,738.98,739.1023,738.08,738.34,162992,SPY
2026-07-27 12:45:00-04:00,738.35,738.8,738.1,738.1,138429,SPY
2026-07-27 12:50:00-04:00,738.08,738.08,737.0,737.15,209793,SPY
2026-07-27 12:55:00-04:00,737.15,737.16,736.64,737.057,188221,SPY
2026-07-27 13:00:00-04:00,737.07,737.1,736.1,736.181,289830,SPY
2026-07-27 13:05:00-04:00,736.18,736.58,736.07,736.38,201760,SPY
2026-07-27 13:10:00-04:00,736.37,736.77,736.18,736.65,343362,SPY
2026-07-27 13:15:00-04:00,736.64,736.76,735.87,736.215,231599,SPY
2026-07-27 13:20:00-04:00,736.22,736.76,736.1,736.385,266710,SPY
2026-07-27 13:25:00-04:00,736.395,736.65,736.19,736.2,195724,SPY
2026-07-27 13:30:00-04:00,736.22,737.2,736.18,737.16,231267,SPY
2026-07-27 13:35:00-04:00,737.145,737.28,736.56,736.71,171705,SPY
2026-07-27 13:40:00-04:00,736.69,736.91,736.5,736.8,114163,SPY
2026-07-27 13:45:00-04:00,736.82,737.135,736.57,736.76,125647,SPY
2026-07-27 13:50:00-04:00,736.73,737.55,736.68,737.4982,141067,SPY
2026-07-27 13:55:00-04:00,737.54,737.85,737.28,737.8,184185,SPY
2026-07-27 14:00:00-04:00,737.84,737.96,737.54,737.61,212283,SPY
2026-07-27 14:05:00-04:00,737.6,737.97,737.48,737.68,299969,SPY
2026-07-27 14:10:00-04:00,737.67,737.93,737.62,737.75,216631,SPY
2026-07-27 14:15:00-04:00,737.75,737.83,737.03,737.25,250125,SPY
2026-07-27 14:20:00-04:00,737.22,737.69,737.08,737.5501,163252,SPY
2026-07-27 14:25:00-04:00,737.55,737.8,737.42,737.62,244690,SPY
2026-07-27 14:30:00-04:00,737.64,737.65,736.86,736.905,198582,SPY
2026-07-27 14:35:00-04:00,736.86,737.08,736.7,736.79,226540,SPY
2026-07-27 14:40:00-04:00,736.79,737.59,736.62,737.47,682693,SPY
2026-07-27 14:45:00-04:00,737.485,737.75,737.36,737.37,236413,SPY
2026-07-27 14:50:00-04:00,737.38,738.65,737.37,738.55,328213,SPY
2026-07-27 14:55:00-04:00,738.56,739.25,738.51,739.06,485661,SPY
2026-07-27 15:00:00-04:00,739.06,739.17,738.552,738.575,417093,SPY
2026-07-27 15:05:00-04:00,738.57,739.4,738.49,739.32,422423,SPY
2026-07-27 15:10:00-04:00,739.3,739.58,738.95,739.09,283609,SPY
2026-07-27 15:15:00-04:00,739.1,739.5,739.09,739.495,257850,SPY
2026-07-27 15:20:00-04:00,739.52,739.77,739.35,739.615,409953,SPY
2026-07-27 15:25:00-04:00,739.62,739.72,739.34,739.65,268266,SPY
2026-07-27 15:30:00-04:00,739.65,739.85,739.47,739.57,448729,SPY
2026-07-27 15:35:00-04:00,739.55,739.69,738.92,738.99,650122,SPY
2026-07-27 15:40:00-04:00,738.99,739.2199,738.82,738.97,627623,SPY
2026-07-27 15:45:00-04:00,738.96,739.07,738.62,739.04,1084314,SPY
2026-07-27 15:50:00-04:00,739.05,739.23,738.5824,738.77,1543745,SPY
2026-07-27 15:55:00-04:00,738.77,739.11,738.5,739.02,4015323,SPY
2026-07-28 09:30:00-04:00,739.19,739.48,738.03,738.155,2837977,SPY
2026-07-28 09:35:00-04:00,738.16,739.065,737.76,737.79,824055,SPY
2026-07-28 09:40:00-04:00,737.79,738.34,736.56,737.05,1041103,SPY
2026-07-28 09:45:00-04:00,737.05,737.61,735.98,737.53,893500,SPY
2026-07-28 09:50:00-04:00,737.53,738.175,736.73,737.0599,748968,SPY
2026-07-28 09:55:00-04:00,737.04,737.25,736.16,736.5,520934,SPY
2026-07-28 10:00:00-04:00,736.49,737.71,736.45,737.26,402300,SPY
2026-07-28 10:05:00-04:00,737.24,738.215,736.88,737.09,500278,SPY
2026-07-28 10:10:00-04:00,737.04,737.81,736.27,736.59,454557,SPY
2026-07-28 10:15:00-04:00,736.61,737.16,736.44,736.61,789147,SPY
2026-07-28 10:20:00-04:00,736.63,737.878,736.37,737.305,483313,SPY
2026-07-28 10:25:00-04:00,737.31,737.75,737.15,737.7,463346,SPY
2026-07-28 10:30:00-04:00,737.72,738.0,737.21,737.245,548219,SPY
2026-07-28 10:35:00-04:00,737.24,738.62,737.15,737.53,535883,SPY
2026-07-28 10:40:00-04:00,737.54,738.61,737.4,738.27,676154,SPY
2026-07-28 10:45:00-04:00,738.25,739.41,737.86,739.31,660577,SPY
2026-07-28 10:50:00-04:00,739.3,739.785,739.15,739.42,626397,SPY
2026-07-28 10:55:00-04:00,739.43,739.82,738.58,738.64,364229,SPY
2026-07-28 11:00:00-04:00,738.7,739.18,738.14,738.15,677367,SPY
2026-07-28 11:05:00-04:00,738.16,738.84,738.01,738.8,254071,SPY
2026-07-28 11:10:00-04:00,738.77,739.71,738.46,739.34,420180,SPY
2026-07-28 11:15:00-04:00,739.38,740.57,739.1901,740.57,658227,SPY
2026-07-28 11:20:00-04:00,740.57,741.38,740.545,741.38,702554,SPY
2026-07-28 11:25:00-04:00,741.36,741.9,741.04,741.2,664777,SPY
2026-07-28 11:30:00-04:00,741.17,741.48,740.991,741.25,233448,SPY
2026-07-28 11:35:00-04:00,741.31,741.9,741.24,741.62,249016,SPY
2026-07-28 11:40:00-04:00,741.6,742.09,741.42,742.07,288552,SPY
2026-07-28 11:45:00-04:00,742.07,742.45,741.96,742.32,347047,SPY
2026-07-28 11:50:00-04:00,742.32,742.41,741.79,742.06,326561,SPY
2026-07-28 11:55:00-04:00,742.07,742.39,741.8,742.215,198277,SPY
2026-07-28 12:00:00-04:00,742.205,742.35,741.94,742.02,433367,SPY
2026-07-28 12:05:00-04:00,742.02,742.2,741.56,741.57,298787,SPY
2026-07-28 12:10:00-04:00,741.57,741.84,741.48,741.62,270948,SPY
2026-07-28 12:15:00-04:00,741.61,741.92,741.32,741.9,244630,SPY
2026-07-28 12:20:00-04:00,741.908,742.09,741.31,741.49,209637,SPY
2026-07-28 12:25:00-04:00,741.48,741.6,741.21,741.21,176750,SPY
2026-07-28 12:30:00-04:00,741.23,741.39,740.92,741.11,180477,SPY
2026-07-28 12:35:00-04:00,741.12,741.8,741.08,741.7799,173601,SPY
2026-07-28 12:40:00-04:00,741.78,742.15,741.71,741.94,353730,SPY
2026-07-28 12:45:00-04:00,741.94,742.08,741.39,741.79,309539,SPY
2026-07-28 12:50:00-04:00,741.79,742.66,741.76,742.61,383824,SPY
2026-07-28 12:55:00-04:00,742.62,742.7901,742.48,742.61,167506,SPY
2026-07-28 13:00:00-04:00,742.61,742.78,742.085,742.14,297007,SPY
2026-07-28 13:05:00-04:00,742.15,742.32,741.45,741.5299,228247,SPY
2026-07-28 13:10:00-04:00,741.5,741.82,741.18,741.34,343721,SPY
2026-07-28 13:15:00-04:00,741.335,741.53,741.08,741.31,175637,SPY
2026-07-28 13:20:00-04:00,741.32,742.19,741.21,741.35,357005,SPY
2026-07-28 13:25:00-04:00,741.335,741.72,741.13,741.31,124272,SPY
2026-07-28 13:30:00-04:00,741.3,741.83,741.11,741.7,189957,SPY
2026-07-28 13:35:00-04:00,741.72,741.92,741.34,741.4,125230,SPY
2026-07-28 13:40:00-04:00,741.38,741.66,740.65,740.8,323917,SPY
2026-07-28 13:45:00-04:00,740.795,741.39,740.64,741.3,273765,SPY
2026-07-28 13:50:00-04:00,741.285,741.285,740.68,740.7609,136456,SPY
2026-07-28 13:55:00-04:00,740.74,741.22,740.51,741.19,222469,SPY
2026-07-28 14:00:00-04:00,741.2,741.52,741.01,741.23,273418,SPY
2026-07-28 14:05:00-04:00,741.2,741.29,740.74,740.85,233917,SPY
2026-07-28 14:10:00-04:00,740.85,740.9318,740.42,740.455,380289,SPY
2026-07-28 14:15:00-04:00,740.46,740.845,740.43,740.76,292465,SPY
2026-07-28 14:20:00-04:00,740.75,740.96,740.51,740.5401,165059,SPY
2026-07-28 14:25:00-04:00,740.55,740.69,740.43,740.59,250657,SPY
2026-07-28 14:30:00-04:00,740.59,741.05,740.5,740.935,265820,SPY
2026-07-28 14:35:00-04:00,740.9049,741.12,740.74,740.82,170009,SPY
2026-07-28 14:40:00-04:00,740.84,740.88,740.55,740.77,255894,SPY
2026-07-28 14:45:00-04:00,740.79,741.41,740.69,741.25,338437,SPY
2026-07-28 14:50:00-04:00,741.25,741.52,741.15,741.25,229256,SPY
2026-07-28 14:55:00-04:00,741.25,741.615,741.07,741.45,237145,SPY
2026-07-28 15:00:00-04:00,741.45,741.96,741.43,741.91,375364,SPY
2026-07-28 15:05:00-04:00,741.88,741.955,741.39,741.42,1364659,SPY
2026-07-28 15:10:00-04:00,741.43,741.65,741.33,741.47,221720,SPY
2026-07-28 15:15:00-04:00,741.46,741.72,741.31,741.6499,345562,SPY
2026-07-28 15:20:00-04:00,741.62,741.84,741.53,741.81,1094845,SPY
2026-07-28 15:25:00-04:00,741.82,741.85,741.35,741.7,398036,SPY
2026-07-28 15:30:00-04:00,741.71,741.73,741.46,741.5325,690086,SPY
2026-07-28 15:35:00-04:00,741.53,741.555,740.93,741.01,391016,SPY
2026-07-28 15:40:00-04:00,741.01,741.31,740.99,741.3,476767,SPY
2026-07-28 15:45:00-04:00,741.3,741.34,740.89,741.11,919399,SPY
2026-07-28 15:50:00-04:00,741.1,741.67,740.85,741.64,1198938,SPY
2026-07-28 15:55:00-04:00,741.63,741.63,740.43,740.76,5045104,SPY
2026-07-29 09:30:00-04:00,739.97,740.39,738.72,740.03,2005035,SPY
2026-07-29 09:35:00-04:00,740.02,740.24,739.175,739.9,395710,SPY
2026-07-29 09:40:00-04:00,739.89,740.04,739.32,739.68,838844,SPY
2026-07-29 09:45:00-04:00,739.66,740.22,738.88,739.155,525174,SPY
2026-07-29 09:50:00-04:00,739.16,739.21,737.43,737.81,613806,SPY
2026-07-29 09:55:00-04:00,737.78,737.78,736.61,737.36,627156,SPY
2026-07-29 10:00:00-04:00,737.43,738.09,737.35,737.8,917628,SPY
2026-07-29 10:05:00-04:00,737.785,738.33,736.71,736.81,415704,SPY
2026-07-29 10:10:00-04:00,736.78,737.04,735.0401,735.41,727128,SPY
2026-07-29 10:15:00-04:00,735.41,736.27,735.36,735.89,540169,SPY
2026-07-29 10:20:00-04:00,735.89,736.47,735.31,735.49,520529,SPY
2026-07-29 10:25:00-04:00,735.47,735.52,734.26,734.92,838779,SPY
2026-07-29 10:30:00-04:00,734.91,735.84,734.81,735.32,86016,SPY
2026-07-29 10:35:00-04:00,735.32,735.46,734.66,734.81,657612,SPY
2026-07-29 10:40:00-04:00,734.78,734.8,733.79,734.22,577499,SPY
2026-07-29 10:45:00-04:00,734.21,734.79,733.89,734.43,442505,SPY
2026-07-29 10:50:00-04:00,734.425,735.34,734.26,735.03,479301,SPY
2026-07-29 10:55:00-04:00,735.02,735.09,734.27,734.82,281205,SPY
2026-07-29 11:00:00-04:00,734.82,735.5493,734.43,735.32,373832,SPY
2026-07-29 11:05:00-04:00,735.32,735.6191,734.67,735.59,345938,SPY
2026-07-29 11:10:00-04:00,735.63,735.66,734.53,734.64,354996,SPY
2026-07-29 11:15:00-04:00,734.65,735.49,734.53,734.56,303515,SPY
2026-07-29 11:20:00-04:00,734.57,735.05,734.37,735.02,284631,SPY
2026-07-29 11:25:00-04:00,735.01,735.215,734.35,734.4403,209233,SPY
2026-07-29 11:30:00-04:00,734.42,734.99,734.28,734.57,204830,SPY
2026-07-29 11:35:00-04:00,734.58,734.9699,734.03,734.03,232836,SPY
2026-07-29 11:40:00-04:00,734.02,734.42,733.72,733.99,263869,SPY
2026-07-29 11:45:00-04:00,733.98,734.47,733.79,734.44,217372,SPY
2026-07-29 11:50:00-04:00,734.43,734.54,733.47,733.48,235884,SPY
2026-07-29 11:55:00-04:00,733.51,733.88,733.02,733.73,406160,SPY
2026-07-29 12:00:00-04:00,733.76,734.03,732.74,732.81,327099,SPY
2026-07-29 12:05:00-04:00,732.84,732.84,732.22,732.71,472886,SPY
2026-07-29 12:10:00-04:00,732.7,732.76,732.02,732.02,325022,SPY
2026-07-29 12:15:00-04:00,732.02,732.36,731.73,732.23,660736,SPY
2026-07-29 12:20:00-04:00,732.24,733.6,732.11,733.35,399286,SPY
2026-07-29 12:25:00-04:00,733.35,733.92,733.28,733.85,356148,SPY
2026-07-29 12:30:00-04:00,733.84,734.32,733.3948,733.3948,393943,SPY
2026-07-29 12:35:00-04:00,733.4,733.68,732.98,733.57,663020,SPY
2026-07-29 12:40:00-04:00,733.55,733.71,732.88,733.2299,303600,SPY
2026-07-29 12:45:00-04:00,733.22,733.96,733.03,733.93,274572,SPY
2026-07-29 12:50:00-04:00,733.95,734.5,733.71,734.29,254201,SPY
2026-07-29 12:55:00-04:00,734.26,734.87,734.1401,734.87,220409,SPY
2026-07-29 13:00:00-04:00,734.88,735.99,734.74,735.86,362702,SPY
2026-07-29 13:05:00-04:00,735.895,735.93,735.34,735.395,353415,SPY
2026-07-29 13:10:00-04:00,735.4,736.62,735.33,736.6,429716,SPY
2026-07-29 13:15:00-04:00,736.61,736.865,736.295,736.73,384861,SPY
2026-07-29 13:20:00-04:00,736.73,737.24,736.29,736.34,368551,SPY
2026-07-29 13:25:00-04:00,736.33,736.46,735.73,735.74,388325,SPY
2026-07-29 13:30:00-04:00,735.75,736.35,735.27,735.84,374541,SPY
2026-07-29 13:35:00-04:00,735.81,735.97,735.35,735.64,222045,SPY
2026-07-29 13:40:00-04:00,735.64,735.92,735.39,735.75,231375,SPY
2026-07-29 13:45:00-04:00,735.76,736.03,735.39,735.978,217402,SPY
2026-07-29 13:50:00-04:00,735.98,736.4,735.95,736.19,369375,SPY
2026-07-29 13:55:00-04:00,736.19,736.42,735.61,736.4075,330588,SPY
2026-07-29 14:00:00-04:00,736.37,739.55,736.37,738.14,1893154,SPY
2026-07-29 14:05:00-04:00,738.11,739.04,737.68,738.09,665191,SPY
2026-07-29 14:10:00-04:00,738.06,738.38,736.96,737.39,613643,SPY
2026-07-29 14:15:00-04:00,737.42,738.26,736.82,737.02,481252,SPY
2026-07-29 14:20:00-04:00,737.01,737.11,736.3183,736.66,396281,SPY
2026-07-29 14:25:00-04:00,736.69,737.36,736.46,737.31,490315,SPY
2026-07-29 14:30:00-04:00,737.36,738.08,735.95,736.91,834015,SPY
2026-07-29 14:35:00-04:00,736.93,739.29,736.34,738.94,532500,SPY
2026-07-29 14:40:00-04:00,738.9346,741.02,738.85,740.72,906270,SPY
2026-07-29 14:45:00-04:00,740.72,742.12,740.47,741.93,1062438,SPY
2026-07-29 14:50:00-04:00,741.92,742.645,741.27,742.59,924783,SPY
2026-07-29 14:55:00-04:00,742.61,742.68,741.55,741.95,608207,SPY
2026-07-29 15:00:00-04:00,741.945,742.59,740.1,740.54,862845,SPY
2026-07-29 15:05:00-04:00,740.52,740.56,738.42,738.43,878279,SPY
2026-07-29 15:10:00-04:00,738.41,739.25,737.95,738.9126,711858,SPY
2026-07-29 15:15:00-04:00,738.895,739.77,737.38,737.5899,868891,SPY
2026-07-29 15:20:00-04:00,737.59,737.67,735.33,735.37,1214289,SPY
2026-07-29 15:25:00-04:00,735.37,735.71,734.2806,735.15,1201050,SPY
2026-07-29 15:30:00-04:00,735.21,735.74,732.695,733.5899,2836755,SPY
2026-07-29 15:35:00-04:00,733.58,734.02,731.52,731.605,1571024,SPY
2026-07-29 15:40:00-04:00,731.595,732.27,730.9,731.3,1726730,SPY
2026-07-29 15:45:00-04:00,731.3,732.09,730.41,731.9099,2456951,SPY
2026-07-29 15:50:00-04:00,731.89,731.89,730.17,730.83,2247582,SPY
2026-07-29 15:55:00-04:00,730.82,730.82,729.1,729.54,8906932,SPY
2026-07-30 09:30:00-04:00,736.05,736.27,734.97,735.4451,3476633,SPY
2026-07-30 09:35:00-04:00,735.44,736.05,734.98,735.34,1026329,SPY
2026-07-30 09:40:00-04:00,735.31,736.79,734.63,736.395,1100592,SPY
2026-07-30 09:45:00-04:00,736.39,737.43,736.35,737.4,1294931,SPY
2026-07-30 09:50:00-04:00,737.39,738.3641,737.07,737.87,1047074,SPY
2026-07-30 09:55:00-04:00,737.865,738.66,737.59,738.625,963366,SPY
2026-07-30 10:00:00-04:00,738.625,738.99,738.08,738.58,1379841,SPY
2026-07-30 10:05:00-04:00,738.58,738.905,737.55,737.7672,792218,SPY
2026-07-30 10:10:00-04:00,737.76,738.155,737.44,737.98,670183,SPY
2026-07-30 10:15:00-04:00,737.98,738.48,737.38,737.79,539046,SPY
2026-07-30 10:20:00-04:00,737.79,738.57,737.62,737.97,489609,SPY
2026-07-30 10:25:00-04:00,737.97,739.3,737.73,738.5798,683208,SPY
2026-07-30 10:30:00-04:00,738.64,738.88,738.055,738.36,817739,SPY
2026-07-30 10:35:00-04:00,738.321,738.9399,738.0372,738.685,301325,SPY
2026-07-30 10:40:00-04:00,738.69,739.11,737.68,737.84,454847,SPY
2026-07-30 10:45:00-04:00,737.8499,738.15,736.83,737.22,592163,SPY
2026-07-30 10:50:00-04:00,737.22,737.355,736.085,736.21,1178122,SPY
2026-07-30 10:55:00-04:00,736.2,736.57,735.6099,736.23,956670,SPY
2026-07-30 11:00:00-04:00,736.23,736.59,735.26,736.265,712620,SPY
2026-07-30 11:05:00-04:00,736.22,736.82,735.39,736.75,702778,SPY
2026-07-30 11:10:00-04:00,736.7401,736.77,734.83,734.89,633889,SPY
2026-07-30 11:15:00-04:00,734.87,735.73,734.59,735.47,615652,SPY
2026-07-30 11:20:00-04:00,735.48,736.165,735.21,735.43,514103,SPY
2026-07-30 11:25:00-04:00,735.425,735.82,734.63,734.8,560256,SPY
2026-07-30 11:30:00-04:00,734.84,736.08,734.68,736.08,392420,SPY
2026-07-30 11:35:00-04:00,736.09,736.46,735.45,735.93,333094,SPY
2026-07-30 11:40:00-04:00,735.92,736.97,735.78,736.623,399337,SPY
2026-07-30 11:45:00-04:00,736.65,737.32,736.65,737.075,815781,SPY
2026-07-30 11:50:00-04:00,737.08,737.25,736.38,737.23,524660,SPY
2026-07-30 11:55:00-04:00,737.23,737.67,737.0601,737.13,590600,SPY
2026-07-30 12:00:00-04:00,737.15,738.3457,736.87,738.28,768816,SPY
2026-07-30 12:05:00-04:00,738.27,738.43,737.88,738.19,385370,SPY
2026-07-30 12:10:00-04:00,738.18,738.98,738.13,738.865,745890,SPY
2026-07-30 12:15:00-04:00,738.87,739.22,738.82,738.95,285061,SPY
2026-07-30 12:20:00-04:00,738.95,739.13,738.58,738.665,409762,SPY
2026-07-30 12:25:00-04:00,738.65,738.97,738.5402,738.76,208936,SPY
2026-07-30 12:30:00-04:00,738.77,738.89,738.36,738.74,308487,SPY
2026-07-30 12:35:00-04:00,738.765,739.05,738.4808,738.51,232896,SPY
2026-07-30 12:40:00-04:00,738.51,738.545,737.755,738.03,409450,SPY
2026-07-30 12:45:00-04:00,738.04,738.75,738.0,738.56,291951,SPY
2026-07-30 12:50:00-04:00,738.59,739.17,738.27,738.97,254477,SPY
2026-07-30 12:55:00-04:00,738.97,739.17,738.7801,738.985,203497,SPY
2026-07-30 13:00:00-04:00,738.98,740.05,738.9799,739.95,534185,SPY
2026-07-30 13:05:00-04:00,739.96,740.13,739.6195,739.78,327734,SPY
2026-07-30 13:10:00-04:00,739.79,739.99,739.53,739.7,579955,SPY
2026-07-30 13:15:00-04:00,739.7,740.24,739.64,740.18,240039,SPY
2026-07-30 13:20:00-04:00,740.17,740.18,739.7612,739.98,232907,SPY
2026-07-30 13:25:00-04:00,739.96,739.99,739.65,739.76,463383,SPY
2026-07-30 13:30:00-04:00,739.765,740.01,739.38,739.53,320664,SPY
2026-07-30 13:35:00-04:00,739.54,739.93,739.19,739.3,482773,SPY
2026-07-30 13:40:00-04:00,739.35,740.16,739.35,739.91,439077,SPY
2026-07-30 13:45:00-04:00,739.91,740.16,739.86,739.8703,460648,SPY
2026-07-30 13:50:00-04:00,739.87,740.38,739.82,739.87,264502,SPY
2026-07-30 13:55:00-04:00,739.86,739.99,739.6512,739.78,174042,SPY
2026-07-30 14:00:00-04:00,739.785,740.3,739.72,739.76,587491,SPY
2026-07-30 14:05:00-04:00,739.74,740.22,739.705,740.085,350183,SPY
2026-07-30 14:10:00-04:00,740.12,740.3,739.98,740.2,379776,SPY
2026-07-30 14:15:00-04:00,740.22,740.36,740.06,740.17,258804,SPY
2026-07-30 14:20:00-04:00,740.15,740.44,740.06,740.31,271499,SPY
2026-07-30 14:25:00-04:00,740.3,740.41,740.12,740.38,220586,SPY
2026-07-30 14:30:00-04:00,740.4,740.59,740.2,740.32,461007,SPY
2026-07-30 14:35:00-04:00,740.31,740.38,740.03,740.12,362920,SPY
2026-07-30 14:40:00-04:00,740.11,740.39,740.0725,740.33,447102,SPY
2026-07-30 14:45:00-04:00,740.34,740.58,740.31,740.51,286530,SPY
2026-07-30 14:50:00-04:00,740.5,740.69,740.39,740.5,396608,SPY
2026-07-30 14:55:00-04:00,740.49,740.83,740.39,740.77,300577,SPY
2026-07-30 15:00:00-04:00,740.75,741.355,740.74,741.215,486213,SPY
2026-07-30 15:05:00-04:00,741.23,741.81,741.14,741.775,587863,SPY
2026-07-30 15:10:00-04:00,741.78,742.3,741.76,742.07,562828,SPY
2026-07-30 15:15:00-04:00,742.06,742.45,741.81,742.29,459565,SPY
2026-07-30 15:20:00-04:00,742.3096,742.31,741.96,742.04,853964,SPY
2026-07-30 15:25:00-04:00,742.03,742.21,741.74,741.78,539449,SPY
2026-07-30 15:30:00-04:00,741.77,741.99,741.65,741.765,573565,SPY
2026-07-30 15:35:00-04:00,741.77,741.9,741.43,741.73,1137061,SPY
2026-07-30 15:40:00-04:00,741.73,741.91,741.52,741.79,840977,SPY
2026-07-30 15:45:00-04:00,741.8,741.88,741.31,741.61,2424614,SPY
2026-07-30 15:50:00-04:00,741.59,741.65,741.14,741.39,2223414,SPY
2026-07-30 15:55:00-04:00,741.41,742.1,741.0,741.73,5384123,SPY
2026-07-31 09:30:00-04:00,744.68,746.301,744.58,746.0,2361327,SPY
2026-07-31 09:35:00-04:00,745.98,746.26,744.11,744.122,1141953,SPY
2026-07-31 09:40:00-04:00,744.13,744.21,742.84,743.1,1343432,SPY
2026-07-31 09:45:00-04:00,743.1,743.6,741.99,742.275,1072726,SPY
2026-07-31 09:50:00-04:00,742.285,742.68,741.55,742.0,928049,SPY
2026-07-31 09:55:00-04:00,742.01,742.83,741.69,741.94,719610,SPY
2026-07-31 10:00:00-04:00,741.94,742.365,740.29,740.3225,846677,SPY
2026-07-31 10:05:00-04:00,740.295,740.75,738.43,739.14,1217952,SPY
2026-07-31 10:10:00-04:00,739.15,739.39,737.97,738.478,1280307,SPY
2026-07-31 10:15:00-04:00,738.47,739.5,737.68,738.63,1235745,SPY
2026-07-31 10:20:00-04:00,738.61,740.12,738.38,739.51,945580,SPY
2026-07-31 10:25:00-04:00,739.51,740.57,739.28,740.49,755236,SPY
2026-07-31 10:30:00-04:00,740.48,741.18,740.13,740.49,679280,SPY
2026-07-31 10:35:00-04:00,740.48,741.41,740.45,741.225,539441,SPY
2026-07-31 10:40:00-04:00,741.21,741.66,740.58,741.625,505040,SPY
2026-07-31 10:45:00-04:00,741.6,742.497,741.44,742.4229,562833,SPY
2026-07-31 10:50:00-04:00,742.42,742.95,742.0489,742.19,528639,SPY
2026-07-31 10:55:00-04:00,742.19,742.69,741.51,742.5,410682,SPY
2026-07-31 11:00:00-04:00,742.53,742.705,741.76,742.505,325179,SPY
2026-07-31 11:05:00-04:00,742.5201,742.82,741.46,741.83,379746,SPY
2026-07-31 11:10:00-04:00,741.84,742.49,741.1237,742.15,315476,SPY
2026-07-31 11:15:00-04:00,742.14,743.1,741.51,741.95,388881,SPY
2026-07-31 11:20:00-04:00,741.92,742.17,741.0,741.08,387515,SPY
2026-07-31 11:25:00-04:00,741.02,741.2112,740.09,740.3,606756,SPY
2026-07-31 11:30:00-04:00,740.29,741.0,739.81,740.74,471108,SPY
2026-07-31 11:35:00-04:00,740.75,742.335,740.68,742.065,665735,SPY
2026-07-31 11:40:00-04:00,742.06,742.34,740.9701,741.82,268217,SPY
2026-07-31 11:45:00-04:00,741.83,741.98,741.105,741.43,257942,SPY
2026-07-31 11:50:00-04:00,741.42,742.94,741.29,742.805,322510,SPY
2026-07-31 11:55:00-04:00,742.78,743.33,742.55,743.0908,412576,SPY
2026-07-31 12:00:00-04:00,743.09,743.56,742.92,743.25,378058,SPY
2026-07-31 12:05:00-04:00,743.24,743.39,742.46,743.04,495945,SPY
2026-07-31 12:10:00-04:00,743.045,743.66,743.0,743.55,393988,SPY
2026-07-31 12:15:00-04:00,743.52,743.6,742.78,743.305,277585,SPY
2026-07-31 12:20:00-04:00,743.29,744.43,743.25,744.2859,397448,SPY
2026-07-31 12:25:00-04:00,744.29,744.42,743.8,744.42,244371,SPY
2026-07-31 12:30:00-04:00,744.43,744.8299,744.28,744.78,373165,SPY
2026-07-31 12:35:00-04:00,744.78,745.03,744.35,744.55,308507,SPY
2026-07-31 12:40:00-04:00,744.53,744.77,744.09,744.17,269195,SPY
2026-07-31 12:45:00-04:00,744.16,744.6,743.99,744.53,238591,SPY
2026-07-31 12:50:00-04:00,744.57,745.02,744.43,744.5925,216358,SPY
2026-07-31 12:55:00-04:00,744.58,744.86,744.525,744.62,193880,SPY
2026-07-31 13:00:00-04:00,744.62,745.306,744.5,745.06,387170,SPY
2026-07-31 13:05:00-04:00,745.03,745.26,744.55,744.81,268677,SPY
2026-07-31 13:10:00-04:00,744.79,745.29,744.63,745.225,478960,SPY
2026-07-31 13:15:00-04:00,745.22,745.51,745.1,745.45,259359,SPY
2026-07-31 13:20:00-04:00,745.44,746.1,745.2,746.04,354634,SPY
2026-07-31 13:25:00-04:00,746.04,746.4,745.91,746.29,724209,SPY
2026-07-31 13:30:00-04:00,746.3,746.44,746.06,746.365,349311,SPY
2026-07-31 13:35:00-04:00,746.35,746.5,745.75,745.7899,541313,SPY
2026-07-31 13:40:00-04:00,745.77,746.03,745.61,745.8425,340151,SPY
2026-07-31 13:45:00-04:00,745.86,746.11,745.23,745.29,772408,SPY
2026-07-31 13:50:00-04:00,745.27,745.86,745.19,745.59,350266,SPY
2026-07-31 13:55:00-04:00,745.585,745.77,745.41,745.44,278582,SPY
2026-07-31 14:00:00-04:00,745.44,746.0199,745.295,745.64,421654,SPY
2026-07-31 14:05:00-04:00,745.64,746.04,745.47,745.89,275172,SPY
2026-07-31 14:10:00-04:00,745.89,746.03,745.52,745.72,241354,SPY
2026-07-31 14:15:00-04:00,745.69,746.26,745.63,746.085,322018,SPY
2026-07-31 14:20:00-04:00,746.08,746.43,746.01,746.33,391030,SPY
2026-07-31 14:25:00-04:00,746.34,746.36,745.91,746.01,1032930,SPY
2026-07-31 14:30:00-04:00,746.04,746.275,746.03,746.09,295203,SPY
2026-07-31 14:35:00-04:00,746.07,746.1,745.75,745.82,588344,SPY
2026-07-31 14:40:00-04:00,745.81,746.18,745.67,746.065,397597,SPY
2026-07-31 14:45:00-04:00,746.08,746.37,745.92,746.34,442739,SPY
2026-07-31 14:50:00-04:00,746.33,746.54,746.19,746.24,498599,SPY
2026-07-31 14:55:00-04:00,746.24,746.37,745.9,746.155,435798,SPY
2026-07-31 15:00:00-04:00,746.14,746.57,745.88,745.88,384081,SPY
2026-07-31 15:05:00-04:00,745.92,746.24,745.79,746.16,540213,SPY
2026-07-31 15:10:00-04:00,746.16,746.53,746.12,746.33,628266,SPY
2026-07-31 15:15:00-04:00,746.325,747.555,746.26,747.52,1294128,SPY
2026-07-31 15:20:00-04:00,747.52,747.92,747.41,747.495,1001378,SPY
2026-07-31 15:25:00-04:00,747.49,747.67,747.33,747.49,1336398,SPY
2026-07-31 15:30:00-04:00,747.49,747.51,746.87,747.17,952697,SPY
2026-07-31 15:35:00-04:00,747.18,747.645,747.15,747.56,974739,SPY
2026-07-31 15:40:00-04:00,747.54,748.11,747.3,748.095,1014375,SPY
2026-07-31 15:45:00-04:00,748.1,748.51,748.07,748.5,1566180,SPY
2026-07-31 15:50:00-04:00,748.49,748.895,747.84,748.595,1539906,SPY
2026-07-31 15:55:00-04:00,748.58,748.69,746.34,746.81,4267686,SPY
2026-08-03 09:30:00-04:00,749.44,751.32,749.1,750.78,2814090,SPY
2026-08-03 09:35:00-04:00,750.76,751.94,750.74,751.72,1182383,SPY
2026-08-03 09:40:00-04:00,751.7,751.83,750.97,751.58,779930,SPY
2026-08-03 09:45:00-04:00,751.59,752.33,751.37,751.91,989041,SPY
2026-08-03 09:50:00-04:00,751.92,752.95,751.6,752.76,1051955,SPY
2026-08-03 09:55:00-04:00,752.765,753.6387,752.6501,753.6,865548,SPY
2026-08-03 10:00:00-04:00,753.62,753.95,753.0,753.41,687378,SPY
2026-08-03 10:05:00-04:00,753.41,753.64,753.17,753.58,569103,SPY
2026-08-03 10:10:00-04:00,753.5701,754.05,753.55,753.9,756162,SPY
2026-08-03 10:15:00-04:00,753.89,754.54,753.83,754.1827,705702,SPY
2026-08-03 10:20:00-04:00,754.19,754.78,754.16,754.6199,855195,SPY
2026-08-03 10:25:00-04:00,754.62,754.77,754.362,754.5,917643,SPY
2026-08-03 10:30:00-04:00,754.5,754.64,754.31,754.51,856562,SPY
2026-08-03 10:35:00-04:00,754.52,754.935,754.4301,754.795,622383,SPY
2026-08-03 10:40:00-04:00,754.79,755.165,754.75,754.9,728742,SPY
2026-08-03 10:45:00-04:00,754.91,754.96,754.705,754.87,546306,SPY
2026-08-03 10:50:00-04:00,754.87,755.14,754.815,754.92,714168,SPY
2026-08-03 10:55:00-04:00,754.915,755.4055,754.915,755.3701,552651,SPY
2026-08-03 11:00:00-04:00,755.38,755.43,755.095,755.24,761862,SPY
2026-08-03 11:05:00-04:00,755.24,755.25,754.79,754.95,416538,SPY
2026-08-03 11:10:00-04:00,754.94,755.13,754.8,755.055,536919,SPY
2026-08-03 11:15:00-04:00,755.055,755.4,755.05,755.39,574404,SPY
2026-08-03 11:20:00-04:00,755.4,755.69,755.38,755.58,525449,SPY
2026-08-03 11:25:00-04:00,755.575,755.7,755.02,755.11,700928,SPY
2026-08-03 11:30:00-04:00,755.12,755.47,755.075,755.3,546004,SPY
2026-08-03 11:35:00-04:00,755.29,755.62,755.2,755.56,1677014,SPY
2026-08-03 11:40:00-04:00,755.545,755.83,755.53,755.6401,425499,SPY
2026-08-03 11:45:00-04:00,755.65,756.07,755.65,756.02,683205,SPY
2026-08-03 11:50:00-04:00,756.03,756.21,755.97,756.18,315176,SPY
2026-08-03 11:55:00-04:00,756.17,756.19,755.8214,755.955,392424,SPY
2026-08-03 12:00:00-04:00,755.96,756.17,755.9301,756.0,297262,SPY
2026-08-03 12:05:00-04:00,756.0025,756.09,755.865,756.0291,536475,SPY
2026-08-03 12:10:00-04:00,756.0499,756.05,755.76,755.99,388291,SPY
2026-08-03 12:15:00-04:00,755.99,756.27,755.96,756.235,587120,SPY
2026-08-03 12:20:00-04:00,756.235,756.29,756.075,756.26,268717,SPY
2026-08-03 12:25:00-04:00,756.26,756.6,756.18,756.57,433356,SPY
2026-08-03 12:30:00-04:00,756.57,756.62,756.3217,756.435,704767,SPY
2026-08-03 12:35:00-04:00,756.43,756.43,756.21,756.29,399778,SPY
2026-08-03 12:40:00-04:00,756.29,756.505,756.23,756.47,360899,SPY
2026-08-03 12:45:00-04:00,756.48,756.5,756.3,756.31,370115,SPY
2026-08-03 12:50:00-04:00,756.32,756.38,756.03,756.05,431609,SPY
2026-08-03 12:55:00-04:00,756.05,756.35,756.015,756.22,282492,SPY
2026-08-03 13:00:00-04:00,756.22,756.3,756.03,756.21,416913,SPY
2026-08-03 13:05:00-04:00,756.21,756.3,755.98,756.215,492900,SPY
2026-08-03 13:10:00-04:00,756.21,756.61,756.21,756.51,303766,SPY
2026-08-03 13:15:00-04:00,756.5117,756.79,756.495,756.77,375228,SPY
2026-08-03 13:20:00-04:00,756.77,757.015,756.67,756.965,380249,SPY
2026-08-03 13:25:00-04:00,756.965,757.155,756.84,757.085,412070,SPY
2026-08-03 13:30:00-04:00,757.084,757.36,757.01,757.355,386141,SPY
2026-08-03 13:35:00-04:00,757.35,757.47,757.12,757.21,462426,SPY
2026-08-03 13:40:00-04:00,757.23,757.34,757.16,757.33,187564,SPY
2026-08-03 13:45:00-04:00,757.32,757.52,757.32,757.44,568490,SPY
2026-08-03 13:50:00-04:00,757.45,757.62,757.41,757.6,1919089,SPY
2026-08-03 13:55:00-04:00,757.6,757.78,757.56,757.6451,506377,SPY
2026-08-03 14:00:00-04:00,757.645,758.14,757.64,758.14,585793,SPY
2026-08-03 14:05:00-04:00,758.135,758.32,758.08,758.305,589387,SPY
2026-08-03 14:10:00-04:00,758.31,758.33,757.8636,758.01,498353,SPY
2026-08-03 14:15:00-04:00,758.015,758.31,757.9,757.96,469204,SPY
2026-08-03 14:20:00-04:00,757.97,758.17,757.8,757.95,331124,SPY
2026-08-03 14:25:00-04:00,757.94,758.05,757.48,757.57,399077,SPY
2026-08-03 14:30:00-04:00,757.58,757.82,757.34,757.51,611117,SPY
2026-08-03 14:35:00-04:00,757.52,757.81,757.48,757.67,565082,SPY
2026-08-03 14:40:00-04:00,757.68,758.11,757.58,758.085,395689,SPY
2026-08-03 14:45:00-04:00,758.09,758.19,757.76,758.105,559451,SPY
2026-08-03 14:50:00-04:00,758.105,758.29,757.92,758.08,385601,SPY
2026-08-03 14:55:00-04:00,758.08,758.23,757.92,757.935,344276,SPY
2026-08-03 15:00:00-04:00,757.94,758.58,757.94,758.5,433642,SPY
2026-08-03 15:05:00-04:00,758.5004,758.54,758.07,758.19,388446,SPY
2026-08-03 15:10:00-04:00,758.195,758.41,758.085,758.18,373906,SPY
2026-08-03 15:15:00-04:00,758.181,758.44,758.18,758.34,451729,SPY
2026-08-03 15:20:00-04:00,758.35,758.45,758.22,758.415,419583,SPY
2026-08-03 15:25:00-04:00,758.415,758.55,758.26,758.34,495251,SPY
2026-08-03 15:30:00-04:00,758.35,758.51,758.2,758.3407,719106,SPY
2026-08-03 15:35:00-04:00,758.36,758.46,757.96,758.0,821114,SPY
2026-08-03 15:40:00-04:00,758.01,758.165,757.86,758.07,1008223,SPY
2026-08-03 15:45:00-04:00,758.07,758.25,757.93,758.14,1089275,SPY
2026-08-03 15:50:00-04:00,758.15,758.41,757.64,757.78,1585858,SPY
2026-08-03 15:55:00-04:00,757.77,757.985,757.44,757.67,3196714,SPY
2026-08-04 09:30:00-04:00,760.63,761.88,760.52,761.85,2403799,SPY
2026-08-04 09:35:00-04:00,761.83,762.19,761.54,761.95,853271,SPY
2026-08-04 09:40:00-04:00,761.96,762.21,761.62,761.8525,645544,SPY
2026-08-04 09:45:00-04:00,761.86,762.535,761.86,762.53,868173,SPY
2026-08-04 09:50:00-04:00,762.54,763.48,762.4,763.42,838596,SPY
2026-08-04 09:55:00-04:00,763.44,763.44,762.6651,763.39,792816,SPY
2026-08-04 10:00:00-04:00,763.37,764.13,763.09,763.87,1027586,SPY
2026-08-04 10:05:00-04:00,763.88,764.55,763.8,764.34,757078,SPY
2026-08-04 10:10:00-04:00,764.34,764.86,764.31,764.855,522181,SPY
2026-08-04 10:15:00-04:00,764.85,765.3828,764.77,765.245,671630,SPY
2026-08-04 10:20:00-04:00,765.25,765.28,764.17,764.33,916082,SPY
2026-08-04 10:25:00-04:00,764.33,764.85,764.3199,764.49,596876,SPY
2026-08-04 10:30:00-04:00,764.49,765.02,764.1,764.935,643452,SPY
2026-08-04 10:35:00-04:00,764.93,765.72,764.76,765.16,734396,SPY
2026-08-04 10:40:00-04:00,765.1673,765.86,765.095,765.79,737613,SPY
2026-08-04 10:45:00-04:00,765.78,765.96,765.59,765.92,632872,SPY
2026-08-04 10:50:00-04:00,765.92,766.03,765.64,765.9,491238,SPY
2026-08-04 10:55:00-04:00,765.9,766.42,765.81,766.3,905205,SPY
2026-08-04 11:00:00-04:00,766.33,766.89,766.17,766.85,540916,SPY
2026-08-04 11:05:00-04:00,766.86,766.87,766.39,766.85,698891,SPY
2026-08-04 11:10:00-04:00,766.855,767.16,766.72,766.91,418177,SPY
2026-08-04 11:15:00-04:00,766.92,767.35,766.89,767.325,639315,SPY
2026-08-04 11:20:00-04:00,767.33,767.7514,767.205,767.74,576418,SPY
2026-08-04 11:25:00-04:00,767.75,767.87,767.28,767.35,734509,SPY
2026-08-04 11:30:00-04:00,767.34,767.57,767.16,767.26,459242,SPY
2026-08-04 11:35:00-04:00,767.27,768.0899,767.225,767.8,620918,SPY
2026-08-04 11:40:00-04:00,767.78,768.34,767.735,768.28,1316760,SPY
2026-08-04 11:45:00-04:00,768.28,768.7,768.26,768.6499,599127,SPY
2026-08-04 11:50:00-04:00,768.64,768.9,768.18,768.27,639140,SPY
2026-08-04 11:55:00-04:00,768.26,768.64,768.19,768.44,359098,SPY
2026-08-04 12:00:00-04:00,768.445,768.86,768.415,768.725,508135,SPY
2026-08-04 12:05:00-04:00,768.725,768.94,768.34,768.38,485229,SPY
2026-08-04 12:10:00-04:00,768.3996,768.52,768.14,768.255,936859,SPY
2026-08-04 12:15:00-04:00,768.265,768.79,768.24,768.75,697184,SPY
2026-08-04 12:20:00-04:00,768.76,769.28,768.72,769.22,385414,SPY
2026-08-04 12:25:00-04:00,769.215,769.34,769.02,769.24,520302,SPY
2026-08-04 12:30:00-04:00,769.22,769.6,769.0,769.475,597144,SPY
2026-08-04 12:35:00-04:00,769.48,769.68,769.24,769.485,828303,SPY
2026-08-04 12:40:00-04:00,769.485,770.01,769.39,769.98,634595,SPY
2026-08-04 12:45:00-04:00,769.99,770.225,769.98,770.195,437651,SPY
2026-08-04 12:50:00-04:00,770.1899,770.32,770.055,770.19,360572,SPY
2026-08-04 12:55:00-04:00,770.19,770.27,770.05,770.265,313627,SPY
2026-08-04 13:00:00-04:00,770.27,771.03,770.165,771.009,777474,SPY
2026-08-04 13:05:00-04:00,771.01,771.285,770.73,771.05,822525,SPY
2026-08-04 13:10:00-04:00,771.04,771.23,770.92,771.22,542050,SPY
2026-08-04 13:15:00-04:00,771.23,771.605,771.22,771.37,696042,SPY
2026-08-04 13:20:00-04:00,771.375,771.41,770.95,771.205,394203,SPY
2026-08-04 13:25:00-04:00,771.205,771.48,771.13,771.28,388198,SPY
2026-08-04 13:30:00-04:00,771.29,771.4,770.965,771.38,443758,SPY
2026-08-04 13:35:00-04:00,771.36,771.905,771.34,771.86,412817,SPY
2026-08-04 13:40:00-04:00,771.86,772.345,771.86,772.33,732752,SPY
2026-08-04 13:45:00-04:00,772.325,773.085,772.325,772.73,857661,SPY
2026-08-04 13:50:00-04:00,772.715,772.715,771.645,771.87,975625,SPY
2026-08-04 13:55:00-04:00,771.88,772.15,771.57,771.57,599267,SPY
2026-08-04 14:00:00-04:00,771.57,771.99,771.08,771.3301,742742,SPY
2026-08-04 14:05:00-04:00,771.34,771.99,771.27,771.85,509851,SPY
2026-08-04 14:10:00-04:00,771.845,772.24,771.71,772.18,541494,SPY
2026-08-04 14:15:00-04:00,772.1981,772.37,771.98,772.11,330958,SPY
2026-08-04 14:20:00-04:00,772.11,772.45,772.05,772.13,585209,SPY
2026-08-04 14:25:00-04:00,772.12,772.38,772.01,772.37,326080,SPY
2026-08-04 14:30:00-04:00,772.3799,772.4798,772.125,772.17,563294,SPY
2026-08-04 14:35:00-04:00,772.165,772.32,771.79,771.89,729539,SPY
2026-08-04 14:40:00-04:00,771.88,771.9,771.41,771.72,450817,SPY
2026-08-04 14:45:00-04:00,771.73,772.28,771.72,772.07,806972,SPY
2026-08-04 14:50:00-04:00,772.05,772.29,771.921,771.99,422817,SPY
2026-08-04 14:55:00-04:00,771.995,772.13,771.93,772.07,364367,SPY
2026-08-04 15:00:00-04:00,772.085,772.96,772.05,772.78,745681,SPY
2026-08-04 15:05:00-04:00,772.77,773.02,772.55,773.0199,1289457,SPY
2026-08-04 15:10:00-04:00,773.0,773.0391,772.72,772.88,513920,SPY
2026-08-04 15:15:00-04:00,772.88,773.08,772.752,773.0,552704,SPY
2026-08-04 15:20:00-04:00,773.0,773.12,772.7,772.825,540114,SPY
2026-08-04 15:25:00-04:00,772.83,772.92,772.12,772.32,625520,SPY
2026-08-04 15:30:00-04:00,772.31,772.63,772.12,772.59,853642,SPY
2026-08-04 15:35:00-04:00,772.59,772.91,772.32,772.78,704223,SPY
2026-08-04 15:40:00-04:00,772.78,773.33,772.76,773.25,703836,SPY
2026-08-04 15:45:00-04:00,773.255,773.41,772.74,772.91,1200912,SPY
2026-08-04 15:50:00-04:00,772.91,773.03,771.7418,771.7418,2794903,SPY
2026-08-04 15:55:00-04:00,771.75,772.31,770.96,771.28,4757221,SPY
2026-08-05 09:30:00-04:00,775.85,776.79,775.26,776.1999,2356246,SPY
2026-08-05 09:35:00-04:00,776.19,776.85,775.304,776.51,2059541,SPY
2026-08-05 09:40:00-04:00,776.53,776.81,775.86,776.48,566173,SPY
2026-08-05 09:45:00-04:00,776.54,776.66,775.34,775.39,716822,SPY
2026-08-05 09:50:00-04:00,775.395,775.8899,774.39,775.8899,921681,SPY
2026-08-05 09:55:00-04:00,775.88,776.7036,775.365,776.7036,646807,SPY
2026-08-05 10:00:00-04:00,776.67,776.7,774.95,775.79,704641,SPY
2026-08-05 10:05:00-04:00,775.81,776.5499,775.62,776.06,580664,SPY
2026-08-05 10:10:00-04:00,776.07,776.51,775.8,776.16,344032,SPY
2026-08-05 10:15:00-04:00,776.18,776.46,775.66,775.67,268012,SPY
2026-08-05 10:20:00-04:00,775.68,775.82,774.77,775.755,429630,SPY
2026-08-05 10:25:00-04:00,775.76,776.18,774.75,774.7809,494368,SPY
2026-08-05 10:30:00-04:00,774.78,775.0201,774.23,774.6,617880,SPY
2026-08-05 10:35:00-04:00,774.57,774.83,773.84,773.92,774546,SPY
2026-08-05 10:40:00-04:00,773.92,774.43,773.62,774.035,595251,SPY
2026-08-05 10:45:00-04:00,774.03,774.72,773.845,774.575,435589,SPY
2026-08-05 10:50:00-04:00,774.6047,774.84,772.57,773.13,720034,SPY
2026-08-05 10:55:00-04:00,773.16,773.7599,772.73,773.47,518821,SPY
2026-08-05 11:00:00-04:00,773.46,773.95,773.35,773.63,378838,SPY
2026-08-05 11:05:00-04:00,773.63,773.865,773.165,773.63,413264,SPY
2026-08-05 11:10:00-04:00,773.63,773.915,773.01,773.06,298736,SPY
2026-08-05 11:15:00-04:00,773.07,773.16,771.0,772.42,1022215,SPY
2026-08-05 11:20:00-04:00,772.4099,772.67,772.08,772.2691,339239,SPY
2026-08-05 11:25:00-04:00,772.1501,772.25,771.52,771.71,530737,SPY
2026-08-05 11:30:00-04:00,771.7,772.52,771.68,771.875,300651,SPY
2026-08-05 11:35:00-04:00,771.88,772.3,771.81,772.145,317439,SPY
2026-08-05 11:40:00-04:00,772.15,772.26,771.675,772.01,279873,SPY
2026-08-05 11:45:00-04:00,772.02,772.03,771.25,771.3406,299266,SPY
2026-08-05 11:50:00-04:00,771.3375,771.575,771.13,771.25,350842,SPY
2026-08-05 11:55:00-04:00,771.25,771.25,770.33,770.645,644598,SPY
2026-08-05 12:00:00-04:00,770.63,771.02,770.08,770.84,677692,SPY
2026-08-05 12:05:00-04:00,770.84,770.87,769.91,770.24,536649,SPY
2026-08-05 12:10:00-04:00,770.24,770.47,769.9298,770.44,392332,SPY
2026-08-05 12:15:00-04:00,770.45,771.12,770.23,770.61,499198,SPY
2026-08-05 12:20:00-04:00,770.615,771.76,770.56,771.08,564366,SPY
2026-08-05 12:25:00-04:00,771.075,772.12,771.06,772.1,567115,SPY
2026-08-05 12:30:00-04:00,772.09,772.22,771.2,771.69,427057,SPY
2026-08-05 12:35:00-04:00,771.69,771.8395,771.34,771.56,247331,SPY
2026-08-05 12:40:00-04:00,771.55,772.0,771.3771,771.59,324240,SPY
2026-08-05 12:45:00-04:00,771.58,771.75,771.29,771.425,195315,SPY
2026-08-05 12:50:00-04:00,771.4,772.08,771.385,772.01,449350,SPY
2026-08-05 12:55:00-04:00,772.01,772.17,771.705,771.8525,304185,SPY
2026-08-05 13:00:00-04:00,771.89,772.16,771.3,771.405,237862,SPY
2026-08-05 13:05:00-04:00,771.405,771.6,771.07,771.32,245234,SPY
2026-08-05 13:10:00-04:00,771.33,771.75,771.04,771.5,687575,SPY
2026-08-05 13:15:00-04:00,771.4801,771.805,771.23,771.38,245593,SPY
2026-08-05 13:20:00-04:00,771.41,771.46,771.01,771.425,175531,SPY
2026-08-05 13:25:00-04:00,771.4299,771.8025,771.26,771.34,154836,SPY
2026-08-05 13:30:00-04:00,771.33,771.7297,771.07,771.59,171307,SPY
2026-08-05 13:35:00-04:00,771.59,771.78,771.4605,771.66,182867,SPY
2026-08-05 13:40:00-04:00,771.66,772.01,771.66,771.7018,187951,SPY
2026-08-05 13:45:00-04:00,771.7,771.925,771.33,771.83,134714,SPY
2026-08-05 13:50:00-04:00,771.83,771.96,771.59,771.64,269325,SPY
2026-08-05 13:55:00-04:00,771.63,771.84,771.46,771.555,170417,SPY
2026-08-05 14:00:00-04:00,771.56,772.17,771.54,772.1201,511807,SPY
2026-08-05 14:05:00-04:00,772.12,772.25,771.68,771.91,319230,SPY
2026-08-05 14:10:00-04:00,771.96,772.105,771.761,771.79,441258,SPY
2026-08-05 14:15:00-04:00,771.8,772.1,771.67,772.04,235339,SPY
2026-08-05 14:20:00-04:00,772.04,772.055,771.7401,771.86,229902,SPY
2026-08-05 14:25:00-04:00,771.85,772.12,771.81,771.94,341463,SPY
2026-08-05 14:30:00-04:00,771.93,771.94,771.2,771.36,400700,SPY
2026-08-05 14:35:00-04:00,771.36,771.7099,771.34,771.46,359926,SPY
2026-08-05 14:40:00-04:00,771.47,771.67,771.3973,771.58,293527,SPY
2026-08-05 14:45:00-04:00,771.57,771.95,771.515,771.81,280759,SPY
2026-08-05 14:50:00-04:00,771.81,771.96,771.63,771.73,254521,SPY
2026-08-05 14:55:00-04:00,771.73,771.775,771.34,771.391,433572,SPY
2026-08-05 15:00:00-04:00,771.4,771.63,771.24,771.6299,346157,SPY
2026-08-05 15:05:00-04:00,771.61,771.85,771.52,771.6905,269928,SPY
2026-08-05 15:10:00-04:00,771.7,771.78,771.54,771.73,350175,SPY
2026-08-05 15:15:00-04:00,771.74,771.919,771.66,771.82,304657,SPY
2026-08-05 15:20:00-04:00,771.83,771.989,771.65,771.8699,532595,SPY
2026-08-05 15:25:00-04:00,771.86,771.97,771.76,771.7999,495459,SPY
2026-08-05 15:30:00-04:00,771.78,771.89,771.365,771.54,453945,SPY
2026-08-05 15:35:00-04:00,771.54,771.54,771.2538,771.3051,584306,SPY
2026-08-05 15:40:00-04:00,771.3,771.6299,771.27,771.495,482574,SPY
2026-08-05 15:45:00-04:00,771.48,771.65,771.2,771.49,719357,SPY
2026-08-05 15:50:00-04:00,771.49,771.7,771.36,771.5,711237,SPY
2026-08-05 15:55:00-04:00,771.51,771.59,769.51,769.74,3030101,SPY
2026-08-06 09:30:00-04:00,770.21,770.79,769.0576,769.92,1913009,SPY
2026-08-06 09:35:00-04:00,769.9,770.87,769.6,769.72,578769,SPY
2026-08-06 09:40:00-04:00,769.705,770.9,769.505,770.5,314301,SPY
2026-08-06 09:45:00-04:00,770.48,771.52,770.48,771.31,344237,SPY
2026-08-06 09:50:00-04:00,771.31,771.525,770.78,770.92,360772,SPY
2026-08-06 09:55:00-04:00,770.925,771.26,770.54,770.92,312956,SPY
2026-08-06 10:00:00-04:00,770.95,771.35,770.615,771.13,270466,SPY
2026-08-06 10:05:00-04:00,771.15,771.51,770.89,771.43,250838,SPY
2026-08-06 10:10:00-04:00,771.435,771.77,771.3801,771.55,399828,SPY
2026-08-06 10:15:00-04:00,771.53,771.81,771.12,771.705,230239,SPY
2026-08-06 10:20:00-04:00,771.724,771.82,771.17,771.23,279760,SPY
2026-08-06 10:25:00-04:00,771.23,771.27,770.07,770.45,384013,SPY
2026-08-06 10:30:00-04:00,770.45,770.88,770.165,770.795,476066,SPY
2026-08-06 10:35:00-04:00,770.795,770.96,769.76,769.76,485367,SPY
2026-08-06 10:40:00-04:00,769.75,770.73,769.64,770.145,283552,SPY
2026-08-06 10:45:00-04:00,770.135,770.215,769.65,769.67,351513,SPY
2026-08-06 10:50:00-04:00,769.66,770.48,769.53,770.45,387204,SPY
2026-08-06 10:55:00-04:00,770.48,771.06,770.29,770.985,256400,SPY
2026-08-06 11:00:00-04:00,771.0,771.21,770.11,770.29,908147,SPY
2026-08-06 11:05:00-04:00,770.28,770.81,770.27,770.57,225382,SPY
2026-08-06 11:10:00-04:00,770.57,770.74,769.91,769.96,210453,SPY
2026-08-06 11:15:00-04:00,769.96,770.12,768.96,768.96,612056,SPY
2026-08-06 11:20:00-04:00,768.975,769.24,768.62,768.93,381693,SPY
2026-08-06 11:25:00-04:00,768.93,769.3,768.65,769.24,289608,SPY
2026-08-06 11:30:00-04:00,769.24,769.44,768.53,768.53,287297,SPY
2026-08-06 11:35:00-04:00,768.53,768.9,768.33,768.7,364377,SPY
2026-08-06 11:40:00-04:00,768.69,768.97,768.33,768.33,458842,SPY
2026-08-06 11:45:00-04:00,768.33,769.58,768.32,769.2001,363673,SPY
2026-08-06 11:50:00-04:00,769.21,769.78,768.08,768.13,517615,SPY
2026-08-06 11:55:00-04:00,768.125,768.56,767.95,768.125,457255,SPY
2026-08-06 12:00:00-04:00,768.16,768.32,767.75,768.055,433878,SPY
2026-08-06 12:05:00-04:00,768.0482,768.51,767.91,768.34,317306,SPY
2026-08-06 12:10:00-04:00,768.32,768.54,767.82,767.98,269314,SPY
2026-08-06 12:15:00-04:00,767.98,768.5,767.46,768.215,447162,SPY
2026-08-06 12:20:00-04:00,768.22,768.355,767.88,768.27,1189073,SPY
2026-08-06 12:25:00-04:00,768.28,768.49,768.0,768.26,488835,SPY
2026-08-06 12:30:00-04:00,768.27,768.82,768.13,768.31,265709,SPY
2026-08-06 12:35:00-04:00,768.33,768.87,768.21,768.87,259145,SPY
2026-08-06 12:40:00-04:00,768.88,768.9,768.07,768.08,288107,SPY
2026-08-06 12:45:00-04:00,768.07,768.4163,767.9081,768.415,205713,SPY
2026-08-06 12:50:00-04:00,768.42,768.66,768.23,768.35,207398,SPY
2026-08-06 12:55:00-04:00,768.35,769.04,768.34,768.96,150600,SPY
2026-08-06 13:00:00-04:00,768.99,769.18,768.69,768.77,286134,SPY
2026-08-06 13:05:00-04:00,768.76,769.14,768.19,768.34,363159,SPY
2026-08-06 13:10:00-04:00,768.33,768.58,768.09,768.17,162088,SPY
2026-08-06 13:15:00-04:00,768.14,768.46,768.03,768.34,199311,SPY
2026-08-06 13:20:00-04:00,768.34,768.41,767.9005,767.97,227981,SPY
2026-08-06 13:25:00-04:00,767.97,768.27,767.81,767.83,254712,SPY
2026-08-06 13:30:00-04:00,767.83,768.21,767.72,768.1,197360,SPY
2026-08-06 13:35:00-04:00,768.11,768.28,767.97,768.02,178647,SPY
2026-08-06 13:40:00-04:00,768.04,768.14,767.825,768.14,363757,SPY
2026-08-06 13:45:00-04:00,768.15,768.375,767.9836,767.9836,206530,SPY
2026-08-06 13:50:00-04:00,767.99,768.51,767.96,768.4329,315523,SPY
2026-08-06 13:55:00-04:00,768.46,768.64,768.2751,768.6303,368849,SPY
2026-08-06 14:00:00-04:00,768.65,768.9,768.5,768.8947,380717,SPY
2026-08-06 14:05:00-04:00,768.89,768.98,768.66,768.86,311812,SPY
2026-08-06 14:10:00-04:00,768.87,769.24,768.7,769.18,254657,SPY
2026-08-06 14:15:00-04:00,769.1914,769.73,768.45,769.33,591778,SPY
2026-08-06 14:20:00-04:00,769.325,769.62,769.3,769.56,319553,SPY
2026-08-06 14:25:00-04:00,769.555,769.615,769.19,769.43,298281,SPY
2026-08-06 14:30:00-04:00,769.43,769.47,769.07,769.115,232178,SPY
2026-08-06 14:35:00-04:00,769.11,769.29,768.8,768.83,260758,SPY
2026-08-06 14:40:00-04:00,768.845,768.935,768.515,768.78,222400,SPY
2026-08-06 14:45:00-04:00,768.785,769.17,768.72,768.88,344433,SPY
2026-08-06 14:50:00-04:00,768.875,769.01,768.74,768.885,218040,SPY
2026-08-06 14:55:00-04:00,768.87,769.08,768.81,768.96,245763,SPY
2026-08-06 15:00:00-04:00,768.97,769.579,768.95,769.579,477380,SPY
2026-08-06 15:05:00-04:00,769.56,769.71,769.2636,769.7,248781,SPY
2026-08-06 15:10:00-04:00,769.71,769.79,769.2801,769.33,269217,SPY
2026-08-06 15:15:00-04:00,769.325,769.3499,769.051,769.16,360889,SPY
2026-08-06 15:20:00-04:00,769.17,769.49,768.82,768.82,441472,SPY
2026-08-06 15:25:00-04:00,768.83,768.99,768.57,768.66,549048,SPY
2026-08-06 15:30:00-04:00,768.655,769.0,768.41,768.96,472779,SPY
2026-08-06 15:35:00-04:00,768.96,768.99,768.53,768.53,474387,SPY
2026-08-06 15:40:00-04:00,768.5369,768.61,768.1,768.31,423734,SPY
2026-08-06 15:45:00-04:00,768.31,768.52,767.96,768.44,830017,SPY
2026-08-06 15:50:00-04:00,768.43,768.773,767.7,768.64,1720823,SPY
2026-08-06 15:55:00-04:00,768.62,768.89,768.13,768.53,2485588,SPY
2026-08-07 09:30:00-04:00,771.02,771.62,770.62,771.48,2853922,SPY
2026-08-07 09:35:00-04:00,771.5,771.5475,770.68,771.1304,529092,SPY
2026-08-07 09:40:00-04:00,771.125,772.09,770.8805,771.99,498047,SPY
2026-08-07 09:45:00-04:00,771.99,772.37,771.1349,771.7301,485208,SPY
2026-08-07 09:50:00-04:00,771.73,772.235,771.6,771.98,367189,SPY
2026-08-07 09:55:00-04:00,771.98,772.13,770.46,771.0403,524553,SPY
2026-08-07 10:00:00-04:00,771.07,771.61,770.4,770.435,375913,SPY
2026-08-07 10:05:00-04:00,770.4004,771.07,770.37,770.495,335775,SPY
2026-08-07 10:10:00-04:00,770.48,770.79,769.62,769.845,650116,SPY
2026-08-07 10:15:00-04:00,769.87,771.8289,769.68,771.82,675465,SPY
2026-08-07 10:20:00-04:00,771.83,772.28,771.53,772.04,446551,SPY
2026-08-07 10:25:00-04:00,772.045,773.29,772.045,773.19,430651,SPY
2026-08-07 10:30:00-04:00,773.16,773.35,772.393,772.61,473336,SPY
2026-08-07 10:35:00-04:00,772.61,772.8,771.72,771.9,360704,SPY
2026-08-07 10:40:00-04:00,771.89,772.44,771.71,771.98,373525,SPY
2026-08-07 10:45:00-04:00,771.95,772.705,771.95,772.39,314230,SPY
2026-08-07 10:50:00-04:00,772.39,772.51,771.87,772.21,237498,SPY
2026-08-07 10:55:00-04:00,772.21,773.0,772.16,772.88,285701,SPY
2026-08-07 11:00:00-04:00,772.88,772.8999,772.37,772.76,255311,SPY
2026-08-07 11:05:00-04:00,772.78,773.03,772.71,772.96,985747,SPY
2026-08-07 11:10:00-04:00,772.9663,773.3975,772.65,773.09,440029,SPY
2026-08-07 11:15:00-04:00,773.09,773.16,772.785,772.88,252251,SPY
2026-08-07 11:20:00-04:00,772.87,773.61,772.84,773.535,330541,SPY
2026-08-07 11:25:00-04:00,773.53,773.89,773.48,773.65,428634,SPY
2026-08-07 11:30:00-04:00,773.66,773.915,773.4,773.42,703196,SPY
2026-08-07 11:35:00-04:00,773.455,773.55,773.21,773.39,320907,SPY
2026-08-07 11:40:00-04:00,773.4,773.63,772.8928,773.165,252931,SPY
2026-08-07 11:45:00-04:00,773.18,773.59,773.04,773.575,208770,SPY
2026-08-07 11:50:00-04:00,773.55,773.64,773.05,773.3,236401,SPY
2026-08-07 11:55:00-04:00,773.31,773.33,772.83,773.03,251081,SPY
2026-08-07 12:00:00-04:00,773.04,773.16,772.745,773.155,401586,SPY
2026-08-07 12:05:00-04:00,773.16,773.38,773.03,773.165,208248,SPY
2026-08-07 12:10:00-04:00,773.17,773.355,772.995,773.01,271262,SPY
2026-08-07 12:15:00-04:00,772.99,773.22,772.87,772.97,301270,SPY
2026-08-07 12:20:00-04:00,772.98,773.33,772.24,772.25,304859,SPY
2026-08-07 12:25:00-04:00,772.26,772.33,771.334,771.725,436150,SPY
2026-08-07 12:30:00-04:00,771.735,771.97,771.0615,771.9301,1275956,SPY
2026-08-07 12:35:00-04:00,771.94,772.33,771.71,772.295,408761,SPY
2026-08-07 12:40:00-04:00,772.2815,772.63,772.24,772.59,198371,SPY
2026-08-07 12:45:00-04:00,772.6,772.75,772.42,772.64,285979,SPY
2026-08-07 12:50:00-04:00,772.63,772.86,772.085,772.195,189549,SPY
2026-08-07 12:55:00-04:00,772.21,772.39,771.95,771.965,609854,SPY
2026-08-07 13:00:00-04:00,771.9601,772.2999,771.77,772.04,223605,SPY
2026-08-07 13:05:00-04:00,772.035,772.3,772.03,772.26,168889,SPY
2026-08-07 13:10:00-04:00,772.26,772.37,771.99,772.055,142993,SPY
2026-08-07 13:15:00-04:00,772.055,772.38,771.99,772.305,164223,SPY
2026-08-07 13:20:00-04:00,772.29,772.41,771.9,771.9,204177,SPY
2026-08-07 13:25:00-04:00,771.89,772.23,771.74,772.09,163027,SPY
2026-08-07 13:30:00-04:00,772.11,772.23,771.73,771.93,231652,SPY
2026-08-07 13:35:00-04:00,771.93,772.39,771.88,772.37,144880,SPY
2026-08-07 13:40:00-04:00,772.39,772.42,772.13,772.17,137361,SPY
2026-08-07 13:45:00-04:00,772.18,772.44,772.09,772.29,178812,SPY
2026-08-07 13:50:00-04:00,772.2775,772.46,771.99,772.3,156607,SPY
2026-08-07 13:55:00-04:00,772.31,772.4,772.17,772.17,128891,SPY
2026-08-07 14:00:00-04:00,772.165,772.285,772.08,772.14,283862,SPY
2026-08-07 14:05:00-04:00,772.15,772.18,771.83,772.0399,334083,SPY
2026-08-07 14:10:00-04:00,772.05,772.12,771.45,771.575,562177,SPY
2026-08-07 14:15:00-04:00,771.5805,771.81,771.47,771.73,326722,SPY
2026-08-07 14:20:00-04:00,771.72,771.8,771.54,771.66,169024,SPY
2026-08-07 14:25:00-04:00,771.66,771.76,771.45,771.48,195297,SPY
2026-08-07 14:30:00-04:00,771.475,771.64,771.335,771.39,263426,SPY
2026-08-07 14:35:00-04:00,771.39,771.51,771.19,771.3,420610,SPY
2026-08-07 14:40:00-04:00,771.3,771.38,770.89,770.96,284861,SPY
2026-08-07 14:45:00-04:00,770.97,771.28,770.91,771.25,190814,SPY
2026-08-07 14:50:00-04:00,771.25,771.49,771.22,771.32,444613,SPY
2026-08-07 14:55:00-04:00,771.33,771.81,771.21,771.71,316460,SPY
2026-08-07 15:00:00-04:00,771.68,772.47,771.66,772.05,572579,SPY
2026-08-07 15:05:00-04:00,772.05,772.68,772.035,772.65,528850,SPY
2026-08-07 15:10:00-04:00,772.665,773.06,772.665,772.9,494134,SPY
2026-08-07 15:15:00-04:00,772.91,773.45,772.8,772.84,598593,SPY
2026-08-07 15:20:00-04:00,772.86,773.22,772.84,772.9,320971,SPY
2026-08-07 15:25:00-04:00,772.91,773.12,772.86,773.075,475399,SPY
2026-08-07 15:30:00-04:00,773.08,773.09,772.66,772.72,544858,SPY
2026-08-07 15:35:00-04:00,772.74,773.1,772.605,772.91,581500,SPY
2026-08-07 15:40:00-04:00,772.92,772.9599,772.52,772.57,569447,SPY
2026-08-07 15:45:00-04:00,772.57,772.98,772.55,772.87,658932,SPY
2026-08-07 15:50:00-04:00,772.85,773.055,772.65,772.85,1143195,SPY
2026-08-07 15:55:00-04:00,772.86,773.83,772.82,773.12,2978910,SPY
2026-08-10 09:30:00-04:00,772.6,773.63,772.55,772.64,1394672,SPY
2026-08-10 09:35:00-04:00,772.63,773.12,772.5,772.8,580217,SPY
2026-08-10 09:40:00-04:00,772.79,773.11,772.52,772.66,512584,SPY
2026-08-10 09:45:00-04:00,772.65,773.26,772.62,773.13,570720,SPY
2026-08-10 09:50:00-04:00,773.13,773.41,772.5,773.13,604359,SPY
2026-08-10 09:55:00-04:00,773.125,773.52,773.01,773.469,365858,SPY
2026-08-10 10:00:00-04:00,773.42,773.85,773.39,773.72,1022823,SPY
2026-08-10 10:05:00-04:00,773.68,774.03,773.57,774.025,411551,SPY
2026-08-10 10:10:00-04:00,774.025,774.26,773.89,774.215,536935,SPY
2026-08-10 10:15:00-04:00,774.22,774.35,773.97,774.29,352830,SPY
2026-08-10 10:20:00-04:00,774.29,774.375,773.83,773.97,624972,SPY
2026-08-10 10:25:00-04:00,773.965,774.46,773.765,774.355,407563,SPY
2026-08-10 10:30:00-04:00,774.355,774.69,774.27,774.36,616342,SPY
2026-08-10 10:35:00-04:00,774.355,774.62,774.1747,774.34,384364,SPY
2026-08-10 10:40:00-04:00,774.34,774.64,774.305,774.6,378768,SPY
2026-08-10 10:45:00-04:00,774.605,775.05,774.6,774.92,830372,SPY
2026-08-10 10:50:00-04:00,774.93,774.95,773.8,773.88,618461,SPY
2026-08-10 10:55:00-04:00,773.85,774.11,773.5,773.515,473579,SPY
2026-08-10 11:00:00-04:00,773.51,773.95,773.31,773.71,435586,SPY
2026-08-10 11:05:00-04:00,773.71,774.03,773.58,773.58,341452,SPY
2026-08-10 11:10:00-04:00,773.55,773.92,773.45,773.82,302087,SPY
2026-08-10 11:15:00-04:00,773.82,774.19,773.76,773.92,283525,SPY
2026-08-10 11:20:00-04:00,773.92,774.1,773.8,773.92,267595,SPY
2026-08-10 11:25:00-04:00,773.92,773.99,773.42,773.74,197255,SPY
2026-08-10 11:30:00-04:00,773.76,773.87,773.36,773.39,216002,SPY
2026-08-10 11:35:00-04:00,773.405,773.6,773.23,773.28,354915,SPY
2026-08-10 11:40:00-04:00,773.27,773.805,773.16,773.79,189257,SPY
2026-08-10 11:45:00-04:00,773.81,773.88,773.5101,773.55,172417,SPY
2026-08-10 11:50:00-04:00,773.565,774.34,773.495,774.21,248757,SPY
2026-08-10 11:55:00-04:00,774.19,774.41,774.03,774.31,335269,SPY
2026-08-10 12:00:00-04:00,774.34,774.435,774.04,774.165,242067,SPY
2026-08-10 12:05:00-04:00,774.17,774.2,773.875,773.99,219466,SPY
2026-08-10 12:10:00-04:00,774.0,774.14,773.78,773.78,282665,SPY
2026-08-10 12:15:00-04:00,773.78,773.79,773.45,773.69,240699,SPY
2026-08-10 12:20:00-04:00,773.67,773.86,773.48,773.765,183608,SPY
2026-08-10 12:25:00-04:00,773.755,773.92,773.35,773.37,233503,SPY
2026-08-10 12:30:00-04:00,773.37,773.488,771.62,772.68,936642,SPY
2026-08-10 12:35:00-04:00,772.74,773.07,772.52,772.57,396668,SPY
2026-08-10 12:40:00-04:00,772.57,772.64,771.975,772.1599,399488,SPY
2026-08-10 12:45:00-04:00,772.16,772.63,771.93,772.61,343625,SPY
2026-08-10 12:50:00-04:00,772.63,772.64,772.26,772.53,163277,SPY
2026-08-10 12:55:00-04:00,772.53,772.96,772.52,772.95,217374,SPY
2026-08-10 13:00:00-04:00,772.94,773.05,772.5,772.68,313484,SPY
2026-08-10 13:05:00-04:00,772.68,773.09,772.58,773.09,194299,SPY
2026-08-10 13:10:00-04:00,773.07,773.25,772.9,773.11,222041,SPY
2026-08-10 13:15:00-04:00,773.115,773.28,772.9852,773.14,199345,SPY
2026-08-10 13:20:00-04:00,773.1477,773.21,772.99,773.15,196008,SPY
2026-08-10 13:25:00-04:00,773.14,773.18,772.86,773.1095,156557,SPY
2026-08-10 13:30:00-04:00,773.11,773.26,773.06,773.13,176726,SPY
2026-08-10 13:35:00-04:00,773.12,773.16,772.7,772.845,176600,SPY
2026-08-10 13:40:00-04:00,772.84,772.97,772.61,772.65,159893,SPY
2026-08-10 13:45:00-04:00,772.66,772.76,772.55,772.68,154297,SPY
2026-08-10 13:50:00-04:00,772.68,772.75,772.49,772.62,209840,SPY
2026-08-10 13:55:00-04:00,772.61,772.82,772.51,772.739,240959,SPY
2026-08-10 14:00:00-04:00,772.73,772.88,772.66,772.74,232718,SPY
2026-08-10 14:05:00-04:00,772.74,773.02,772.65,772.94,265829,SPY
2026-08-10 14:10:00-04:00,772.935,773.06,772.64,772.68,249045,SPY
2026-08-10 14:15:00-04:00,772.67,772.75,772.53,772.56,567494,SPY
2026-08-10 14:20:00-04:00,772.58,772.75,772.5,772.55,223977,SPY
2026-08-10 14:25:00-04:00,772.55,772.71,772.51,772.53,280755,SPY
2026-08-10 14:30:00-04:00,772.52,772.67,772.36,772.545,520433,SPY
2026-08-10 14:35:00-04:00,772.54,772.71,772.32,772.56,314908,SPY
2026-08-10 14:40:00-04:00,772.56,772.93,772.55,772.885,723242,SPY
2026-08-10 14:45:00-04:00,772.88,772.93,772.74,772.85,357552,SPY
2026-08-10 14:50:00-04:00,772.84,773.15,772.84,773.11,214897,SPY
2026-08-10 14:55:00-04:00,773.115,773.33,773.0,773.19,330679,SPY
2026-08-10 15:00:00-04:00,773.2,773.32,773.05,773.19,380984,SPY
2026-08-10 15:05:00-04:00,773.185,773.4,773.11,773.39,229464,SPY
2026-08-10 15:10:00-04:00,773.39,773.39,773.22,773.3,315994,SPY
2026-08-10 15:15:00-04:00,773.3,773.44,773.21,773.3,265632,SPY
2026-08-10 15:20:00-04:00,773.31,773.4,773.1817,773.3701,338157,SPY
2026-08-10 15:25:00-04:00,773.39,773.39,772.88,772.93,285647,SPY
2026-08-10 15:30:00-04:00,772.945,773.0008,772.73,772.89,337947,SPY
2026-08-10 15:35:00-04:00,772.88,773.29,772.78,773.1701,381510,SPY
2026-08-10 15:40:00-04:00,773.19,773.2,772.94,773.085,319656,SPY
2026-08-10 15:45:00-04:00,773.08,773.22,772.895,773.17,951188,SPY
2026-08-10 15:50:00-04:00,773.16,773.16,772.355,772.38,1210259,SPY
2026-08-10 15:55:00-04:00,772.4,773.16,772.315,773.07,2364437,SPY
2026-08-11 09:30:00-04:00,774.53,774.54,773.23,773.47,1428648,SPY
2026-08-11 09:35:00-04:00,773.46,773.54,772.865,773.11,424993,SPY
2026-08-11 09:40:00-04:00,773.1198,773.71,773.1,773.3,324717,SPY
2026-08-11 09:45:00-04:00,773.3,773.485,772.58,772.84,532137,SPY
2026-08-11 09:50:00-04:00,772.835,773.14,772.59,772.92,298670,SPY
2026-08-11 09:55:00-04:00,772.88,773.64,772.8,773.615,380944,SPY
2026-08-11 10:00:00-04:00,773.615,774.08,773.49,773.87,453452,SPY
2026-08-11 10:05:00-04:00,773.855,773.97,773.55,773.79,329331,SPY
2026-08-11 10:10:00-04:00,773.8018,773.9762,773.59,773.78,251067,SPY
2026-08-11 10:15:00-04:00,773.8,773.95,773.38,773.63,160206,SPY
2026-08-11 10:20:00-04:00,773.64,773.87,773.38,773.405,291938,SPY
2026-08-11 10:25:00-04:00,773.39,773.9499,773.33,773.87,406585,SPY
2026-08-11 10:30:00-04:00,773.88,773.93,773.46,773.67,243033,SPY
2026-08-11 10:35:00-04:00,773.67,773.775,773.21,773.345,383084,SPY
2026-08-11 10:40:00-04:00,773.37,773.62,773.28,773.3699,201888,SPY
2026-08-11 10:45:00-04:00,773.36,773.93,773.35,773.9,542338,SPY
2026-08-11 10:50:00-04:00,773.88,774.035,773.46,773.89,260399,SPY
2026-08-11 10:55:00-04:00,773.89,774.03,773.545,773.62,271133,SPY
2026-08-11 11:00:00-04:00,773.63,773.81,773.375,773.5,207831,SPY
2026-08-11 11:05:00-04:00,773.505,773.5099,772.72,772.805,460078,SPY
2026-08-11 11:10:00-04:00,772.79,772.945,772.55,772.66,361674,SPY
2026-08-11 11:15:00-04:00,772.66,772.68,772.2,772.45,401588,SPY
2026-08-11 11:20:00-04:00,772.45,772.84,772.4,772.51,296732,SPY
2026-08-11 11:25:00-04:00,772.52,772.7,772.4,772.401,200505,SPY
2026-08-11 11:30:00-04:00,772.41,772.56,771.805,771.945,336602,SPY
2026-08-11 11:35:00-04:00,771.95,772.13,771.75,771.86,395830,SPY
2026-08-11 11:40:00-04:00,771.855,772.21,771.78,772.18,295888,SPY
2026-08-11 11:45:00-04:00,772.17,772.1764,771.8905,771.995,214007,SPY
2026-08-11 11:50:00-04:00,772.0,772.248,771.77,771.8399,246644,SPY
2026-08-11 11:55:00-04:00,771.84,772.14,771.79,772.0,315282,SPY
2026-08-11 12:00:00-04:00,772.03,772.31,772.01,772.04,212708,SPY
2026-08-11 12:05:00-04:00,772.03,772.39,771.97,772.31,592824,SPY
2026-08-11 12:10:00-04:00,772.3181,772.33,771.93,771.955,306205,SPY
2026-08-11 12:15:00-04:00,771.97,772.45,771.9662,772.08,986294,SPY
2026-08-11 12:20:00-04:00,772.08,772.2,771.63,771.705,296802,SPY
2026-08-11 12:25:00-04:00,771.7,771.89,771.38,771.819,681860,SPY
2026-08-11 12:30:00-04:00,771.8175,771.92,771.46,771.56,295572,SPY
2026-08-11 12:35:00-04:00,771.555,772.01,771.52,771.87,216327,SPY
2026-08-11 12:40:00-04:00,771.86,771.86,771.55,771.58,290232,SPY
2026-08-11 12:45:00-04:00,771.58,771.6,771.28,771.43,599549,SPY
2026-08-11 12:50:00-04:00,771.44,771.56,771.3001,771.38,178651,SPY
2026-08-11 12:55:00-04:00,771.38,771.41,771.04,771.14,464586,SPY
2026-08-11 13:00:00-04:00,771.15,771.26,770.78,770.785,268966,SPY
2026-08-11 13:05:00-04:00,770.78,771.1,770.76,770.88,198827,SPY
2026-08-11 13:10:00-04:00,770.88,770.88,770.3,770.3266,245008,SPY
2026-08-11 13:15:00-04:00,770.31,770.8399,770.26,770.755,285392,SPY
2026-08-11 13:20:00-04:00,770.76,771.0,770.6,770.9,191635,SPY
2026-08-11 13:25:00-04:00,770.89,771.01,770.66,770.85,158315,SPY
2026-08-11 13:30:00-04:00,770.85,770.95,770.73,770.94,156705,SPY
2026-08-11 13:35:00-04:00,770.945,771.13,770.77,770.875,235620,SPY
2026-08-11 13:40:00-04:00,770.89,771.31,770.79,771.27,230686,SPY
2026-08-11 13:45:00-04:00,771.26,771.355,771.12,771.1703,140117,SPY
2026-08-11 13:50:00-04:00,771.195,771.33,771.15,771.295,150583,SPY
2026-08-11 13:55:00-04:00,771.31,771.31,771.11,771.2399,168385,SPY
2026-08-11 14:00:00-04:00,771.22,771.2395,770.9,771.065,288249,SPY
2026-08-11 14:05:00-04:00,771.07,771.16,770.67,770.69,192607,SPY
2026-08-11 14:10:00-04:00,770.7,770.91,770.65,770.835,284970,SPY
2026-08-11 14:15:00-04:00,770.84,770.94,770.64,770.75,189412,SPY
2026-08-11 14:20:00-04:00,770.74,770.75,770.28,770.49,275517,SPY
2026-08-11 14:25:00-04:00,770.5,770.56,769.2,769.5,469509,SPY
2026-08-11 14:30:00-04:00,769.52,770.05,769.515,770.0,831651,SPY
2026-08-11 14:35:00-04:00,770.005,770.22,769.93,770.01,308649,SPY
2026-08-11 14:40:00-04:00,770.0,770.0,769.66,769.79,386285,SPY
2026-08-11 14:45:00-04:00,769.78,770.35,769.78,770.34,239434,SPY
2026-08-11 14:50:00-04:00,770.325,770.465,770.14,770.37,287103,SPY
2026-08-11 14:55:00-04:00,770.355,770.38,770.06,770.075,163546,SPY
2026-08-11 15:00:00-04:00,770.09,770.21,769.89,770.095,208970,SPY
2026-08-11 15:05:00-04:00,770.095,770.17,769.85,770.08,301661,SPY
2026-08-11 15:10:00-04:00,770.09,770.38,770.02,770.24,215690,SPY
2026-08-11 15:15:00-04:00,770.27,770.4901,770.17,770.44,319523,SPY
2026-08-11 15:20:00-04:00,770.44,770.67,770.37,770.64,276727,SPY
2026-08-11 15:25:00-04:00,770.639,770.69,770.45,770.63,434929,SPY
2026-08-11 15:30:00-04:00,770.63,770.84,770.55,770.8,500789,SPY
2026-08-11 15:35:00-04:00,770.79,771.095,770.7,771.05,320188,SPY
2026-08-11 15:40:00-04:00,771.07,771.07,770.68,770.715,377306,SPY
2026-08-11 15:45:00-04:00,770.72,770.72,770.29,770.38,798025,SPY
2026-08-11 15:50:00-04:00,770.39,770.47,769.79,770.4,610583,SPY
2026-08-11 15:55:00-04:00,770.41,770.55,769.84,770.48,2662022,SPY
2026-08-12 09:30:00-04:00,774.71,774.9,772.72,773.065,2473063,SPY
2026-08-12 09:35:00-04:00,773.05,773.515,772.805,772.88,545687,SPY
2026-08-12 09:40:00-04:00,772.89,773.12,772.455,772.8095,541526,SPY
2026-08-12 09:45:00-04:00,772.82,773.65,772.362,773.54,681812,SPY
2026-08-12 09:50:00-04:00,773.54,773.54,772.565,772.615,475100,SPY
2026-08-12 09:55:00-04:00,772.615,772.78,772.09,772.59,420109,SPY
2026-08-12 10:00:00-04:00,772.595,772.82,771.93,771.94,502816,SPY
2026-08-12 10:05:00-04:00,771.94,772.51,771.88,772.4,468985,SPY
2026-08-12 10:10:00-04:00,772.42,772.72,772.16,772.38,329490,SPY
2026-08-12 10:15:00-04:00,772.36,773.02,772.23,772.5,397238,SPY
2026-08-12 10:20:00-04:00,772.5,773.03,772.18,772.965,308692,SPY
2026-08-12 10:25:00-04:00,772.94,773.305,772.59,772.795,350688,SPY
2026-08-12 10:30:00-04:00,772.79,772.9808,771.29,772.07,941071,SPY
2026-08-12 10:35:00-04:00,772.06,772.79,771.92,772.79,327442,SPY
2026-08-12 10:40:00-04:00,772.7799,773.09,772.68,773.06,357018,SPY
2026-08-12 10:45:00-04:00,773.06,773.2,772.42,772.68,247235,SPY
2026-08-12 10:50:00-04:00,772.68,772.71,771.99,772.06,270283,SPY
2026-08-12 10:55:00-04:00,772.04,772.34,771.82,772.22,311084,SPY
2026-08-12 11:00:00-04:00,772.2209,772.29,771.76,771.87,217138,SPY
2026-08-12 11:05:00-04:00,771.865,772.21,771.71,772.09,281952,SPY
2026-08-12 11:10:00-04:00,772.12,772.41,771.77,772.17,234332,SPY
2026-08-12 11:15:00-04:00,772.13,772.3199,771.94,772.1,143342,SPY
2026-08-12 11:20:00-04:00,772.122,772.19,771.72,771.909,539655,SPY
2026-08-12 11:25:00-04:00,771.89,772.37,771.845,772.37,116530,SPY
2026-08-12 11:30:00-04:00,772.4,772.47,771.665,771.9,235675,SPY
2026-08-12 11:35:00-04:00,771.89,772.19,771.665,771.685,186942,SPY
2026-08-12 11:40:00-04:00,771.67,771.97,771.56,771.8,555093,SPY
2026-08-12 11:45:00-04:00,771.8,772.17,771.7699,772.17,131275,SPY
2026-08-12 11:50:00-04:00,772.19,772.19,771.84,771.98,155260,SPY
2026-08-12 11:55:00-04:00,771.94,772.08,771.87,772.03,160609,SPY
2026-08-12 12:00:00-04:00,772.015,772.43,771.97,772.22,187168,SPY
2026-08-12 12:05:00-04:00,772.22,772.36,771.98,772.35,174934,SPY
2026-08-12 12:10:00-04:00,772.37,772.62,772.2,772.5199,407843,SPY
2026-08-12 12:15:00-04:00,772.53,772.62,772.36,772.4343,245911,SPY
2026-08-12 12:20:00-04:00,772.4353,772.64,772.32,772.57,209073,SPY
2026-08-12 12:25:00-04:00,772.58,772.67,772.41,772.45,181309,SPY
2026-08-12 12:30:00-04:00,772.45,772.53,772.18,772.2,269932,SPY
2026-08-12 12:35:00-04:00,772.2,772.77,772.18,772.76,190220,SPY
2026-08-12 12:40:00-04:00,772.76,772.91,772.66,772.74,204084,SPY
2026-08-12 12:45:00-04:00,772.76,772.887,772.56,772.85,185898,SPY
2026-08-12 12:50:00-04:00,772.85,773.2,772.84,773.065,264200,SPY
2026-08-12 12:55:00-04:00,773.06,773.08,772.81,772.905,222871,SPY
2026-08-12 13:00:00-04:00,772.91,773.1,772.84,773.05,206060,SPY
2026-08-12 13:05:00-04:00,773.055,773.29,773.0,773.01,223812,SPY
2026-08-12 13:10:00-04:00,773.0199,773.07,772.77,773.03,166664,SPY
2026-08-12 13:15:00-04:00,773.03,773.03,772.61,772.77,300930,SPY
2026-08-12 13:20:00-04:00,772.77,772.905,772.66,772.79,153404,SPY
2026-08-12 13:25:00-04:00,772.78,773.025,772.73,772.78,175028,SPY
2026-08-12 13:30:00-04:00,772.83,773.0,772.7,772.9,307687,SPY
2026-08-12 13:35:00-04:00,772.9,772.95,772.76,772.865,161672,SPY
2026-08-12 13:40:00-04:00,772.86,772.97,772.72,772.88,175230,SPY
2026-08-12 13:45:00-04:00,772.86,772.96,772.76,772.8,145350,SPY
2026-08-12 13:50:00-04:00,772.79,772.98,772.73,772.75,203119,SPY
2026-08-12 13:55:00-04:00,772.75,772.895,772.6414,772.8101,134379,SPY
2026-08-12 14:00:00-04:00,772.81,772.96,772.78,772.91,195541,SPY
2026-08-12 14:05:00-04:00,772.89,772.98,772.81,772.89,154186,SPY
2026-08-12 14:10:00-04:00,772.8887,773.21,772.8887,773.11,219976,SPY
2026-08-12 14:15:00-04:00,773.11,773.13,772.98,773.13,323123,SPY
2026-08-12 14:20:00-04:00,773.12,773.23,772.96,773.225,208122,SPY
2026-08-12 14:25:00-04:00,773.23,773.31,773.07,773.09,189330,SPY
2026-08-12 14:30:00-04:00,773.09,773.469,773.09,773.345,198769,SPY
2026-08-12 14:35:00-04:00,773.33,773.49,773.33,773.425,213080,SPY
2026-08-12 14:40:00-04:00,773.42,773.63,773.42,773.51,222541,SPY
2026-08-12 14:45:00-04:00,773.515,773.55,773.38,773.525,248126,SPY
2026-08-12 14:50:00-04:00,773.53,773.63,773.44,773.44,198072,SPY
2026-08-12 14:55:00-04:00,773.45,773.45,773.04,773.06,299380,SPY
2026-08-12 15:00:00-04:00,773.035,773.325,773.02,773.2503,222436,SPY
2026-08-12 15:05:00-04:00,773.256,773.38,773.21,773.23,490028,SPY
2026-08-12 15:10:00-04:00,773.23,773.28,773.0,773.07,204145,SPY
2026-08-12 15:15:00-04:00,773.07,773.22,773.055,773.145,400179,SPY
2026-08-12 15:20:00-04:00,773.14,773.16,772.8,772.87,256993,SPY
2026-08-12 15:25:00-04:00,772.87,772.99,772.81,772.98,338557,SPY
2026-08-12 15:30:00-04:00,772.98,773.02,772.8,772.88,322257,SPY
2026-08-12 15:35:00-04:00,772.87,773.0,772.84,772.89,369107,SPY
2026-08-12 15:40:00-04:00,772.88,772.91,772.56,772.865,301466,SPY
2026-08-12 15:45:00-04:00,772.86,773.0,772.7,772.88,452702,SPY
2026-08-12 15:50:00-04:00,772.88,772.9,772.17,772.24,838012,SPY
2026-08-12 15:55:00-04:00,772.26,772.72,772.0,772.52,1530781,SPY
2026-08-13 09:30:00-04:00,774.87,775.49,774.12,775.3808,1376104,SPY
2026-08-13 09:35:00-04:00,775.39,776.47,775.36,776.44,709923,SPY
2026-08-13 09:40:00-04:00,776.44,776.44,775.55,775.71,478545,SPY
2026-08-13 09:45:00-04:00,775.72,776.9603,775.62,776.84,560229,SPY
2026-08-13 09:50:00-04:00,776.84,777.17,776.67,777.15,516829,SPY
2026-08-13 09:55:00-04:00,777.135,777.69,776.93,777.61,518195,SPY
2026-08-13 10:00:00-04:00,777.6,778.25,777.52,778.225,529056,SPY
2026-08-13 10:05:00-04:00,778.225,778.39,777.93,778.14,448939,SPY
2026-08-13 10:10:00-04:00,778.15,778.55,778.13,778.51,353311,SPY
2026-08-13 10:15:00-04:00,778.525,778.66,778.0232,778.53,348225,SPY
2026-08-13 10:20:00-04:00,778.54,779.21,778.39,779.0295,453879,SPY
2026-08-13 10:25:00-04:00,779.03,779.25,778.91,779.19,271731,SPY
2026-08-13 10:30:00-04:00,779.19,779.37,778.98,779.22,464862,SPY
2026-08-13 10:35:00-04:00,779.22,779.37,778.75,779.065,416718,SPY
2026-08-13 10:40:00-04:00,779.065,779.11,778.5695,778.5695,391491,SPY
2026-08-13 10:45:00-04:00,778.54,778.55,777.53,777.68,489939,SPY
2026-08-13 10:50:00-04:00,777.69,777.935,777.57,777.84,628299,SPY
2026-08-13 10:55:00-04:00,777.84,777.97,777.38,777.76,299201,SPY
2026-08-13 11:00:00-04:00,777.77,778.23,777.32,777.38,292865,SPY
2026-08-13 11:05:00-04:00,777.37,777.605,776.965,777.235,364453,SPY
2026-08-13 11:10:00-04:00,777.24,777.37,777.02,777.12,379276,SPY
2026-08-13 11:15:00-04:00,777.125,777.25,776.7213,777.175,269694,SPY
2026-08-13 11:20:00-04:00,777.15,777.26,776.825,776.915,311149,SPY
2026-08-13 11:25:00-04:00,776.92,776.93,775.92,776.17,783714,SPY
2026-08-13 11:30:00-04:00,776.18,776.31,775.71,775.73,364892,SPY
2026-08-13 11:35:00-04:00,775.74,776.15,775.58,775.96,843741,SPY
2026-08-13 11:40:00-04:00,775.95,776.37,775.7,775.965,345484,SPY
2026-08-13 11:45:00-04:00,775.96,776.13,775.7,775.9099,237331,SPY
2026-08-13 11:50:00-04:00,775.895,775.93,775.52,775.66,194043,SPY
2026-08-13 11:55:00-04:00,775.66,775.93,775.38,775.49,263486,SPY
2026-08-13 12:00:00-04:00,775.48,776.05,775.46,775.8999,207585,SPY
2026-08-13 12:05:00-04:00,775.91,776.29,775.89,775.965,204513,SPY
2026-08-13 12:10:00-04:00,775.965,776.12,775.675,775.69,154007,SPY
2026-08-13 12:15:00-04:00,775.6923,775.88,775.6,775.85,198565,SPY
2026-08-13 12:20:00-04:00,775.85,776.09,775.76,776.06,207324,SPY
2026-08-13 12:25:00-04:00,776.065,776.52,776.045,776.52,543639,SPY
2026-08-13 12:30:00-04:00,776.525,776.71,776.405,776.64,278306,SPY
2026-08-13 12:35:00-04:00,776.64,776.7,776.2199,776.29,258151,SPY
2026-08-13 12:40:00-04:00,776.2857,776.51,776.205,776.44,159458,SPY
2026-08-13 12:45:00-04:00,776.4147,776.67,776.4147,776.61,180286,SPY
2026-08-13 12:50:00-04:00,776.61,776.8,776.595,776.69,160969,SPY
2026-08-13 12:55:00-04:00,776.68,776.76,776.585,776.7,126149,SPY
2026-08-13 13:00:00-04:00,776.71,777.05,776.71,776.99,156097,SPY
2026-08-13 13:05:00-04:00,777.0,777.38,776.93,777.25,168554,SPY
2026-08-13 13:10:00-04:00,777.25,777.3,777.09,777.19,121079,SPY
2026-08-13 13:15:00-04:00,777.17,777.4,777.17,777.4,139804,SPY
2026-08-13 13:20:00-04:00,777.405,777.48,777.17,777.28,122761,SPY
2026-08-13 13:25:00-04:00,777.29,777.31,777.09,777.11,134965,SPY
2026-08-13 13:30:00-04:00,777.1,777.24,776.83,776.93,139366,SPY
2026-08-13 13:35:00-04:00,776.93,776.935,776.665,776.79,170159,SPY
2026-08-13 13:40:00-04:00,776.7865,776.9,776.62,776.62,115385,SPY
2026-08-13 13:45:00-04:00,776.62,776.92,776.62,776.83,109112,SPY
2026-08-13 13:50:00-04:00,776.84,776.93,776.74,776.77,86696,SPY
2026-08-13 13:55:00-04:00,776.78,776.94,776.67,776.745,148652,SPY
2026-08-13 14:00:00-04:00,776.75,776.94,776.74,776.91,137327,SPY
2026-08-13 14:05:00-04:00,776.93,777.04,776.8,776.83,335929,SPY
2026-08-13 14:10:00-04:00,776.82,777.14,776.66,777.08,201122,SPY
2026-08-13 14:15:00-04:00,777.075,777.17,776.89,776.95,468879,SPY
2026-08-13 14:20:00-04:00,776.93,776.99,776.68,776.72,225428,SPY
2026-08-13 14:25:00-04:00,776.73,777.045,776.71,776.98,253739,SPY
2026-08-13 14:30:00-04:00,776.99,777.26,776.99,777.2369,236949,SPY
2026-08-13 14:35:00-04:00,777.25,777.42,777.2,777.4,252989,SPY
2026-08-13 14:40:00-04:00,777.41,777.74,777.36,777.6175,251157,SPY
2026-08-13 14:45:00-04:00,777.615,777.76,777.6055,777.75,166152,SPY
2026-08-13 14:50:00-04:00,777.75,777.93,777.63,777.87,244315,SPY
2026-08-13 14:55:00-04:00,777.87,777.92,777.67,777.74,176845,SPY
2026-08-13 15:00:00-04:00,777.75,777.9301,777.72,777.88,292028,SPY
2026-08-13 15:05:00-04:00,777.88,778.43,777.8,778.355,309207,SPY
2026-08-13 15:10:00-04:00,778.36,778.36,777.84,777.96,399339,SPY
2026-08-13 15:15:00-04:00,777.95,778.15,777.79,778.15,470137,SPY
2026-08-13 15:20:00-04:00,778.145,778.33,778.13,778.295,318573,SPY
2026-08-13 15:25:00-04:00,778.29,778.37,777.98,778.0301,312743,SPY
2026-08-13 15:30:00-04:00,778.03,778.24,777.95,778.04,648879,SPY
2026-08-13 15:35:00-04:00,778.04,778.06,777.73,777.955,1055543,SPY
2026-08-13 15:40:00-04:00,777.96,778.03,777.69,777.72,394536,SPY
2026-08-13 15:45:00-04:00,777.71,777.82,777.64,777.77,715586,SPY
2026-08-13 15:50:00-04:00,777.75,777.75,777.35,777.515,1408773,SPY
2026-08-13 15:55:00-04:00,777.53,777.935,777.365,777.78,2781625,SPY
2026-08-14 09:30:00-04:00,778.54,778.58,777.92,778.19,1160934,SPY
2026-08-14 09:35:00-04:00,778.165,778.28,777.66,778.02,478796,SPY
2026-08-14 09:40:00-04:00,778.04,778.485,777.82,778.38,509871,SPY
2026-08-14 09:45:00-04:00,778.39,778.6,777.8804,777.95,335338,SPY
2026-08-14 09:50:00-04:00,777.96,778.6,777.81,778.47,384936,SPY
2026-08-14 09:55:00-04:00,778.47,778.51,778.1,778.43,228278,SPY
2026-08-14 10:00:00-04:00,778.42,778.59,778.16,778.55,232658,SPY
2026-08-14 10:05:00-04:00,778.55,778.8,778.47,778.52,274925,SPY
2026-08-14 10:10:00-04:00,778.53,778.68,778.28,778.28,205626,SPY
2026-08-14 10:15:00-04:00,778.275,778.34,777.765,777.8101,353296,SPY
2026-08-14 10:20:00-04:00,777.81,777.91,777.38,777.53,414251,SPY
2026-08-14 10:25:00-04:00,777.5271,777.6199,777.13,777.41,381514,SPY
2026-08-14 10:30:00-04:00,777.4,777.48,776.82,776.87,435292,SPY
2026-08-14 10:35:00-04:00,776.86,777.44,776.84,777.4,277615,SPY
2026-08-14 10:40:00-04:00,777.375,777.375,777.01,777.13,225269,SPY
2026-08-14 10:45:00-04:00,777.12,777.43,777.03,777.26,298480,SPY
2026-08-14 10:50:00-04:00,777.245,777.4393,776.9881,777.015,253978,SPY
2026-08-14 10:55:00-04:00,777.02,777.15,776.74,776.74,199305,SPY
2026-08-14 11:00:00-04:00,776.745,777.11,776.71,776.94,186300,SPY
2026-08-14 11:05:00-04:00,776.93,777.06,776.57,776.66,223936,SPY
2026-08-14 11:10:00-04:00,776.67,776.78,776.42,776.455,238187,SPY
2026-08-14 11:15:00-04:00,776.45,776.69,776.43,776.59,265969,SPY
2026-08-14 11:20:00-04:00,776.59,776.65,775.99,776.0018,463188,SPY
2026-08-14 11:25:00-04:00,776.0,776.3,775.86,776.3,485454,SPY
2026-08-14 11:30:00-04:00,776.29,776.415,776.01,776.17,430442,SPY
2026-08-14 11:35:00-04:00,776.18,776.46,776.06,776.0618,381075,SPY
2026-08-14 11:40:00-04:00,776.09,776.13,775.85,776.05,349847,SPY
2026-08-14 11:45:00-04:00,776.055,776.37,775.86,775.89,346623,SPY
2026-08-14 11:50:00-04:00,775.88,776.21,775.81,776.115,358905,SPY
2026-08-14 11:55:00-04:00,776.12,776.35,776.02,776.22,218846,SPY
2026-08-14 12:00:00-04:00,776.23,776.59,776.23,776.4399,283320,SPY
2026-08-14 12:05:00-04:00,776.41,776.51,776.1,776.24,189294,SPY
2026-08-14 12:10:00-04:00,776.2363,776.56,776.17,776.55,359889,SPY
2026-08-14 12:15:00-04:00,776.55,776.75,776.53,776.59,463051,SPY
2026-08-14 12:20:00-04:00,776.59,776.7,776.44,776.67,208944,SPY
2026-08-14 12:25:00-04:00,776.675,776.82,776.62,776.71,206619,SPY
2026-08-14 12:30:00-04:00,776.7,776.735,776.3,776.375,266514,SPY
2026-08-14 12:35:00-04:00,776.38,776.63,776.34,776.47,202947,SPY
2026-08-14 12:40:00-04:00,776.49,776.49,776.135,776.135,183890,SPY
2026-08-14 12:45:00-04:00,776.13,776.21,775.9805,776.1375,180390,SPY
2026-08-14 12:50:00-04:00,776.12,776.12,775.825,775.9237,180647,SPY
2026-08-14 12:55:00-04:00,775.93,776.01,775.66,775.7,233654,SPY
2026-08-14 13:00:00-04:00,775.7,775.88,775.63,775.79,183720,SPY
2026-08-14 13:05:00-04:00,775.79,775.97,775.78,775.9,169827,SPY
2026-08-14 13:10:00-04:00,775.91,776.115,775.83,776.06,224927,SPY
2026-08-14 13:15:00-04:00,776.05,776.11,775.79,775.965,138172,SPY
2026-08-14 13:20:00-04:00,775.96,776.13,775.78,775.83,206717,SPY
2026-08-14 13:25:00-04:00,775.82,775.83,775.6531,775.77,134375,SPY
2026-08-14 13:30:00-04:00,775.78,775.98,775.74,775.83,172892,SPY
2026-08-14 13:35:00-04:00,775.82,775.82,775.4301,775.575,148579,SPY
2026-08-14 13:40:00-04:00,775.55,775.66,775.47,775.6,238174,SPY
2026-08-14 13:45:00-04:00,775.6,775.72,775.54,775.61,188872,SPY
2026-08-14 13:50:00-04:00,775.6,775.81,775.465,775.755,154521,SPY
2026-08-14 13:55:00-04:00,775.755,775.93,775.64,775.83,124476,SPY
2026-08-14 14:00:00-04:00,775.835,776.11,775.73,776.02,490127,SPY
2026-08-14 14:05:00-04:00,776.02,776.16,775.95,776.155,195210,SPY
2026-08-14 14:10:00-04:00,776.15,776.3,776.07,776.16,236277,SPY
2026-08-14 14:15:00-04:00,776.15,776.33,776.12,776.205,504091,SPY
2026-08-14 14:20:00-04:00,776.21,776.32,776.08,776.175,200261,SPY
2026-08-14 14:25:00-04:00,776.18,776.27,775.89,775.925,131096,SPY
2026-08-14 14:30:00-04:00,775.93,776.11,775.82,775.9,182489,SPY
2026-08-14 14:35:00-04:00,775.9,776.04,775.82,776.005,311403,SPY
2026-08-14 14:40:00-04:00,776.005,776.27,775.95,776.21,220569,SPY
2026-08-14 14:45:00-04:00,776.21,776.26,776.04,776.255,165278,SPY
2026-08-14 14:50:00-04:00,776.26,776.4919,776.26,776.36,279514,SPY
2026-08-14 14:55:00-04:00,776.36,776.36,776.15,776.19,123002,SPY
2026-08-14 15:00:00-04:00,776.19,776.22,775.89,775.99,212320,SPY
2026-08-14 15:05:00-04:00,775.985,776.19,775.95,776.16,109170,SPY
2026-08-14 15:10:00-04:00,776.17,776.185,776.04,776.05,406662,SPY
2026-08-14 15:15:00-04:00,776.05,776.13,775.83,775.995,478012,SPY
2026-08-14 15:20:00-04:00,775.995,776.12,775.87,776.11,375563,SPY
2026-08-14 15:25:00-04:00,776.11,776.33,776.11,776.155,218832,SPY
2026-08-14 15:30:00-04:00,776.155,776.3089,776.1,776.235,314674,SPY
2026-08-14 15:35:00-04:00,776.24,776.32,776.03,776.17,643297,SPY
2026-08-14 15:40:00-04:00,776.17,776.305,776.115,776.165,290616,SPY
2026-08-14 15:45:00-04:00,776.16,776.22,775.97,776.2,398764,SPY
2026-08-14 15:50:00-04:00,776.19,776.41,776.1,776.2,620968,SPY
2026-08-14 15:55:00-04:00,776.21,776.42,775.92,776.3,1512056,SPY
2026-08-17 09:30:00-04:00,776.18,776.775,775.4621,775.51,1534766,SPY
2026-08-17 09:35:00-04:00,775.5099,775.89,775.32,775.4399,495067,SPY
2026-08-17 09:40:00-04:00,775.45,775.84,775.32,775.565,234312,SPY
2026-08-17 09:45:00-04:00,775.56,776.0101,775.19,775.97,491370,SPY
2026-08-17 09:50:00-04:00,775.975,776.0,775.56,775.81,256324,SPY
2026-08-17 09:55:00-04:00,775.83,775.83,775.18,775.2905,272021,SPY
2026-08-17 10:00:00-04:00,775.265,775.6,775.02,775.41,352408,SPY
2026-08-17 10:05:00-04:00,775.41,775.5,775.09,775.435,324799,SPY
2026-08-17 10:10:00-04:00,775.44,775.77,775.36,775.66,267380,SPY
2026-08-17 10:15:00-04:00,775.66,775.66,775.235,775.33,250538,SPY
2026-08-17 10:20:00-04:00,775.35,775.36,775.02,775.25,208298,SPY
2026-08-17 10:25:00-04:00,775.26,775.47,775.0,775.46,303355,SPY
2026-08-17 10:30:00-04:00,775.45,775.5899,775.34,775.5601,262806,SPY
2026-08-17 10:35:00-04:00,775.57,775.57,774.93,775.06,247573,SPY
2026-08-17 10:40:00-04:00,775.07,775.34,775.03,775.1212,249271,SPY
2026-08-17 10:45:00-04:00,775.14,775.37,775.13,775.285,254667,SPY
2026-08-17 10:50:00-04:00,775.29,775.48,774.9,774.96,461284,SPY
2026-08-17 10:55:00-04:00,774.96,775.29,774.89,775.27,327036,SPY
2026-08-17 11:00:00-04:00,775.27,775.6,775.15,775.5,260821,SPY
2026-08-17 11:05:00-04:00,775.5,775.6,775.3,775.38,202964,SPY
2026-08-17 11:10:00-04:00,775.37,775.57,775.32,775.33,171675,SPY
2026-08-17 11:15:00-04:00,775.33,775.76,775.3,775.7,200356,SPY
2026-08-17 11:20:00-04:00,775.7,775.86,775.62,775.67,233700,SPY
2026-08-17 11:25:00-04:00,775.7,775.79,775.53,775.715,171067,SPY
2026-08-17 11:30:00-04:00,775.715,775.82,775.22,775.221,208647,SPY
2026-08-17 11:35:00-04:00,775.24,775.325,774.97,775.02,265539,SPY
2026-08-17 11:40:00-04:00,775.01,775.11,774.71,775.1,412020,SPY
2026-08-17 11:45:00-04:00,775.1,775.24,775.015,775.1,210075,SPY
2026-08-17 11:50:00-04:00,775.07,775.41,775.02,775.33,250662,SPY
2026-08-17 11:55:00-04:00,775.33,775.44,775.28,775.3,161832,SPY
2026-08-17 12:00:00-04:00,775.295,775.375,775.135,775.22,152249,SPY
2026-08-17 12:05:00-04:00,775.22,775.32,775.06,775.13,200896,SPY
2026-08-17 12:10:00-04:00,775.15,775.46,775.13,775.38,218467,SPY
2026-08-17 12:15:00-04:00,775.38,775.59,775.36,775.5,142448,SPY
2026-08-17 12:20:00-04:00,775.51,775.61,775.37,775.42,138618,SPY
2026-08-17 12:25:00-04:00,775.4,775.43,775.205,775.29,119019,SPY
2026-08-17 12:30:00-04:00,775.3,775.41,775.09,775.11,153351,SPY
2026-08-17 12:35:00-04:00,775.11,775.29,775.09,775.29,129886,SPY
2026-08-17 12:40:00-04:00,775.29,775.29,774.93,774.94,162965,SPY
2026-08-17 12:45:00-04:00,774.945,775.07,774.85,775.005,213328,SPY
2026-08-17 12:50:00-04:00,775.01,775.05,774.65,774.87,180503,SPY
2026-08-17 12:55:00-04:00,774.87,774.91,774.61,774.68,205635,SPY
2026-08-17 13:00:00-04:00,774.67,774.78,774.56,774.68,203950,SPY
2026-08-17 13:05:00-04:00,774.68,774.68,774.49,774.56,242930,SPY
2026-08-17 13:10:00-04:00,774.56,774.65,774.3,774.31,294702,SPY
2026-08-17 13:15:00-04:00,774.29,774.445,774.07,774.24,349125,SPY
2026-08-17 13:20:00-04:00,774.24,774.32,773.66,773.75,438645,SPY
2026-08-17 13:25:00-04:00,773.75,773.79,773.47,773.58,357085,SPY
2026-08-17 13:30:00-04:00,773.57,773.86,773.42,773.44,401629,SPY
2026-08-17 13:35:00-04:00,773.43,773.53,773.145,773.145,274573,SPY
2026-08-17 13:40:00-04:00,773.13,773.84,773.1,773.78,426708,SPY
2026-08-17 13:45:00-04:00,773.761,773.845,773.475,773.505,209291,SPY
2026-08-17 13:50:00-04:00,773.51,773.67,773.4,773.555,243333,SPY
2026-08-17 13:55:00-04:00,773.5599,773.57,773.32,773.41,179368,SPY
2026-08-17 14:00:00-04:00,773.42,773.59,773.28,773.45,416637,SPY
2026-08-17 14:05:00-04:00,773.45,773.63,773.3,773.39,309578,SPY
2026-08-17 14:10:00-04:00,773.36,773.75,773.33,773.69,260321,SPY
2026-08-17 14:15:00-04:00,773.695,773.8,773.51,773.579,237162,SPY
2026-08-17 14:20:00-04:00,773.56,773.74,773.39,773.71,297506,SPY
2026-08-17 14:25:00-04:00,773.7,773.8,773.42,773.59,230399,SPY
2026-08-17 14:30:00-04:00,773.58,773.63,773.23,773.26,387643,SPY
2026-08-17 14:35:00-04:00,773.26,773.49,773.26,773.4799,193441,SPY
2026-08-17 14:40:00-04:00,773.45,773.7,773.4,773.6,239373,SPY
2026-08-17 14:45:00-04:00,773.605,773.78,773.555,773.72,286347,SPY
2026-08-17 14:50:00-04:00,773.715,773.82,773.545,773.6,222482,SPY
2026-08-17 14:55:00-04:00,773.595,773.635,773.5,773.535,170976,SPY
2026-08-17 15:00:00-04:00,773.535,773.59,773.3,773.32,298525,SPY
2026-08-17 15:05:00-04:00,773.33,773.43,773.26,773.295,303874,SPY
2026-08-17 15:10:00-04:00,773.295,773.415,773.155,773.21,579610,SPY
2026-08-17 15:15:00-04:00,773.21,773.51,773.16,773.38,285425,SPY
2026-08-17 15:20:00-04:00,773.39,773.47,773.25,773.28,258956,SPY
2026-08-17 15:25:00-04:00,773.27,773.41,773.12,773.12,295472,SPY
2026-08-17 15:30:00-04:00,773.13,773.16,772.73,772.975,624398,SPY
2026-08-17 15:35:00-04:00,772.98,773.12,772.8627,773.015,604289,SPY
2026-08-17 15:40:00-04:00,773.01,773.07,772.81,772.98,583838,SPY
2026-08-17 15:45:00-04:00,772.98,773.34,772.97,773.315,842549,SPY
2026-08-17 15:50:00-04:00,773.315,773.36,772.62,772.755,1025199,SPY
2026-08-17 15:55:00-04:00,772.75,772.95,772.51,772.68,4905007,SPY
2026-08-18 09:30:00-04:00,768.7,769.46,767.91,768.55,2622640,SPY
2026-08-18 09:35:00-04:00,768.55,769.1997,768.31,769.13,756092,SPY
2026-08-18 09:40:00-04:00,769.105,769.5,768.72,768.75,636495,SPY
2026-08-18 09:45:00-04:00,768.73,769.08,768.36,768.45,689642,SPY
2026-08-18 09:50:00-04:00,768.46,768.81,768.215,768.56,472300,SPY
2026-08-18 09:55:00-04:00,768.58,768.85,768.12,768.47,373690,SPY
2026-08-18 10:00:00-04:00,768.49,769.27,768.18,768.97,485647,SPY
2026-08-18 10:05:00-04:00,768.96,769.21,768.445,768.54,541217,SPY
2026-08-18 10:10:00-04:00,768.54,768.57,767.63,768.09,806006,SPY
2026-08-18 10:15:00-04:00,768.11,768.82,767.99,768.55,508100,SPY
2026-08-18 10:20:00-04:00,768.55,768.98,768.09,768.81,456557,SPY
2026-08-18 10:25:00-04:00,768.82,769.08,768.5358,768.66,444417,SPY
2026-08-18 10:30:00-04:00,768.64,769.25,768.57,768.77,387090,SPY
2026-08-18 10:35:00-04:00,768.77,769.17,768.73,769.09,546474,SPY
2026-08-18 10:40:00-04:00,769.09,769.21,768.38,768.4,404735,SPY
2026-08-18 10:45:00-04:00,768.39,768.585,768.18,768.47,375061,SPY
2026-08-18 10:50:00-04:00,768.475,768.805,767.91,767.94,497885,SPY
2026-08-18 10:55:00-04:00,767.94,768.13,767.71,767.92,469333,SPY
2026-08-18 11:00:00-04:00,767.93,768.295,767.42,768.22,462120,SPY
2026-08-18 11:05:00-04:00,768.22,768.38,767.72,767.77,342508,SPY
2026-08-18 11:10:00-04:00,767.78,767.925,767.64,767.72,301549,SPY
2026-08-18 11:15:00-04:00,767.73,767.89,767.47,767.48,348711,SPY
2026-08-18 11:20:00-04:00,767.45,767.718,767.33,767.55,326194,SPY
2026-08-18 11:25:00-04:00,767.54,768.0314,767.42,767.84,263936,SPY
2026-08-18 11:30:00-04:00,767.855,768.19,767.735,767.89,386741,SPY
2026-08-18 11:35:00-04:00,767.89,767.9,767.6,767.825,260768,SPY
2026-08-18 11:40:00-04:00,767.835,768.265,767.69,768.06,398746,SPY
2026-08-18 11:45:00-04:00,768.07,768.57,768.07,768.395,416330,SPY
2026-08-18 11:50:00-04:00,768.37,768.63,768.1,768.49,194237,SPY
2026-08-18 11:55:00-04:00,768.48,768.5,768.07,768.35,229765,SPY
2026-08-18 12:00:00-04:00,768.35,768.65,768.275,768.57,198610,SPY
2026-08-18 12:05:00-04:00,768.555,768.71,768.22,768.37,185821,SPY
2026-08-18 12:10:00-04:00,768.37,768.73,768.37,768.55,122339,SPY
2026-08-18 12:15:00-04:00,768.57,768.64,768.221,768.31,166128,SPY
2026-08-18 12:20:00-04:00,768.31,768.87,768.31,768.68,155592,SPY
2026-08-18 12:25:00-04:00,768.67,768.7299,768.14,768.21,240325,SPY
2026-08-18 12:30:00-04:00,768.19,768.43,768.07,768.31,155634,SPY
2026-08-18 12:35:00-04:00,768.32,768.58,768.165,768.455,202447,SPY
2026-08-18 12:40:00-04:00,768.46,768.6,768.19,768.37,113118,SPY
2026-08-18 12:45:00-04:00,768.38,768.84,768.2,768.77,168244,SPY
2026-08-18 12:50:00-04:00,768.77,768.87,768.645,768.8299,149309,SPY
2026-08-18 12:55:00-04:00,768.82,768.83,768.62,768.63,412159,SPY
2026-08-18 13:00:00-04:00,768.62,768.69,768.37,768.55,257158,SPY
2026-08-18 13:05:00-04:00,768.56,768.76,768.45,768.76,208302,SPY
2026-08-18 13:10:00-04:00,768.76,768.82,768.49,768.62,126300,SPY
2026-08-18 13:15:00-04:00,768.62,768.64,768.27,768.3,123137,SPY
2026-08-18 13:20:00-04:00,768.3,768.545,768.24,768.26,149089,SPY
2026-08-18 13:25:00-04:00,768.26,768.33,768.08,768.3,148242,SPY
2026-08-18 13:30:00-04:00,768.29,768.39,768.0939,768.19,302759,SPY
2026-08-18 13:35:00-04:00,768.199,768.3925,768.01,768.22,138634,SPY
2026-08-18 13:40:00-04:00,768.22,768.29,768.06,768.09,121558,SPY
2026-08-18 13:45:00-04:00,768.07,768.21,767.99,768.01,104516,SPY
2026-08-18 13:50:00-04:00,768.02,768.18,767.95,768.07,100285,SPY
2026-08-18 13:55:00-04:00,768.065,768.07,767.61,767.62,203563,SPY
2026-08-18 14:00:00-04:00,767.62,767.73,767.53,767.635,373405,SPY
2026-08-18 14:05:00-04:00,767.64,767.76,767.45,767.49,1146482,SPY
2026-08-18 14:10:00-04:00,767.5,768.1,767.46,768.06,332283,SPY
2026-08-18 14:15:00-04:00,768.07,768.44,768.0399,768.41,402236,SPY
2026-08-18 14:20:00-04:00,768.405,768.565,768.21,768.27,250132,SPY
2026-08-18 14:25:00-04:00,768.265,768.405,768.105,768.36,230834,SPY
2026-08-18 14:30:00-04:00,768.355,768.41,768.14,768.295,225951,SPY
2026-08-18 14:35:00-04:00,768.32,768.43,768.29,768.32,177403,SPY
2026-08-18 14:40:00-04:00,768.32,768.36,768.08,768.09,221217,SPY
2026-08-18 14:45:00-04:00,768.1,768.2,768.02,768.06,281604,SPY
2026-08-18 14:50:00-04:00,768.05,768.09,767.8,767.81,291691,SPY
2026-08-18 14:55:00-04:00,767.8,767.915,767.68,767.7,264171,SPY
2026-08-18 15:00:00-04:00,767.69,767.87,767.62,767.745,384418,SPY
2026-08-18 15:05:00-04:00,767.75,767.95,767.65,767.83,218237,SPY
2026-08-18 15:10:00-04:00,767.83,767.92,767.56,767.62,262138,SPY
2026-08-18 15:15:00-04:00,767.62,767.86,767.61,767.85,227850,SPY
2026-08-18 15:20:00-04:00,767.855,768.15,767.76,768.15,373300,SPY
2026-08-18 15:25:00-04:00,768.13,768.18,768.005,768.02,269239,SPY
2026-08-18 15:30:00-04:00,768.015,768.22,767.85,767.89,418605,SPY
2026-08-18 15:35:00-04:00,767.8956,768.06,767.85,767.95,351624,SPY
2026-08-18 15:40:00-04:00,767.95,767.97,767.72,767.895,562829,SPY
2026-08-18 15:45:00-04:00,767.89,767.96,767.65,767.89,986099,SPY
2026-08-18 15:50:00-04:00,767.89,767.94,767.27,767.415,1662877,SPY
2026-08-18 15:55:00-04:00,767.42,767.67,766.925,767.39,5893584,SPY
2026-08-19 09:30:00-04:00,770.36,770.63,769.86,770.021,2772579,SPY
2026-08-19 09:35:00-04:00,770.03,770.23,769.41,769.51,576086,SPY
2026-08-19 09:40:00-04:00,769.53,770.3,769.2501,770.1,491390,SPY
2026-08-19 09:45:00-04:00,770.11,770.6,768.36,768.5437,654143,SPY
2026-08-19 09:50:00-04:00,768.5599,769.73,768.1,769.675,710671,SPY
2026-08-19 09:55:00-04:00,769.67,770.375,769.38,769.99,365577,SPY
2026-08-19 10:00:00-04:00,770.02,770.26,769.56,769.645,357200,SPY
2026-08-19 10:05:00-04:00,769.63,770.02,769.48,769.7867,301719,SPY
2026-08-19 10:10:00-04:00,769.8,769.9697,768.73,768.74,531369,SPY
2026-08-19 10:15:00-04:00,768.74,770.13,768.73,769.765,409215,SPY
2026-08-19 10:20:00-04:00,769.77,770.17,769.38,769.58,230384,SPY
2026-08-19 10:25:00-04:00,769.57,770.065,769.21,770.03,317779,SPY
2026-08-19 10:30:00-04:00,769.98,770.458,769.8102,770.1899,318762,SPY
2026-08-19 10:35:00-04:00,770.18,771.3,770.15,771.14,505359,SPY
2026-08-19 10:40:00-04:00,771.155,771.33,770.83,771.0595,401978,SPY
2026-08-19 10:45:00-04:00,771.07,771.29,770.67,770.76,343048,SPY
2026-08-19 10:50:00-04:00,770.7487,771.61,770.73,771.35,295702,SPY
2026-08-19 10:55:00-04:00,771.365,772.2399,771.31,772.2,416878,SPY
2026-08-19 11:00:00-04:00,772.195,772.47,772.0147,772.175,328587,SPY
2026-08-19 11:05:00-04:00,772.18,772.26,771.49,771.52,242869,SPY
2026-08-19 11:10:00-04:00,771.5,771.95,771.49,771.82,233858,SPY
2026-08-19 11:15:00-04:00,771.815,771.85,771.4,771.505,189957,SPY
2026-08-19 11:20:00-04:00,771.5,771.595,771.18,771.1824,209185,SPY
2026-08-19 11:25:00-04:00,771.19,771.25,770.88,771.1087,429972,SPY
2026-08-19 11:30:00-04:00,771.13,771.18,770.75,770.79,205650,SPY
2026-08-19 11:35:00-04:00,770.81,770.9199,770.39,770.535,259272,SPY
2026-08-19 11:40:00-04:00,770.5301,770.5301,770.07,770.4999,753451,SPY
2026-08-19 11:45:00-04:00,770.5,770.88,770.38,770.3875,223318,SPY
2026-08-19 11:50:00-04:00,770.4,770.54,770.08,770.14,309116,SPY
2026-08-19 11:55:00-04:00,770.11,770.64,770.07,770.6209,172805,SPY
2026-08-19 12:00:00-04:00,770.64,771.32,770.4,771.3,215066,SPY
2026-08-19 12:05:00-04:00,771.3101,771.605,771.21,771.52,203134,SPY
2026-08-19 12:10:00-04:00,771.52,771.66,771.465,771.55,160110,SPY
2026-08-19 12:15:00-04:00,771.55,771.99,771.44,771.83,252767,SPY
2026-08-19 12:20:00-04:00,771.83,771.85,771.36,771.42,166996,SPY
2026-08-19 12:25:00-04:00,771.42,771.43,770.67,770.67,195941,SPY
2026-08-19 12:30:00-04:00,770.68,770.755,770.42,770.74,592691,SPY
2026-08-19 12:35:00-04:00,770.73,770.735,770.2782,770.52,376918,SPY
2026-08-19 12:40:00-04:00,770.52,770.54,770.25,770.395,188831,SPY
2026-08-19 12:45:00-04:00,770.39,770.45,770.12,770.18,320128,SPY
2026-08-19 12:50:00-04:00,770.18,770.18,769.74,769.885,281749,SPY
2026-08-19 12:55:00-04:00,769.88,769.88,769.5,769.68,266580,SPY
2026-08-19 13:00:00-04:00,769.69,770.11,769.6,769.91,299283,SPY
2026-08-19 13:05:00-04:00,769.91,770.229,769.46,769.49,197155,SPY
2026-08-19 13:10:00-04:00,769.53,770.07,769.5251,769.825,188068,SPY
2026-08-19 13:15:00-04:00,769.825,769.97,769.46,769.46,133715,SPY
2026-08-19 13:20:00-04:00,769.47,769.53,769.02,769.29,462496,SPY
2026-08-19 13:25:00-04:00,769.25,769.67,769.215,769.57,138959,SPY
2026-08-19 13:30:00-04:00,769.58,769.66,769.2,769.205,226553,SPY
2026-08-19 13:35:00-04:00,769.2,769.47,769.16,769.245,179273,SPY
2026-08-19 13:40:00-04:00,769.25,769.7599,769.23,769.589,232366,SPY
2026-08-19 13:45:00-04:00,769.6,769.8,769.51,769.5301,153701,SPY
2026-08-19 13:50:00-04:00,769.56,769.89,769.47,769.61,131694,SPY
2026-08-19 13:55:00-04:00,769.62,769.63,769.38,769.5076,214806,SPY
2026-08-19 14:00:00-04:00,769.53,770.55,769.4,770.13,344237,SPY
2026-08-19 14:05:00-04:00,770.11,770.25,768.96,769.001,355048,SPY
2026-08-19 14:10:00-04:00,768.98,769.71,768.98,769.43,219193,SPY
2026-08-19 14:15:00-04:00,769.445,769.49,769.05,769.31,359299,SPY
2026-08-19 14:20:00-04:00,769.29,769.48,769.1737,769.31,219192,SPY
2026-08-19 14:25:00-04:00,769.29,769.61,769.24,769.58,169152,SPY
2026-08-19 14:30:00-04:00,769.58,770.02,769.58,769.92,246735,SPY
2026-08-19 14:35:00-04:00,769.9299,769.94,769.68,769.79,112470,SPY
2026-08-19 14:40:00-04:00,769.765,770.09,769.71,769.81,274173,SPY
2026-08-19 14:45:00-04:00,769.81,769.84,769.5849,769.825,169729,SPY
2026-08-19 14:50:00-04:00,769.825,769.87,769.48,769.6507,424967,SPY
2026-08-19 14:55:00-04:00,769.67,769.74,769.485,769.515,163110,SPY
2026-08-19 15:00:00-04:00,769.53,769.8,769.43,769.61,205676,SPY
2026-08-19 15:05:00-04:00,769.615,769.99,769.5,769.9,290410,SPY
2026-08-19 15:10:00-04:00,769.9,769.95,769.685,769.71,130313,SPY
2026-08-19 15:15:00-04:00,769.71,770.0195,769.6,770.01,607852,SPY
2026-08-19 15:20:00-04:00,770.01,770.02,769.68,769.94,553735,SPY
2026-08-19 15:25:00-04:00,769.93,770.02,769.58,769.63,637699,SPY
2026-08-19 15:30:00-04:00,769.65,770.38,769.61,770.18,457266,SPY
2026-08-19 15:35:00-04:00,770.18,770.19,769.17,769.175,789867,SPY
2026-08-19 15:40:00-04:00,769.17,769.3894,768.985,769.0,361742,SPY
2026-08-19 15:45:00-04:00,769.0,769.12,768.53,768.76,649946,SPY
2026-08-19 15:50:00-04:00,768.76,768.86,768.29,768.72,937871,SPY
2026-08-19 15:55:00-04:00,768.71,769.1,768.2,769.09,4596251,SPY
2026-08-20 09:30:00-04:00,765.96,767.1,765.86,767.05,1861245,SPY
2026-08-20 09:35:00-04:00,767.06,767.72,766.66,767.3,936615,SPY
2026-08-20 09:40:00-04:00,767.32,767.75,766.64,767.365,448531,SPY
2026-08-20 09:45:00-04:00,767.37,767.5,766.61,767.15,619548,SPY
2026-08-20 09:50:00-04:00,767.15,767.26,766.44,766.96,482422,SPY
2026-08-20 09:55:00-04:00,766.98,767.32,766.16,766.55,415264,SPY
2026-08-20 10:00:00-04:00,766.5,766.92,765.98,765.9801,346518,SPY
2026-08-20 10:05:00-04:00,765.99,766.66,765.87,766.645,445379,SPY
2026-08-20 10:10:00-04:00,766.68,766.76,765.93,765.9957,399204,SPY
2026-08-20 10:15:00-04:00,765.97,766.135,765.39,765.44,532728,SPY
2026-08-20 10:20:00-04:00,765.4399,766.95,765.36,766.75,491794,SPY
2026-08-20 10:25:00-04:00,766.7691,766.83,765.97,766.22,264369,SPY
2026-08-20 10:30:00-04:00,766.205,766.82,766.01,766.105,250402,SPY
2026-08-20 10:35:00-04:00,766.11,767.165,765.93,766.97,241881,SPY
2026-08-20 10:40:00-04:00,766.96,767.26,766.57,767.17,538852,SPY
2026-08-20 10:45:00-04:00,767.16,767.48,766.62,766.73,374604,SPY
2026-08-20 10:50:00-04:00,766.74,767.25,766.6,766.7,245764,SPY
2026-08-20 10:55:00-04:00,766.72,767.235,766.48,767.15,266129,SPY
2026-08-20 11:00:00-04:00,767.17,768.15,767.1221,767.92,903821,SPY
2026-08-20 11:05:00-04:00,767.88,767.9,766.36,766.56,708991,SPY
2026-08-20 11:10:00-04:00,766.52,767.0,766.06,766.79,657901,SPY
2026-08-20 11:15:00-04:00,766.775,767.08,766.4,766.77,348262,SPY
2026-08-20 11:20:00-04:00,766.73,766.78,765.97,766.29,556408,SPY
2026-08-20 11:25:00-04:00,766.275,766.8,766.0,766.75,361681,SPY
2026-08-20 11:30:00-04:00,766.74,766.87,765.83,765.98,260742,SPY
2026-08-20 11:35:00-04:00,765.99,766.13,765.55,765.555,580915,SPY
2026-08-20 11:40:00-04:00,765.55,765.85,765.31,765.36,308538,SPY
2026-08-20 11:45:00-04:00,765.35,765.72,765.23,765.53,334990,SPY
2026-08-20 11:50:00-04:00,765.54,766.03,765.43,765.85,387050,SPY
2026-08-20 11:55:00-04:00,765.87,766.005,765.62,765.84,290791,SPY
2026-08-20 12:00:00-04:00,765.84,766.09,765.48,765.5899,302130,SPY
2026-08-20 12:05:00-04:00,765.58,766.02,765.53,766.02,176474,SPY
2026-08-20 12:10:00-04:00,766.0099,766.08,765.465,765.515,193733,SPY
2026-08-20 12:15:00-04:00,765.49,765.6653,765.45,765.61,156878,SPY
2026-08-20 12:20:00-04:00,765.61,766.08,765.46,765.93,342804,SPY
2026-08-20 12:25:00-04:00,765.91,766.035,765.63,765.745,159033,SPY
2026-08-20 12:30:00-04:00,765.74,766.12,765.36,766.08,168451,SPY
2026-08-20 12:35:00-04:00,766.09,766.38,766.0,766.3,193454,SPY
2026-08-20 12:40:00-04:00,766.29,766.64,766.28,766.64,264812,SPY
2026-08-20 12:45:00-04:00,766.63,766.63,766.31,766.37,302471,SPY
2026-08-20 12:50:00-04:00,766.375,766.62,766.12,766.18,198469,SPY
2026-08-20 12:55:00-04:00,766.17,766.5,766.02,766.42,240863,SPY
2026-08-20 13:00:00-04:00,766.39,766.43,765.96,766.07,203595,SPY
2026-08-20 13:05:00-04:00,766.04,766.05,765.6,765.68,264638,SPY
2026-08-20 13:10:00-04:00,765.68,765.83,765.49,765.52,312538,SPY
2026-08-20 13:15:00-04:00,765.53,765.54,764.84,764.86,416957,SPY
2026-08-20 13:20:00-04:00,764.85,765.26,764.79,765.02,354371,SPY
2026-08-20 13:25:00-04:00,765.0,765.09,764.71,764.78,274481,SPY
2026-08-20 13:30:00-04:00,764.78,764.89,764.56,764.6067,275149,SPY
2026-08-20 13:35:00-04:00,764.61,764.78,764.3,764.475,281544,SPY
2026-08-20 13:40:00-04:00,764.46,764.52,764.23,764.45,285937,SPY
2026-08-20 13:45:00-04:00,764.45,764.84,764.4,764.72,295092,SPY
2026-08-20 13:50:00-04:00,764.7101,765.01,764.69,764.769,252014,SPY
2026-08-20 13:55:00-04:00,764.77,764.84,764.52,764.54,232520,SPY
2026-08-20 14:00:00-04:00,764.55,764.55,764.02,764.1,372938,SPY
2026-08-20 14:05:00-04:00,764.1,764.15,763.585,763.725,384327,SPY
2026-08-20 14:10:00-04:00,763.72,763.775,763.35,763.58,506521,SPY
2026-08-20 14:15:00-04:00,763.58,763.71,763.15,763.68,556079,SPY
2026-08-20 14:20:00-04:00,763.69,763.945,763.5901,763.62,331078,SPY
2026-08-20 14:25:00-04:00,763.62,763.72,763.44,763.56,234431,SPY
2026-08-20 14:30:00-04:00,763.565,763.63,763.25,763.32,305119,SPY
2026-08-20 14:35:00-04:00,763.31,763.62,763.29,763.42,285566,SPY
2026-08-20 14:40:00-04:00,763.41,763.62,763.21,763.5528,277240,SPY
2026-08-20 14:45:00-04:00,763.56,763.85,763.41,763.71,400838,SPY
2026-08-20 14:50:00-04:00,763.71,763.775,763.51,763.606,488047,SPY
2026-08-20 14:55:00-04:00,763.59,763.76,763.24,763.24,388955,SPY
2026-08-20 15:00:00-04:00,763.25,763.46,763.17,763.42,424049,SPY
2026-08-20 15:05:00-04:00,763.4,763.715,763.29,763.62,417845,SPY
2026-08-20 15:10:00-04:00,763.64,763.67,763.39,763.54,378938,SPY
2026-08-20 15:15:00-04:00,763.53,763.8,763.26,763.34,395078,SPY
2026-08-20 15:20:00-04:00,763.35,763.76,763.23,763.65,498238,SPY
2026-08-20 15:25:00-04:00,763.62,763.73,763.44,763.49,477204,SPY
2026-08-20 15:30:00-04:00,763.48,763.51,763.04,763.19,938372,SPY
2026-08-20 15:35:00-04:00,763.19,763.65,763.1,763.5,878204,SPY
2026-08-20 15:40:00-04:00,763.5,763.5699,762.97,763.1,875171,SPY
2026-08-20 15:45:00-04:00,763.1,763.4,762.81,763.37,1420528,SPY
2026-08-20 15:50:00-04:00,763.37,763.42,762.76,762.91,1367383,SPY
2026-08-20 15:55:00-04:00,762.92,763.0,762.04,762.64,5284942,SPY
2026-08-21 09:30:00-04:00,766.05,766.14,764.83,764.8599,2183133,SPY
2026-08-21 09:35:00-04:00,764.87,765.19,764.62,765.09,936515,SPY
2026-08-21 09:40:00-04:00,765.12,765.27,764.78,765.16,694462,SPY
2026-08-21 09:45:00-04:00,765.16,765.42,764.68,764.96,636844,SPY
2026-08-21 09:50:00-04:00,764.97,765.245,764.17,764.42,409975,SPY
2026-08-21 09:55:00-04:00,764.42,764.83,764.29,764.5124,338253,SPY
2026-08-21 10:00:00-04:00,764.53,764.96,764.53,764.93,266966,SPY
2026-08-21 10:05:00-04:00,764.9399,765.53,764.91,765.24,394655,SPY
2026-08-21 10:10:00-04:00,765.26,765.455,764.6,764.71,271319,SPY
2026-08-21 10:15:00-04:00,764.7,765.06,764.57,764.63,373509,SPY
2026-08-21 10:20:00-04:00,764.63,765.205,764.45,764.7501,1395844,SPY
2026-08-21 10:25:00-04:00,764.755,765.1,764.6,764.65,295025,SPY
2026-08-21 10:30:00-04:00,764.65,764.88,764.48,764.5,202029,SPY
2026-08-21 10:35:00-04:00,764.49,764.645,764.22,764.38,307472,SPY
2026-08-21 10:40:00-04:00,764.365,764.87,764.215,764.62,256214,SPY
2026-08-21 10:45:00-04:00,764.59,765.09,764.5301,765.03,258973,SPY
2026-08-21 10:50:00-04:00,765.04,765.3,764.87,765.0638,204246,SPY
2026-08-21 10:55:00-04:00,765.05,765.835,764.95,765.8151,314945,SPY
2026-08-21 11:00:00-04:00,765.81,766.4,765.74,766.24,828488,SPY
2026-08-21 11:05:00-04:00,766.25,766.41,765.8,765.84,426005,SPY
2026-08-21 11:10:00-04:00,765.855,766.0401,765.68,765.7,184850,SPY
2026-08-21 11:15:00-04:00,765.705,765.97,765.54,765.605,311709,SPY
2026-08-21 11:20:00-04:00,765.6,765.87,765.455,765.51,271128,SPY
2026-08-21 11:25:00-04:00,765.51,766.02,765.455,765.955,366942,SPY
2026-08-21 11:30:00-04:00,765.96,766.49,765.82,766.49,3359717,SPY
2026-08-21 11:35:00-04:00,766.48,767.0584,766.44,767.0584,369121,SPY
2026-08-21 11:40:00-04:00,767.05,767.44,766.92,767.3,356768,SPY
2026-08-21 11:45:00-04:00,767.31,767.45,766.94,767.01,326336,SPY
2026-08-21 11:50:00-04:00,767.0206,767.85,767.0005,767.6734,242298,SPY
2026-08-21 11:55:00-04:00,767.67,767.69,767.0799,767.2,330383,SPY
2026-08-21 12:00:00-04:00,767.2,767.3299,766.64,766.74,421378,SPY
2026-08-21 12:05:00-04:00,766.75,766.75,766.29,766.35,442629,SPY
2026-08-21 12:10:00-04:00,766.34,766.59,766.24,766.24,258800,SPY
2026-08-21 12:15:00-04:00,766.24,766.66,765.91,766.02,1156821,SPY
2026-08-21 12:20:00-04:00,766.01,767.005,765.87,766.195,510661,SPY
2026-08-21 12:25:00-04:00,766.2,766.58,766.13,766.515,149120,SPY
2026-08-21 12:30:00-04:00,766.51,766.53,766.03,766.03,181668,SPY
2026-08-21 12:35:00-04:00,766.03,766.57,766.025,766.55,289266,SPY
2026-08-21 12:40:00-04:00,766.55,766.56,766.285,766.375,160418,SPY
2026-08-21 12:45:00-04:00,766.37,766.37,766.1,766.17,171097,SPY
2026-08-21 12:50:00-04:00,766.16,766.18,765.81,766.02,497354,SPY
2026-08-21 12:55:00-04:00,766.01,766.43,765.955,766.39,222703,SPY
2026-08-21 13:00:00-04:00,766.39,766.465,766.23,766.27,166320,SPY
2026-08-21 13:05:00-04:00,766.28,766.53,766.16,766.37,192721,SPY
2026-08-21 13:10:00-04:00,766.37,766.37,766.1,766.2189,140492,SPY
2026-08-21 13:15:00-04:00,766.22,766.3,766.09,766.16,251335,SPY
2026-08-21 13:20:00-04:00,766.15,766.2,765.73,765.84,457856,SPY
2026-08-21 13:25:00-04:00,765.844,766.01,765.705,765.8,211275,SPY
2026-08-21 13:30:00-04:00,765.82,765.9,765.5395,765.5395,193141,SPY
2026-08-21 13:35:00-04:00,765.52,765.815,765.5,765.575,133709,SPY
2026-08-21 13:40:00-04:00,765.575,765.71,765.47,765.655,134439,SPY
2026-08-21 13:45:00-04:00,765.7,765.88,765.585,765.71,144525,SPY
2026-08-21 13:50:00-04:00,765.698,765.76,765.51,765.58,137048,SPY
2026-08-21 13:55:00-04:00,765.58,765.58,765.43,765.43,173800,SPY
2026-08-21 14:00:00-04:00,765.44,765.735,765.35,765.67,289550,SPY
2026-08-21 14:05:00-04:00,765.67,765.68,765.3,765.315,153182,SPY
2026-08-21 14:10:00-04:00,765.31,765.55,765.285,765.34,175619,SPY
2026-08-21 14:15:00-04:00,765.35,765.53,765.31,765.47,179232,SPY
2026-08-21 14:20:00-04:00,765.46,765.615,765.41,765.495,121496,SPY
2026-08-21 14:25:00-04:00,765.5,765.53,765.26,765.285,125743,SPY
2026-08-21 14:30:00-04:00,765.27,765.37,765.06,765.175,241643,SPY
2026-08-21 14:35:00-04:00,765.18,765.34,765.18,765.2301,146811,SPY
2026-08-21 14:40:00-04:00,765.235,765.52,765.21,765.39,208006,SPY
2026-08-21 14:45:00-04:00,765.395,765.7,765.315,765.6561,271561,SPY
2026-08-21 14:50:00-04:00,765.66,765.98,765.66,765.89,409399,SPY
2026-08-21 14:55:00-04:00,765.89,766.23,765.79,766.1975,365782,SPY
2026-08-21 15:00:00-04:00,766.2,766.365,766.01,766.0303,587367,SPY
2026-08-21 15:05:00-04:00,766.035,766.33,766.0,766.1,297398,SPY
2026-08-21 15:10:00-04:00,766.09,766.1,765.87,766.045,237724,SPY
2026-08-21 15:15:00-04:00,766.045,766.12,765.85,765.97,518302,SPY
2026-08-21 15:20:00-04:00,765.965,766.23,765.87,766.2001,250765,SPY
2026-08-21 15:25:00-04:00,766.205,766.21,765.95,766.05,225112,SPY
2026-08-21 15:30:00-04:00,766.05,766.315,766.02,766.0846,324330,SPY
2026-08-21 15:35:00-04:00,766.09,766.37,765.975,766.275,403725,SPY
2026-08-21 15:40:00-04:00,766.27,766.485,766.09,766.47,725547,SPY
2026-08-21 15:45:00-04:00,766.46,766.8,766.38,766.67,969624,SPY
2026-08-21 15:50:00-04:00,766.65,766.66,765.85,765.9,898459,SPY
2026-08-21 15:55:00-04:00,765.89,766.235,765.34,765.65,2638693,SPY
2026-08-24 09:30:00-04:00,764.78,764.81,763.2,763.45,2161631,SPY
2026-08-24 09:35:00-04:00,763.51,763.82,762.97,763.36,468492,SPY
2026-08-24 09:40:00-04:00,763.37,763.73,762.19,762.19,577255,SPY
2026-08-24 09:45:00-04:00,762.19,763.59,762.08,763.105,842395,SPY
2026-08-24 09:50:00-04:00,763.11,763.53,762.74,763.48,409135,SPY
2026-08-24 09:55:00-04:00,763.47,763.66,763.2399,763.39,395002,SPY
2026-08-24 10:00:00-04:00,763.41,763.945,762.8,762.97,555214,SPY
2026-08-24 10:05:00-04:00,762.98,763.2,762.62,762.89,226955,SPY
2026-08-24 10:10:00-04:00,762.91,763.02,762.5,762.98,243334,SPY
2026-08-24 10:15:00-04:00,762.98,763.06,762.65,762.87,211854,SPY
2026-08-24 10:20:00-04:00,762.86,763.509,762.8,762.85,578408,SPY
2026-08-24 10:25:00-04:00,762.87,763.145,762.67,762.92,1048163,SPY
2026-08-24 10:30:00-04:00,762.92,763.75,762.78,763.62,301253,SPY
2026-08-24 10:35:00-04:00,763.62,763.885,763.56,763.7,193939,SPY
2026-08-24 10:40:00-04:00,763.7,764.11,763.5034,763.7,2476986,SPY
2026-08-24 10:45:00-04:00,763.685,763.88,763.47,763.88,378023,SPY
2026-08-24 10:50:00-04:00,763.87,763.93,763.425,763.62,211239,SPY
2026-08-24 10:55:00-04:00,763.625,763.96,763.52,763.64,310423,SPY
2026-08-24 11:00:00-04:00,763.64,763.82,763.02,763.06,232119,SPY
2026-08-24 11:05:00-04:00,763.06,763.08,762.78,762.99,230631,SPY
2026-08-24 11:10:00-04:00,762.98,763.1751,762.7,762.75,218279,SPY
2026-08-24 11:15:00-04:00,762.74,762.8199,762.6308,762.68,138358,SPY
2026-08-24 11:20:00-04:00,762.675,763.19,762.37,763.15,408099,SPY
2026-08-24 11:25:00-04:00,763.1501,764.0062,763.07,763.7401,480586,SPY
2026-08-24 11:30:00-04:00,763.74,764.0,763.4,763.84,356346,SPY
2026-08-24 11:35:00-04:00,763.855,764.16,763.7,764.025,264624,SPY
2026-08-24 11:40:00-04:00,764.03,764.42,764.0201,764.2532,274454,SPY
2026-08-24 11:45:00-04:00,764.27,764.73,764.265,764.28,303002,SPY
2026-08-24 11:50:00-04:00,764.29,764.61,764.285,764.31,157315,SPY
2026-08-24 11:55:00-04:00,764.3,764.53,764.18,764.5201,272226,SPY
2026-08-24 12:00:00-04:00,764.52,765.13,764.43,764.95,428076,SPY
2026-08-24 12:05:00-04:00,764.95,764.99,764.46,764.47,163853,SPY
2026-08-24 12:10:00-04:00,764.485,764.66,764.43,764.6488,108004,SPY
2026-08-24 12:15:00-04:00,764.64,765.1588,764.61,765.05,245039,SPY
2026-08-24 12:20:00-04:00,765.0499,765.22,764.8,764.87,245677,SPY
2026-08-24 12:25:00-04:00,764.87,765.0019,764.8,764.89,174251,SPY
2026-08-24 12:30:00-04:00,764.91,765.0,764.5003,764.5701,274900,SPY
2026-08-24 12:35:00-04:00,764.58,764.71,764.335,764.35,143081,SPY
2026-08-24 12:40:00-04:00,764.35,764.41,764.19,764.31,287270,SPY
2026-08-24 12:45:00-04:00,764.33,764.4,764.14,764.35,143128,SPY
2026-08-24 12:50:00-04:00,764.36,764.4695,764.13,764.21,129084,SPY
2026-08-24 12:55:00-04:00,764.2299,764.32,764.12,764.19,131861,SPY
2026-08-24 13:00:00-04:00,764.2,764.21,763.87,764.01,135437,SPY
2026-08-24 13:05:00-04:00,763.99,764.655,763.95,764.45,194862,SPY
2026-08-24 13:10:00-04:00,764.45,764.78,764.31,764.52,314038,SPY
2026-08-24 13:15:00-04:00,764.5,764.6,764.05,764.12,164433,SPY
2026-08-24 13:20:00-04:00,764.13,764.16,763.5,763.565,337394,SPY
2026-08-24 13:25:00-04:00,763.57,763.72,763.335,763.4,193172,SPY
2026-08-24 13:30:00-04:00,763.38,763.57,763.27,763.3001,192457,SPY
2026-08-24 13:35:00-04:00,763.3,763.39,763.14,763.39,161284,SPY
2026-08-24 13:40:00-04:00,763.4,763.45,763.105,763.105,221499,SPY
2026-08-24 13:45:00-04:00,763.11,763.29,763.05,763.24,173204,SPY
2026-08-24 13:50:00-04:00,763.24,763.51,763.13,763.2,168380,SPY
2026-08-24 13:55:00-04:00,763.205,763.38,763.1201,763.29,226742,SPY
2026-08-24 14:00:00-04:00,763.31,763.66,763.28,763.56,190948,SPY
2026-08-24 14:05:00-04:00,763.53,763.99,763.49,763.92,203890,SPY
2026-08-24 14:10:00-04:00,763.9,764.26,763.82,764.26,213906,SPY
2026-08-24 14:15:00-04:00,764.255,764.47,764.13,764.235,213948,SPY
2026-08-24 14:20:00-04:00,764.23,764.69,764.2,764.615,345017,SPY
2026-08-24 14:25:00-04:00,764.615,764.84,764.56,764.8,324066,SPY
2026-08-24 14:30:00-04:00,764.8,765.11,764.66,764.67,261335,SPY
2026-08-24 14:35:00-04:00,764.685,764.75,764.12,764.2395,229992,SPY
2026-08-24 14:40:00-04:00,764.23,764.405,764.15,764.33,233608,SPY
2026-08-24 14:45:00-04:00,764.3339,764.42,764.11,764.32,196161,SPY
2026-08-24 14:50:00-04:00,764.32,764.43,764.07,764.14,150055,SPY
2026-08-24 14:55:00-04:00,764.14,764.25,763.97,764.0,197493,SPY
2026-08-24 15:00:00-04:00,763.97,764.05,763.81,763.92,204008,SPY
2026-08-24 15:05:00-04:00,763.92,764.09,763.85,763.9,172444,SPY
2026-08-24 15:10:00-04:00,763.9,764.2,763.86,764.11,148121,SPY
2026-08-24 15:15:00-04:00,764.11,764.23,763.92,764.1,189753,SPY
2026-08-24 15:20:00-04:00,764.07,764.19,763.96,764.02,192402,SPY
2026-08-24 15:25:00-04:00,764.015,764.17,763.92,763.96,200097,SPY
2026-08-24 15:30:00-04:00,763.96,764.24,763.74,763.74,255565,SPY
2026-08-24 15:35:00-04:00,763.74,763.85,763.64,763.655,276731,SPY
2026-08-24 15:40:00-04:00,763.65,763.75,763.54,763.66,344874,SPY
2026-08-24 15:45:00-04:00,763.66,763.78,763.48,763.77,608012,SPY
2026-08-24 15:50:00-04:00,763.78,763.95,763.35,763.74,685812,SPY
2026-08-24 15:55:00-04:00,763.76,763.95,763.38,763.48,2331037,SPY
2026-08-25 09:30:00-04:00,766.16,766.78,765.93,766.73,1531753,SPY
2026-08-25 09:35:00-04:00,766.69,766.7,766.13,766.135,346646,SPY
2026-08-25 09:40:00-04:00,766.15,766.65,765.87,766.165,311712,SPY
2026-08-25 09:45:00-04:00,766.15,766.72,766.12,766.46,323890,SPY
2026-08-25 09:50:00-04:00,766.46,766.53,766.0,766.0,484134,SPY
2026-08-25 09:55:00-04:00,766.03,766.0752,765.5001,765.69,375118,SPY
2026-08-25 10:00:00-04:00,765.69,765.81,765.23,765.455,385077,SPY
2026-08-25 10:05:00-04:00,765.46,765.56,765.12,765.34,371268,SPY
2026-08-25 10:10:00-04:00,765.34,765.5337,765.1,765.185,311307,SPY
2026-08-25 10:15:00-04:00,765.17,765.63,765.05,765.42,372009,SPY
2026-08-25 10:20:00-04:00,765.44,765.49,764.84,765.1,341315,SPY
2026-08-25 10:25:00-04:00,765.11,765.17,764.68,764.7,359484,SPY
2026-08-25 10:30:00-04:00,764.7,764.88,763.0501,764.33,1112263,SPY
2026-08-25 10:35:00-04:00,764.34,765.06,764.33,765.02,552248,SPY
2026-08-25 10:40:00-04:00,765.0104,765.03,764.16,764.35,329732,SPY
2026-08-25 10:45:00-04:00,764.35,764.49,764.17,764.225,277883,SPY
2026-08-25 10:50:00-04:00,764.19,764.81,764.031,764.66,227423,SPY
2026-08-25 10:55:00-04:00,764.66,764.85,764.48,764.72,265460,SPY
2026-08-25 11:00:00-04:00,764.73,764.77,764.3,764.45,154049,SPY
2026-08-25 11:05:00-04:00,764.45,764.78,764.395,764.605,172782,SPY
2026-08-25 11:10:00-04:00,764.62,764.8,764.38,764.5899,117091,SPY
2026-08-25 11:15:00-04:00,764.59,764.935,764.49,764.9,176392,SPY
2026-08-25 11:20:00-04:00,764.92,765.16,764.68,764.77,206458,SPY
2026-08-25 11:25:00-04:00,764.77,765.39,764.65,765.31,280575,SPY
2026-08-25 11:30:00-04:00,765.32,765.79,765.03,765.085,302084,SPY
2026-08-25 11:35:00-04:00,765.08,765.85,765.0605,765.1,256493,SPY
2026-08-25 11:40:00-04:00,765.11,765.23,764.91,765.17,216396,SPY
2026-08-25 11:45:00-04:00,765.18,765.18,764.6,764.71,141450,SPY
2026-08-25 11:50:00-04:00,764.705,765.3101,764.615,765.2256,250704,SPY
2026-08-25 11:55:00-04:00,765.21,765.6,765.21,765.44,185520,SPY
2026-08-25 12:00:00-04:00,765.46,765.85,765.42,765.56,388840,SPY
2026-08-25 12:05:00-04:00,765.57,765.65,765.3213,765.35,133742,SPY
2026-08-25 12:10:00-04:00,765.36,765.58,765.33,765.52,163347,SPY
2026-08-25 12:15:00-04:00,765.52,765.6,765.41,765.5,237051,SPY
2026-08-25 12:20:00-04:00,765.51,765.65,765.37,765.62,430987,SPY
2026-08-25 12:25:00-04:00,765.6217,765.8,765.56,765.76,111754,SPY
2026-08-25 12:30:00-04:00,765.75,765.86,765.6743,765.73,113569,SPY
2026-08-25 12:35:00-04:00,765.74,765.95,765.59,765.9,126282,SPY
2026-08-25 12:40:00-04:00,765.905,765.91,765.51,765.58,109315,SPY
2026-08-25 12:45:00-04:00,765.59,765.795,765.41,765.625,154720,SPY
2026-08-25 12:50:00-04:00,765.63,765.64,765.33,765.429,100659,SPY
2026-08-25 12:55:00-04:00,765.43,765.8999,765.4,765.76,104137,SPY
2026-08-25 13:00:00-04:00,765.76,765.84,765.35,765.36,138537,SPY
2026-08-25 13:05:00-04:00,765.35,765.4,764.94,765.11,178066,SPY
2026-08-25 13:10:00-04:00,765.12,765.33,764.96,765.27,318957,SPY
2026-08-25 13:15:00-04:00,765.28,765.42,765.1614,765.4,74882,SPY
2026-08-25 13:20:00-04:00,765.41,765.41,765.03,765.03,122697,SPY
2026-08-25 13:25:00-04:00,765.02,765.02,764.63,764.82,337552,SPY
2026-08-25 13:30:00-04:00,764.82,764.95,764.74,764.83,150576,SPY
2026-08-25 13:35:00-04:00,764.82,765.005,764.76,764.92,1130602,SPY
2026-08-25 13:40:00-04:00,764.9199,765.035,764.84,764.87,82982,SPY
2026-08-25 13:45:00-04:00,764.87,765.06,764.84,764.92,142516,SPY
2026-08-25 13:50:00-04:00,764.92,765.15,764.84,765.11,174975,SPY
2026-08-25 13:55:00-04:00,765.1071,765.16,764.92,765.04,111072,SPY
2026-08-25 14:00:00-04:00,765.03,765.03,764.81,764.83,200372,SPY
2026-08-25 14:05:00-04:00,764.8,765.03,764.8,764.92,132198,SPY
2026-08-25 14:10:00-04:00,764.91,765.09,764.787,764.8,170947,SPY
2026-08-25 14:15:00-04:00,764.79,764.86,764.72,764.83,163510,SPY
2026-08-25 14:20:00-04:00,764.835,764.99,764.82,764.905,190635,SPY
2026-08-25 14:25:00-04:00,764.9,765.01,764.8,764.97,164895,SPY
2026-08-25 14:30:00-04:00,764.97,765.4,764.97,765.36,204141,SPY
2026-08-25 14:35:00-04:00,765.35,765.4,765.235,765.3,224387,SPY
2026-08-25 14:40:00-04:00,765.31,765.59,765.29,765.54,142607,SPY
2026-08-25 14:45:00-04:00,765.55,765.87,765.545,765.81,347738,SPY
2026-08-25 14:50:00-04:00,765.82,765.84,765.631,765.69,336027,SPY
2026-08-25 14:55:00-04:00,765.69,765.79,765.54,765.64,326416,SPY
2026-08-25 15:00:00-04:00,765.65,765.85,765.45,765.47,256437,SPY
2026-08-25 15:05:00-04:00,765.4754,765.55,765.29,765.37,282020,SPY
2026-08-25 15:10:00-04:00,765.38,765.39,765.09,765.1175,545118,SPY
2026-08-25 15:15:00-04:00,765.12,765.18,764.94,764.9981,365534,SPY
2026-08-25 15:20:00-04:00,765.0,765.08,764.87,765.06,278849,SPY
2026-08-25 15:25:00-04:00,765.07,765.19,765.01,765.15,192156,SPY
2026-08-25 15:30:00-04:00,765.17,765.245,765.01,765.13,250291,SPY
2026-08-25 15:35:00-04:00,765.1,765.36,765.09,765.26,578069,SPY
2026-08-25 15:40:00-04:00,765.25,765.63,765.24,765.37,358867,SPY
2026-08-25 15:45:00-04:00,765.39,765.54,765.2635,765.475,566282,SPY
2026-08-25 15:50:00-04:00,765.475,766.17,765.24,766.14,750870,SPY
2026-08-25 15:55:00-04:00,766.14,766.22,765.69,765.835,1898464,SPY
2026-08-26 09:30:00-04:00,764.73,765.8,764.68,765.675,1144518,SPY
2026-08-26 09:35:00-04:00,765.675,765.82,764.81,765.575,429945,SPY
2026-08-26 09:40:00-04:00,765.53,766.61,765.43,766.3,420779,SPY
2026-08-26 09:45:00-04:00,766.32,766.68,765.92,765.92,373090,SPY
2026-08-26 09:50:00-04:00,765.925,766.61,765.64,766.58,297119,SPY
2026-08-26 09:55:00-04:00,766.62,766.8999,766.455,766.89,293775,SPY
2026-08-26 10:00:00-04:00,766.88,766.96,766.615,766.85,204963,SPY
2026-08-26 10:05:00-04:00,766.88,766.92,766.47,766.61,240176,SPY
2026-08-26 10:10:00-04:00,766.61,766.63,766.07,766.17,264544,SPY
2026-08-26 10:15:00-04:00,766.17,766.35,765.93,765.965,221140,SPY
2026-08-26 10:20:00-04:00,765.959,766.06,765.38,765.425,193323,SPY
2026-08-26 10:25:00-04:00,765.41,765.5,764.83,765.08,397863,SPY
2026-08-26 10:30:00-04:00,765.07,765.295,764.92,765.13,253224,SPY
2026-08-26 10:35:00-04:00,765.13,765.6,765.0001,765.22,210121,SPY
2026-08-26 10:40:00-04:00,765.24,765.535,765.175,765.39,181698,SPY
2026-08-26 10:45:00-04:00,765.4,765.57,765.1,765.56,201711,SPY
2026-08-26 10:50:00-04:00,765.565,765.94,765.53,765.64,227712,SPY
2026-08-26 10:55:00-04:00,765.64,765.9,765.54,765.85,174692,SPY
2026-08-26 11:00:00-04:00,765.87,766.44,765.84,766.19,205272,SPY
2026-08-26 11:05:00-04:00,766.21,766.47,766.17,766.35,178368,SPY
2026-08-26 11:10:00-04:00,766.35,766.445,766.11,766.28,415345,SPY
2026-08-26 11:15:00-04:00,766.27,766.29,765.56,765.7834,259550,SPY
2026-08-26 11:20:00-04:00,765.77,766.03,765.72,765.77,169433,SPY
2026-08-26 11:25:00-04:00,765.76,766.06,765.7,765.85,142136,SPY
2026-08-26 11:30:00-04:00,765.84,765.9,765.14,765.25,193551,SPY
2026-08-26 11:35:00-04:00,765.2599,765.55,765.2599,765.46,181729,SPY
2026-08-26 11:40:00-04:00,765.47,766.14,765.4,766.07,165128,SPY
2026-08-26 11:45:00-04:00,766.065,766.27,765.96,766.23,165291,SPY
2026-08-26 11:50:00-04:00,766.25,766.31,765.31,765.39,394460,SPY
2026-08-26 11:55:00-04:00,765.39,765.7699,765.31,765.32,225334,SPY
2026-08-26 12:00:00-04:00,765.33,765.35,764.88,765.18,327388,SPY
2026-08-26 12:05:00-04:00,765.16,765.44,765.03,765.15,187752,SPY
2026-08-26 12:10:00-04:00,765.16,765.31,764.97,765.03,143823,SPY
2026-08-26 12:15:00-04:00,765.04,765.14,764.83,764.99,276896,SPY
2026-08-26 12:20:00-04:00,764.99,765.11,764.87,764.93,178243,SPY
2026-08-26 12:25:00-04:00,764.9499,765.005,764.73,764.8,171838,SPY
2026-08-26 12:30:00-04:00,764.795,764.98,764.76,764.88,170029,SPY
2026-08-26 12:35:00-04:00,764.84,764.89,764.16,764.16,383983,SPY
2026-08-26 12:40:00-04:00,764.15,764.4,763.93,764.012,296818,SPY
2026-08-26 12:45:00-04:00,764.01,764.355,763.95,764.07,253226,SPY
2026-08-26 12:50:00-04:00,764.08,764.32,764.05,764.2,173927,SPY
2026-08-26 12:55:00-04:00,764.18,764.8,764.18,764.72,324047,SPY
2026-08-26 13:00:00-04:00,764.7,764.9624,764.5701,764.889,152710,SPY
2026-08-26 13:05:00-04:00,764.87,765.11,764.71,765.05,155219,SPY
2026-08-26 13:10:00-04:00,765.05,765.14,764.99,765.14,177797,SPY
2026-08-26 13:15:00-04:00,765.1493,765.5,765.1493,765.335,199620,SPY
2026-08-26 13:20:00-04:00,765.335,765.66,765.33,765.65,214656,SPY
2026-08-26 13:25:00-04:00,765.65,765.72,765.43,765.65,277001,SPY
2026-08-26 13:30:00-04:00,765.65,765.8,765.53,765.76,212724,SPY
2026-08-26 13:35:00-04:00,765.77,765.84,765.6,765.61,162198,SPY
2026-08-26 13:40:00-04:00,765.605,765.76,765.47,765.68,212544,SPY
2026-08-26 13:45:00-04:00,765.69,765.71,765.44,765.46,231353,SPY
2026-08-26 13:50:00-04:00,765.47,765.78,765.441,765.762,121755,SPY
2026-08-26 13:55:00-04:00,765.765,765.87,765.64,765.68,109454,SPY
2026-08-26 14:00:00-04:00,765.67,765.69,765.47,765.51,251503,SPY
2026-08-26 14:05:00-04:00,765.52,765.86,765.51,765.77,189514,SPY
2026-08-26 14:10:00-04:00,765.78,765.79,765.38,765.41,190451,SPY
2026-08-26 14:15:00-04:00,765.41,765.77,765.35,765.735,177850,SPY
2026-08-26 14:20:00-04:00,765.74,765.98,765.565,765.565,215818,SPY
2026-08-26 14:25:00-04:00,765.57,765.728,765.48,765.61,191404,SPY
2026-08-26 14:30:00-04:00,765.61,765.9,765.52,765.75,243282,SPY
2026-08-26 14:35:00-04:00,765.755,765.83,765.61,765.74,230244,SPY
2026-08-26 14:40:00-04:00,765.7258,765.895,765.67,765.86,421512,SPY
2026-08-26 14:45:00-04:00,765.87,766.45,765.85,766.32,336781,SPY
2026-08-26 14:50:00-04:00,766.31,766.58,766.22,766.47,402036,SPY
2026-08-26 14:55:00-04:00,766.48,766.64,766.33,766.51,263941,SPY
2026-08-26 15:00:00-04:00,766.53,767.35,766.47,767.27,465035,SPY
2026-08-26 15:05:00-04:00,767.26,767.2894,766.88,766.95,150152,SPY
2026-08-26 15:10:00-04:00,766.955,767.1,766.87,766.97,305193,SPY
2026-08-26 15:15:00-04:00,766.96,767.27,766.94,767.19,287064,SPY
2026-08-26 15:20:00-04:00,767.19,767.2,766.82,767.03,275185,SPY
2026-08-26 15:25:00-04:00,767.02,767.13,766.83,766.89,293639,SPY
2026-08-26 15:30:00-04:00,766.9,766.915,766.75,766.86,373935,SPY
2026-08-26 15:35:00-04:00,766.86,766.88,766.59,766.665,418674,SPY
2026-08-26 15:40:00-04:00,766.665,766.87,766.6,766.69,684352,SPY
2026-08-26 15:45:00-04:00,766.7,767.13,766.63,767.12,755475,SPY
2026-08-26 15:50:00-04:00,767.12,767.21,766.01,766.18,1217561,SPY
2026-08-26 15:55:00-04:00,766.18,766.44,765.49,766.01,1630545,SPY
2026-08-27 09:30:00-04:00,768.5,768.81,767.16,767.48,2348700,SPY
2026-08-27 09:35:00-04:00,767.48,768.27,767.16,768.22,525672,SPY
2026-08-27 09:40:00-04:00,768.23,769.2,767.96,769.19,717668,SPY
2026-08-27 09:45:00-04:00,769.22,769.69,767.715,768.06,994450,SPY
2026-08-27 09:50:00-04:00,768.07,769.37,768.07,769.185,722341,SPY
2026-08-27 09:55:00-04:00,769.17,769.2487,767.62,768.4056,588090,SPY
2026-08-27 10:00:00-04:00,768.4,769.01,768.2121,768.79,580218,SPY
2026-08-27 10:05:00-04:00,768.79,769.09,768.05,768.43,304076,SPY
2026-08-27 10:10:00-04:00,768.4503,768.99,768.45,768.655,315771,SPY
2026-08-27 10:15:00-04:00,768.66,769.34,768.66,769.16,470757,SPY
2026-08-27 10:20:00-04:00,769.16,769.59,769.05,769.46,304222,SPY
2026-08-27 10:25:00-04:00,769.47,769.88,769.26,769.675,375978,SPY
2026-08-27 10:30:00-04:00,769.6999,769.74,769.06,769.37,208017,SPY
2026-08-27 10:35:00-04:00,769.4,770.04,769.32,769.34,291257,SPY
2026-08-27 10:40:00-04:00,769.35,769.67,769.325,769.62,144726,SPY
2026-08-27 10:45:00-04:00,769.61,770.29,769.355,770.24,282886,SPY
2026-08-27 10:50:00-04:00,770.22,770.44,769.89,770.13,285754,SPY
2026-08-27 10:55:00-04:00,770.125,770.4,769.735,770.395,211617,SPY
2026-08-27 11:00:00-04:00,770.41,770.66,770.2281,770.63,351905,SPY
2026-08-27 11:05:00-04:00,770.62,770.71,770.325,770.5401,264591,SPY
2026-08-27 11:10:00-04:00,770.54,770.84,770.5,770.82,174918,SPY
2026-08-27 11:15:00-04:00,770.8299,771.1,770.8,770.96,243951,SPY
2026-08-27 11:20:00-04:00,770.98,771.08,770.745,770.78,248394,SPY
2026-08-27 11:25:00-04:00,770.79,770.8,770.23,770.315,203770,SPY
2026-08-27 11:30:00-04:00,770.31,770.62,770.09,770.215,544965,SPY
2026-08-27 11:35:00-04:00,770.23,770.33,769.815,769.91,248213,SPY
2026-08-27 11:40:00-04:00,769.93,770.36,769.615,769.65,463270,SPY
2026-08-27 11:45:00-04:00,769.66,769.73,769.39,769.68,238609,SPY
2026-08-27 11:50:00-04:00,769.67,770.88,769.665,770.86,245185,SPY
2026-08-27 11:55:00-04:00,770.86,770.86,770.53,770.64,238924,SPY
2026-08-27 12:00:00-04:00,770.64,770.97,770.55,770.84,201115,SPY
2026-08-27 12:05:00-04:00,770.83,770.85,770.44,770.54,203359,SPY
2026-08-27 12:10:00-04:00,770.51,770.755,770.42,770.6299,119828,SPY
2026-08-27 12:15:00-04:00,770.6,770.8107,770.51,770.61,101617,SPY
2026-08-27 12:20:00-04:00,770.6,770.63,770.34,770.5375,123570,SPY
2026-08-27 12:25:00-04:00,770.53,770.91,770.43,770.91,241088,SPY
2026-08-27 12:30:00-04:00,770.91,771.17,770.82,771.16,193918,SPY
2026-08-27 12:35:00-04:00,771.16,771.525,771.12,771.51,226517,SPY
2026-08-27 12:40:00-04:00,771.55,771.79,771.51,771.69,226714,SPY
2026-08-27 12:45:00-04:00,771.69,771.94,771.66,771.705,190693,SPY
2026-08-27 12:50:00-04:00,771.73,772.01,771.61,771.93,241641,SPY
2026-08-27 12:55:00-04:00,771.93,772.03,771.72,771.99,208420,SPY
2026-08-27 13:00:00-04:00,772.02,772.15,771.96,772.03,202343,SPY
2026-08-27 13:05:00-04:00,772.04,772.25,771.75,772.22,217071,SPY
2026-08-27 13:10:00-04:00,772.23,772.355,772.1,772.19,143701,SPY
2026-08-27 13:15:00-04:00,772.21,772.28,772.038,772.13,225144,SPY
2026-08-27 13:20:00-04:00,772.125,772.2701,772.05,772.18,303960,SPY
2026-08-27 13:25:00-04:00,772.18,772.18,771.6,771.75,478660,SPY
2026-08-27 13:30:00-04:00,771.75,772.06,771.685,771.77,203362,SPY
2026-08-27 13:35:00-04:00,771.77,771.88,771.6851,771.73,126804,SPY
2026-08-27 13:40:00-04:00,771.74,771.9597,771.59,771.64,264748,SPY
2026-08-27 13:45:00-04:00,771.63,771.6699,771.3,771.39,273019,SPY
2026-08-27 13:50:00-04:00,771.405,771.45,771.21,771.35,208262,SPY
2026-08-27 13:55:00-04:00,771.37,771.45,771.1,771.225,278355,SPY
2026-08-27 14:00:00-04:00,771.225,771.39,770.5,770.525,453717,SPY
2026-08-27 14:05:00-04:00,770.525,771.0,770.35,770.49,254651,SPY
2026-08-27 14:10:00-04:00,770.52,770.55,769.985,770.26,346669,SPY
2026-08-27 14:15:00-04:00,770.27,770.5195,770.07,770.275,194327,SPY
2026-08-27 14:20:00-04:00,770.27,770.45,770.01,770.09,192404,SPY
2026-08-27 14:25:00-04:00,770.09,770.11,769.26,769.46,411160,SPY
2026-08-27 14:30:00-04:00,769.47,769.935,769.43,769.54,420777,SPY
2026-08-27 14:35:00-04:00,769.55,770.06,769.48,770.05,310402,SPY
2026-08-27 14:40:00-04:00,770.045,770.12,769.79,769.88,122501,SPY
2026-08-27 14:45:00-04:00,769.89,770.08,769.5,769.504,219319,SPY
2026-08-27 14:50:00-04:00,769.52,769.62,769.31,769.33,293598,SPY
2026-08-27 14:55:00-04:00,769.335,769.77,769.16,769.65,397264,SPY
2026-08-27 15:00:00-04:00,769.65,770.04,769.52,769.94,427887,SPY
2026-08-27 15:05:00-04:00,769.95,770.2,769.71,770.14,604997,SPY
2026-08-27 15:10:00-04:00,770.13,770.23,769.89,769.89,219694,SPY
2026-08-27 15:15:00-04:00,769.9,770.23,769.9,770.19,351737,SPY
2026-08-27 15:20:00-04:00,770.175,770.28,769.98,770.015,277348,SPY
2026-08-27 15:25:00-04:00,770.0101,770.08,769.76,769.94,386174,SPY
2026-08-27 15:30:00-04:00,769.945,770.48,769.87,770.44,269612,SPY
2026-08-27 15:35:00-04:00,770.46,770.61,770.4,770.55,341980,SPY
2026-08-27 15:40:00-04:00,770.54,770.679,770.39,770.65,454321,SPY
2026-08-27 15:45:00-04:00,770.64,770.88,770.56,770.79,572686,SPY
2026-08-27 15:50:00-04:00,770.79,771.33,770.4,771.215,773924,SPY
2026-08-27 15:55:00-04:00,771.22,771.36,770.92,771.04,3081226,SPY
2026-08-28 09:30:00-04:00,771.76,772.09,771.47,772.0,1185700,SPY
2026-08-28 09:35:00-04:00,772.025,772.44,771.73,772.24,359329,SPY
2026-08-28 09:40:00-04:00,772.26,772.84,772.16,772.58,283565,SPY
2026-08-28 09:45:00-04:00,772.58,772.87,771.99,772.14,367203,SPY
2026-08-28 09:50:00-04:00,772.19,772.19,771.67,771.72,366210,SPY
2026-08-28 09:55:00-04:00,771.73,772.37,771.63,771.78,326392,SPY
2026-08-28 10:00:00-04:00,771.79,773.13,771.25,771.7482,930125,SPY
2026-08-28 10:05:00-04:00,771.7381,771.795,770.62,771.0,735377,SPY
2026-08-28 10:10:00-04:00,770.99,771.1,769.77,770.28,692198,SPY
2026-08-28 10:15:00-04:00,770.24,771.74,770.12,771.43,725171,SPY
2026-08-28 10:20:00-04:00,771.41,772.23,770.98,771.58,500677,SPY
2026-08-28 10:25:00-04:00,771.59,771.69,770.59,771.3,498738,SPY
2026-08-28 10:30:00-04:00,771.3,772.16,770.9,772.14,371897,SPY
2026-08-28 10:35:00-04:00,772.145,772.72,772.0,772.33,324347,SPY
2026-08-28 10:40:00-04:00,772.33,773.56,772.3,773.39,374829,SPY
2026-08-28 10:45:00-04:00,773.43,773.86,773.2,773.855,549211,SPY
2026-08-28 10:50:00-04:00,773.86,774.7,773.78,774.54,578937,SPY
2026-08-28 10:55:00-04:00,774.535,775.04,774.46,774.9601,644611,SPY
2026-08-28 11:00:00-04:00,774.98,775.3,774.76,774.91,545947,SPY
2026-08-28 11:05:00-04:00,774.9,775.04,774.1025,774.24,505790,SPY
2026-08-28 11:10:00-04:00,774.24,774.44,773.82,774.195,364453,SPY
2026-08-28 11:15:00-04:00,774.19,774.67,774.19,774.3,221236,SPY
2026-08-28 11:20:00-04:00,774.31,774.9,774.305,774.825,217533,SPY
2026-08-28 11:25:00-04:00,774.82,775.22,774.7319,774.95,388341,SPY
2026-08-28 11:30:00-04:00,774.97,775.0,774.45,774.46,236755,SPY
2026-08-28 11:35:00-04:00,774.46,774.61,773.57,773.65,286963,SPY
2026-08-28 11:40:00-04:00,773.66,773.66,772.67,772.82,665456,SPY
2026-08-28 11:45:00-04:00,772.82,773.03,772.17,772.29,461804,SPY
2026-08-28 11:50:00-04:00,772.29,772.49,771.47,772.0999,476354,SPY
2026-08-28 11:55:00-04:00,772.1,772.13,770.83,771.07,436442,SPY
2026-08-28 12:00:00-04:00,771.085,771.23,770.46,770.81,581209,SPY
2026-08-28 12:05:00-04:00,770.805,771.65,770.75,771.5588,456579,SPY
2026-08-28 12:10:00-04:00,771.5414,771.59,770.95,770.98,335237,SPY
2026-08-28 12:15:00-04:00,770.99,771.23,769.755,770.18,369719,SPY
2026-08-28 12:20:00-04:00,770.18,770.36,769.14,769.5,456257,SPY
2026-08-28 12:25:00-04:00,769.47,769.88,769.3101,769.6,261618,SPY
2026-08-28 12:30:00-04:00,769.6,770.52,769.575,769.64,324747,SPY
2026-08-28 12:35:00-04:00,769.6451,770.62,769.64,770.34,252162,SPY
2026-08-28 12:40:00-04:00,770.33,770.36,769.54,769.67,201958,SPY
2026-08-28 12:45:00-04:00,769.68,770.605,769.65,770.42,735803,SPY
2026-08-28 12:50:00-04:00,770.41,770.7,769.83,769.94,237594,SPY
2026-08-28 12:55:00-04:00,769.93,770.1,769.68,769.69,296481,SPY
2026-08-28 13:00:00-04:00,769.68,769.71,768.66,768.995,381643,SPY
2026-08-28 13:05:00-04:00,769.0,769.01,768.47,768.49,302494,SPY
2026-08-28 13:10:00-04:00,768.48,769.35,768.3076,769.35,304153,SPY
2026-08-28 13:15:00-04:00,769.35,769.41,768.94,769.13,272741,SPY
2026-08-28 13:20:00-04:00,769.13,769.22,768.58,768.975,247381,SPY
2026-08-28 13:25:00-04:00,768.98,769.325,768.77,768.82,176927,SPY
2026-08-28 13:30:00-04:00,768.84,769.46,768.72,769.32,165108,SPY
2026-08-28 13:35:00-04:00,769.34,769.5,768.6,768.66,234228,SPY
2026-08-28 13:40:00-04:00,768.659,769.16,768.64,769.07,187361,SPY
2026-08-28 13:45:00-04:00,769.05,769.73,768.89,769.66,164535,SPY
2026-08-28 13:50:00-04:00,769.66,769.74,769.425,769.5,146107,SPY
2026-08-28 13:55:00-04:00,769.5,769.58,769.08,769.5399,140284,SPY
2026-08-28 14:00:00-04:00,769.56,769.8,769.34,769.52,192034,SPY
2026-08-28 14:05:00-04:00,769.5,769.75,769.34,769.57,153586,SPY
2026-08-28 14:10:00-04:00,769.58,769.78,769.2,769.22,198963,SPY
2026-08-28 14:15:00-04:00,769.23,769.5299,769.14,769.415,146788,SPY
2026-08-28 14:20:00-04:00,769.41,769.57,768.93,769.07,191276,SPY
2026-08-28 14:25:00-04:00,769.06,769.33,768.89,769.06,157562,SPY
2026-08-28 14:30:00-04:00,769.05,769.48,769.0,769.37,178395,SPY
2026-08-28 14:35:00-04:00,769.38,769.58,769.06,769.11,293078,SPY
2026-08-28 14:40:00-04:00,769.11,769.39,769.03,769.315,217427,SPY
2026-08-28 14:45:00-04:00,769.27,769.305,768.72,768.77,138564,SPY
2026-08-28 14:50:00-04:00,768.76,768.76,768.31,768.56,307478,SPY
2026-08-28 14:55:00-04:00,768.52,768.79,768.37,768.68,207462,SPY
2026-08-28 15:00:00-04:00,768.68,768.95,768.47,768.8,177222,SPY
2026-08-28 15:05:00-04:00,768.79,769.37,768.7101,769.35,364153,SPY
2026-08-28 15:10:00-04:00,769.34,769.38,768.99,769.2363,373847,SPY
2026-08-28 15:15:00-04:00,769.22,769.28,768.9967,769.21,298514,SPY
2026-08-28 15:20:00-04:00,769.22,769.52,769.15,769.32,495071,SPY
2026-08-28 15:25:00-04:00,769.31,769.59,769.29,769.515,260564,SPY
2026-08-28 15:30:00-04:00,769.51,769.5101,769.18,769.4,395715,SPY
2026-08-28 15:35:00-04:00,769.4,769.575,769.13,769.545,389938,SPY
2026-08-28 15:40:00-04:00,769.55,769.79,769.53,769.62,701539,SPY
2026-08-28 15:45:00-04:00,769.6,769.69,769.02,769.24,802394,SPY
2026-08-28 15:50:00-04:00,769.25,769.78,769.11,769.36,1057313,SPY
2026-08-28 15:55:00-04:00,769.35,769.88,769.07,769.38,2670344,SPY
2026-08-31 09:30:00-04:00,767.33,767.62,766.305,766.38,2007748,SPY
2026-08-31 09:35:00-04:00,766.37,766.52,765.75,766.275,559315,SPY
2026-08-31 09:40:00-04:00,766.25,766.64,765.78,765.805,440840,SPY
2026-08-31 09:45:00-04:00,765.83,766.63,765.5,766.115,596028,SPY
2026-08-31 09:50:00-04:00,766.12,766.53,765.78,766.52,335539,SPY
2026-08-31 09:55:00-04:00,766.48,766.71,766.08,766.18,357326,SPY
2026-08-31 10:00:00-04:00,766.19,766.3,765.7,765.8,369270,SPY
2026-08-31 10:05:00-04:00,765.79,766.08,765.46,765.5,317612,SPY
2026-08-31 10:10:00-04:00,765.475,765.865,765.34,765.8101,262560,SPY
2026-08-31 10:15:00-04:00,765.8,766.04,765.56,765.95,300984,SPY
2026-08-31 10:20:00-04:00,765.955,765.975,765.0,765.0099,291138,SPY
2026-08-31 10:25:00-04:00,765.01,765.09,764.715,764.93,421453,SPY
2026-08-31 10:30:00-04:00,764.885,765.15,764.8,764.9,266103,SPY
2026-08-31 10:35:00-04:00,764.89,765.79,764.825,765.64,309293,SPY
2026-08-31 10:40:00-04:00,765.62,766.07,765.58,765.82,282020,SPY
2026-08-31 10:45:00-04:00,765.83,765.83,765.37,765.42,215483,SPY
2026-08-31 10:50:00-04:00,765.4395,765.86,765.35,765.84,168835,SPY
2026-08-31 10:55:00-04:00,765.8434,766.399,765.73,765.95,290970,SPY
2026-08-31 11:00:00-04:00,765.95,766.46,765.6705,765.76,361583,SPY
2026-08-31 11:05:00-04:00,765.76,766.2,765.6105,765.68,175330,SPY
2026-08-31 11:10:00-04:00,765.69,765.97,765.55,765.74,291550,SPY
2026-08-31 11:15:00-04:00,765.735,765.92,765.38,765.77,181202,SPY
2026-08-31 11:20:00-04:00,765.78,766.065,765.58,766.035,189790,SPY
2026-08-31 11:25:00-04:00,766.03,766.18,765.82,765.94,154133,SPY
2026-08-31 11:30:00-04:00,765.95,766.0,765.44,765.7599,251352,SPY
2026-08-31 11:35:00-04:00,765.74,765.845,765.43,765.59,212571,SPY
2026-08-31 11:40:00-04:00,765.5964,765.87,765.4,765.835,146851,SPY
2026-08-31 11:45:00-04:00,765.85,766.01,765.66,765.8518,118165,SPY
2026-08-31 11:50:00-04:00,765.86,766.34,765.86,766.08,246037,SPY
2026-08-31 11:55:00-04:00,766.06,766.12,765.31,765.4199,169298,SPY
2026-08-31 12:00:00-04:00,765.42,765.42,765.06,765.16,233605,SPY
2026-08-31 12:05:00-04:00,765.14,765.21,764.98,765.135,251338,SPY
2026-08-31 12:10:00-04:00,765.13,765.77,765.08,765.71,201127,SPY
2026-08-31 12:15:00-04:00,765.715,765.76,765.27,765.5801,205946,SPY
2026-08-31 12:20:00-04:00,765.61,765.69,765.27,765.47,184921,SPY
2026-08-31 12:25:00-04:00,765.49,765.95,765.47,765.9,185065,SPY
2026-08-31 12:30:00-04:00,765.8949,765.95,765.63,765.805,272440,SPY
2026-08-31 12:35:00-04:00,765.82,765.93,765.215,765.22,160154,SPY
2026-08-31 12:40:00-04:00,765.23,765.75,765.19,765.415,283496,SPY
2026-08-31 12:45:00-04:00,765.42,765.86,765.42,765.75,177902,SPY
2026-08-31 12:50:00-04:00,765.74,765.96,765.68,765.81,162079,SPY
2026-08-31 12:55:00-04:00,765.8,765.98,765.76,765.84,133980,SPY
2026-08-31 13:00:00-04:00,765.85,765.89,765.57,765.65,154882,SPY
2026-08-31 13:05:00-04:00,765.69,765.84,765.54,765.585,119731,SPY
2026-08-31 13:10:00-04:00,765.58,765.9399,765.57,765.92,103713,SPY
2026-08-31 13:15:00-04:00,765.91,766.06,765.7,765.86,142761,SPY
2026-08-31 13:20:00-04:00,765.85,765.94,765.71,765.8,112812,SPY
2026-08-31 13:25:00-04:00,765.79,765.82,765.39,765.42,149256,SPY
2026-08-31 13:30:00-04:00,765.425,765.55,765.17,765.29,227087,SPY
2026-08-31 13:35:00-04:00,765.32,765.84,765.305,765.84,96701,SPY
2026-08-31 13:40:00-04:00,765.84,766.24,765.78,766.24,153606,SPY
2026-08-31 13:45:00-04:00,766.26,766.45,766.14,766.325,158956,SPY
2026-08-31 13:50:00-04:00,766.32,766.7699,766.315,766.7699,210208,SPY
2026-08-31 13:55:00-04:00,766.75,766.81,766.38,766.52,254319,SPY
2026-08-31 14:00:00-04:00,766.5,766.6499,766.18,766.6,262456,SPY
2026-08-31 14:05:00-04:00,766.59,766.7,766.47,766.67,111087,SPY
2026-08-31 14:10:00-04:00,766.67,766.73,766.45,766.72,150759,SPY
2026-08-31 14:15:00-04:00,766.7,766.78,766.55,766.695,255706,SPY
2026-08-31 14:20:00-04:00,766.695,766.84,766.5,766.615,201499,SPY
2026-08-31 14:25:00-04:00,766.62,766.6399,766.28,766.3,178821,SPY
2026-08-31 14:30:00-04:00,766.3,766.42,766.0,766.03,648554,SPY
2026-08-31 14:35:00-04:00,766.01,766.08,765.27,765.455,443699,SPY
2026-08-31 14:40:00-04:00,765.455,765.57,765.05,765.3499,375543,SPY
2026-08-31 14:45:00-04:00,765.35,765.44,765.19,765.4246,168128,SPY
2026-08-31 14:50:00-04:00,765.43,765.72,765.23,765.65,303154,SPY
2026-08-31 14:55:00-04:00,765.64,765.895,765.55,765.67,243168,SPY
2026-08-31 15:00:00-04:00,765.67,766.05,765.67,765.81,287123,SPY
2026-08-31 15:05:00-04:00,765.79,766.04,765.68,766.015,444544,SPY
2026-08-31 15:10:00-04:00,766.03,766.2165,765.941,766.18,214565,SPY
2026-08-31 15:15:00-04:00,766.18,766.25,765.98,766.035,170588,SPY
2026-08-31 15:20:00-04:00,766.03,766.49,765.99,766.41,227803,SPY
2026-08-31 15:25:00-04:00,766.42,766.75,766.27,766.635,292548,SPY
2026-08-31 15:30:00-04:00,766.62,766.63,766.18,766.44,272201,SPY
2026-08-31 15:35:00-04:00,766.46,766.7,766.39,766.64,399217,SPY
2026-08-31 15:40:00-04:00,766.63,767.205,766.6,767.01,555216,SPY
2026-08-31 15:45:00-04:00,767.0,767.16,766.6,766.85,1090556,SPY
2026-08-31 15:50:00-04:00,766.87,767.65,766.87,767.3825,3108863,SPY
2026-08-31 15:55:00-04:00,767.36,767.995,766.58,766.95,5474019,SPY
2026-09-01 09:30:00-04:00,762.01,762.1395,761.18,761.93,2402466,SPY
2026-09-01 09:35:00-04:00,761.94,762.3999,761.61,761.7699,586625,SPY
2026-09-01 09:40:00-04:00,761.76,762.12,761.43,761.96,476228,SPY
2026-09-01 09:45:00-04:00,761.96,762.2,761.68,762.2,484559,SPY
2026-09-01 09:50:00-04:00,762.18,762.48,761.5946,761.81,398859,SPY
2026-09-01 09:55:00-04:00,761.82,762.095,761.475,762.015,410744,SPY
2026-09-01 10:00:00-04:00,762.02,762.56,761.74,762.17,426329,SPY
2026-09-01 10:05:00-04:00,762.17,762.96,762.17,762.9,353248,SPY
2026-09-01 10:10:00-04:00,762.9202,763.084,762.4931,763.0,341229,SPY
2026-09-01 10:15:00-04:00,762.99,763.52,762.9,763.31,402467,SPY
2026-09-01 10:20:00-04:00,763.32,764.0,763.32,763.68,360586,SPY
2026-09-01 10:25:00-04:00,763.69,764.0,763.62,763.7695,336408,SPY
2026-09-01 10:30:00-04:00,763.76,764.4999,763.75,764.45,512464,SPY
2026-09-01 10:35:00-04:00,764.451,764.55,764.07,764.27,401985,SPY
2026-09-01 10:40:00-04:00,764.27,764.34,763.8962,764.16,308914,SPY
2026-09-01 10:45:00-04:00,764.16,764.36,763.92,763.92,352920,SPY
2026-09-01 10:50:00-04:00,763.93,763.93,763.5,763.59,262548,SPY
2026-09-01 10:55:00-04:00,763.59,763.6999,763.3501,763.54,348913,SPY
2026-09-01 11:00:00-04:00,763.56,763.66,763.01,763.11,259723,SPY
2026-09-01 11:05:00-04:00,763.07,763.17,762.67,762.8,412531,SPY
2026-09-01 11:10:00-04:00,762.7826,763.1701,762.71,762.9256,285042,SPY
2026-09-01 11:15:00-04:00,762.94,763.35,762.85,763.29,215011,SPY
2026-09-01 11:20:00-04:00,763.2898,763.47,763.07,763.45,222401,SPY
2026-09-01 11:25:00-04:00,763.43,763.61,763.21,763.59,235867,SPY
2026-09-01 11:30:00-04:00,763.59,763.78,763.44,763.62,238973,SPY
2026-09-01 11:35:00-04:00,763.62,764.1095,763.48,764.1,237135,SPY
2026-09-01 11:40:00-04:00,764.09,764.27,763.99,764.23,260867,SPY
2026-09-01 11:45:00-04:00,764.22,764.6,764.13,764.56,335095,SPY
2026-09-01 11:50:00-04:00,764.56,764.67,764.28,764.55,283491,SPY
2026-09-01 11:55:00-04:00,764.545,764.58,764.12,764.29,307879,SPY
2026-09-01 12:00:00-04:00,764.29,764.34,764.06,764.26,315458,SPY
2026-09-01 12:05:00-04:00,764.23,764.3,763.81,763.89,222141,SPY
2026-09-01 12:10:00-04:00,763.91,764.1,763.51,763.54,242293,SPY
2026-09-01 12:15:00-04:00,763.535,763.62,762.96,763.02,310203,SPY
2026-09-01 12:20:00-04:00,763.005,763.09,762.4,762.87,568958,SPY
2026-09-01 12:25:00-04:00,762.85,762.94,762.29,762.5399,495920,SPY
2026-09-01 12:30:00-04:00,762.54,762.63,761.58,761.6992,594124,SPY
2026-09-01 12:35:00-04:00,761.71,762.23,761.69,762.21,303533,SPY
2026-09-01 12:40:00-04:00,762.23,762.37,761.66,761.71,299538,SPY
2026-09-01 12:45:00-04:00,761.7,762.02,761.64,761.96,188674,SPY
2026-09-01 12:50:00-04:00,761.95,762.08,761.74,761.88,170145,SPY
2026-09-01 12:55:00-04:00,761.9,762.39,761.9,762.26,215350,SPY
2026-09-01 13:00:00-04:00,762.26,762.29,761.69,761.71,205705,SPY
2026-09-01 13:05:00-04:00,761.71,761.83,761.5,761.7,273568,SPY
2026-09-01 13:10:00-04:00,761.7,762.09,761.62,761.965,275642,SPY
2026-09-01 13:15:00-04:00,761.96,762.15,761.5,761.605,291021,SPY
2026-09-01 13:20:00-04:00,761.62,761.78,761.49,761.6,183689,SPY
2026-09-01 13:25:00-04:00,761.62,761.74,760.73,761.68,532099,SPY
2026-09-01 13:30:00-04:00,761.68,762.05,761.62,761.99,278948,SPY
2026-09-01 13:35:00-04:00,761.995,762.2,761.78,761.915,489639,SPY
2026-09-01 13:40:00-04:00,761.92,762.23,761.86,762.07,175555,SPY
2026-09-01 13:45:00-04:00,762.05,762.14,761.56,761.575,218659,SPY
2026-09-01 13:50:00-04:00,761.575,761.84,761.48,761.56,256975,SPY
2026-09-01 13:55:00-04:00,761.565,761.88,761.46,761.82,203629,SPY
2026-09-01 14:00:00-04:00,761.81,762.04,761.5565,761.6001,313717,SPY
2026-09-01 14:05:00-04:00,761.6,761.69,761.4218,761.655,291646,SPY
2026-09-01 14:10:00-04:00,761.645,761.71,761.3032,761.38,193232,SPY
2026-09-01 14:15:00-04:00,761.37,761.82,761.28,761.755,421555,SPY
2026-09-01 14:20:00-04:00,761.76,761.83,761.5,761.66,201808,SPY
2026-09-01 14:25:00-04:00,761.64,761.64,761.07,761.21,293422,SPY
2026-09-01 14:30:00-04:00,761.2199,761.245,760.67,760.75,340205,SPY
2026-09-01 14:35:00-04:00,760.75,760.91,760.5,760.54,998670,SPY
2026-09-01 14:40:00-04:00,760.54,760.62,759.71,759.74,524835,SPY
2026-09-01 14:45:00-04:00,759.725,760.26,759.48,760.19,554686,SPY
2026-09-01 14:50:00-04:00,760.2,760.39,760.03,760.25,302891,SPY
2026-09-01 14:55:00-04:00,760.22,760.89,760.17,760.7295,355619,SPY
2026-09-01 15:00:00-04:00,760.72,761.2,760.62,761.14,430144,SPY
2026-09-01 15:05:00-04:00,761.16,761.17,760.8405,761.095,305716,SPY
2026-09-01 15:10:00-04:00,761.08,761.48,761.05,761.46,373222,SPY
2026-09-01 15:15:00-04:00,761.46,761.61,761.11,761.4,392104,SPY
2026-09-01 15:20:00-04:00,761.38,761.48,761.07,761.28,402465,SPY
2026-09-01 15:25:00-04:00,761.29,761.44,761.18,761.36,393790,SPY
2026-09-01 15:30:00-04:00,761.3999,761.3999,760.76,761.1401,661009,SPY
2026-09-01 15:35:00-04:00,761.14,761.34,760.83,760.85,428622,SPY
2026-09-01 15:40:00-04:00,760.87,761.2599,760.74,761.05,869539,SPY
2026-09-01 15:45:00-04:00,761.06,761.445,760.97,761.26,898002,SPY
2026-09-01 15:50:00-04:00,761.25,761.29,760.58,760.93,1079394,SPY
2026-09-01 15:55:00-04:00,760.95,761.75,760.595,761.7,2640618,SPY
2026-09-02 09:30:00-04:00,762.45,762.52,761.74,762.38,1569469,SPY
2026-09-02 09:35:00-04:00,762.4,762.48,761.73,762.47,371901,SPY
2026-09-02 09:40:00-04:00,762.45,762.83,762.26,762.8,562336,SPY
2026-09-02 09:45:00-04:00,762.81,762.9,761.961,762.09,509124,SPY
2026-09-02 09:50:00-04:00,762.08,762.611,762.05,762.46,251949,SPY
2026-09-02 09:55:00-04:00,762.46,763.065,762.18,763.065,336212,SPY
2026-09-02 10:00:00-04:00,763.03,763.74,762.86,763.74,412591,SPY
2026-09-02 10:05:00-04:00,763.74,764.14,763.63,763.73,529703,SPY
2026-09-02 10:10:00-04:00,763.73,764.29,763.65,764.25,301881,SPY
2026-09-02 10:15:00-04:00,764.26,764.99,764.085,764.86,475220,SPY
2026-09-02 10:20:00-04:00,764.86,765.335,764.77,765.2093,531779,SPY
2026-09-02 10:25:00-04:00,765.21,765.585,765.04,765.27,328278,SPY
2026-09-02 10:30:00-04:00,765.275,765.59,764.93,765.58,332397,SPY
2026-09-02 10:35:00-04:00,765.61,765.88,765.49,765.88,329724,SPY
2026-09-02 10:40:00-04:00,765.87,766.34,765.79,766.3,337667,SPY
2026-09-02 10:45:00-04:00,766.29,766.31,765.62,765.82,281696,SPY
2026-09-02 10:50:00-04:00,765.81,765.815,765.32,765.43,333784,SPY
2026-09-02 10:55:00-04:00,765.41,765.63,765.16,765.31,258783,SPY
2026-09-02 11:00:00-04:00,765.31,765.67,765.14,765.43,239119,SPY
2026-09-02 11:05:00-04:00,765.44,765.63,765.215,765.44,233056,SPY
2026-09-02 11:10:00-04:00,765.43,765.7799,765.23,765.528,223916,SPY
2026-09-02 11:15:00-04:00,765.53,766.02,765.4,765.975,170105,SPY
2026-09-02 11:20:00-04:00,765.99,766.04,765.71,765.88,207631,SPY
2026-09-02 11:25:00-04:00,765.89,766.4,765.87,766.295,151733,SPY
2026-09-02 11:30:00-04:00,766.325,766.43,766.01,766.02,270772,SPY
2026-09-02 11:35:00-04:00,766.02,766.14,765.77,765.855,236576,SPY
2026-09-02 11:40:00-04:00,765.87,765.98,765.6443,765.65,191837,SPY
2026-09-02 11:45:00-04:00,765.66,765.66,765.0,765.04,247425,SPY
2026-09-02 11:50:00-04:00,765.05,765.5799,764.97,765.255,191562,SPY
2026-09-02 11:55:00-04:00,765.265,765.96,765.16,765.925,143575,SPY
2026-09-02 12:00:00-04:00,765.92,765.92,765.55,765.8,134800,SPY
2026-09-02 12:05:00-04:00,765.84,765.89,765.63,765.74,106702,SPY
2026-09-02 12:10:00-04:00,765.74,765.85,765.625,765.69,89799,SPY
2026-09-02 12:15:00-04:00,765.695,765.695,765.315,765.4499,115240,SPY
2026-09-02 12:20:00-04:00,765.45,765.56,764.97,764.985,111155,SPY
2026-09-02 12:25:00-04:00,764.985,765.145,764.69,764.85,158043,SPY
2026-09-02 12:30:00-04:00,764.85,765.32,764.81,765.1,184910,SPY
2026-09-02 12:35:00-04:00,765.11,765.27,765.0,765.0873,102128,SPY
2026-09-02 12:40:00-04:00,765.07,765.1,764.7,764.7,128712,SPY
2026-09-02 12:45:00-04:00,764.73,764.98,764.72,764.85,81412,SPY
2026-09-02 12:50:00-04:00,764.86,765.2,764.71,765.14,128133,SPY
2026-09-02 12:55:00-04:00,765.16,765.25,764.88,764.92,100758,SPY
2026-09-02 13:00:00-04:00,764.92,765.48,764.92,765.4685,130166,SPY
2026-09-02 13:05:00-04:00,765.45,765.478,764.61,764.68,181148,SPY
2026-09-02 13:10:00-04:00,764.6615,765.06,764.66,764.9,98043,SPY
2026-09-02 13:15:00-04:00,764.9203,764.95,764.52,764.6,176779,SPY
2026-09-02 13:20:00-04:00,764.59,764.78,764.46,764.62,150357,SPY
2026-09-02 13:25:00-04:00,764.6376,764.865,764.6,764.71,143218,SPY
2026-09-02 13:30:00-04:00,764.75,764.79,764.39,764.39,123498,SPY
2026-09-02 13:35:00-04:00,764.395,764.58,764.37,764.46,130768,SPY
2026-09-02 13:40:00-04:00,764.455,764.94,764.35,764.9,170531,SPY
2026-09-02 13:45:00-04:00,764.91,765.27,764.9,764.99,190390,SPY
2026-09-02 13:50:00-04:00,764.9999,765.08,764.83,764.99,126805,SPY
2026-09-02 13:55:00-04:00,764.9759,765.29,764.74,765.18,132615,SPY
2026-09-02 14:00:00-04:00,765.18,765.33,764.73,765.29,460628,SPY
2026-09-02 14:05:00-04:00,765.27,765.41,765.07,765.08,181129,SPY
2026-09-02 14:10:00-04:00,765.08,765.29,765.06,765.18,172143,SPY
2026-09-02 14:15:00-04:00,765.19,766.0899,765.15,765.6,498093,SPY
2026-09-02 14:20:00-04:00,765.6,765.72,765.4,765.49,233237,SPY
2026-09-02 14:25:00-04:00,765.49,765.54,765.21,765.32,169936,SPY
2026-09-02 14:30:00-04:00,765.34,765.5252,765.26,765.29,172653,SPY
2026-09-02 14:35:00-04:00,765.28,765.37,764.79,764.81,337466,SPY
2026-09-02 14:40:00-04:00,764.83,764.889,764.64,764.72,157215,SPY
2026-09-02 14:45:00-04:00,764.74,764.98,764.59,764.87,182633,SPY
2026-09-02 14:50:00-04:00,764.89,764.99,764.67,764.81,346314,SPY
2026-09-02 14:55:00-04:00,764.805,765.0,764.68,764.81,733951,SPY
2026-09-02 15:00:00-04:00,764.79,764.98,764.67,764.885,330667,SPY
2026-09-02 15:05:00-04:00,764.9,765.23,764.89,765.21,164375,SPY
2026-09-02 15:10:00-04:00,765.22,765.4799,765.22,765.39,340201,SPY
2026-09-02 15:15:00-04:00,765.385,765.42,765.2,765.41,177394,SPY
2026-09-02 15:20:00-04:00,765.4,765.41,765.07,765.24,298344,SPY
2026-09-02 15:25:00-04:00,765.24,765.52,765.16,765.48,558394,SPY
2026-09-02 15:30:00-04:00,765.47,765.48,765.15,765.305,261957,SPY
2026-09-02 15:35:00-04:00,765.31,765.36,765.08,765.08,269145,SPY
2026-09-02 15:40:00-04:00,765.1,765.39,765.03,765.365,397059,SPY
2026-09-02 15:45:00-04:00,765.36,765.485,765.22,765.375,552016,SPY
2026-09-02 15:50:00-04:00,765.37,765.45,764.95,765.22,774152,SPY
2026-09-02 15:55:00-04:00,765.22,765.26,764.75,765.15,1604251,SPY
2026-09-03 09:30:00-04:00,768.43,769.235,768.15,768.97,2112896,SPY
2026-09-03 09:35:00-04:00,768.97,769.8,768.51,769.73,762218,SPY
2026-09-03 09:40:00-04:00,769.74,769.89,769.35,769.79,478156,SPY
2026-09-03 09:45:00-04:00,769.81,769.96,769.43,769.64,1706469,SPY
2026-09-03 09:50:00-04:00,769.64,770.045,769.31,769.59,717790,SPY
2026-09-03 09:55:00-04:00,769.58,769.61,769.11,769.56,337533,SPY
2026-09-03 10:00:00-04:00,769.53,769.57,768.11,768.125,704241,SPY
2026-09-03 10:05:00-04:00,768.12,768.34,767.61,767.81,1018043,SPY
2026-09-03 10:10:00-04:00,767.83,768.38,767.53,768.36,479518,SPY
2026-09-03 10:15:00-04:00,768.36,768.88,768.2202,768.85,278402,SPY
2026-09-03 10:20:00-04:00,768.85,769.07,768.5,768.86,264295,SPY
2026-09-03 10:25:00-04:00,768.88,768.9599,768.51,768.67,244802,SPY
2026-09-03 10:30:00-04:00,768.67,768.97,767.83,767.9,357312,SPY
2026-09-03 10:35:00-04:00,767.88,768.52,767.84,768.15,248848,SPY
2026-09-03 10:40:00-04:00,768.155,768.66,768.03,768.2,200507,SPY
2026-09-03 10:45:00-04:00,768.17,768.775,768.03,768.72,252163,SPY
2026-09-03 10:50:00-04:00,768.73,768.83,768.2,768.61,249777,SPY
2026-09-03 10:55:00-04:00,768.62,769.33,767.47,769.28,990788,SPY
2026-09-03 11:00:00-04:00,769.26,770.49,769.25,770.445,594653,SPY
2026-09-03 11:05:00-04:00,770.46,770.89,770.43,770.73,668816,SPY
2026-09-03 11:10:00-04:00,770.7315,771.52,770.67,771.52,529425,SPY
2026-09-03 11:15:00-04:00,771.54,772.04,771.49,772.0101,815434,SPY
2026-09-03 11:20:00-04:00,772.01,772.225,771.47,772.06,572291,SPY
2026-09-03 11:25:00-04:00,772.08,772.95,772.01,772.94,519605,SPY
2026-09-03 11:30:00-04:00,772.94,773.21,772.5,772.8559,625247,SPY
2026-09-03 11:35:00-04:00,772.86,772.98,772.42,772.465,383967,SPY
2026-09-03 11:40:00-04:00,772.47,772.84,772.275,772.58,307075,SPY
2026-09-03 11:45:00-04:00,772.585,773.0,772.58,772.935,293714,SPY
2026-09-03 11:50:00-04:00,772.94,773.26,772.92,773.145,339859,SPY
2026-09-03 11:55:00-04:00,773.145,773.32,772.95,773.32,286583,SPY
2026-09-03 12:00:00-04:00,773.31,773.31,772.78,772.8,369949,SPY
2026-09-03 12:05:00-04:00,772.7999,772.87,772.47,772.53,437318,SPY
2026-09-03 12:10:00-04:00,772.51,772.71,772.375,772.68,343372,SPY
2026-09-03 12:15:00-04:00,772.69,772.87,772.54,772.73,219124,SPY
2026-09-03 12:20:00-04:00,772.75,772.81,772.485,772.51,242002,SPY
2026-09-03 12:25:00-04:00,772.51,772.51,772.21,772.435,209582,SPY
2026-09-03 12:30:00-04:00,772.45,772.61,772.3,772.46,324485,SPY
2026-09-03 12:35:00-04:00,772.46,773.06,772.37,772.96,238637,SPY
2026-09-03 12:40:00-04:00,772.97,773.2,772.92,773.14,194848,SPY
2026-09-03 12:45:00-04:00,773.13,773.23,773.015,773.09,216038,SPY
2026-09-03 12:50:00-04:00,773.11,773.13,772.73,772.84,174753,SPY
2026-09-03 12:55:00-04:00,772.83,773.01,772.74,772.88,162155,SPY
2026-09-03 13:00:00-04:00,772.9,773.0,772.66,772.79,136158,SPY
2026-09-03 13:05:00-04:00,772.8,772.89,772.42,772.43,216400,SPY
2026-09-03 13:10:00-04:00,772.42,772.51,772.33,772.435,180852,SPY
2026-09-03 13:15:00-04:00,772.44,772.57,772.33,772.335,152291,SPY
2026-09-03 13:20:00-04:00,772.33,772.33,772.12,772.275,149498,SPY
2026-09-03 13:25:00-04:00,772.28,772.68,772.26,772.6687,159902,SPY
2026-09-03 13:30:00-04:00,772.65,772.94,772.6475,772.86,164085,SPY
2026-09-03 13:35:00-04:00,772.84,773.14,772.83,773.01,307313,SPY
2026-09-03 13:40:00-04:00,773.04,773.19,773.01,773.06,159017,SPY
2026-09-03 13:45:00-04:00,773.06,773.19,772.92,772.98,171149,SPY
2026-09-03 13:50:00-04:00,773.02,773.455,773.0,773.44,230685,SPY
2026-09-03 13:55:00-04:00,773.4031,773.48,773.22,773.275,239274,SPY
2026-09-03 14:00:00-04:00,773.26,773.94,773.26,773.77,372756,SPY
2026-09-03 14:05:00-04:00,773.76,773.91,773.66,773.795,386301,SPY
2026-09-03 14:10:00-04:00,773.795,773.92,773.72,773.815,187218,SPY
2026-09-03 14:15:00-04:00,773.83,774.03,773.6595,773.72,390712,SPY
2026-09-03 14:20:00-04:00,773.73,773.82,773.56,773.75,208865,SPY
2026-09-03 14:25:00-04:00,773.75,773.86,773.64,773.73,163178,SPY
2026-09-03 14:30:00-04:00,773.759,773.88,773.55,773.86,200435,SPY
2026-09-03 14:35:00-04:00,773.8599,773.9,773.76,773.82,241823,SPY
2026-09-03 14:40:00-04:00,773.82,773.82,773.5097,773.6,217196,SPY
2026-09-03 14:45:00-04:00,773.5999,773.8,773.59,773.755,225737,SPY
2026-09-03 14:50:00-04:00,773.77,773.85,773.55,773.62,274984,SPY
2026-09-03 14:55:00-04:00,773.62,773.67,773.4,773.67,332034,SPY
2026-09-03 15:00:00-04:00,773.665,773.705,773.44,773.56,569241,SPY
2026-09-03 15:05:00-04:00,773.59,773.69,773.479,773.56,383697,SPY
2026-09-03 15:10:00-04:00,773.58,773.63,773.3104,773.38,246635,SPY
2026-09-03 15:15:00-04:00,773.375,773.6,773.3,773.6,334128,SPY
2026-09-03 15:20:00-04:00,773.6,773.6,773.13,773.18,793525,SPY
2026-09-03 15:25:00-04:00,773.185,773.42,773.14,773.41,446759,SPY
2026-09-03 15:30:00-04:00,773.415,773.535,773.27,773.31,765286,SPY
2026-09-03 15:35:00-04:00,773.305,773.55,773.3,773.439,424468,SPY
2026-09-03 15:40:00-04:00,773.45,773.53,773.205,773.23,772818,SPY
2026-09-03 15:45:00-04:00,773.22,773.42,773.14,773.24,793691,SPY
2026-09-03 15:50:00-04:00,773.26,773.37,773.08,773.23,942875,SPY
2026-09-03 15:55:00-04:00,773.24,773.25,772.7,773.11,3714208,SPY
2026-09-04 09:30:00-04:00,772.01,772.83,771.88,772.71,2320462,SPY
2026-09-04 09:35:00-04:00,772.71,772.87,772.2505,772.465,461007,SPY
2026-09-04 09:40:00-04:00,772.47,772.49,771.85,772.1699,744330,SPY
2026-09-04 09:45:00-04:00,772.165,772.62,771.81,772.515,488907,SPY
2026-09-04 09:50:00-04:00,772.51,772.51,771.97,772.385,425739,SPY
2026-09-04 09:55:00-04:00,772.385,772.5785,772.12,772.31,434785,SPY
2026-09-04 10:00:00-04:00,772.32,772.36,771.82,771.99,495033,SPY
2026-09-04 10:05:00-04:00,772.02,772.15,771.525,771.525,302228,SPY
2026-09-04 10:10:00-04:00,771.53,771.6599,770.84,771.63,552988,SPY
2026-09-04 10:15:00-04:00,771.63,771.6893,770.94,770.965,346972,SPY
2026-09-04 10:20:00-04:00,770.965,771.24,770.85,771.08,347613,SPY
2026-09-04 10:25:00-04:00,771.08,771.26,770.76,771.21,209779,SPY
2026-09-04 10:30:00-04:00,771.205,771.29,770.73,770.8,247223,SPY
2026-09-04 10:35:00-04:00,770.825,771.162,770.77,771.13,176748,SPY
2026-09-04 10:40:00-04:00,771.13,771.13,770.27,770.3,265491,SPY
2026-09-04 10:45:00-04:00,770.31,770.49,769.75,769.78,355108,SPY
2026-09-04 10:50:00-04:00,769.7799,770.1596,769.5476,769.59,326746,SPY
2026-09-04 10:55:00-04:00,769.59,769.765,769.3,769.45,447607,SPY
2026-09-04 11:00:00-04:00,769.47,769.63,769.05,769.49,359925,SPY
2026-09-04 11:05:00-04:00,769.5,769.76,769.36,769.6999,330518,SPY
2026-09-04 11:10:00-04:00,769.695,769.94,769.42,769.94,338139,SPY
2026-09-04 11:15:00-04:00,769.95,769.99,769.26,769.36,498148,SPY
2026-09-04 11:20:00-04:00,769.34,769.45,769.11,769.3,482387,SPY
2026-09-04 11:25:00-04:00,769.31,769.4993,769.145,769.43,306137,SPY
2026-09-04 11:30:00-04:00,769.48,769.49,769.0,769.24,250511,SPY
2026-09-04 11:35:00-04:00,769.24,769.55,769.21,769.54,207379,SPY
2026-09-04 11:40:00-04:00,769.54,770.05,769.49,769.9975,211426,SPY
2026-09-04 11:45:00-04:00,769.99,770.06,769.62,769.81,206011,SPY
2026-09-04 11:50:00-04:00,769.82,769.98,769.71,769.91,228700,SPY
2026-09-04 11:55:00-04:00,769.91,770.04,769.665,769.9575,156009,SPY
2026-09-04 12:00:00-04:00,769.955,770.13,769.83,770.09,184128,SPY
2026-09-04 12:05:00-04:00,770.095,770.43,769.91,770.355,209465,SPY
2026-09-04 12:10:00-04:00,770.34,770.74,770.28,770.73,185912,SPY
2026-09-04 12:15:00-04:00,770.725,770.88,770.56,770.85,313217,SPY
2026-09-04 12:20:00-04:00,770.86,771.15,770.765,770.89,275973,SPY
2026-09-04 12:25:00-04:00,770.88,770.88,770.61,770.66,142972,SPY
2026-09-04 12:30:00-04:00,770.66,770.925,770.5551,770.925,216009,SPY
2026-09-04 12:35:00-04:00,770.92,770.92,770.68,770.7895,129825,SPY
2026-09-04 12:40:00-04:00,770.78,770.98,770.71,770.94,146231,SPY
2026-09-04 12:45:00-04:00,770.95,771.24,770.89,771.22,190173,SPY
2026-09-04 12:50:00-04:00,771.22,771.32,771.08,771.1,166851,SPY
2026-09-04 12:55:00-04:00,771.08,771.1601,770.88,770.89,148980,SPY
2026-09-04 13:00:00-04:00,770.9,770.97,770.37,770.46,195504,SPY
2026-09-04 13:05:00-04:00,770.45,770.67,770.34,770.35,203464,SPY
2026-09-04 13:10:00-04:00,770.355,770.5,770.31,770.35,159752,SPY
2026-09-04 13:15:00-04:00,770.3699,770.48,770.22,770.28,161796,SPY
2026-09-04 13:20:00-04:00,770.27,770.37,770.08,770.08,155159,SPY
2026-09-04 13:25:00-04:00,770.1,770.22,769.8,769.852,163518,SPY
2026-09-04 13:30:00-04:00,769.85,769.87,769.47,769.65,232672,SPY
2026-09-04 13:35:00-04:00,769.645,769.755,769.53,769.69,183720,SPY
2026-09-04 13:40:00-04:00,769.6899,769.7,769.29,769.32,223426,SPY
2026-09-04 13:45:00-04:00,769.32,769.52,769.13,769.385,247062,SPY
2026-09-04 13:50:00-04:00,769.385,769.52,769.28,769.39,462630,SPY
2026-09-04 13:55:00-04:00,769.39,769.54,769.298,769.459,240046,SPY
2026-09-04 14:00:00-04:00,769.44,769.61,769.23,769.32,259734,SPY
2026-09-04 14:05:00-04:00,769.34,769.6,769.2101,769.58,199670,SPY
2026-09-04 14:10:00-04:00,769.59,769.74,769.53,769.66,216126,SPY
2026-09-04 14:15:00-04:00,769.66,769.83,769.56,769.79,130021,SPY
2026-09-04 14:20:00-04:00,769.79,769.99,769.73,769.91,178324,SPY
2026-09-04 14:25:00-04:00,769.89,769.9742,769.7505,769.88,149608,SPY
2026-09-04 14:30:00-04:00,769.89,770.03,769.84,770.0,423547,SPY
2026-09-04 14:35:00-04:00,770.0,770.02,769.79,769.89,133087,SPY
2026-09-04 14:40:00-04:00,769.88,770.19,769.7831,770.15,204947,SPY
2026-09-04 14:45:00-04:00,770.16,770.24,770.08,770.225,139905,SPY
2026-09-04 14:50:00-04:00,770.23,770.3,770.15,770.22,184309,SPY
2026-09-04 14:55:00-04:00,770.21,770.37,770.15,770.25,193194,SPY
2026-09-04 15:00:00-04:00,770.26,770.38,769.67,769.715,385979,SPY
2026-09-04 15:05:00-04:00,769.72,769.815,769.63,769.685,628252,SPY
2026-09-04 15:10:00-04:00,769.69,769.83,769.59,769.62,261089,SPY
2026-09-04 15:15:00-04:00,769.62,769.76,769.59,769.65,385942,SPY
2026-09-04 15:20:00-04:00,769.66,769.84,769.62,769.76,366945,SPY
2026-09-04 15:25:00-04:00,769.77,770.07,769.77,770.01,417107,SPY
2026-09-04 15:30:00-04:00,770.0,770.07,769.85,769.985,309117,SPY
2026-09-04 15:35:00-04:00,769.98,770.0,769.63,769.73,589058,SPY
2026-09-04 15:40:00-04:00,769.73,769.95,769.66,769.9,557561,SPY
2026-09-04 15:45:00-04:00,769.89,770.2,769.87,770.11,620026,SPY
2026-09-04 15:50:00-04:00,770.12,770.42,770.04,770.395,809057,SPY
2026-09-04 15:55:00-04:00,770.4,770.48,769.8,770.24,2998905,SPY
2026-09-08 09:30:00-04:00,769.07,769.69,768.67,768.805,2234251,SPY
2026-09-08 09:35:00-04:00,768.8,768.82,768.12,768.14,495132,SPY
2026-09-08 09:40:00-04:00,768.12,768.13,767.09,767.29,588050,SPY
2026-09-08 09:45:00-04:00,767.305,767.81,767.2,767.72,789904,SPY
2026-09-08 09:50:00-04:00,767.73,767.75,766.82,767.37,662823,SPY
2026-09-08 09:55:00-04:00,767.355,768.08,767.29,767.46,472362,SPY
2026-09-08 10:00:00-04:00,767.45,767.63,766.53,766.95,459341,SPY
2026-09-08 10:05:00-04:00,766.96,767.07,766.39,766.42,435467,SPY
2026-09-08 10:10:00-04:00,766.42,766.77,765.99,766.46,505895,SPY
2026-09-08 10:15:00-04:00,766.45,766.73,766.12,766.56,580319,SPY
2026-09-08 10:20:00-04:00,766.565,767.1299,766.35,767.1,601233,SPY
2026-09-08 10:25:00-04:00,767.0999,767.1495,766.41,766.7,288926,SPY
2026-09-08 10:30:00-04:00,766.7,767.04,766.44,767.005,284680,SPY
2026-09-08 10:35:00-04:00,767.02,767.08,766.64,766.89,336865,SPY
2026-09-08 10:40:00-04:00,766.9,767.23,766.78,767.12,211263,SPY
2026-09-08 10:45:00-04:00,767.14,767.3,766.67,767.26,197440,SPY
2026-09-08 10:50:00-04:00,767.25,767.72,767.21,767.62,331391,SPY
2026-09-08 10:55:00-04:00,767.64,767.949,767.34,767.65,255375,SPY
2026-09-08 11:00:00-04:00,767.67,767.87,767.49,767.695,218496,SPY
2026-09-08 11:05:00-04:00,767.69,767.83,767.47,767.68,204706,SPY
2026-09-08 11:10:00-04:00,767.67,768.31,767.66,768.04,408665,SPY
2026-09-08 11:15:00-04:00,768.04,768.34,767.92,768.08,288265,SPY
2026-09-08 11:20:00-04:00,768.08,768.08,767.35,768.0,340333,SPY
2026-09-08 11:25:00-04:00,767.99,768.37,767.805,767.805,713177,SPY
2026-09-08 11:30:00-04:00,767.8,768.08,767.62,767.79,273459,SPY
2026-09-08 11:35:00-04:00,767.79,767.81,767.34,767.51,228802,SPY
2026-09-08 11:40:00-04:00,767.51,768.02,767.41,767.98,201733,SPY
2026-09-08 11:45:00-04:00,767.995,768.04,767.47,767.54,321756,SPY
2026-09-08 11:50:00-04:00,767.56,767.785,767.51,767.57,399772,SPY
2026-09-08 11:55:00-04:00,767.56,767.71,767.35,767.39,303327,SPY
2026-09-08 12:00:00-04:00,767.4,767.66,767.195,767.66,535808,SPY
2026-09-08 12:05:00-04:00,767.66,767.79,767.32,767.33,136517,SPY
2026-09-08 12:10:00-04:00,767.32,767.34,767.03,767.22,231640,SPY
2026-09-08 12:15:00-04:00,767.22,767.23,766.81,766.915,311809,SPY
2026-09-08 12:20:00-04:00,766.92,767.42,766.81,767.3901,292911,SPY
2026-09-08 12:25:00-04:00,767.41,767.65,767.08,767.1,171878,SPY
2026-09-08 12:30:00-04:00,767.1,767.32,767.0,767.2,273954,SPY
2026-09-08 12:35:00-04:00,767.18,767.2417,766.94,766.99,145241,SPY
2026-09-08 12:40:00-04:00,766.9999,767.14,766.81,767.01,154919,SPY
2026-09-08 12:45:00-04:00,767.02,767.32,766.915,767.245,186806,SPY
2026-09-08 12:50:00-04:00,767.26,767.61,767.09,767.235,232878,SPY
2026-09-08 12:55:00-04:00,767.25,767.3,766.55,766.94,826900,SPY
2026-09-08 13:00:00-04:00,766.9292,767.9,766.9292,767.9,200642,SPY
2026-09-08 13:05:00-04:00,767.9,768.12,767.54,767.54,237571,SPY
2026-09-08 13:10:00-04:00,767.57,767.73,767.52,767.635,149182,SPY
2026-09-08 13:15:00-04:00,767.64,767.72,767.52,767.605,195500,SPY
2026-09-08 13:20:00-04:00,767.6,767.709,767.42,767.59,141823,SPY
2026-09-08 13:25:00-04:00,767.59,767.61,767.19,767.475,134179,SPY
2026-09-08 13:30:00-04:00,767.49,767.82,767.44,767.68,164330,SPY
2026-09-08 13:35:00-04:00,767.68,767.88,767.63,767.68,245812,SPY
2026-09-08 13:40:00-04:00,767.69,767.69,767.315,767.345,216439,SPY
2026-09-08 13:45:00-04:00,767.34,767.62,767.34,767.58,259716,SPY
2026-09-08 13:50:00-04:00,767.57,767.85,767.48,767.8,185590,SPY
2026-09-08 13:55:00-04:00,767.78,767.78,767.46,767.46,145649,SPY
2026-09-08 14:00:00-04:00,767.48,767.65,767.46,767.62,211316,SPY
2026-09-08 14:05:00-04:00,767.61,767.83,767.54,767.77,221605,SPY
2026-09-08 14:10:00-04:00,767.78,767.88,767.675,767.77,184101,SPY
2026-09-08 14:15:00-04:00,767.76,767.88,767.67,767.805,179786,SPY
2026-09-08 14:20:00-04:00,767.8,767.89,767.58,767.6,188283,SPY
2026-09-08 14:25:00-04:00,767.59,767.8,767.525,767.765,178343,SPY
2026-09-08 14:30:00-04:00,767.77,767.79,767.52,767.53,168947,SPY
2026-09-08 14:35:00-04:00,767.54,767.55,767.14,767.2,221348,SPY
2026-09-08 14:40:00-04:00,767.19,767.54,767.07,767.52,198628,SPY
2026-09-08 14:45:00-04:00,767.52,767.62,765.67,766.26,850175,SPY
2026-09-08 14:50:00-04:00,766.28,767.038,766.2,766.97,840808,SPY
2026-09-08 14:55:00-04:00,766.975,767.08,766.7405,766.77,323560,SPY
2026-09-08 15:00:00-04:00,766.78,766.94,766.485,766.6172,281507,SPY
2026-09-08 15:05:00-04:00,766.63,766.98,766.55,766.84,183294,SPY
2026-09-08 15:10:00-04:00,766.8201,767.1,766.79,766.9,371685,SPY
2026-09-08 15:15:00-04:00,766.91,767.03,766.61,766.7,327761,SPY
2026-09-08 15:20:00-04:00,766.705,766.87,766.51,766.57,414412,SPY
2026-09-08 15:25:00-04:00,766.57,767.04,766.51,766.98,339686,SPY
2026-09-08 15:30:00-04:00,766.97,767.15,766.7,767.09,452310,SPY
2026-09-08 15:35:00-04:00,767.09,767.12,766.77,766.96,472835,SPY
2026-09-08 15:40:00-04:00,766.975,767.08,766.68,766.81,714200,SPY
2026-09-08 15:45:00-04:00,766.82,766.88,766.32,766.54,714029,SPY
2026-09-08 15:50:00-04:00,766.56,766.63,765.52,765.685,1757909,SPY
2026-09-08 15:55:00-04:00,765.73,766.14,765.14,765.99,3928473,SPY
2026-09-09 09:30:00-04:00,764.08,764.38,763.24,764.12,1528226,SPY
2026-09-09 09:35:00-04:00,764.12,764.19,763.61,763.8,510819,SPY
2026-09-09 09:40:00-04:00,763.83,764.03,763.42,763.75,261008,SPY
2026-09-09 09:45:00-04:00,763.7,764.22,763.43,763.87,466114,SPY
2026-09-09 09:50:00-04:00,763.88,763.97,763.46,763.785,314399,SPY
2026-09-09 09:55:00-04:00,763.775,764.2,763.66,764.1,247683,SPY
2026-09-09 10:00:00-04:00,764.09,764.2,763.4,763.84,322423,SPY
2026-09-09 10:05:00-04:00,763.85,764.15,763.7701,764.07,286557,SPY
2026-09-09 10:10:00-04:00,764.0601,764.13,763.61,763.8775,287288,SPY
2026-09-09 10:15:00-04:00,763.88,763.88,762.8,763.055,479030,SPY
2026-09-09 10:20:00-04:00,763.0401,763.15,762.49,762.51,523999,SPY
2026-09-09 10:25:00-04:00,762.51,764.07,762.5,763.98,493929,SPY
2026-09-09 10:30:00-04:00,763.97,764.01,763.42,763.49,254961,SPY
2026-09-09 10:35:00-04:00,763.49,763.8,763.25,763.605,282439,SPY
2026-09-09 10:40:00-04:00,763.59,763.87,763.46,763.77,157614,SPY
2026-09-09 10:45:00-04:00,763.7535,763.78,763.41,763.725,112604,SPY
2026-09-09 10:50:00-04:00,763.73,763.94,763.53,763.65,150881,SPY
2026-09-09 10:55:00-04:00,763.665,763.91,763.46,763.78,150988,SPY
2026-09-09 11:00:00-04:00,763.79,764.47,762.7,762.84,564768,SPY
2026-09-09 11:05:00-04:00,762.88,763.04,762.16,762.24,466396,SPY
2026-09-09 11:10:00-04:00,762.25,762.28,761.395,761.63,618359,SPY
2026-09-09 11:15:00-04:00,761.64,762.1699,761.5,762.0501,434599,SPY
2026-09-09 11:20:00-04:00,762.03,762.13,761.0,761.05,406933,SPY
2026-09-09 11:25:00-04:00,761.05,761.575,760.94,761.54,420870,SPY
2026-09-09 11:30:00-04:00,761.5401,762.15,761.48,762.15,695993,SPY
2026-09-09 11:35:00-04:00,762.15,762.9795,761.76,762.91,310344,SPY
2026-09-09 11:40:00-04:00,762.92,763.0957,761.99,762.24,415793,SPY
2026-09-09 11:45:00-04:00,762.26,762.3586,762.02,762.27,133563,SPY
2026-09-09 11:50:00-04:00,762.29,762.62,762.29,762.55,159786,SPY
2026-09-09 11:55:00-04:00,762.52,762.52,761.84,762.17,226597,SPY
2026-09-09 12:00:00-04:00,762.17,762.41,762.05,762.37,185090,SPY
2026-09-09 12:05:00-04:00,762.36,762.37,761.515,761.515,296852,SPY
2026-09-09 12:10:00-04:00,761.52,761.89,761.43,761.645,204389,SPY
2026-09-09 12:15:00-04:00,761.645,761.66,761.36,761.45,146801,SPY
2026-09-09 12:20:00-04:00,761.445,761.74,761.32,761.72,205313,SPY
2026-09-09 12:25:00-04:00,761.73,761.81,761.43,761.63,157041,SPY
2026-09-09 12:30:00-04:00,761.615,762.235,761.58,762.1,420127,SPY
2026-09-09 12:35:00-04:00,762.09,762.27,761.9201,762.25,197503,SPY
2026-09-09 12:40:00-04:00,762.24,762.46,762.11,762.46,146309,SPY
2026-09-09 12:45:00-04:00,762.46,762.53,762.19,762.47,139716,SPY
2026-09-09 12:50:00-04:00,762.48,762.86,762.47,762.64,238661,SPY
2026-09-09 12:55:00-04:00,762.63,762.77,762.51,762.566,93496,SPY
2026-09-09 13:00:00-04:00,762.575,763.02,762.372,762.4,276679,SPY
2026-09-09 13:05:00-04:00,762.3999,762.77,762.39,762.59,245444,SPY
2026-09-09 13:10:00-04:00,762.58,763.22,762.55,763.15,203272,SPY
2026-09-09 13:15:00-04:00,763.15,763.29,762.86,762.8701,222962,SPY
2026-09-09 13:20:00-04:00,762.87,763.19,762.78,763.19,132228,SPY
2026-09-09 13:25:00-04:00,763.19,763.21,762.86,762.92,148209,SPY
2026-09-09 13:30:00-04:00,762.93,763.05,762.7,762.82,154173,SPY
2026-09-09 13:35:00-04:00,762.79,762.89,762.38,762.44,110526,SPY
2026-09-09 13:40:00-04:00,762.45,762.97,762.44,762.9,106650,SPY
2026-09-09 13:45:00-04:00,762.91,763.16,762.88,763.07,160958,SPY
2026-09-09 13:50:00-04:00,763.07,763.32,762.93,763.27,144408,SPY
2026-09-09 13:55:00-04:00,763.26,763.315,763.02,763.025,111456,SPY
2026-09-09 14:00:00-04:00,763.02,763.17,762.98,763.105,172515,SPY
2026-09-09 14:05:00-04:00,763.095,763.11,762.72,762.75,221438,SPY
2026-09-09 14:10:00-04:00,762.76,762.79,762.4,762.4,417762,SPY
2026-09-09 14:15:00-04:00,762.39,762.68,762.28,762.56,449614,SPY
2026-09-09 14:20:00-04:00,762.57,763.02,762.57,762.96,123298,SPY
2026-09-09 14:25:00-04:00,762.95,763.04,762.73,762.84,222033,SPY
2026-09-09 14:30:00-04:00,762.845,762.9,762.59,762.78,165114,SPY
2026-09-09 14:35:00-04:00,762.77,763.0296,762.72,763.0,109094,SPY
2026-09-09 14:40:00-04:00,763.015,763.3,763.0,763.19,161685,SPY
2026-09-09 14:45:00-04:00,763.18,763.21,762.96,763.01,172106,SPY
2026-09-09 14:50:00-04:00,763.02,763.3552,763.01,763.27,180294,SPY
2026-09-09 14:55:00-04:00,763.26,763.39,762.88,762.9,174577,SPY
2026-09-09 15:00:00-04:00,762.92,763.08,762.64,762.69,286844,SPY
2026-09-09 15:05:00-04:00,762.69,763.13,762.652,763.09,354565,SPY
2026-09-09 15:10:00-04:00,763.08,763.14,762.96,762.96,600146,SPY
2026-09-09 15:15:00-04:00,762.9675,763.34,762.96,763.27,272317,SPY
2026-09-09 15:20:00-04:00,763.2799,763.33,763.1,763.22,374906,SPY
2026-09-09 15:25:00-04:00,763.22,763.4097,763.09,763.1,244897,SPY
2026-09-09 15:30:00-04:00,763.1,763.21,762.91,763.02,323748,SPY
2026-09-09 15:35:00-04:00,763.02,763.1,762.77,762.78,367055,SPY
2026-09-09 15:40:00-04:00,762.77,762.84,762.605,762.8,497079,SPY
2026-09-09 15:45:00-04:00,762.81,762.925,762.63,762.83,620927,SPY
2026-09-09 15:50:00-04:00,762.84,762.84,762.2,762.425,1156206,SPY
2026-09-09 15:55:00-04:00,762.43,762.51,762.1,762.39,4415251,SPY
2026-09-10 09:30:00-04:00,758.03,758.4,757.61,757.76,3091654,SPY
2026-09-10 09:35:00-04:00,757.8,758.555,757.55,758.43,546462,SPY
2026-09-10 09:40:00-04:00,758.42,758.74,758.07,758.14,922645,SPY
2026-09-10 09:45:00-04:00,758.135,758.98,758.1,758.645,1958780,SPY
2026-09-10 09:50:00-04:00,758.64,758.86,757.261,757.32,822530,SPY
2026-09-10 09:55:00-04:00,757.35,757.36,756.7022,756.78,813561,SPY
2026-09-10 10:00:00-04:00,756.752,757.77,756.74,757.28,765413,SPY
2026-09-10 10:05:00-04:00,757.29,757.39,756.64,756.8247,814897,SPY
2026-09-10 10:10:00-04:00,756.835,757.775,756.75,757.42,598746,SPY
2026-09-10 10:15:00-04:00,757.395,758.08,757.15,758.02,393903,SPY
2026-09-10 10:20:00-04:00,758.02,760.11,757.95,759.4124,1324122,SPY
2026-09-10 10:25:00-04:00,759.38,759.875,758.56,758.71,1036400,SPY
2026-09-10 10:30:00-04:00,758.715,759.23,758.645,758.89,444910,SPY
2026-09-10 10:35:00-04:00,758.875,759.6,758.875,759.3,398360,SPY
2026-09-10 10:40:00-04:00,759.3,759.4,758.67,758.845,451963,SPY
2026-09-10 10:45:00-04:00,758.83,759.04,758.4305,758.8,463779,SPY
2026-09-10 10:50:00-04:00,758.79,759.18,758.5,759.16,329988,SPY
2026-09-10 10:55:00-04:00,759.18,759.5,758.88,759.3995,841893,SPY
2026-09-10 11:00:00-04:00,759.4,759.42,758.55,758.86,507133,SPY
2026-09-10 11:05:00-04:00,758.8498,759.435,758.8498,759.0,423314,SPY
2026-09-10 11:10:00-04:00,758.99,759.47,758.93,759.06,254160,SPY
2026-09-10 11:15:00-04:00,759.05,759.24,758.8705,759.095,321166,SPY
2026-09-10 11:20:00-04:00,759.09,759.34,758.63,759.3025,940536,SPY
2026-09-10 11:25:00-04:00,759.31,759.56,759.14,759.185,204033,SPY
2026-09-10 11:30:00-04:00,759.19,759.58,759.02,759.45,238896,SPY
2026-09-10 11:35:00-04:00,759.4576,759.97,759.06,759.21,434782,SPY
2026-09-10 11:40:00-04:00,759.24,759.46,759.08,759.4,170467,SPY
2026-09-10 11:45:00-04:00,759.43,759.515,758.76,759.149,311284,SPY
2026-09-10 11:50:00-04:00,759.11,759.33,758.61,758.61,311200,SPY
2026-09-10 11:55:00-04:00,758.6,758.695,758.22,758.54,314824,SPY
2026-09-10 12:00:00-04:00,758.55,759.0791,758.45,758.54,459360,SPY
2026-09-10 12:05:00-04:00,758.55,758.64,758.07,758.095,199982,SPY
2026-09-10 12:10:00-04:00,758.08,758.34,757.83,758.095,351837,SPY
2026-09-10 12:15:00-04:00,758.1,758.435,757.9,758.03,200431,SPY
2026-09-10 12:20:00-04:00,758.05,758.29,758.01,758.05,155791,SPY
2026-09-10 12:25:00-04:00,758.03,758.1,757.79,758.085,189444,SPY
2026-09-10 12:30:00-04:00,758.08,758.41,757.52,757.52,560864,SPY
2026-09-10 12:35:00-04:00,757.53,758.25,757.26,758.1901,233990,SPY
2026-09-10 12:40:00-04:00,758.19,758.89,758.12,758.81,174927,SPY
2026-09-10 12:45:00-04:00,758.83,759.33,758.8,758.8,338907,SPY
2026-09-10 12:50:00-04:00,758.84,759.18,758.7,759.16,255445,SPY
2026-09-10 12:55:00-04:00,759.155,759.345,759.05,759.205,344828,SPY
2026-09-10 13:00:00-04:00,759.2,759.85,758.79,759.025,461261,SPY
2026-09-10 13:05:00-04:00,759.0401,759.27,758.85,758.97,164211,SPY
2026-09-10 13:10:00-04:00,758.95,759.44,758.945,759.02,241450,SPY
2026-09-10 13:15:00-04:00,759.01,759.1999,758.86,758.995,93713,SPY
2026-09-10 13:20:00-04:00,758.99,759.1,758.61,758.68,143875,SPY
2026-09-10 13:25:00-04:00,758.66,758.715,758.51,758.59,287214,SPY
2026-09-10 13:30:00-04:00,758.58,758.77,758.35,758.6,171278,SPY
2026-09-10 13:35:00-04:00,758.56,758.77,758.04,758.08,175589,SPY
2026-09-10 13:40:00-04:00,758.055,758.46,758.03,758.445,254469,SPY
2026-09-10 13:45:00-04:00,758.45,758.49,758.19,758.26,87430,SPY
2026-09-10 13:50:00-04:00,758.24,758.54,758.18,758.4,142499,SPY
2026-09-10 13:55:00-04:00,758.38,758.525,758.21,758.27,220083,SPY
2026-09-10 14:00:00-04:00,758.27,758.56,757.83,757.955,297048,SPY
2026-09-10 14:05:00-04:00,757.94,758.17,757.6602,757.74,243787,SPY
2026-09-10 14:10:00-04:00,757.72,757.9099,757.48,757.69,278292,SPY
2026-09-10 14:15:00-04:00,757.68,757.75,757.47,757.68,214756,SPY
2026-09-10 14:20:00-04:00,757.69,758.04,757.69,757.8,355815,SPY
2026-09-10 14:25:00-04:00,757.81,757.92,757.59,757.69,226822,SPY
2026-09-10 14:30:00-04:00,757.67,757.7,757.2599,757.61,246687,SPY
2026-09-10 14:35:00-04:00,757.62,757.868,757.48,757.84,157185,SPY
2026-09-10 14:40:00-04:00,757.85,757.91,757.685,757.815,165644,SPY
2026-09-10 14:45:00-04:00,757.8,758.09,757.41,757.77,237906,SPY
2026-09-10 14:50:00-04:00,757.75,758.39,757.55,757.965,574101,SPY
2026-09-10 14:55:00-04:00,757.965,758.1199,757.67,757.775,207139,SPY
2026-09-10 15:00:00-04:00,757.775,757.775,757.31,757.335,341448,SPY
2026-09-10 15:05:00-04:00,757.331,758.03,757.31,758.0,394179,SPY
2026-09-10 15:10:00-04:00,757.96,757.96,757.53,757.81,404593,SPY
2026-09-10 15:15:00-04:00,757.81,757.96,757.37,757.55,419344,SPY
2026-09-10 15:20:00-04:00,757.52,757.715,757.36,757.68,454711,SPY
2026-09-10 15:25:00-04:00,757.68,757.79,757.51,757.615,567088,SPY
2026-09-10 15:30:00-04:00,757.61,758.0,757.44,757.9499,461172,SPY
2026-09-10 15:35:00-04:00,757.93,758.13,757.65,758.01,314857,SPY
2026-09-10 15:40:00-04:00,757.99,758.275,757.98,758.02,819948,SPY
2026-09-10 15:45:00-04:00,758.03,758.22,757.77,758.1,832936,SPY
2026-09-10 15:50:00-04:00,758.08,758.29,757.61,757.85,1068297,SPY
2026-09-10 15:55:00-04:00,757.87,758.03,757.63,757.88,2980952,SPY
2026-09-11 09:30:00-04:00,764.72,765.86,764.225,765.77,4205683,SPY
2026-09-11 09:35:00-04:00,765.76,765.99,765.38,765.56,769423,SPY
2026-09-11 09:40:00-04:00,765.56,765.81,764.67,765.46,829435,SPY
2026-09-11 09:45:00-04:00,765.48,765.93,764.8,764.97,762224,SPY
2026-09-11 09:50:00-04:00,764.99,765.2899,764.7,765.13,443437,SPY
2026-09-11 09:55:00-04:00,765.13,766.38,765.025,766.31,445940,SPY
2026-09-11 10:00:00-04:00,766.31,766.33,765.38,765.45,542787,SPY
2026-09-11 10:05:00-04:00,765.45,765.6,764.94,765.41,372761,SPY
2026-09-11 10:10:00-04:00,765.41,765.69,764.78,764.9,405671,SPY
2026-09-11 10:15:00-04:00,764.9,765.75,764.63,765.72,488857,SPY
2026-09-11 10:20:00-04:00,765.72,766.025,765.58,765.76,343584,SPY
2026-09-11 10:25:00-04:00,765.76,766.1,765.57,765.73,286702,SPY
2026-09-11 10:30:00-04:00,765.75,765.78,764.69,764.73,429465,SPY
2026-09-11 10:35:00-04:00,764.73,764.73,764.04,764.3,546936,SPY
2026-09-11 10:40:00-04:00,764.3,764.74,763.88,764.05,407838,SPY
2026-09-11 10:45:00-04:00,764.04,764.8,763.6,764.69,754627,SPY
2026-09-11 10:50:00-04:00,764.715,764.85,764.0,764.07,280128,SPY
2026-09-11 10:55:00-04:00,764.075,764.21,763.7,763.97,773529,SPY
2026-09-11 11:00:00-04:00,763.9538,764.668,763.81,764.668,194568,SPY
2026-09-11 11:05:00-04:00,764.65,765.25,764.6034,764.9,261249,SPY
2026-09-11 11:10:00-04:00,764.91,764.96,764.12,764.61,252479,SPY
2026-09-11 11:15:00-04:00,764.61,765.55,764.61,765.4,273070,SPY
2026-09-11 11:20:00-04:00,765.39,765.89,765.34,765.835,189265,SPY
2026-09-11 11:25:00-04:00,765.87,766.24,765.685,766.0,287743,SPY
2026-09-11 11:30:00-04:00,765.98,766.19,765.76,765.9,168884,SPY
2026-09-11 11:35:00-04:00,765.89,766.05,765.62,765.95,686844,SPY
2026-09-11 11:40:00-04:00,765.9401,766.27,765.86,766.12,204618,SPY
2026-09-11 11:45:00-04:00,766.12,766.14,765.76,765.88,198972,SPY
2026-09-11 11:50:00-04:00,765.8799,765.96,765.425,765.521,390945,SPY
2026-09-11 11:55:00-04:00,765.54,765.805,765.382,765.71,234935,SPY
2026-09-11 12:00:00-04:00,765.72,766.2,765.72,766.1401,1518720,SPY
2026-09-11 12:05:00-04:00,766.14,766.18,765.74,765.9,308945,SPY
2026-09-11 12:10:00-04:00,765.91,765.99,765.53,765.58,142257,SPY
2026-09-11 12:15:00-04:00,765.585,765.65,765.4,765.49,160955,SPY
2026-09-11 12:20:00-04:00,765.52,765.6,765.26,765.36,210740,SPY
2026-09-11 12:25:00-04:00,765.36,765.6,764.87,764.92,329045,SPY
2026-09-11 12:30:00-04:00,764.94,765.76,764.81,765.5801,300257,SPY
2026-09-11 12:35:00-04:00,765.58,765.59,764.91,764.95,358442,SPY
2026-09-11 12:40:00-04:00,764.94,765.48,764.85,765.45,230372,SPY
2026-09-11 12:45:00-04:00,765.44,765.605,765.3,765.31,157822,SPY
2026-09-11 12:50:00-04:00,765.325,765.55,765.2705,765.42,501051,SPY
2026-09-11 12:55:00-04:00,765.41,765.67,765.38,765.62,500841,SPY
2026-09-11 13:00:00-04:00,765.64,765.85,765.55,765.63,1361794,SPY
2026-09-11 13:05:00-04:00,765.64,766.08,765.6,765.74,159685,SPY
2026-09-11 13:10:00-04:00,765.735,765.87,765.51,765.5583,183128,SPY
2026-09-11 13:15:00-04:00,765.56,765.9201,765.56,765.92,262400,SPY
2026-09-11 13:20:00-04:00,765.92,766.25,765.87,766.2395,208368,SPY
2026-09-11 13:25:00-04:00,766.23,766.33,765.91,765.995,269591,SPY
2026-09-11 13:30:00-04:00,765.995,766.26,765.915,765.9795,172407,SPY
2026-09-11 13:35:00-04:00,765.98,766.05,765.78,765.81,454293,SPY
2026-09-11 13:40:00-04:00,765.81,766.0,765.79,765.86,406972,SPY
2026-09-11 13:45:00-04:00,765.86,765.94,765.72,765.905,349285,SPY
2026-09-11 13:50:00-04:00,765.91,765.98,765.82,765.85,160600,SPY
2026-09-11 13:55:00-04:00,765.86,765.88,765.64,765.74,164816,SPY
2026-09-11 14:00:00-04:00,765.74,765.97,765.69,765.86,237769,SPY
2026-09-11 14:05:00-04:00,765.85,765.85,765.5995,765.7,189779,SPY
2026-09-11 14:10:00-04:00,765.7,765.73,765.5085,765.57,251917,SPY
2026-09-11 14:15:00-04:00,765.56,765.725,765.53,765.58,273300,SPY
2026-09-11 14:20:00-04:00,765.59,765.605,765.14,765.34,593144,SPY
2026-09-11 14:25:00-04:00,765.37,765.54,765.195,765.41,461589,SPY
2026-09-11 14:30:00-04:00,765.42,765.58,765.15,765.445,212652,SPY
2026-09-11 14:35:00-04:00,765.46,765.56,765.25,765.3,127680,SPY
2026-09-11 14:40:00-04:00,765.3,765.41,765.0975,765.15,378014,SPY
2026-09-11 14:45:00-04:00,765.15,765.32,764.96,765.04,240617,SPY
2026-09-11 14:50:00-04:00,765.04,765.17,765.03,765.06,299921,SPY
2026-09-11 14:55:00-04:00,765.04,765.26,764.94,765.025,311427,SPY
2026-09-11 15:00:00-04:00,765.04,765.19,765.0,765.14,428806,SPY
2026-09-11 15:05:00-04:00,765.13,765.14,764.72,764.76,511995,SPY
2026-09-11 15:10:00-04:00,764.75,764.92,764.55,764.9,475037,SPY
2026-09-11 15:15:00-04:00,764.9,765.1,764.88,764.99,225774,SPY
2026-09-11 15:20:00-04:00,765.0,765.22,764.9,765.2,371497,SPY
2026-09-11 15:25:00-04:00,765.2,765.3,765.01,765.02,482925,SPY
2026-09-11 15:30:00-04:00,765.025,765.13,764.9,764.98,510203,SPY
2026-09-11 15:35:00-04:00,764.98,765.03,764.87,764.935,459681,SPY
2026-09-11 15:40:00-04:00,764.93,765.05,764.88,765.01,640436,SPY
2026-09-11 15:45:00-04:00,765.01,765.04,764.72,764.75,1015795,SPY
2026-09-11 15:50:00-04:00,764.74,764.82,764.42,764.66,1537156,SPY
2026-09-11 15:55:00-04:00,764.66,764.7,764.04,764.18,4353192,SPY
2026-09-14 09:30:00-04:00,759.0,759.21,758.58,758.685,2425368,SPY
2026-09-14 09:35:00-04:00,758.685,758.8999,758.4542,758.57,617747,SPY
2026-09-14 09:40:00-04:00,758.58,759.52,758.47,759.41,490763,SPY
2026-09-14 09:45:00-04:00,759.43,760.56,759.43,760.29,550712,SPY
2026-09-14 09:50:00-04:00,760.28,760.59,760.07,760.17,447456,SPY
2026-09-14 09:55:00-04:00,760.18,760.24,759.76,759.995,457216,SPY
2026-09-14 10:00:00-04:00,759.9864,760.59,759.91,760.46,457179,SPY
2026-09-14 10:05:00-04:00,760.4613,761.115,760.32,760.87,458914,SPY
2026-09-14 10:10:00-04:00,760.87,761.01,760.42,760.44,388199,SPY
2026-09-14 10:15:00-04:00,760.46,760.65,759.77,759.84,316861,SPY
2026-09-14 10:20:00-04:00,759.85,759.85,758.81,758.82,667645,SPY
2026-09-14 10:25:00-04:00,758.82,758.87,758.23,758.84,613192,SPY
2026-09-14 10:30:00-04:00,758.825,759.135,758.53,759.1,390303,SPY
2026-09-14 10:35:00-04:00,759.1,759.1,758.3,758.5,398387,SPY
2026-09-14 10:40:00-04:00,758.48,758.68,758.12,758.68,407536,SPY
2026-09-14 10:45:00-04:00,758.68,759.03,758.46,758.62,324806,SPY
2026-09-14 10:50:00-04:00,758.6399,758.655,758.11,758.22,436256,SPY
2026-09-14 10:55:00-04:00,758.22,758.59,757.93,758.57,486267,SPY
2026-09-14 11:00:00-04:00,758.59,758.605,758.15,758.18,247181,SPY
2026-09-14 11:05:00-04:00,758.18,759.88,758.17,759.11,1247075,SPY
2026-09-14 11:10:00-04:00,759.13,759.21,758.63,758.6301,241672,SPY
2026-09-14 11:15:00-04:00,758.62,759.18,758.52,759.0701,255926,SPY
2026-09-14 11:20:00-04:00,759.09,759.58,758.99,759.545,241692,SPY
2026-09-14 11:25:00-04:00,759.54,759.8952,759.32,759.595,258921,SPY
2026-09-14 11:30:00-04:00,759.55,760.89,759.45,760.805,962916,SPY
2026-09-14 11:35:00-04:00,760.807,761.24,760.45,761.2,628639,SPY
2026-09-14 11:40:00-04:00,761.22,762.23,760.97,762.09,632695,SPY
2026-09-14 11:45:00-04:00,762.1,762.15,761.47,761.48,404994,SPY
2026-09-14 11:50:00-04:00,761.47,761.89,761.29,761.83,346092,SPY
2026-09-14 11:55:00-04:00,761.83,762.03,761.68,761.75,235656,SPY
2026-09-14 12:00:00-04:00,761.77,761.91,761.33,761.33,209530,SPY
2026-09-14 12:05:00-04:00,761.32,761.52,761.21,761.4,187834,SPY
2026-09-14 12:10:00-04:00,761.4,761.67,761.36,761.4674,162707,SPY
2026-09-14 12:15:00-04:00,761.47,762.45,761.47,762.35,319007,SPY
2026-09-14 12:20:00-04:00,762.35,762.6,762.02,762.4,254832,SPY
2026-09-14 12:25:00-04:00,762.41,762.46,761.88,762.02,273563,SPY
2026-09-14 12:30:00-04:00,762.01,762.45,761.95,761.95,280539,SPY
2026-09-14 12:35:00-04:00,761.97,762.13,761.83,762.05,157961,SPY
2026-09-14 12:40:00-04:00,762.05,762.31,761.92,762.31,143809,SPY
2026-09-14 12:45:00-04:00,762.32,763.5,762.05,763.2639,605816,SPY
2026-09-14 12:50:00-04:00,763.28,763.52,763.02,763.06,254748,SPY
2026-09-14 12:55:00-04:00,763.06,763.11,762.57,762.9,291218,SPY
2026-09-14 13:00:00-04:00,762.9,763.06,762.53,762.66,200411,SPY
2026-09-14 13:05:00-04:00,762.67,762.81,762.34,762.45,185673,SPY
2026-09-14 13:10:00-04:00,762.455,762.86,762.18,762.18,349782,SPY
2026-09-14 13:15:00-04:00,762.1807,762.27,761.904,762.05,175150,SPY
2026-09-14 13:20:00-04:00,762.07,762.42,762.04,762.29,131624,SPY
2026-09-14 13:25:00-04:00,762.32,762.72,762.19,762.68,143667,SPY
2026-09-14 13:30:00-04:00,762.715,762.83,762.49,762.64,176537,SPY
2026-09-14 13:35:00-04:00,762.65,762.87,762.51,762.81,216462,SPY
2026-09-14 13:40:00-04:00,762.83,762.8346,762.54,762.6,281589,SPY
2026-09-14 13:45:00-04:00,762.65,762.85,762.55,762.63,182983,SPY
2026-09-14 13:50:00-04:00,762.64,762.8699,762.575,762.79,175566,SPY
2026-09-14 13:55:00-04:00,762.78,762.85,762.34,762.35,184587,SPY
2026-09-14 14:00:00-04:00,762.355,762.83,762.21,762.25,1056284,SPY
2026-09-14 14:05:00-04:00,762.26,762.588,762.125,762.43,313661,SPY
2026-09-14 14:10:00-04:00,762.43,762.45,762.16,762.34,147010,SPY
2026-09-14 14:15:00-04:00,762.35,762.48,762.185,762.28,118110,SPY
2026-09-14 14:20:00-04:00,762.27,762.33,762.1,762.117,277152,SPY
2026-09-14 14:25:00-04:00,762.13,762.19,761.9175,762.0108,292809,SPY
2026-09-14 14:30:00-04:00,762.04,762.35,761.97,762.22,192009,SPY
2026-09-14 14:35:00-04:00,762.22,762.47,762.19,762.35,158181,SPY
2026-09-14 14:40:00-04:00,762.32,762.52,762.25,762.35,278640,SPY
2026-09-14 14:45:00-04:00,762.35,762.7,762.11,762.5,311517,SPY
2026-09-14 14:50:00-04:00,762.5,762.54,762.29,762.32,4909895,SPY
2026-09-14 14:55:00-04:00,762.31,762.47,762.09,762.128,302336,SPY
2026-09-14 15:00:00-04:00,762.14,762.21,761.84,761.93,365228,SPY
2026-09-14 15:05:00-04:00,761.94,761.98,761.61,761.83,269220,SPY
2026-09-14 15:10:00-04:00,761.85,762.09,761.82,762.03,325500,SPY
2026-09-14 15:15:00-04:00,762.025,762.025,761.77,761.8738,280779,SPY
2026-09-14 15:20:00-04:00,761.86,761.93,761.649,761.81,1419679,SPY
2026-09-14 15:25:00-04:00,761.79,761.86,761.69,761.725,221021,SPY
2026-09-14 15:30:00-04:00,761.725,761.93,761.66,761.69,336536,SPY
2026-09-14 15:35:00-04:00,761.7,761.74,761.55,761.6,388332,SPY
2026-09-14 15:40:00-04:00,761.605,761.72,761.54,761.6,484226,SPY
2026-09-14 15:45:00-04:00,761.5902,761.83,761.55,761.71,901672,SPY
2026-09-14 15:50:00-04:00,761.715,761.82,761.115,761.25,1059247,SPY
2026-09-14 15:55:00-04:00,761.25,761.34,760.66,760.77,3592827,SPY
2026-09-15 09:30:00-04:00,760.117,760.34,758.73,758.92,1766259,SPY
2026-09-15 09:35:00-04:00,758.92,759.87,758.92,759.81,445082,SPY
2026-09-15 09:40:00-04:00,759.8,760.02,759.4,759.95,323265,SPY
2026-09-15 09:45:00-04:00,759.95,760.19,759.22,759.35,399546,SPY
2026-09-15 09:50:00-04:00,759.35,759.77,759.18,759.68,344390,SPY
2026-09-15 09:55:00-04:00,759.66,759.7,759.365,759.55,225769,SPY
2026-09-15 10:00:00-04:00,759.5406,759.5406,758.83,758.83,369444,SPY
2026-09-15 10:05:00-04:00,758.8105,759.07,758.4833,758.51,1309203,SPY
2026-09-15 10:10:00-04:00,758.5,758.517,757.88,757.97,593055,SPY
2026-09-15 10:15:00-04:00,757.97,758.43,757.93,758.21,388983,SPY
2026-09-15 10:20:00-04:00,758.22,758.34,757.18,757.66,460516,SPY
2026-09-15 10:25:00-04:00,757.65,757.74,757.47,757.48,272287,SPY
2026-09-15 10:30:00-04:00,757.47,757.65,757.08,757.35,542394,SPY
2026-09-15 10:35:00-04:00,757.34,757.61,757.05,757.14,502250,SPY
2026-09-15 10:40:00-04:00,757.14,757.24,756.88,757.2,330206,SPY
2026-09-15 10:45:00-04:00,757.19,757.38,756.91,756.91,377182,SPY
2026-09-15 10:50:00-04:00,756.89,757.02,756.15,756.56,985094,SPY
2026-09-15 10:55:00-04:00,756.56,756.86,756.3503,756.44,443115,SPY
2026-09-15 11:00:00-04:00,756.45,757.19,756.435,757.19,325099,SPY
2026-09-15 11:05:00-04:00,757.19,757.27,756.8,756.87,337258,SPY
2026-09-15 11:10:00-04:00,756.865,757.05,756.7,756.98,436788,SPY
2026-09-15 11:15:00-04:00,756.97,757.36,756.81,757.25,553762,SPY
2026-09-15 11:20:00-04:00,757.25,757.5,756.9828,757.449,293243,SPY
2026-09-15 11:25:00-04:00,757.45,757.49,757.19,757.48,224242,SPY
2026-09-15 11:30:00-04:00,757.48,757.555,756.93,757.31,408689,SPY
2026-09-15 11:35:00-04:00,757.33,757.51,757.16,757.29,192302,SPY
2026-09-15 11:40:00-04:00,757.305,757.75,757.3,757.52,381439,SPY
2026-09-15 11:45:00-04:00,757.52,757.57,756.926,757.0,137069,SPY
2026-09-15 11:50:00-04:00,756.975,757.59,756.975,757.11,503794,SPY
2026-09-15 11:55:00-04:00,757.13,757.7,756.98,757.115,317750,SPY
2026-09-15 12:00:00-04:00,757.115,757.355,757.0123,757.33,183657,SPY
2026-09-15 12:05:00-04:00,757.291,757.31,756.63,756.74,253588,SPY
2026-09-15 12:10:00-04:00,756.74,756.85,756.67,756.78,168102,SPY
2026-09-15 12:15:00-04:00,756.77,757.09,756.71,757.08,201479,SPY
2026-09-15 12:20:00-04:00,757.08,757.69,757.06,757.655,210041,SPY
2026-09-15 12:25:00-04:00,757.66,757.87,757.48,757.575,198188,SPY
2026-09-15 12:30:00-04:00,757.58,757.82,757.32,757.67,858791,SPY
2026-09-15 12:35:00-04:00,757.67,757.73,757.46,757.55,103668,SPY
2026-09-15 12:40:00-04:00,757.55,757.68,757.46,757.61,113361,SPY
2026-09-15 12:45:00-04:00,757.605,757.73,757.32,757.46,171720,SPY
2026-09-15 12:50:00-04:00,757.45,758.01,757.42,757.975,229184,SPY
2026-09-15 12:55:00-04:00,757.98,758.06,757.56,757.74,216808,SPY
2026-09-15 13:00:00-04:00,757.74,757.85,757.18,757.18,315434,SPY
2026-09-15 13:05:00-04:00,757.17,757.45,757.05,757.23,312112,SPY
2026-09-15 13:10:00-04:00,757.19,757.53,757.08,757.085,126249,SPY
2026-09-15 13:15:00-04:00,757.085,757.12,756.86,757.0,165845,SPY
2026-09-15 13:20:00-04:00,756.99,757.06,756.65,756.65,183140,SPY
2026-09-15 13:25:00-04:00,756.655,756.92,756.6,756.88,175692,SPY
2026-09-15 13:30:00-04:00,756.86,757.19,756.815,757.0,236720,SPY
2026-09-15 13:35:00-04:00,757.01,757.17,756.93,757.1,129339,SPY
2026-09-15 13:40:00-04:00,757.11,757.25,756.9,757.13,169440,SPY
2026-09-15 13:45:00-04:00,757.15,757.27,756.93,756.97,109375,SPY
2026-09-15 13:50:00-04:00,756.965,757.27,756.95,757.27,93265,SPY
2026-09-15 13:55:00-04:00,757.27,757.4,757.14,757.27,104746,SPY
2026-09-15 14:00:00-04:00,757.28,757.5199,757.14,757.475,401207,SPY
2026-09-15 14:05:00-04:00,757.505,757.69,757.41,757.67,147877,SPY
2026-09-15 14:10:00-04:00,757.69,757.935,757.565,757.765,165759,SPY
2026-09-15 14:15:00-04:00,757.775,757.83,757.48,757.5567,221510,SPY
2026-09-15 14:20:00-04:00,757.57,757.6518,757.42,757.4799,162811,SPY
2026-09-15 14:25:00-04:00,757.48,757.69,757.36,757.67,141779,SPY
2026-09-15 14:30:00-04:00,757.66,757.66,757.13,757.22,4683922,SPY
2026-09-15 14:35:00-04:00,757.205,757.32,757.16,757.26,642216,SPY
2026-09-15 14:40:00-04:00,757.26,757.62,757.13,757.19,1453348,SPY
2026-09-15 14:45:00-04:00,757.21,757.215,756.74,756.845,394530,SPY
2026-09-15 14:50:00-04:00,756.845,757.15,756.84,757.09,346662,SPY
2026-09-15 14:55:00-04:00,757.085,757.49,757.04,757.49,300970,SPY
2026-09-15 15:00:00-04:00,757.47,757.62,757.27,757.3397,332120,SPY
2026-09-15 15:05:00-04:00,757.335,757.4,757.22,757.33,164949,SPY
2026-09-15 15:10:00-04:00,757.33,757.369,757.08,757.17,232514,SPY
2026-09-15 15:15:00-04:00,757.15,757.29,757.08,757.21,482212,SPY
2026-09-15 15:20:00-04:00,757.2051,757.23,757.04,757.1,227695,SPY
2026-09-15 15:25:00-04:00,757.11,757.14,756.94,756.985,277041,SPY
2026-09-15 15:30:00-04:00,756.98,757.07,756.89,756.92,474490,SPY
2026-09-15 15:35:00-04:00,756.92,756.925,756.57,756.66,1018434,SPY
2026-09-15 15:40:00-04:00,756.66,756.805,756.51,756.715,570086,SPY
2026-09-15 15:45:00-04:00,756.71,757.0,756.62,756.9601,1075372,SPY
2026-09-15 15:50:00-04:00,756.96,757.04,756.54,756.985,970967,SPY
2026-09-15 15:55:00-04:00,756.98,757.46,756.83,757.42,2522995,SPY
2026-09-16 09:30:00-04:00,759.54,759.665,759.14,759.21,1391527,SPY
2026-09-16 09:35:00-04:00,759.21,759.49,758.75,758.81,715762,SPY
2026-09-16 09:40:00-04:00,758.82,759.1399,758.723,758.8,584456,SPY
2026-09-16 09:45:00-04:00,758.81,759.929,758.74,759.89,645084,SPY
2026-09-16 09:50:00-04:00,759.89,760.43,759.85,760.2371,338155,SPY
2026-09-16 09:55:00-04:00,760.221,760.4,759.97,760.2,328381,SPY
2026-09-16 10:00:00-04:00,760.23,760.42,759.63,759.68,349657,SPY
2026-09-16 10:05:00-04:00,759.68,759.84,759.3403,759.7,369867,SPY
2026-09-16 10:10:00-04:00,759.69,759.78,759.1,759.55,466763,SPY
2026-09-16 10:15:00-04:00,759.541,759.7214,759.23,759.28,206768,SPY
2026-09-16 10:20:00-04:00,759.28,759.35,758.93,758.96,341334,SPY
2026-09-16 10:25:00-04:00,758.9533,759.02,758.76,758.96,150442,SPY
2026-09-16 10:30:00-04:00,758.9738,759.22,758.8,759.15,270587,SPY
2026-09-16 10:35:00-04:00,759.15,759.4957,758.92,759.37,266470,SPY
2026-09-16 10:40:00-04:00,759.37,759.86,759.34,759.84,246421,SPY
2026-09-16 10:45:00-04:00,759.84,759.95,759.6,759.62,226024,SPY
2026-09-16 10:50:00-04:00,759.62,759.88,759.59,759.68,168133,SPY
2026-09-16 10:55:00-04:00,759.69,760.25,759.68,760.21,213192,SPY
2026-09-16 11:00:00-04:00,760.215,760.61,760.16,760.53,460498,SPY
2026-09-16 11:05:00-04:00,760.515,761.03,760.27,760.91,391450,SPY
2026-09-16 11:10:00-04:00,760.91,761.0,760.4805,760.7401,670681,SPY
2026-09-16 11:15:00-04:00,760.75,760.79,760.37,760.605,757493,SPY
2026-09-16 11:20:00-04:00,760.6,760.63,760.4,760.54,356425,SPY
2026-09-16 11:25:00-04:00,760.54,760.83,760.29,760.3401,175817,SPY
2026-09-16 11:30:00-04:00,760.37,760.47,760.01,760.1301,201215,SPY
2026-09-16 11:35:00-04:00,760.17,760.5601,760.16,760.39,190363,SPY
2026-09-16 11:40:00-04:00,760.4,760.6,760.32,760.565,339309,SPY
2026-09-16 11:45:00-04:00,760.56,761.67,760.49,761.05,413337,SPY
2026-09-16 11:50:00-04:00,761.06,761.1,760.68,760.79,211304,SPY
2026-09-16 11:55:00-04:00,760.78,760.86,760.65,760.69,176949,SPY
2026-09-16 12:00:00-04:00,760.69,760.74,760.33,760.33,204554,SPY
2026-09-16 12:05:00-04:00,760.33,760.51,760.2801,760.48,110231,SPY
2026-09-16 12:10:00-04:00,760.484,760.52,760.17,760.37,373636,SPY
2026-09-16 12:15:00-04:00,760.3973,760.475,760.28,760.33,144332,SPY
2026-09-16 12:20:00-04:00,760.32,760.32,759.94,759.98,278696,SPY
2026-09-16 12:25:00-04:00,760.0,760.18,759.86,760.14,406955,SPY
2026-09-16 12:30:00-04:00,760.13,760.22,759.67,759.69,136479,SPY
2026-09-16 12:35:00-04:00,759.7,759.94,759.7,759.89,116571,SPY
2026-09-16 12:40:00-04:00,759.89,760.03,759.83,759.903,225911,SPY
2026-09-16 12:45:00-04:00,759.92,760.19,759.92,760.1,154026,SPY
2026-09-16 12:50:00-04:00,760.09,760.15,759.73,759.89,113003,SPY
2026-09-16 12:55:00-04:00,759.8905,760.01,759.77,759.77,161252,SPY
2026-09-16 13:00:00-04:00,759.775,759.79,759.26,759.4099,294844,SPY
2026-09-16 13:05:00-04:00,759.41,759.59,759.391,759.57,233028,SPY
2026-09-16 13:10:00-04:00,759.57,759.81,759.43,759.735,242043,SPY
2026-09-16 13:15:00-04:00,759.73,759.84,759.67,759.76,149008,SPY
2026-09-16 13:20:00-04:00,759.755,759.92,759.54,759.635,243854,SPY
2026-09-16 13:25:00-04:00,759.64,759.94,759.6346,759.93,109475,SPY
2026-09-16 13:30:00-04:00,759.935,760.06,759.66,759.79,310508,SPY
2026-09-16 13:35:00-04:00,759.8,759.89,759.63,759.63,135403,SPY
2026-09-16 13:40:00-04:00,759.63,759.64,759.31,759.34,166861,SPY
2026-09-16 13:45:00-04:00,759.34,759.76,759.34,759.57,175309,SPY
2026-09-16 13:50:00-04:00,759.57,759.86,759.5,759.79,190243,SPY
2026-09-16 13:55:00-04:00,759.78,760.28,759.66,760.28,244780,SPY
2026-09-16 14:00:00-04:00,760.1816,760.9789,758.77,760.21,1803727,SPY
2026-09-16 14:05:00-04:00,760.22,761.225,760.13,760.6677,787000,SPY
2026-09-16 14:10:00-04:00,760.66,760.8479,759.81,759.97,517198,SPY
2026-09-16 14:15:00-04:00,759.95,760.36,759.66,759.94,283888,SPY
2026-09-16 14:20:00-04:00,759.94,760.3,759.61,759.85,239455,SPY
2026-09-16 14:25:00-04:00,759.845,759.985,758.785,759.68,443684,SPY
2026-09-16 14:30:00-04:00,759.64,759.89,757.54,757.65,915645,SPY
2026-09-16 14:35:00-04:00,757.64,758.03,756.05,757.8901,1864326,SPY
2026-09-16 14:40:00-04:00,757.89,760.21,757.8,759.0,967779,SPY
2026-09-16 14:45:00-04:00,758.99,759.55,757.43,757.56,702872,SPY
2026-09-16 14:50:00-04:00,757.585,757.83,755.1,755.14,1091942,SPY
2026-09-16 14:55:00-04:00,755.16,755.76,753.75,753.89,1283563,SPY
2026-09-16 15:00:00-04:00,753.9,755.36,753.735,754.755,1599361,SPY
2026-09-16 15:05:00-04:00,754.7452,754.77,752.98,753.195,1039449,SPY
2026-09-16 15:10:00-04:00,753.2,753.34,751.14,751.31,1679548,SPY
2026-09-16 15:15:00-04:00,751.32,752.12,750.49,750.945,1860934,SPY
2026-09-16 15:20:00-04:00,750.95,751.34,750.13,750.68,1758519,SPY
2026-09-16 15:25:00-04:00,750.69,751.31,749.6,751.26,1667443,SPY
2026-09-16 15:30:00-04:00,751.24,752.62,751.11,752.565,1606304,SPY
2026-09-16 15:35:00-04:00,752.56,752.65,751.47,752.425,1295713,SPY
2026-09-16 15:40:00-04:00,752.43,752.82,751.775,752.09,1597146,SPY
2026-09-16 15:45:00-04:00,752.09,753.65,752.04,753.46,2400160,SPY
2026-09-16 15:50:00-04:00,753.49,754.23,753.35,754.085,1896297,SPY
2026-09-16 15:55:00-04:00,754.06,754.37,753.75,754.07,4148308,SPY
2026-09-17 09:30:00-04:00,763.15,763.41,761.37,761.37,3515147,SPY
2026-09-17 09:35:00-04:00,761.37,761.55,761.01,761.125,968485,SPY
2026-09-17 09:40:00-04:00,761.125,761.25,760.4,760.93,614507,SPY
2026-09-17 09:45:00-04:00,760.94,761.48,760.73,761.39,1047493,SPY
2026-09-17 09:50:00-04:00,761.39,761.9,761.0,761.04,625996,SPY
2026-09-17 09:55:00-04:00,761.06,761.2695,760.76,761.25,300488,SPY
2026-09-17 10:00:00-04:00,761.25,761.25,760.28,760.61,608076,SPY
2026-09-17 10:05:00-04:00,760.62,760.6499,759.96,760.25,482159,SPY
2026-09-17 10:10:00-04:00,760.22,761.19,760.1,761.14,610023,SPY
2026-09-17 10:15:00-04:00,761.15,761.48,761.04,761.48,484662,SPY
2026-09-17 10:20:00-04:00,761.48,762.04,761.265,761.9076,490892,SPY
2026-09-17 10:25:00-04:00,761.97,762.27,761.64,761.675,584871,SPY
2026-09-17 10:30:00-04:00,761.67,762.04,761.55,762.0,522720,SPY
2026-09-17 10:35:00-04:00,762.0,762.06,761.66,761.67,316537,SPY
2026-09-17 10:40:00-04:00,761.68,762.22,761.65,761.8899,298049,SPY
2026-09-17 10:45:00-04:00,761.89,761.93,761.07,761.26,546005,SPY
2026-09-17 10:50:00-04:00,761.25,761.28,760.53,760.61,342764,SPY
2026-09-17 10:55:00-04:00,760.6183,761.11,760.44,760.785,394055,SPY
2026-09-17 11:00:00-04:00,760.79,761.0,760.58,760.62,364979,SPY
2026-09-17 11:05:00-04:00,760.62,760.87,760.36,760.76,820112,SPY
2026-09-17 11:10:00-04:00,760.76,761.24,760.65,761.14,186568,SPY
2026-09-17 11:15:00-04:00,761.15,761.5,760.93,761.44,267834,SPY
2026-09-17 11:20:00-04:00,761.45,761.46,761.07,761.29,199427,SPY
2026-09-17 11:25:00-04:00,761.29,761.73,761.285,761.57,342459,SPY
2026-09-17 11:30:00-04:00,761.57,761.79,761.485,761.72,233126,SPY
2026-09-17 11:35:00-04:00,761.75,762.04,761.7,762.0199,225972,SPY
2026-09-17 11:40:00-04:00,762.01,762.52,762.0,762.26,341874,SPY
2026-09-17 11:45:00-04:00,762.265,762.42,762.19,762.33,489394,SPY
2026-09-17 11:50:00-04:00,762.37,762.4562,762.09,762.38,233750,SPY
2026-09-17 11:55:00-04:00,762.39,762.56,762.07,762.54,172695,SPY
2026-09-17 12:00:00-04:00,762.55,762.62,762.34,762.3417,145194,SPY
2026-09-17 12:05:00-04:00,762.34,762.53,762.055,762.48,296146,SPY
2026-09-17 12:10:00-04:00,762.48,762.51,762.15,762.3,176613,SPY
2026-09-17 12:15:00-04:00,762.3,762.41,762.2,762.31,421441,SPY
2026-09-17 12:20:00-04:00,762.3,762.58,762.23,762.49,161779,SPY
2026-09-17 12:25:00-04:00,762.48,762.63,762.4,762.53,274693,SPY
2026-09-17 12:30:00-04:00,762.51,762.6524,761.98,762.09,217095,SPY
2026-09-17 12:35:00-04:00,762.1,762.3,762.01,762.2,193095,SPY
2026-09-17 12:40:00-04:00,762.19,762.62,762.1,762.615,189242,SPY
2026-09-17 12:45:00-04:00,762.64,762.66,762.41,762.44,145688,SPY
2026-09-17 12:50:00-04:00,762.455,762.55,762.38,762.41,155674,SPY
2026-09-17 12:55:00-04:00,762.39,762.46,761.61,762.455,423421,SPY
2026-09-17 13:00:00-04:00,762.455,762.74,762.3101,762.64,177102,SPY
2026-09-17 13:05:00-04:00,762.65,762.7999,762.36,762.39,157988,SPY
2026-09-17 13:10:00-04:00,762.39,762.43,762.18,762.23,447016,SPY
2026-09-17 13:15:00-04:00,762.245,762.34,762.11,762.18,186563,SPY
2026-09-17 13:20:00-04:00,762.18,762.24,761.87,761.92,324080,SPY
2026-09-17 13:25:00-04:00,761.91,762.1,761.815,762.035,169003,SPY
2026-09-17 13:30:00-04:00,762.06,762.315,761.9,762.315,164450,SPY
2026-09-17 13:35:00-04:00,762.31,762.38,762.165,762.22,131286,SPY
2026-09-17 13:40:00-04:00,762.24,762.47,762.24,762.43,160296,SPY
2026-09-17 13:45:00-04:00,762.43,762.64,762.38,762.46,148154,SPY
2026-09-17 13:50:00-04:00,762.445,762.45,762.285,762.375,151263,SPY
2026-09-17 13:55:00-04:00,762.375,762.639,762.375,762.63,236278,SPY
2026-09-17 14:00:00-04:00,762.62,762.81,762.53,762.7609,308984,SPY
2026-09-17 14:05:00-04:00,762.76,762.85,762.43,762.52,234513,SPY
2026-09-17 14:10:00-04:00,762.515,762.8,762.4599,762.72,315555,SPY
2026-09-17 14:15:00-04:00,762.74,762.95,762.62,762.87,269415,SPY
2026-09-17 14:20:00-04:00,762.87,762.92,762.54,762.59,393178,SPY
2026-09-17 14:25:00-04:00,762.58,762.81,762.51,762.73,185662,SPY
2026-09-17 14:30:00-04:00,762.73,762.85,762.47,762.48,317795,SPY
2026-09-17 14:35:00-04:00,762.48,762.51,762.17,762.21,328013,SPY
2026-09-17 14:40:00-04:00,762.205,762.3904,762.14,762.35,209596,SPY
2026-09-17 14:45:00-04:00,762.36,762.65,762.29,762.465,315476,SPY
2026-09-17 14:50:00-04:00,762.465,762.52,762.19,762.32,255499,SPY
2026-09-17 14:55:00-04:00,762.3105,762.48,762.25,762.44,144948,SPY
2026-09-17 15:00:00-04:00,762.445,762.87,762.44,762.87,346814,SPY
2026-09-17 15:05:00-04:00,762.85,763.06,762.75,762.785,341777,SPY
2026-09-17 15:10:00-04:00,762.785,762.9,762.72,762.77,270490,SPY
2026-09-17 15:15:00-04:00,762.76,762.94,762.67,762.9,609528,SPY
2026-09-17 15:20:00-04:00,762.905,762.91,762.61,762.62,610505,SPY
2026-09-17 15:25:00-04:00,762.62,762.78,762.55,762.6099,438644,SPY
2026-09-17 15:30:00-04:00,762.6,762.94,762.59,762.83,467682,SPY
2026-09-17 15:35:00-04:00,762.84,763.08,762.82,762.99,748224,SPY
2026-09-17 15:40:00-04:00,762.98,763.17,762.75,763.12,984860,SPY
2026-09-17 15:45:00-04:00,763.11,763.13,762.77,762.81,1598909,SPY
2026-09-17 15:50:00-04:00,762.82,763.57,762.7741,763.13,1993886,SPY
2026-09-17 15:55:00-04:00,763.14,763.27,762.43,762.68,3030287,SPY
2026-09-18 09:30:00-04:00,761.31,761.76,760.95,761.08,2697828,SPY
2026-09-18 09:35:00-04:00,761.08,761.18,760.58,760.9101,5240070,SPY
2026-09-18 09:40:00-04:00,760.9,761.42,760.75,760.92,657346,SPY
2026-09-18 09:45:00-04:00,760.92,761.15,760.46,760.5,560799,SPY
2026-09-18 09:50:00-04:00,760.48,760.54,759.9,759.925,549337,SPY
2026-09-18 09:55:00-04:00,759.925,760.12,759.56,759.71,747128,SPY
2026-09-18 10:00:00-04:00,759.71,759.935,758.96,759.1,732322,SPY
2026-09-18 10:05:00-04:00,759.08,759.44,758.85,759.4246,638498,SPY
2026-09-18 10:10:00-04:00,759.43,759.91,759.18,759.21,562261,SPY
2026-09-18 10:15:00-04:00,759.22,759.37,758.75,759.3693,492519,SPY
2026-09-18 10:20:00-04:00,759.35,759.62,759.11,759.16,403452,SPY
2026-09-18 10:25:00-04:00,759.17,759.645,759.08,759.3399,327893,SPY
2026-09-18 10:30:00-04:00,759.32,759.44,759.07,759.225,249950,SPY
2026-09-18 10:35:00-04:00,759.25,759.76,758.98,759.495,313569,SPY
2026-09-18 10:40:00-04:00,759.49,759.52,758.85,758.99,414973,SPY
2026-09-18 10:45:00-04:00,759.0,759.52,758.87,759.43,383226,SPY
2026-09-18 10:50:00-04:00,759.46,759.96,759.32,759.82,371603,SPY
2026-09-18 10:55:00-04:00,759.84,759.95,759.62,759.93,354064,SPY
2026-09-18 11:00:00-04:00,759.95,760.0,759.42,759.68,256803,SPY
2026-09-18 11:05:00-04:00,759.68,760.0409,759.63,759.75,173511,SPY
2026-09-18 11:10:00-04:00,759.76,759.95,759.5,759.56,248259,SPY
2026-09-18 11:15:00-04:00,759.58,759.8,759.45,759.78,9145723,SPY
2026-09-18 11:20:00-04:00,759.76,759.875,759.64,759.81,4128232,SPY
2026-09-18 11:25:00-04:00,759.8,760.0599,759.77,759.98,193656,SPY
2026-09-18 11:30:00-04:00,759.97,760.07,759.5,759.78,303376,SPY
2026-09-18 11:35:00-04:00,759.78,759.89,759.23,759.29,271002,SPY
2026-09-18 11:40:00-04:00,759.27,759.39,759.105,759.295,217011,SPY
2026-09-18 11:45:00-04:00,759.3,759.39,759.09,759.14,370393,SPY
2026-09-18 11:50:00-04:00,759.14,759.33,758.9,758.945,180856,SPY
2026-09-18 11:55:00-04:00,758.96,759.2,758.85,759.0,332597,SPY
2026-09-18 12:00:00-04:00,758.99,759.01,758.68,758.84,181559,SPY
2026-09-18 12:05:00-04:00,758.84,759.2276,758.79,759.145,451937,SPY
2026-09-18 12:10:00-04:00,759.15,759.2,758.95,759.01,300229,SPY
2026-09-18 12:15:00-04:00,759.03,759.1739,758.88,759.09,139517,SPY
2026-09-18 12:20:00-04:00,759.09,759.1,758.21,758.2699,216278,SPY
2026-09-18 12:25:00-04:00,758.25,758.915,757.971,758.78,894725,SPY
2026-09-18 12:30:00-04:00,758.76,759.3,758.57,759.11,241486,SPY
2026-09-18 12:35:00-04:00,759.15,759.25,758.82,758.96,238095,SPY
2026-09-18 12:40:00-04:00,758.97,759.27,758.8405,759.09,127089,SPY
2026-09-18 12:45:00-04:00,759.09,759.19,758.78,759.17,160383,SPY
2026-09-18 12:50:00-04:00,759.16,759.52,759.15,759.47,245139,SPY
2026-09-18 12:55:00-04:00,759.46,759.545,759.32,759.3995,175260,SPY
2026-09-18 13:00:00-04:00,759.395,759.45,759.18,759.37,85142,SPY
2026-09-18 13:05:00-04:00,759.36,759.53,759.26,759.31,129133,SPY
2026-09-18 13:10:00-04:00,759.32,759.3301,759.025,759.31,217666,SPY
2026-09-18 13:15:00-04:00,759.31,759.48,759.26,759.35,105618,SPY
2026-09-18 13:20:00-04:00,759.37,759.5095,759.27,759.5095,4630286,SPY
2026-09-18 13:25:00-04:00,759.49,759.5799,759.37,759.4,141977,SPY
2026-09-18 13:30:00-04:00,759.405,759.46,759.23,759.43,212141,SPY
2026-09-18 13:35:00-04:00,759.45,759.75,759.43,759.71,248226,SPY
2026-09-18 13:40:00-04:00,759.698,759.78,759.5601,759.761,154541,SPY
2026-09-18 13:45:00-04:00,759.78,759.8,759.62,759.65,191503,SPY
2026-09-18 13:50:00-04:00,759.65,759.86,759.65,759.795,174154,SPY
2026-09-18 13:55:00-04:00,759.79,759.9,759.72,759.83,157249,SPY
2026-09-18 14:00:00-04:00,759.83,759.965,759.68,759.8909,325662,SPY
2026-09-18 14:05:00-04:00,759.895,759.96,759.74,759.78,215823,SPY
2026-09-18 14:10:00-04:00,759.79,759.89,759.66,759.8132,218121,SPY
2026-09-18 14:15:00-04:00,759.81,760.1,759.79,760.0999,310401,SPY
2026-09-18 14:20:00-04:00,760.0905,760.61,760.08,760.325,528638,SPY
2026-09-18 14:25:00-04:00,760.325,760.47,760.2106,760.47,252883,SPY
2026-09-18 14:30:00-04:00,760.48,760.51,760.26,760.51,229953,SPY
2026-09-18 14:35:00-04:00,760.511,760.53,760.2338,760.36,208369,SPY
2026-09-18 14:40:00-04:00,760.36,760.545,760.285,760.5362,123356,SPY
2026-09-18 14:45:00-04:00,760.55,761.4799,760.545,761.27,766680,SPY
2026-09-18 14:50:00-04:00,761.29,761.83,761.19,761.485,424757,SPY
2026-09-18 14:55:00-04:00,761.4875,761.5,761.17,761.26,227218,SPY
2026-09-18 15:00:00-04:00,761.26,761.44,761.1,761.33,210075,SPY
2026-09-18 15:05:00-04:00,761.33,761.47,761.09,761.215,214077,SPY
2026-09-18 15:10:00-04:00,761.22,761.39,761.06,761.185,389513,SPY
2026-09-18 15:15:00-04:00,761.19,761.235,761.0201,761.17,309361,SPY
2026-09-18 15:20:00-04:00,761.17,761.27,761.0197,761.08,307581,SPY
2026-09-18 15:25:00-04:00,761.08,761.13,760.835,760.86,266464,SPY
2026-09-18 15:30:00-04:00,760.87,760.92,760.69,760.7,594231,SPY
2026-09-18 15:35:00-04:00,760.71,761.22,760.68,761.17,551694,SPY
2026-09-18 15:40:00-04:00,761.175,761.44,761.041,761.43,637100,SPY
2026-09-18 15:45:00-04:00,761.425,761.66,761.3,761.65,917750,SPY
2026-09-18 15:50:00-04:00,761.64,761.79,761.18,761.41,1686788,SPY
2026-09-18 15:55:00-04:00,761.41,762.0,761.39,761.63,4095457,SPY
2026-09-18 16:00:00-04:00,761.69,761.69,761.69,761.69,0,SPY
